Crash ID,Degree of crash - detailed,Reporting year,Year of crash,Month of crash,Day of week of crash,Two-hour intervals,Street of crash,Street type,Town,Route no.,School zone location,School zone active,Type of location,Latitude,Longitude,LGA,Urbanisation,Conurbation 1,Alignment,Street lighting,Road surface,Surface condition,Weather,Natural lighting,Signals operation,Other traffic control,Speed limit,Road classification,RUM - code,DCA - code,First impact type,Key TU type,Other TU type,No. of traffic units involved,No. killed,No. seriously injured,No. moderately injured,No. minor-other injured
1302602,3,2022,2022,10,0,10,1,31,59,34609,0,1,1,-33.978243,150.854115,13,0,2,1,2,0,3,4,0,0,7,50,0,1282,1282,1,5,40,1,0,0,0,0
1302611,3,2022,2022,10,2,9,1,25,76,34609,0,1,1,-33.923654,150.855595,41,0,2,1,2,0,0,3,0,0,7,50,0,9859,9859,1,30,5,2,0,0,0,0
1302617,3,2022,2022,10,0,1,3371,17,20,3342,0,1,2,-29.547492,153.177507,18,1,0,0,2,0,0,0,0,0,7,110,2,1850,1463,5,0,40,1,0,0,0,0
1302619,3,2022,2022,11,5,3,9,10,43,34609,0,1,9,-36.097339,144.734886,51,2,1,1,2,0,3,4,0,0,7,60,0,4552,985,8,5,40,1,0,0,0,0
1302620,3,2022,2022,10,6,11,2261,17,49,2252,0,1,2,-34.735255,149.831248,26,1,0,0,0,0,3,4,0,0,7,110,2,2585,4009,8,3,40,1,0,0,0,0
1302621,3,2022,2022,5,5,9,30,27,86,93,1,0,2,-33.757324,150.940858,7,0,2,1,2,0,0,0,0,0,7,60,1,204,204,1,5,36,2,0,0,0,0
1302626,3,2022,2022,1,6,3,1,27,27,34609,0,1,1,-32.856358,151.714327,48,0,2,1,0,2,0,0,2,0,7,50,0,1945,1945,5,5,40,1,0,0,0,0
1302631,3,2022,2022,10,2,11,5,10,59,34609,0,1,10,-33.976238,150.861588,13,0,2,1,3,0,3,3,0,0,0,50,0,6545,6545,4,0,0,2,0,0,0,0
1302634,3,2022,2022,10,3,1,3371,17,6,3342,0,1,2,-29.263867,153.229149,18,1,0,1,3,0,3,4,0,0,7,110,2,9859,9859,8,3,40,1,0,0,0,0
1302640,3,2022,2022,11,0,7,293,31,219,34609,0,1,10,-32.898754,151.665484,48,0,2,1,3,0,3,3,2,0,15,50,0,6545,6545,4,0,5,2,0,0,0,0
1302641,3,2022,2022,10,4,5,79,31,168,34609,0,1,1,-33.715394,150.840597,7,0,2,0,3,0,3,4,2,0,7,50,0,4552,5151,1,29,0,2,0,0,0,0
1302642,3,2022,2022,11,4,8,80,27,316,50,1,0,9,-33.912501,151.237626,59,0,2,1,3,0,3,4,2,2,7,60,2,5929,5929,1,0,0,2,0,0,0,0
1302659,3,2022,2022,10,2,8,2209,17,27,2205,0,1,2,-34.544904,150.785028,80,0,2,1,1,0,3,0,3,0,7,50,2,1945,1945,5,5,40,1,0,0,0,0
1302660,3,2022,2022,10,2,10,2209,17,33,2205,0,1,2,-34.773158,150.687516,63,1,0,0,2,0,3,4,0,0,7,100,2,2585,4009,8,5,40,1,0,0,0,0
1302664,3,2022,2022,5,6,11,45,27,90,34609,0,1,1,-33.884497,151.246291,81,0,2,1,2,0,3,4,0,0,7,50,0,9859,9859,8,5,40,2,0,0,0,0
1302667,3,2022,2022,10,6,1,63,10,19,34609,0,1,1,-28.205062,153.489104,72,2,1,0,3,0,0,6,0,0,14,50,0,41,41,8,5,40,1,0,0,0,0
1302671,3,2022,2022,5,4,3,113,27,104,111,0,1,9,-33.798158,150.768672,55,0,2,1,2,0,0,0,1,0,15,80,2,1669,1669,3,5,0,2,0,0,0,0
1302673,3,2022,2022,11,0,3,512,27,41,34609,0,1,1,-33.902765,151.191492,69,0,2,1,0,0,3,3,2,0,7,50,0,190,190,1,0,0,3,0,0,0,0
1302679,3,2022,2022,10,4,9,43,1,74,16,0,1,9,-33.760045,150.843865,7,0,2,1,3,0,0,0,3,0,0,60,2,2852,2852,4,0,5,2,0,0,0,0
1302683,3,2022,2022,10,4,7,1,31,53,34609,0,1,1,-35.136891,147.342189,75,2,1,1,3,0,3,3,2,0,7,50,0,9859,9859,8,10,40,1,0,0,0,0
1302684,3,2022,2022,10,2,10,2,31,70,34609,0,1,1,-33.432431,151.359896,16,2,2,1,3,0,3,4,2,0,7,50,0,237,162,8,5,40,1,0,0,0,0
1302685,3,2022,2022,10,4,7,3371,17,67,3342,0,1,1,-33.39199,151.352915,16,2,2,0,3,0,3,4,2,0,7,60,2,14295,14295,3,0,5,2,0,0,0,0
1302692,3,2022,2022,10,3,5,1052,14,53,928,0,1,3,-33.684074,151.120792,31,0,2,1,3,0,0,0,2,0,7,110,2,14295,14295,3,5,5,2,0,0,0,0
1302695,3,2022,2022,8,5,8,3371,17,24,3342,0,1,2,-32.542855,152.164879,43,1,0,1,3,0,3,3,2,0,7,110,2,4026,4026,8,10,40,1,0,0,0,0
1302698,3,2022,2022,10,2,7,3,27,24,34609,0,1,1,-34.558965,148.133329,20,1,0,0,3,0,3,4,2,0,7,100,0,1957,4009,8,10,40,1,0,0,0,0
1302699,3,2022,2022,10,2,8,90,31,169,165,0,1,2,-33.900737,151.214971,69,0,2,1,3,0,3,4,2,0,7,60,2,1383,1383,1,5,5,2,0,0,0,0
1302703,3,2022,2022,11,0,8,3371,17,24,3342,0,1,2,-32.508128,152.210959,43,1,0,1,3,0,0,3,2,0,7,110,2,475,475,5,0,40,1,0,0,0,0
1302704,3,2022,2022,10,4,7,2261,17,23,2252,0,1,3,-34.061232,150.786134,13,0,2,1,3,0,0,0,2,0,7,110,2,404,404,8,5,40,1,0,0,0,0
1302716,3,2022,2022,10,0,8,45,1,294,26,0,1,1,-33.937867,150.925209,41,0,2,0,3,0,3,4,2,0,7,60,2,4552,5151,8,5,40,1,0,0,0,0
1302718,3,2022,2022,10,2,11,35,27,62,96,0,1,9,-33.893541,151.145642,32,0,2,1,2,0,0,0,0,0,7,50,2,9859,9859,1,33,5,3,0,0,0,0
1302724,3,2022,2022,11,4,4,3371,17,143,3342,0,1,9,-33.697377,151.099593,31,0,2,1,3,0,0,0,2,1,2,60,2,1957,777,8,5,40,1,0,0,0,0
1302727,3,2022,2022,11,0,6,33,27,304,34609,0,1,1,-33.904944,151.166471,32,0,2,1,3,0,3,4,2,0,7,50,0,1981,1981,4,10,5,3,0,0,0,0
1302728,3,2022,2022,10,2,5,82,31,179,369,0,1,2,-33.751708,150.71339,55,0,2,1,3,0,0,3,2,0,7,70,2,14295,14295,3,0,13,2,0,0,0,0
1302729,3,2022,2022,10,0,5,232,36,39,331,0,1,2,-34.028825,150.753729,12,0,2,1,3,0,0,0,2,0,7,80,2,4026,4026,8,10,40,1,0,0,0,0
1302734,3,2022,2022,6,3,5,3371,17,44,3342,0,1,2,-32.453083,152.197848,43,1,0,0,3,0,0,0,2,0,7,110,2,3775,3775,0,29,0,2,0,0,0,0
1302742,3,2022,2022,10,2,10,72,31,204,331,0,1,9,-33.938431,151.15162,4,0,2,1,3,0,3,4,0,2,7,60,2,5929,5929,1,9,0,2,0,0,0,0
1302743,3,2022,2022,10,4,9,829,27,124,770,1,0,9,-33.812726,151.044768,54,0,2,1,3,0,0,0,3,0,7,70,2,515,515,1,0,13,2,0,0,0,0
1302752,3,2022,2022,11,1,9,35,27,84,33,0,1,7,-33.781253,151.100288,61,0,2,0,2,0,0,0,0,0,0,60,1,5929,5929,1,0,5,4,0,0,0,0
1302757,3,2022,2022,10,1,0,3371,17,65,3342,0,1,2,-30.390397,153.035525,19,1,0,0,2,0,0,0,0,0,7,100,2,2585,4009,8,10,40,1,0,0,0,0
1302762,3,2022,2022,10,0,8,10,10,15,34609,0,1,7,-33.905846,150.851624,41,0,2,1,3,0,3,4,2,0,0,50,0,6545,6545,4,10,5,2,0,0,0,0
1302765,3,2022,2022,1,5,9,46,27,23,34609,1,0,1,-32.874349,151.645672,48,0,2,0,2,0,0,0,0,0,7,60,0,14295,14295,3,5,5,2,0,0,0,0
1302769,3,2022,2022,11,0,7,229,14,98,237,0,1,6,-33.758836,151.050143,54,0,2,1,3,0,0,0,2,0,7,70,2,9859,9859,1,16,5,3,0,0,0,0
1302780,3,2022,2022,11,3,1,55,27,12,34609,0,1,1,-32.94934,151.68598,37,0,2,1,3,0,0,0,0,0,7,60,0,84,84,6,0,40,1,0,0,0,0
1302794,3,2022,2022,11,3,3,485,27,154,769,0,1,9,-33.704311,150.930426,71,0,2,1,1,0,3,4,2,2,7,80,2,2852,2852,4,0,13,2,0,0,0,0
1302797,3,2022,2022,11,6,8,12,1,149,34609,0,1,1,-33.822973,150.962974,21,0,2,1,1,0,0,0,2,0,7,50,0,1282,1282,1,33,5,2,0,0,0,0
1302801,3,2022,2022,10,6,3,192,31,316,34609,1,0,1,-33.905699,151.244231,59,0,2,1,3,0,3,4,2,0,7,50,0,9859,9859,1,10,5,3,0,0,0,0
1302802,3,2022,2022,10,4,6,52,27,188,53,0,1,6,-33.938282,151.100698,15,0,2,0,3,0,0,0,2,1,9,50,1,2585,4009,8,8,40,1,0,0,0,0
1302808,3,2022,2022,10,6,6,62,10,91,169,0,1,10,-32.813628,151.635585,48,0,2,1,3,0,0,0,2,2,7,60,2,14295,14295,3,0,0,3,0,0,0,0
1302809,3,2022,2022,10,4,5,81,27,609,115,0,1,1,-33.788854,150.89877,7,0,2,1,3,0,0,0,2,0,7,60,2,217,217,1,5,0,2,0,0,0,0
1302810,3,2022,2022,10,6,5,2261,17,4,2252,0,1,9,-35.829799,147.226234,27,1,0,1,3,0,0,3,2,0,7,110,2,77,77,1,0,5,2,0,0,0,0
1302815,3,2022,2022,10,6,5,2126,17,363,2149,0,1,2,-33.819991,151.002937,54,0,2,1,3,0,0,0,2,0,7,60,2,1192,1192,1,29,5,2,0,0,0,0
1302825,3,2022,2022,10,2,10,220,27,323,222,0,1,10,-33.765572,150.958375,71,0,2,1,3,0,0,0,0,2,7,80,2,515,515,1,8,5,2,0,0,0,0
1302827,3,2022,2022,10,4,10,500,27,83,799,0,1,9,-33.913703,151.115458,15,0,2,1,3,0,0,0,0,2,7,60,2,2852,2852,4,5,5,2,0,0,0,0
1302829,3,2022,2022,10,6,9,13,1,207,9,0,1,9,-31.957428,141.440422,51,2,1,1,3,0,3,4,3,0,0,50,1,941,941,1,5,13,2,0,0,0,0
1302837,3,2022,2022,10,5,5,11,31,91,34609,0,1,1,-32.801874,151.652966,48,0,2,1,3,0,0,0,2,0,7,50,0,9859,9859,1,30,5,2,0,0,0,0
1302838,3,2022,2022,10,6,8,3371,17,73,3342,0,1,9,-33.776583,151.168685,36,0,2,1,3,0,0,0,3,0,7,60,2,1383,1383,1,0,0,2,0,0,0,0
1302839,3,2022,2022,8,3,1,22,31,14,34609,0,1,1,-30.133666,153.015529,19,2,1,0,3,0,3,3,0,0,7,50,0,4552,5151,8,5,40,1,0,0,0,0
1302841,3,2022,2022,10,3,0,1,1,92,34609,0,1,1,-33.748914,150.956424,71,0,2,1,3,0,0,0,0,0,7,50,0,9859,9859,1,0,5,2,0,0,0,0
1302842,3,2022,2022,10,2,8,916,17,165,917,0,1,10,-32.261257,150.889215,46,2,1,1,3,0,0,0,2,0,0,50,2,5929,5929,1,0,5,2,0,0,0,0
1302846,3,2022,2022,10,1,4,205,27,161,415,0,1,10,-33.730158,151.160906,36,0,2,1,1,0,3,4,2,2,7,60,2,14295,14295,3,0,22,3,0,0,0,0
1302856,3,2022,2022,11,6,1,108,27,106,34609,0,1,1,-34.564338,150.797062,62,0,2,1,0,0,3,4,0,0,7,60,0,9859,9859,1,9,13,4,0,0,0,0
1302857,3,2022,2022,10,3,8,2261,27,87,34609,0,1,1,-34.044287,151.157585,68,0,2,1,0,0,0,0,2,0,7,50,0,9859,9859,1,5,6,4,0,0,0,0
1302861,3,2022,2022,11,5,9,3,4,188,34609,0,1,1,-33.936407,151.092101,15,0,2,1,2,0,0,0,0,0,7,50,0,9859,9859,1,5,5,5,0,0,0,0
1302865,3,2022,2022,11,3,10,3,7,18,34609,0,1,1,-34.509914,150.806354,80,0,2,0,2,0,0,0,0,0,7,50,0,4552,5151,1,0,5,4,0,0,0,0
1302870,3,2022,2022,1,2,9,24,31,237,34609,0,1,1,-33.869957,150.953354,24,0,2,1,2,0,0,0,0,0,7,40,0,9859,9859,1,33,5,2,0,0,0,0
1302871,3,2022,2022,10,5,5,308,14,323,311,0,1,3,-33.817165,150.851806,7,0,2,1,1,0,0,3,2,0,7,100,2,14295,14295,3,8,10,2,0,0,0,0
1302887,3,2022,2022,10,1,6,23,23,293,34609,0,1,2,-33.947233,151.255763,59,0,2,1,1,0,0,0,2,0,7,50,0,9859,9859,1,9,19,2,0,0,0,0
1302898,3,2022,2022,10,2,11,2209,17,204,2205,0,1,9,-33.933826,151.15273,4,0,2,1,2,0,3,4,0,2,7,60,2,4026,4026,8,0,40,1,0,0,0,0
1302904,3,2022,2022,10,3,0,11,31,323,34609,0,1,1,-33.748966,150.978921,71,0,2,1,2,0,3,4,0,0,7,50,0,1282,1282,1,5,40,1,0,0,0,0
1302907,3,2022,2022,10,4,3,2,31,18,34609,0,1,1,-32.899915,151.709027,48,0,2,1,1,0,0,0,2,0,7,50,0,4026,4026,8,5,40,1,0,0,0,0
1302913,3,2022,2022,10,2,5,2126,17,346,2149,0,1,9,-33.867217,151.096217,9,0,2,1,2,0,3,4,2,2,7,60,2,3775,3775,0,5,13,2,0,0,0,0
1302916,3,2022,2022,10,1,4,2,1,161,34609,0,1,1,-33.722866,151.162512,36,0,2,1,1,0,0,0,2,0,7,50,0,1282,1282,1,33,36,2,0,0,0,0
1302934,3,2022,2022,10,2,4,15,27,103,34609,0,1,9,-28.829396,153.323512,39,2,1,1,1,0,0,0,2,0,0,50,0,1282,1282,1,10,13,2,0,0,0,0
1302947,3,2022,2022,1,3,2,14,10,19,34609,0,1,1,-31.457336,152.84042,56,2,1,0,0,0,0,0,0,0,7,80,0,380,714,5,5,40,1,0,0,0,0
1302966,3,2022,2022,11,6,8,153,27,290,147,0,1,9,-33.94982,151.123161,4,0,2,1,1,0,0,0,2,2,7,60,2,4552,985,8,8,40,1,0,0,0,0
1302968,3,2022,2022,11,1,11,192,10,57,114,0,1,7,-33.446087,151.372055,16,2,2,0,2,0,0,0,0,0,0,70,2,2585,4009,8,30,40,1,0,0,0,0
1302969,3,2022,2022,10,5,10,916,17,17,917,0,1,1,-32.185219,150.891117,46,1,0,1,3,0,0,0,3,0,7,100,2,1282,1282,1,5,2,2,0,0,0,0
1302979,3,2022,2022,11,5,7,13,27,46,34609,0,1,7,-35.154638,147.369496,75,2,1,0,3,0,0,0,2,0,0,60,0,6545,6545,4,0,5,2,0,0,0,0
1302984,3,2022,2022,1,1,7,19,27,55,34609,0,1,7,-33.79004,150.890486,7,0,2,1,1,0,0,0,2,0,0,60,0,395,395,1,5,5,2,0,0,0,0
1302998,3,2022,2022,11,6,9,5,27,83,34609,0,1,9,-30.107633,153.184171,19,2,1,1,2,0,0,0,0,0,7,50,0,9859,9859,8,21,40,1,0,0,0,0
1303000,3,2022,2022,11,1,0,7,27,115,52,0,1,2,-33.9098,151.175346,32,0,2,1,2,0,0,0,0,0,7,50,1,14295,14295,3,33,5,2,0,0,0,0
1303004,3,2022,2022,10,2,5,22,27,136,702,0,1,10,-33.860741,151.068406,67,0,2,1,3,0,0,0,2,0,7,60,2,14295,14295,3,34,5,3,0,0,0,0
1303007,3,2022,2022,10,2,8,23,31,169,382,0,1,7,-33.75828,150.831056,7,0,2,1,3,0,0,0,2,0,0,60,2,1391,1391,1,5,0,3,0,0,0,0
1303010,3,2022,2022,10,1,3,2,27,126,34609,0,1,10,-33.914467,150.82605,41,0,2,1,3,0,0,0,2,0,0,50,0,6545,6545,4,5,13,2,0,0,0,0
1303014,3,2022,2022,10,5,3,478,17,20,480,0,1,9,-33.401018,151.468983,16,2,2,1,3,0,0,0,2,0,7,70,2,1669,1669,3,0,0,2,0,0,0,0
1303016,3,2022,2022,10,6,6,10,31,41,34609,1,0,10,-35.123193,147.364695,75,2,1,1,3,0,0,0,2,2,7,50,0,6545,6545,4,5,0,2,0,0,0,0
1303017,3,2022,2022,10,5,3,4,31,43,34609,1,0,1,-32.163772,152.492885,43,2,1,1,3,0,0,0,2,0,7,50,0,3775,3775,0,5,12,2,0,0,0,0
1303018,3,2022,2022,10,0,8,26,27,71,38,0,1,9,-33.834278,150.968878,21,0,2,1,3,0,0,0,3,0,0,60,1,926,926,4,34,5,2,0,0,0,0
1303020,3,2022,2022,10,6,5,866,17,187,793,0,1,2,-33.796572,150.986427,54,0,2,0,3,0,0,0,2,0,7,70,2,1391,1391,1,8,0,2,0,0,0,0
1303021,3,2022,2022,10,4,2,481,17,5,483,0,1,1,-31.44957,149.126901,51,1,0,1,3,0,3,4,0,0,7,100,2,1945,1945,5,3,40,1,0,0,0,0
1303022,3,2022,2022,10,3,8,25,1,304,34609,0,1,9,-33.9064,151.153002,32,0,2,1,3,0,0,0,2,0,0,50,0,6545,6545,4,5,5,2,0,0,0,0
1303023,3,2022,2022,10,6,4,147,27,104,605,0,1,9,-33.829457,151.217132,49,0,2,0,3,0,0,0,2,2,9,60,2,1391,1391,1,30,13,2,0,0,0,0
1303026,3,2022,2022,11,4,10,2,10,165,34609,0,1,1,-32.288369,150.912533,46,2,1,1,2,0,0,0,0,0,7,50,0,9859,9859,1,33,0,2,0,0,0,0
1303029,3,2022,2022,10,3,8,334,17,53,308,0,1,2,-31.091112,150.927568,70,2,1,0,3,0,0,0,2,0,7,50,2,14295,14295,3,10,36,3,0,0,0,0
1303030,3,2022,2022,8,1,4,1,27,18,34609,0,1,1,-33.658878,151.285552,50,0,2,1,3,0,0,0,2,0,7,50,0,4026,4026,8,10,40,1,0,0,0,0
1303031,3,2022,2022,10,0,8,133,31,139,51,0,1,9,-33.884457,151.142079,32,0,2,1,3,0,0,0,4,2,9,50,1,2852,2852,4,0,0,2,0,0,0,0
1303032,3,2022,2022,11,6,4,132,31,174,126,0,1,1,-33.892017,151.216188,69,0,2,1,3,0,0,3,2,0,7,50,2,1383,1383,1,5,0,2,0,0,0,0
1303033,3,2022,2022,11,1,5,234,27,337,217,0,1,9,-33.737283,151.001405,71,0,2,1,3,0,0,0,2,0,7,60,2,1669,1669,3,5,5,2,0,0,0,0
1303034,3,2022,2022,10,4,9,485,27,154,769,1,0,1,-33.712352,150.957845,71,0,2,1,3,0,0,0,3,0,7,60,2,1981,1981,4,5,0,2,0,0,0,0
1303035,3,2022,2022,5,2,8,361,23,44,165,0,1,1,-33.969964,151.11724,25,0,2,0,3,0,0,0,3,0,7,50,1,941,941,1,10,36,2,0,0,0,0
1303036,3,2022,2022,10,0,3,45,27,110,45,0,1,9,-33.743496,151.047112,31,0,2,0,3,0,3,3,2,2,7,60,2,5929,5929,1,9,5,2,0,0,0,0
1303037,3,2022,2022,1,1,1,61,10,87,34609,0,1,1,-33.027883,151.492826,37,0,2,1,3,0,0,0,0,0,7,90,0,9859,9859,8,5,40,1,0,0,0,0
1303039,3,2022,2022,10,4,2,81,27,44,115,0,1,9,-33.802353,150.896072,7,0,2,1,3,0,0,0,1,2,7,60,2,6545,6545,4,5,5,2,0,0,0,0
1303041,3,2022,2022,10,5,2,294,17,17,288,0,1,9,-35.16076,147.57666,75,1,0,0,3,0,0,6,1,0,7,100,2,1089,1089,7,0,40,1,0,0,0,0
1303044,3,2022,2022,10,3,6,1052,14,173,928,0,1,3,-33.714538,151.113324,36,0,2,1,3,0,0,0,2,0,7,80,2,14295,14295,3,5,5,3,0,0,0,0
1303045,3,2022,2022,10,3,8,6,10,55,34609,0,1,9,-35.37959,149.201265,58,2,1,1,3,0,0,0,2,0,0,50,0,5929,5929,1,5,36,2,0,0,0,0
1303048,3,2022,2022,10,6,7,1,27,3,34609,0,1,1,-28.507314,152.969265,51,1,0,0,3,2,3,3,2,0,7,100,0,1850,1463,5,10,40,1,0,0,0,0
1303051,3,2022,2022,3,1,6,17,36,12,34609,0,1,9,-28.760377,153.534456,2,2,1,1,3,0,0,0,2,0,0,80,0,489,489,5,5,40,1,0,0,0,0
1303055,3,2022,2022,10,1,6,63,31,35,34609,0,1,1,-30.45788,152.906156,6,2,1,0,3,0,0,0,2,0,7,50,0,1282,1282,1,5,36,2,0,0,0,0
1303056,3,2022,2022,10,5,4,128,27,61,133,0,1,1,-33.855724,150.647122,55,0,2,0,3,0,3,0,2,0,7,80,2,4552,5151,8,10,40,1,0,0,0,0
1303063,3,2022,2022,10,0,2,12,31,98,34609,0,1,9,-33.740279,151.07506,31,0,2,0,2,0,0,0,0,0,7,50,0,2585,4009,8,30,40,1,0,0,0,0
1303066,3,2022,2022,10,2,11,26,31,77,34609,0,1,1,-33.031949,151.659293,37,0,2,1,2,0,3,4,0,0,7,50,0,9859,9859,1,0,0,2,0,0,0,0
1303077,3,2022,2022,1,2,2,27,27,5,35,0,1,1,-28.780803,152.09285,51,1,0,0,0,0,0,0,0,0,7,100,1,782,957,5,8,40,1,0,0,0,0
1303081,3,2022,2022,10,1,2,79,27,8,159,0,1,1,-33.923523,151.107689,15,0,2,1,2,0,0,0,0,0,7,60,2,9859,9859,8,5,40,1,0,0,0,0
1303086,3,2022,2022,11,3,1,8,27,102,34609,0,1,9,-31.111113,150.915379,70,2,1,0,2,0,0,0,0,0,7,50,0,4552,5151,8,21,40,1,0,0,0,0
1303091,3,2022,2022,10,6,2,481,17,113,483,0,1,9,-29.483037,149.85021,51,2,1,1,2,0,3,4,1,0,15,60,2,926,926,4,10,13,2,0,0,0,0
1303097,3,2022,2022,11,6,9,81,27,44,115,0,1,1,-33.800652,150.896409,7,0,2,1,0,0,3,4,0,0,7,60,2,14295,14295,3,5,5,2,0,0,0,0
1303109,3,2022,2022,10,6,5,4,27,7,34609,0,1,1,-34.792025,150.155922,26,1,0,0,3,2,0,3,2,0,7,100,0,1957,4009,8,0,40,1,0,0,0,0
1303111,3,2022,2022,10,2,6,485,27,232,769,0,1,9,-33.700066,150.928791,71,0,2,1,3,0,0,0,2,2,7,80,2,1669,1669,3,10,0,2,0,0,0,0
1303114,3,2022,2022,10,0,9,3,27,13,34609,0,1,1,-33.519785,150.704764,29,2,2,0,3,0,3,3,2,0,7,70,0,2585,4009,8,34,40,1,0,0,0,0
1303116,3,2022,2022,5,6,6,58,18,204,34609,0,1,1,-33.94222,151.150172,4,0,2,1,1,0,0,0,2,0,7,50,0,9859,9859,1,5,0,2,0,0,0,0
1303118,3,2022,2022,5,1,7,485,27,187,769,0,1,10,-33.789107,150.99541,54,0,2,1,1,0,0,0,2,2,7,60,2,515,515,1,29,5,2,0,0,0,0
1303128,3,2022,2022,11,2,4,308,14,323,311,0,1,3,-33.783966,150.857997,7,0,2,0,3,0,0,3,2,0,7,100,2,2585,4009,8,8,40,1,0,0,0,0
1303134,3,2022,2022,11,2,7,829,25,165,34609,0,1,9,-33.844879,151.148345,14,0,2,0,1,0,0,0,2,0,0,50,0,4552,5151,1,5,0,2,0,0,0,0
1303153,3,2022,2022,10,2,9,3371,17,29,3342,0,1,2,-31.76502,152.671647,43,1,0,1,3,0,0,0,0,0,7,110,2,9859,9859,8,34,40,1,0,0,0,0
1303154,3,2022,2022,10,2,8,125,31,438,44,0,1,1,-33.846917,151.030725,21,0,2,1,3,0,0,0,2,0,7,50,1,1391,1391,1,10,5,2,0,0,0,0
1303159,3,2022,2022,11,4,1,2126,17,104,2149,0,1,9,-33.832776,151.016917,54,0,2,1,2,0,3,4,0,2,7,60,2,2852,2852,4,5,5,2,0,0,0,0
1303160,3,2022,2022,10,5,7,48,27,51,166,0,1,7,-33.254554,151.496493,16,2,2,1,3,0,0,0,2,0,0,50,2,14295,14295,3,10,13,2,0,0,0,0
1303166,3,2022,2022,10,6,7,387,27,290,331,0,1,1,-33.954971,151.11894,4,0,2,1,3,0,0,0,2,0,7,60,2,1981,1981,4,9,5,2,0,0,0,0
1303167,3,2022,2022,10,1,7,51,27,15,34609,0,1,1,-33.793855,151.047644,54,0,2,1,3,0,0,0,2,0,7,50,0,9859,9859,1,5,5,2,0,0,0,0
1303168,3,2022,2022,8,0,5,34,31,82,18,0,1,9,-33.821337,151.204248,49,0,2,1,1,0,3,4,2,2,7,60,1,2852,2852,4,30,0,2,0,0,0,0
1303169,3,2022,2022,10,2,6,3371,17,6,3342,0,1,2,-29.377166,153.250088,18,1,0,0,3,0,0,0,2,0,7,110,2,2585,4009,8,30,40,1,0,0,0,0
1303170,3,2022,2022,10,2,10,5,10,59,34609,0,1,10,-33.976238,150.861588,13,0,2,1,2,0,0,0,0,0,0,50,0,2852,2852,4,0,0,2,0,0,0,0
1303172,3,2022,2022,10,0,5,3371,17,108,3342,0,1,2,-33.810245,151.177388,77,0,2,1,1,0,0,0,2,0,7,60,2,515,515,1,0,5,2,0,0,0,0
1303177,3,2022,2022,10,4,8,22,31,13,34609,1,0,10,-31.652312,152.79675,56,2,1,1,3,0,3,4,2,0,0,50,0,77,77,1,5,40,1,0,0,0,0
1303184,3,2022,2022,10,2,1,2,27,16,34609,0,1,1,-31.472091,150.842971,51,2,1,0,0,2,0,0,0,0,7,80,0,4552,5151,8,0,40,1,0,0,0,0
1303194,3,2022,2022,11,6,5,361,31,155,51,0,1,1,-33.488711,151.32022,16,2,2,1,1,0,0,0,2,0,7,60,1,9859,9859,1,8,5,7,0,0,0,0
1303217,3,2022,2022,10,3,11,20,27,243,34609,0,1,2,-33.96385,150.879219,41,0,2,1,2,0,0,0,0,0,7,60,0,9859,9859,8,0,40,1,0,0,0,0
1303224,3,2022,2022,11,5,9,89,31,532,34609,0,1,0,-33.867285,151.205103,69,0,2,1,2,0,0,0,0,0,7,40,0,9859,9859,1,5,22,2,0,0,0,0
1303249,3,2022,2022,10,0,9,500,27,129,799,0,1,2,-33.929581,151.071703,15,0,2,1,1,0,0,0,2,0,7,60,2,1192,1192,1,16,35,2,0,0,0,0
1303250,3,2022,2022,10,2,8,1,31,129,34609,0,1,1,-33.931009,151.076836,15,0,2,1,0,0,0,0,2,0,7,50,0,9859,9859,1,5,3,3,0,0,0,0
1303251,3,2022,2022,10,0,1,84,10,7,80,0,1,1,-34.296326,150.941333,80,0,2,0,2,0,3,3,0,0,7,50,2,1957,4009,8,30,40,1,0,0,0,0
1303281,3,2022,2022,10,0,10,82,31,10,369,0,1,9,-33.739807,150.716674,55,0,2,1,2,0,3,5,0,0,0,70,2,945,945,5,5,40,1,0,0,0,0
1303282,3,2022,2022,10,0,7,8,27,202,34609,0,1,9,-33.954052,151.033585,15,0,2,1,3,0,0,0,2,0,9,40,0,926,926,4,5,25,2,0,0,0,0
1303287,3,2022,2022,10,2,5,2261,17,201,2252,0,1,3,-33.990043,150.85272,13,0,2,1,3,0,0,0,2,0,7,110,2,3775,3775,0,0,5,2,0,0,0,0
1303288,3,2022,2022,10,1,11,32,27,29,28,0,1,1,-33.915731,150.785899,41,0,2,1,3,0,3,4,0,0,7,70,1,9859,9859,8,0,40,1,0,0,0,0
1303290,3,2022,2022,10,0,8,3,27,7,7,0,1,1,-30.657927,152.938791,47,1,0,1,3,0,3,3,2,0,7,100,1,14295,14295,3,5,10,2,0,0,0,0
1303291,3,2022,2022,10,0,0,17,7,96,34609,0,1,1,-33.434617,151.389072,16,2,2,1,3,0,0,0,0,0,7,50,0,9859,9859,8,5,40,1,0,0,0,0
1303292,3,2022,2022,10,5,7,5,31,314,34609,0,1,2,-33.846247,150.959462,21,0,2,0,3,0,0,3,2,0,7,50,0,4552,5151,8,5,40,1,0,0,0,0
1303297,3,2022,2022,10,4,6,48,31,122,34609,0,1,1,-33.427382,151.341765,16,2,2,1,3,0,0,0,2,0,7,40,0,248,248,1,5,36,2,0,0,0,0