Crash ID,Degree of crash - detailed,Reporting year,Year of crash,Month of crash,Day of week of crash,Two-hour intervals,Street of crash,Street type,Town,Route no.,School zone location,School zone active,Type of location,Latitude,Longitude,LGA,Urbanisation,Conurbation 1,Alignment,Street lighting,Road surface,Surface condition,Weather,Natural lighting,Signals operation,Other traffic control,Speed limit,Road classification,RUM - code,DCA - code,First impact type,Key TU type,Other TU type,No. of traffic units involved,No. killed,No. seriously injured,No. moderately injured,No. minor-other injured
1303298,3,2022,2022,1,2,11,1,31,33,34609,0,1,1,-35.126179,147.324342,75,2,1,1,2,0,3,4,0,0,7,50,0,4026,4026,8,5,40,1,0,0,0,0
1303300,3,2022,2022,10,6,3,133,27,219,260,0,1,9,-32.911453,151.662891,48,0,2,1,3,0,0,3,2,0,0,70,2,5929,5929,1,30,5,2,0,0,0,0
1303303,3,2022,2022,10,3,10,26,27,16,25,0,1,1,-31.947541,152.505175,43,1,0,1,3,0,3,4,0,0,7,90,1,4026,4026,8,5,40,1,0,0,0,0
1303306,3,2022,2022,1,0,7,2,31,370,53,0,1,10,-34.073136,150.803689,13,0,2,1,3,0,0,0,2,2,7,60,2,395,395,1,5,0,2,0,0,0,0
1303307,3,2022,2022,10,6,9,20,31,316,34609,1,0,1,-33.922836,151.237238,59,0,2,1,3,0,0,0,0,0,7,50,0,14295,14295,3,34,5,2,0,0,0,0
1303317,3,2022,2022,10,4,5,330,27,108,605,0,1,9,-33.766083,151.26971,50,0,2,1,3,0,0,0,2,2,7,60,2,1192,1192,1,5,0,2,0,0,0,0
1303321,3,2022,2022,11,2,9,24,31,290,28,0,1,10,-33.845734,150.97963,21,0,2,1,2,0,0,0,0,2,7,50,1,775,775,4,10,40,2,0,0,0,0
1303325,3,2022,2022,11,3,0,232,36,40,331,0,1,10,-33.949825,150.838837,41,0,2,0,2,0,0,0,0,2,7,70,2,4552,5151,8,0,40,1,0,0,0,0
1303332,3,2022,2022,1,2,8,169,31,108,57,0,1,10,-28.866439,153.550512,2,2,1,1,1,0,0,0,2,0,0,60,1,6545,6545,4,5,5,2,0,0,0,0
1303348,3,2022,2022,10,0,7,20,27,13,24,1,2,9,-33.6231,151.052733,31,0,2,1,0,0,0,0,2,0,7,40,1,5929,5929,1,5,0,2,0,0,0,0
1303349,3,2022,2022,10,6,10,1052,14,17,928,0,1,3,-32.814223,151.635671,48,0,2,1,2,0,0,0,0,0,7,60,2,1282,1282,1,9,12,2,0,0,0,0
1303355,3,2022,2022,10,5,10,192,10,57,114,0,1,9,-33.457793,151.357126,16,2,2,1,2,0,3,4,0,0,0,60,2,1192,1192,1,0,36,3,0,0,0,0
1303356,3,2022,2022,10,3,8,3,4,59,34609,0,1,9,-33.974319,150.870026,13,0,2,1,1,0,0,0,2,0,9,50,0,220,220,1,5,5,3,0,0,0,0
1303359,3,2022,2022,10,6,4,85,31,316,7,0,1,1,-33.908553,151.2348,59,0,2,1,3,0,0,0,2,0,7,50,1,1981,1981,4,5,5,2,0,0,0,0
1303360,3,2022,2022,10,4,8,20,1,198,41,0,1,9,-33.904307,151.106104,15,0,2,1,3,0,0,0,2,0,7,50,1,5929,5929,1,5,5,2,0,0,0,0
1303363,3,2022,2022,10,6,3,42,10,65,39,0,1,1,-34.491823,150.875509,80,0,2,1,3,0,0,3,2,0,14,60,1,14295,14295,3,9,5,5,0,0,0,0
1303368,3,2022,2022,11,6,10,2261,17,8,2252,0,1,2,-34.625248,150.205133,78,1,0,0,3,0,3,4,0,0,7,110,2,1259,5151,8,5,40,1,0,0,0,0
1303371,3,2022,2022,10,4,5,230,27,173,284,0,1,2,-33.779099,151.110207,61,0,2,1,3,0,0,0,2,0,7,70,2,1391,1391,1,5,0,3,0,0,0,0
1303373,3,2022,2022,10,6,7,23,1,64,13,0,1,10,-33.701386,150.758186,55,0,2,1,3,0,0,0,2,0,0,70,1,6545,6545,4,5,5,2,0,0,0,0
1303375,3,2022,2022,11,6,9,500,27,293,799,1,0,9,-33.931813,151.056244,15,0,2,1,3,0,0,0,0,2,7,60,2,782,985,5,5,40,1,0,0,0,0
1303377,3,2022,2022,10,6,8,47,27,293,69,0,1,10,-33.942314,151.244349,59,0,2,1,3,0,0,0,2,0,0,50,1,14295,14295,3,5,5,2,0,0,0,0
1303381,3,2022,2022,1,5,6,2,31,78,34609,0,1,1,-34.476628,150.851008,80,0,2,0,1,0,3,4,2,0,7,50,0,941,941,1,5,5,2,0,0,0,0
1303398,3,2022,2022,11,5,4,387,36,86,69,0,1,2,-33.72562,151.21978,50,0,2,1,1,0,0,0,2,0,7,80,2,14295,14295,3,9,13,3,0,0,0,0
1303400,3,2022,2022,5,3,7,42,36,43,34609,0,1,1,-30.472666,153.001799,6,2,1,0,0,0,0,0,2,0,7,80,0,2585,4009,8,0,40,1,0,0,0,0
1303401,3,2022,2022,11,5,6,2126,17,12,2149,0,1,1,-33.675612,150.281271,8,2,2,1,0,0,3,4,2,0,7,60,2,1109,787,1,5,5,2,0,0,0,0
1303405,3,2022,2022,10,1,7,478,17,128,480,0,1,10,-33.427124,151.317575,16,2,2,1,1,0,0,0,2,2,7,70,2,1192,1192,1,5,0,2,0,0,0,0
1303411,3,2022,2022,10,4,9,11,31,115,34609,0,1,1,-34.033679,151.070807,68,0,2,1,3,0,0,0,3,0,7,50,0,1981,1981,4,5,5,3,0,0,0,0
1303416,3,2022,2022,10,1,8,36,27,12,82,0,1,1,-35.340191,147.292449,75,1,0,0,3,0,3,4,4,0,7,100,1,4552,5151,8,5,40,1,0,0,0,0
1303423,3,2022,2022,10,1,9,7,22,173,7,0,1,3,-33.875011,151.21744,69,0,2,0,3,0,3,4,0,0,7,60,2,2585,4009,8,5,40,1,0,0,0,0
1303427,3,2022,2022,10,0,5,133,17,9,121,0,1,1,-36.826991,149.284678,65,1,0,0,3,0,3,4,2,0,7,100,2,782,957,5,5,40,1,0,0,0,0
1303428,3,2022,2022,10,0,4,56,23,31,144,0,1,1,-33.888386,151.091459,67,0,2,1,3,0,0,0,2,0,7,60,2,204,204,1,0,0,2,0,0,0,0
1303429,3,2022,2022,10,3,5,1052,14,13,928,0,1,3,-33.697667,151.119573,36,0,2,1,3,0,3,0,2,0,7,110,2,14295,14295,3,5,0,2,0,0,0,0
1303430,3,2022,2022,10,1,6,9,36,58,32,0,1,9,-34.410546,150.896844,80,0,2,0,3,0,3,4,2,0,15,60,1,5929,5929,1,0,5,2,0,0,0,0
1303431,3,2022,2022,10,1,3,2209,17,17,2205,0,1,1,-35.531106,150.304059,63,1,0,0,3,0,3,4,2,0,7,100,2,4552,5151,8,9,40,1,0,0,0,0
1303438,3,2022,2022,1,2,11,1052,14,83,928,0,1,3,-33.478871,151.185418,16,1,2,0,1,0,0,0,0,0,7,90,2,1282,1282,1,33,36,2,0,0,0,0
1303445,3,2022,2022,10,2,11,3371,17,58,3342,0,1,2,-32.782368,151.737371,57,2,1,1,2,0,3,4,0,0,7,70,2,9859,9859,8,5,40,1,0,0,0,0
1303452,3,2022,2022,11,4,6,485,27,154,769,0,1,2,-33.71098,150.954189,71,0,2,1,0,0,0,3,2,0,7,60,2,14295,14295,3,10,5,3,0,0,0,0
1303453,3,2022,2022,10,2,10,2261,17,64,2252,1,0,9,-33.886739,151.071602,67,0,2,1,2,0,0,0,0,0,7,60,2,1282,1282,1,0,5,2,0,0,0,0
1303455,3,2022,2022,11,0,6,3371,17,53,3342,0,1,10,-33.689196,151.106814,31,0,2,0,1,0,0,3,2,2,7,60,2,5929,5929,1,5,5,2,0,0,0,0
1303462,3,2022,2022,10,0,10,16,27,57,34609,0,1,1,-34.562732,150.829753,62,0,2,1,2,0,0,0,0,0,7,50,0,9859,9859,8,10,40,1,0,0,0,0
1303486,3,2022,2022,11,0,3,2261,17,346,2252,0,1,10,-33.887503,151.091541,9,0,2,1,2,0,0,0,1,2,7,60,2,1282,1282,1,8,10,2,0,0,0,0
1303498,3,2022,2022,11,5,9,1052,14,7,928,0,1,3,-32.850293,151.625501,48,0,2,0,3,0,0,0,0,0,7,110,2,418,714,5,5,40,1,0,0,0,0
1303506,3,2022,2022,10,2,3,33,1,234,139,0,1,10,-34.285485,146.027389,28,2,1,1,0,0,0,3,2,0,0,50,2,6545,6545,4,5,13,2,0,0,0,0
1303510,3,2022,2022,11,6,11,3,27,112,34609,0,1,1,-33.441143,151.435326,16,2,2,1,0,0,0,0,0,0,7,50,0,9859,9859,1,5,0,3,0,0,0,0
1303534,3,2022,2022,10,2,5,128,27,363,133,0,1,9,-33.75894,150.685025,55,0,2,1,1,0,0,0,2,1,7,60,2,14295,14295,3,10,13,3,0,0,0,0
1303539,3,2022,2022,10,5,0,27,10,57,20,0,1,9,-33.330345,151.42308,16,2,2,1,2,0,0,6,0,0,15,60,1,237,162,8,5,40,1,0,0,0,0
1303546,3,2022,2022,5,2,2,1,9,44,34609,0,1,9,-28.823286,153.42203,2,2,1,0,0,0,0,0,1,0,7,50,0,4552,5151,8,5,40,1,0,0,0,0
1303551,3,2022,2022,1,4,3,4,1,84,34609,0,1,1,-33.895896,151.265888,76,0,2,1,1,0,0,0,2,0,7,50,0,4026,4026,1,8,5,3,0,0,0,0
1303559,3,2022,2022,11,2,11,1,31,28,34609,0,1,1,-33.906372,150.881347,41,0,2,0,2,0,0,0,0,0,7,50,0,4552,5151,1,34,5,2,0,0,0,0
1303561,3,2022,2022,10,2,7,294,17,17,288,0,1,1,-35.160859,147.578958,75,1,0,0,3,0,1,4,2,0,7,100,2,380,714,5,5,40,1,0,0,0,0
1303567,3,2022,2022,11,3,0,2,18,35,34609,1,0,1,-34.101895,150.800862,13,0,2,1,2,0,3,4,0,0,7,60,0,9859,9859,1,5,36,2,0,0,0,0
1303569,3,2022,2022,10,1,2,1,31,370,34609,0,1,1,-34.06328,150.828841,13,0,2,1,2,0,0,0,1,0,7,50,0,9859,9859,1,5,5,2,0,0,0,0
1303574,3,2022,2022,1,2,5,85,31,66,34609,0,1,9,-34.485693,150.893482,80,0,2,1,0,0,0,0,2,0,0,50,0,4026,4026,1,30,36,2,0,0,0,0
1303579,3,2022,2022,1,4,2,19,31,188,34609,0,1,1,-33.944906,151.094466,25,0,2,1,2,0,0,0,0,0,7,50,0,9859,9859,1,9,13,2,0,0,0,0
1303595,3,2022,2022,11,3,6,3,31,33,34609,0,1,2,-36.420039,148.620559,65,2,1,1,3,0,2,6,2,0,7,50,0,9859,9859,1,0,5,3,0,0,0,0
1303611,3,2022,2022,10,3,6,44,31,43,605,0,1,10,-33.776428,151.266651,50,0,2,1,0,0,0,0,2,2,7,60,2,775,775,4,0,5,2,0,0,0,0
1303612,3,2022,2022,10,6,8,2261,17,24,2252,0,1,3,-34.400503,150.510248,78,1,0,1,3,0,3,4,2,0,7,110,2,4026,4026,8,5,40,1,0,0,0,0
1303616,3,2022,2022,11,6,7,2261,17,39,2252,0,1,2,-35.925115,147.065453,27,1,0,1,3,0,3,4,2,0,7,110,2,1945,1945,5,16,40,1,0,0,0,0
1303617,3,2022,2022,10,6,0,280,10,237,240,1,0,2,-33.866155,150.955814,24,0,2,1,2,0,0,0,0,0,7,60,2,4026,4026,8,0,40,1,0,0,0,0
1303620,3,2022,2022,10,0,11,265,17,6,193,0,1,9,-35.184861,147.257425,75,1,0,1,3,0,3,3,0,0,7,100,2,1945,1945,5,16,40,1,0,0,0,0
1303622,3,2022,2022,10,5,4,40,31,161,34609,1,2,9,-33.737466,151.166904,36,0,2,1,3,0,0,3,2,0,7,40,0,144,144,1,30,0,2,0,0,0,0
1303623,3,2022,2022,10,5,4,5,27,69,34609,0,1,1,-33.361215,151.495299,16,2,2,1,3,0,0,0,2,0,7,50,0,9859,9859,1,5,13,2,0,0,0,0
1303626,3,2022,2022,10,1,5,1,27,58,34609,0,1,1,-33.428206,151.291348,16,2,2,1,3,0,3,4,2,0,7,50,0,5929,5929,1,0,5,2,0,0,0,0
1303627,3,2022,2022,10,0,9,178,27,115,101,0,1,7,-33.95789,151.051224,25,0,2,1,3,0,0,0,3,0,0,50,1,1669,1669,3,5,0,2,0,0,0,0
1303630,3,2022,2022,1,6,4,5,10,323,34609,0,1,7,-33.771254,150.985854,71,0,2,1,1,0,0,0,2,0,0,50,0,301,301,4,33,5,2,0,0,0,0
1303637,3,2022,2022,1,1,3,158,27,46,207,0,1,10,-33.879055,151.237598,81,0,2,1,1,0,0,0,2,2,7,60,2,14295,14295,3,5,0,3,0,0,0,0
1303646,3,2022,2022,10,1,10,63,31,41,34609,0,1,1,-33.823023,151.012105,54,0,2,1,2,0,3,2,0,0,7,50,0,1282,1282,1,33,5,2,0,0,0,0
1303662,3,2022,2022,1,6,9,5,7,57,34609,0,1,1,-33.349194,151.440796,16,2,2,0,2,0,0,0,0,0,7,50,0,4552,5151,8,16,40,1,0,0,0,0
1303672,3,2022,2022,10,1,3,2261,17,32,2252,0,1,3,-34.271396,150.645676,79,1,2,1,0,0,3,4,2,0,7,110,2,101,101,8,5,40,2,0,0,0,0
1303690,3,2022,2022,10,1,10,2,31,36,34609,0,1,10,-33.536395,149.251891,51,2,1,1,2,0,3,3,0,0,0,60,0,9859,9859,1,10,13,2,0,0,0,0
1303697,3,2022,2022,10,6,0,6,27,96,49,0,1,1,-34.05211,150.846279,13,0,2,1,0,0,3,4,0,0,7,60,1,3775,3775,0,5,5,2,0,0,0,0
1303704,3,2022,2022,11,1,4,127,27,135,103,0,1,10,-32.903335,151.744664,48,0,2,1,3,0,0,0,2,2,7,50,1,926,926,4,0,13,3,0,0,0,0
1303706,3,2022,2022,11,0,3,30,27,187,94,0,1,9,-33.881069,150.985457,15,0,2,1,1,0,3,4,2,0,7,60,1,9859,9859,8,10,40,1,0,0,0,0
1303707,3,2022,2022,11,6,4,515,14,189,518,0,1,3,-33.941474,151.043755,15,0,2,1,3,0,0,0,2,0,7,100,2,1945,1945,5,9,40,1,0,0,0,0
1303721,3,2022,2022,10,5,8,48,10,316,121,0,1,1,-31.424731,152.875176,56,2,1,1,3,0,0,3,2,0,7,60,1,1089,1089,7,5,40,1,0,0,0,0
1303723,3,2022,2022,10,3,8,2,27,35,34609,0,1,10,-30.120782,147.529188,51,1,0,1,3,2,0,0,2,0,0,100,0,1850,985,5,0,40,1,0,0,0,0
1303725,3,2022,2022,10,5,6,3371,17,147,3342,0,1,9,-33.741764,151.138929,36,0,2,1,3,0,0,0,2,2,7,60,2,14295,14295,3,5,0,2,0,0,0,0
1303727,3,2022,2022,10,5,8,2126,17,149,2149,0,1,10,-33.818035,150.981769,21,0,2,1,1,0,0,0,2,2,7,60,2,5929,5929,1,5,5,2,0,0,0,0
1303729,3,2022,2022,10,0,3,41,27,173,9,0,1,10,-33.715114,151.131874,36,0,2,1,3,0,0,0,2,2,7,60,1,2852,2852,4,5,5,2,0,0,0,0
1303730,3,2022,2022,10,6,4,866,17,314,793,0,1,2,-33.849548,150.945405,21,0,2,1,3,0,0,0,2,0,7,70,2,14295,14295,3,5,5,3,0,0,0,0
1303731,3,2022,2022,10,0,11,3371,17,65,3342,0,1,2,-30.383712,153.045744,19,1,0,1,3,0,3,4,0,0,7,110,2,4026,4026,8,5,40,1,0,0,0,0
1303735,3,2022,2022,10,3,5,153,27,188,147,0,1,9,-33.951211,151.091809,25,0,2,1,3,0,3,4,2,2,7,60,2,14295,14295,3,5,10,2,0,0,0,0
1303737,3,2022,2022,10,3,6,5,1,69,34609,0,1,1,-33.770506,150.992493,54,0,2,1,3,0,0,0,2,0,7,50,0,3775,3775,0,5,5,2,0,0,0,0
1303738,3,2022,2022,10,2,7,91,27,161,187,0,1,10,-33.875033,151.160843,32,0,2,1,3,0,0,0,2,1,7,70,2,1383,1383,1,9,12,2,0,0,0,0
1303739,3,2022,2022,10,5,9,36,27,9,34609,0,1,1,-35.15066,147.33964,75,2,1,1,3,0,0,3,0,0,7,70,0,14295,14295,3,5,0,3,0,0,0,0
1303740,3,2022,2022,10,5,1,387,36,86,69,0,1,2,-33.736044,151.220599,50,0,2,1,3,0,0,0,0,0,7,70,2,1383,1383,1,0,36,2,0,0,0,0
1303741,3,2022,2022,10,1,7,1104,14,142,962,0,1,3,-33.827872,150.999279,54,0,2,0,3,0,3,0,2,0,7,90,2,14295,14295,3,21,0,4,0,0,0,0
1303744,3,2022,2022,10,5,4,866,17,278,793,1,2,10,-33.766481,151.04752,54,0,2,1,3,0,3,0,2,2,7,40,2,186,186,1,0,12,2,0,0,0,0
1303748,3,2022,2022,1,1,5,255,27,66,172,0,1,9,-32.93057,151.650432,37,0,2,1,3,0,0,0,2,0,7,60,2,926,926,4,5,10,2,0,0,0,0
1303751,3,2022,2022,10,3,8,1052,14,57,928,0,1,3,-33.678832,151.120278,31,0,2,1,0,0,0,0,2,0,7,110,2,14295,14295,3,0,5,2,0,0,0,0
1303767,3,2022,2022,10,2,1,24,31,92,34609,0,1,9,-33.403175,151.355813,16,2,2,0,2,0,3,3,0,0,7,50,0,2585,4009,8,5,40,1,0,0,0,0
1303777,3,2022,2022,10,4,4,8,1,7,34609,0,1,2,-32.928822,151.753759,48,0,2,1,1,0,0,0,2,0,7,50,0,14295,14295,3,0,0,2,0,0,0,0
1303780,3,2022,2022,10,3,7,43,31,104,117,1,0,9,-32.911101,151.704979,48,0,2,1,1,0,0,0,2,0,7,60,2,14295,14295,3,5,36,2,0,0,0,0
1303784,3,2022,2022,10,3,8,65,31,609,115,0,1,10,-33.776631,150.901632,7,0,2,1,1,0,3,4,2,2,7,60,2,9859,9859,8,5,40,1,0,0,0,0
1303801,3,2022,2022,10,5,4,346,17,24,332,0,1,10,-28.811081,153.367061,39,2,1,1,3,0,0,0,2,0,15,80,2,5929,5929,1,5,13,2,0,0,0,0
1303803,3,2022,2022,10,4,7,27,36,12,34609,0,1,9,-29.704058,152.955574,18,2,1,0,3,0,3,3,2,0,7,80,0,5929,5929,1,0,13,3,0,0,0,0
1303804,3,2022,2022,11,3,2,348,27,9,100,0,1,1,-33.600977,150.737626,29,2,2,1,2,0,3,4,0,0,7,60,2,9859,9859,1,5,5,2,0,0,0,0
1303805,3,2022,2022,9,6,3,8,31,98,34609,0,1,1,-30.977294,150.247401,51,2,1,1,3,0,0,0,1,0,7,50,0,9859,9859,1,5,0,2,0,0,0,0
1303806,3,2023,2022,9,5,9,20,31,433,34609,0,1,7,-33.282209,149.104022,52,2,1,1,3,0,3,4,0,0,0,50,0,6545,6545,4,5,5,2,0,0,0,0
1303807,3,2022,2022,10,4,0,1052,14,87,928,0,1,3,-33.022581,151.480804,37,0,2,0,3,0,3,4,0,0,7,110,2,4552,5151,8,3,40,1,0,0,0,0
1303810,3,2022,2022,10,1,6,1052,14,59,928,0,1,3,-33.172318,151.466755,37,0,2,0,3,0,0,0,2,0,7,110,2,1391,1391,1,29,0,2,0,0,0,0
1303811,3,2022,2022,9,5,5,866,17,187,793,0,1,6,-33.792733,150.995925,54,0,2,1,3,0,0,0,2,0,7,70,2,9859,9859,8,5,40,1,0,0,0,0
1303813,3,2022,2022,10,0,4,153,27,197,147,0,1,9,-33.953154,151.082339,25,0,2,1,3,0,0,0,2,0,7,60,2,515,515,1,0,0,2,0,0,0,0
1303814,3,2022,2022,10,3,5,3371,17,463,3342,0,1,2,-30.293387,153.116562,19,2,1,1,3,0,3,4,2,0,7,60,2,9859,9859,1,29,0,2,0,0,0,0
1303815,3,2022,2022,9,5,9,2261,17,11,2252,0,1,2,-35.910054,147.155401,27,1,0,1,3,0,3,4,2,0,7,110,2,4026,4026,8,5,40,1,0,0,0,0
1303816,3,2022,2022,10,1,7,47,27,293,69,0,1,1,-33.941733,151.250984,59,0,2,1,3,0,0,0,2,0,7,60,1,144,144,1,30,12,3,0,0,0,0
1303818,3,2022,2022,9,4,4,30,27,30,41,0,1,10,-33.985272,151.143823,4,0,2,1,3,0,0,0,2,2,7,60,1,6545,6545,4,0,0,2,0,0,0,0
1303819,3,2022,2022,10,4,8,2261,17,70,2252,0,1,9,-34.691872,150.034687,26,1,0,1,3,0,0,0,3,0,7,110,2,101,101,8,10,2,3,0,0,0,0
1303820,3,2022,2022,10,1,3,7,27,293,34609,0,1,10,-33.937684,151.232514,59,0,2,1,3,0,3,4,2,0,15,50,0,6545,6545,4,5,0,2,0,0,0,0
1303821,3,2022,2022,10,3,9,2,1,293,34609,0,1,1,-33.935006,151.061042,15,0,2,1,3,0,0,0,0,0,7,50,0,9859,9859,1,0,12,2,0,0,0,0
1303826,3,2022,2022,10,0,11,14,31,438,563,0,1,10,-33.851341,151.037064,21,0,2,1,2,0,0,0,0,2,7,70,2,5929,5929,1,0,5,3,0,0,0,0
1303828,3,2022,2022,11,1,4,59,27,252,41,0,1,1,-33.941829,150.867477,41,0,2,1,3,0,0,0,2,0,7,60,1,1383,1383,1,10,18,2,0,0,0,0
1303830,3,2022,2022,10,4,2,171,27,79,369,0,1,10,-34.006402,150.723692,12,0,2,1,2,0,0,0,0,2,7,80,2,5929,5929,1,10,5,2,0,0,0,0
1303832,3,2022,2022,10,0,8,103,27,94,563,0,1,2,-33.841602,151.044769,54,0,2,1,1,0,0,0,2,0,7,70,2,1192,1192,1,9,12,2,0,0,0,0
1303833,3,2022,2022,10,5,7,123,1,253,34609,0,1,9,-33.962904,151.098243,25,0,2,1,0,0,0,0,2,0,7,50,0,4026,4026,8,9,40,1,0,0,0,0
1303844,3,2022,2022,10,1,7,24,36,49,56,0,1,1,-34.490019,147.512062,51,1,0,1,3,0,3,4,2,0,7,100,2,1282,1282,1,29,40,1,0,0,0,0
1303845,3,2022,2022,10,0,4,1052,14,14,928,0,1,3,-33.20839,151.454498,16,1,2,1,3,0,0,0,2,0,7,110,2,404,404,8,5,40,1,0,0,0,0
1303846,3,2023,2022,10,1,5,1104,14,94,962,0,1,3,-33.790883,150.806506,55,0,2,1,3,0,0,0,2,0,7,110,2,1383,1383,1,8,5,2,0,0,0,0
1303849,3,2023,2022,10,0,2,3,1,131,34609,0,1,1,-36.07072,146.918234,0,2,1,1,3,0,0,0,1,0,7,50,0,9859,9859,1,5,5,2,0,0,0,0
1303852,3,2022,2022,10,1,7,90,36,12,102,0,1,1,-34.363826,147.239192,51,1,0,0,3,0,3,4,2,0,7,100,2,782,957,5,8,40,1,0,0,0,0
1303854,3,2022,2022,10,1,6,485,27,232,769,0,1,2,-33.699635,150.92863,71,0,2,1,3,0,3,4,2,0,7,80,2,1192,1192,1,10,12,3,0,0,0,0
1303855,3,2022,2022,10,1,8,500,27,293,799,0,1,9,-33.932582,151.041565,15,0,2,1,3,0,0,0,2,2,7,60,2,2852,2852,4,0,5,2,0,0,0,0
1303856,3,2022,2022,9,5,4,12,1,646,118,0,1,1,-33.920201,151.028967,15,0,2,1,3,0,0,0,2,0,7,60,1,9859,9859,1,5,5,2,0,0,0,0
1303858,3,2022,2022,1,5,4,1,31,16,34609,0,1,1,-32.978071,151.712667,37,0,2,1,3,0,0,0,2,0,7,50,0,84,84,8,5,40,1,0,0,0,0
1303861,3,2022,2022,10,0,6,153,27,197,147,0,1,1,-33.955214,151.078771,25,0,2,1,3,0,0,0,2,0,7,60,2,1383,1383,1,5,5,2,0,0,0,0
1303862,3,2022,2022,10,2,11,10,27,51,34609,0,1,1,-34.478923,150.782541,80,0,2,1,3,0,0,0,0,0,7,80,0,9859,9859,8,10,40,1,0,0,0,0
1303863,3,2022,2022,10,1,3,19,4,60,34609,1,0,7,-34.027107,150.739953,12,0,2,1,3,0,3,4,2,0,0,50,0,1981,1981,4,0,5,2,0,0,0,0
1303867,3,2022,2022,10,0,7,1,27,65,34609,0,1,1,-33.70166,151.291543,50,0,2,1,3,0,0,0,2,0,7,50,0,220,220,8,0,40,1,0,0,0,0
1303870,3,2022,2022,10,2,10,17,27,2,39,0,1,9,-31.440468,150.018267,51,1,0,0,3,0,0,0,0,0,7,100,2,1089,1089,7,5,40,1,0,0,0,0
1303876,3,2022,2022,10,1,11,44,31,90,34609,0,1,10,-32.926152,151.746446,48,0,2,1,2,0,0,0,0,0,15,50,0,9859,9859,1,5,13,2,0,0,0,0
1303877,3,2022,2022,10,6,2,265,17,103,193,0,1,1,-34.378891,148.259788,30,1,0,1,3,0,3,4,1,0,7,100,2,9859,9859,8,5,40,1,0,0,0,0
1303881,3,2022,2022,11,0,7,191,17,6,189,0,1,1,-32.233472,150.48304,73,1,0,0,0,0,0,0,2,0,7,100,2,3775,3775,0,10,5,2,0,0,0,0
1303883,3,2022,2022,9,6,11,57,27,155,75,0,1,1,-33.493744,151.311088,16,2,2,1,2,0,0,0,0,0,7,60,1,1282,1282,1,33,0,2,0,0,0,0
1303899,3,2022,2022,9,5,4,1104,14,460,962,0,1,3,-33.824615,150.989006,54,0,2,1,1,0,0,0,2,0,7,90,2,1192,1192,1,33,5,2,0,0,0,0
1303904,3,2022,2022,10,5,5,361,27,24,34609,0,1,1,-33.632563,150.837725,29,2,2,1,1,0,0,0,2,0,7,50,0,1981,1981,4,21,5,3,0,0,0,0
1303913,3,2022,2022,10,3,0,16,27,12,34609,0,1,9,-33.136072,151.570699,16,2,2,1,2,0,0,0,0,0,7,50,0,9859,9859,8,5,40,1,0,0,0,0
1303915,3,2022,2022,10,0,7,387,27,290,331,0,1,9,-33.950037,151.126416,4,0,2,1,1,0,3,3,2,2,7,60,2,323,323,1,33,5,2,0,0,0,0
1303968,3,2022,2022,11,0,5,45,31,43,81,0,1,10,-32.174546,152.499158,43,2,1,1,1,0,0,0,2,2,9,50,2,6545,6545,4,5,5,2,0,0,0,0
1303970,3,2022,2022,11,0,6,251,14,79,124,0,1,3,-33.82748,151.214437,49,0,2,0,1,0,0,0,2,0,7,80,2,1192,1192,1,5,5,2,0,0,0,0
1303975,3,2022,2022,10,1,3,515,14,189,518,0,1,3,-33.943186,151.057131,15,0,2,1,3,0,0,0,2,0,7,100,2,4026,4026,8,8,40,3,0,0,0,0
1303978,3,2022,2022,10,2,8,4,27,29,34609,0,1,9,-33.914701,150.889633,41,0,2,1,3,0,0,0,2,0,7,50,0,941,941,1,5,5,2,0,0,0,0
1303980,3,2022,2022,9,4,3,3371,17,24,3342,0,1,2,-29.613676,153.134185,18,1,0,0,3,0,0,0,2,0,7,110,2,418,714,5,5,40,1,0,0,0,0
1303981,3,2022,2022,10,5,5,4,31,253,34609,0,1,1,-33.959906,151.091216,25,0,2,1,3,0,0,0,2,0,7,50,0,9859,9859,1,21,41,2,0,0,0,0
1303982,3,2022,2022,10,6,5,13,27,438,563,0,1,9,-33.847076,151.040543,21,0,2,1,3,0,0,0,2,0,6,70,2,926,926,4,5,0,2,0,0,0,0
1303987,3,2022,2022,9,4,8,308,14,127,311,0,1,3,-33.832757,150.856708,24,0,2,1,3,0,0,0,3,0,7,100,2,14295,14295,3,5,13,2,0,0,0,0
1303988,3,2022,2022,9,0,8,255,27,20,76,0,1,9,-32.93621,151.672264,37,0,2,1,3,0,0,0,3,0,15,60,1,2852,2852,4,0,5,2,0,0,0,0
1303989,3,2022,2022,10,2,6,829,27,165,770,0,1,2,-33.857232,151.16046,14,0,2,1,3,0,0,0,2,0,7,60,2,14295,14295,3,0,36,4,0,0,0,0
1304003,3,2022,2022,9,5,6,13,1,133,34609,0,1,10,-34.491182,150.802398,80,0,2,1,3,0,0,0,2,0,0,50,0,6545,6545,4,5,5,2,0,0,0,0
1304004,3,2022,2022,10,1,10,265,17,103,193,0,1,1,-34.383089,148.259762,30,1,0,1,3,0,0,0,0,0,7,100,2,404,404,8,9,40,1,0,0,0,0
1304008,3,2022,2022,10,1,3,72,27,218,34609,0,1,1,-33.775959,150.785596,55,0,2,1,3,0,0,6,1,0,7,50,0,9859,9859,1,0,13,2,0,0,0,0