Crash ID,Degree of crash - detailed,Reporting year,Year of crash,Month of crash,Day of week of crash,Two-hour intervals,Street of crash,Street type,Town,Route no.,School zone location,School zone active,Type of location,Latitude,Longitude,LGA,Urbanisation,Conurbation 1,Alignment,Street lighting,Road surface,Surface condition,Weather,Natural lighting,Signals operation,Other traffic control,Speed limit,Road classification,RUM - code,DCA - code,First impact type,Key TU type,Other TU type,No. of traffic units involved,No. killed,No. seriously injured,No. moderately injured,No. minor-other injured
1304009,3,2022,2022,10,2,4,1,6,11,34609,0,1,1,-36.201063,150.125341,23,2,1,1,3,0,0,0,2,0,7,50,0,489,489,8,16,40,1,0,0,0,0
1304010,3,2023,2022,10,4,8,6,27,2,34609,0,1,9,-32.06609,152.528139,43,2,1,1,3,0,0,0,2,0,0,70,0,2852,2852,4,5,13,2,0,0,0,0
1304012,3,2022,2022,1,5,7,133,27,219,260,0,1,2,-32.909153,151.66507,48,0,2,0,0,0,0,0,2,0,7,70,2,273,957,5,5,40,1,0,0,0,0
1304016,3,2022,2022,10,5,8,35,31,532,34609,0,1,5,-33.864289,151.205516,69,0,2,1,3,0,0,0,2,2,7,40,0,1282,1282,1,0,22,2,0,0,0,0
1304038,3,2022,2022,9,6,4,84,27,61,415,0,1,9,-33.767929,151.136798,36,0,2,1,3,0,0,0,2,0,7,70,2,5929,5929,1,5,5,2,0,0,0,0
1304039,3,2022,2022,11,3,4,97,31,169,34609,0,1,1,-33.598819,150.764691,29,2,2,1,0,0,0,0,2,0,7,50,0,190,190,1,0,13,2,0,0,0,0
1304050,3,2022,2022,11,4,4,234,27,34,228,0,1,1,-33.424396,150.979012,31,0,2,0,1,0,3,4,2,0,7,80,2,2585,4009,8,5,40,1,0,0,0,0
1304056,3,2022,2022,10,1,10,118,31,176,34609,0,1,1,-33.954894,151.139892,4,0,2,1,0,0,0,0,2,0,7,50,0,190,190,1,5,5,3,0,0,0,0
1304058,3,2022,2022,10,0,11,14,31,61,49,0,1,2,-32.92429,151.740208,48,0,2,0,2,0,3,0,0,0,7,60,1,4552,5151,1,0,5,2,0,0,0,0
1304066,3,2022,2022,10,1,2,6,27,8,34609,0,1,9,-34.234392,150.557607,79,2,2,1,3,0,0,0,0,0,7,60,0,9859,9859,8,10,40,1,0,0,0,0
1304069,3,2022,2022,11,0,9,1052,14,77,928,0,1,3,-33.5275,151.198369,16,1,2,1,3,0,3,4,0,0,7,100,2,14295,14295,3,10,5,2,0,0,0,0
1304072,3,2022,2022,10,2,8,12,27,173,10,0,1,10,-33.777384,151.118029,61,0,2,1,3,0,0,0,2,2,7,50,1,1383,1383,1,5,5,2,0,0,0,0
1304073,3,2022,2022,10,1,8,35,27,155,231,1,0,10,-33.492295,151.327259,16,2,2,1,3,0,0,0,2,0,0,60,2,1282,1282,1,5,5,2,0,0,0,0
1304074,3,2022,2022,10,0,6,21,23,79,34609,0,1,1,-33.968044,151.123488,4,0,2,1,3,0,0,0,2,0,7,50,0,9859,9859,1,5,5,2,0,0,0,0
1304076,3,2022,2022,10,4,4,2,10,104,34609,0,1,10,-33.72847,150.923775,7,0,2,1,3,0,0,0,2,2,7,70,0,14295,14295,3,5,5,2,0,0,0,0
1304078,3,2022,2022,9,5,2,62,27,17,166,0,1,1,-33.235395,151.434866,16,2,2,1,3,0,3,3,0,0,7,80,2,1089,1089,7,10,40,1,0,0,0,0
1304079,3,2022,2022,10,0,10,191,27,193,208,0,1,1,-33.787962,151.085545,61,0,2,1,3,0,0,0,0,0,7,60,2,14295,14295,3,0,41,3,0,0,0,0
1304080,3,2022,2022,9,5,3,222,31,11,79,0,1,10,-33.782066,151.196584,77,0,2,1,3,0,0,0,2,3,7,50,2,5929,5929,1,5,0,2,0,0,0,0
1304082,3,2022,2022,10,4,7,41,27,49,24,0,1,1,-33.960679,151.219973,4,0,2,1,3,0,0,0,2,0,7,50,2,1981,1981,4,10,5,2,0,0,0,0
1304083,3,2022,2022,10,6,4,53,31,147,125,0,1,9,-33.892559,151.005051,15,0,2,1,3,0,0,0,2,0,7,60,1,150,150,4,5,13,2,0,0,0,0
1304085,3,2022,2022,10,0,9,98,31,176,159,0,1,1,-33.95372,151.139558,4,0,2,1,3,0,0,0,2,0,7,60,2,1391,1391,1,10,35,2,0,0,0,0
1304088,3,2022,2022,10,1,4,48,13,11,34609,0,1,9,-34.020337,151.115491,68,0,2,0,3,0,3,4,2,0,7,50,0,3775,3775,0,5,5,3,0,0,0,0
1304089,3,2022,2022,10,0,9,16,2,168,34609,0,1,10,-33.695124,150.819053,7,0,2,1,3,0,0,0,2,0,15,50,0,5929,5929,1,5,36,2,0,0,0,0
1304090,3,2022,2022,10,0,4,177,31,237,208,0,1,9,-33.863445,150.955322,24,0,2,1,3,0,0,0,2,0,7,60,1,926,926,4,5,5,2,0,0,0,0
1304091,3,2022,2022,10,1,6,224,27,387,321,0,1,10,-33.934959,151.194026,4,0,2,0,3,0,0,0,2,2,7,60,2,2852,2852,4,0,10,2,0,0,0,0
1304092,3,2022,2022,9,5,4,110,27,41,173,0,1,2,-34.394726,150.863945,80,0,2,1,1,0,0,0,2,0,7,80,2,14295,14295,3,5,0,2,0,0,0,0
1304099,3,2022,2022,10,2,5,3371,17,29,3342,0,1,2,-31.785295,152.647452,43,1,0,1,3,0,3,4,2,0,7,110,2,9859,9859,8,9,40,1,0,0,0,0
1304105,3,2022,2022,10,4,4,916,17,5,917,0,1,1,-29.946176,151.719833,51,1,0,0,0,0,0,0,2,0,7,100,2,782,957,5,10,40,1,0,0,0,0
1304111,3,2022,2022,10,6,3,145,31,175,34609,0,1,9,-33.775227,151.076623,54,0,2,0,1,0,0,0,2,0,0,50,0,4552,5151,8,0,40,1,0,0,0,0
1304118,3,2022,2022,1,6,11,344,27,609,163,1,0,9,-33.757621,150.894542,7,0,2,1,2,0,0,0,0,2,7,60,2,2852,2852,4,5,0,2,0,0,0,0
1304124,3,2022,2022,10,4,9,2261,17,187,2252,0,1,2,-33.891536,150.977803,15,0,2,1,3,0,0,0,3,0,7,70,2,945,945,5,30,40,1,0,0,0,0
1304125,3,2022,2022,9,5,8,2126,17,218,2149,0,1,9,-33.771582,150.779454,55,0,2,1,3,0,0,0,2,2,7,60,2,395,395,1,9,5,2,0,0,0,0
1304126,3,2022,2022,9,5,11,3371,17,149,3342,0,1,7,-33.345132,151.369903,16,2,2,0,3,0,0,0,0,0,0,60,2,926,926,4,5,0,2,0,0,0,0
1304128,3,2022,2022,10,2,7,4,1,187,34609,0,1,10,-33.88324,150.972916,24,0,2,1,3,0,0,0,2,0,15,50,0,6545,6545,4,5,5,3,0,0,0,0
1304130,3,2022,2022,9,4,3,234,27,112,217,0,1,9,-33.695998,151.028782,71,0,2,1,3,0,0,0,2,0,0,60,2,5929,5929,1,5,10,2,0,0,0,0
1304134,3,2022,2022,10,5,6,178,27,189,34609,0,1,1,-33.955103,151.051362,25,0,2,1,3,0,0,0,2,0,7,50,0,9859,9859,1,5,5,2,0,0,0,0
1304139,3,2022,2022,9,6,2,344,27,95,382,0,1,10,-33.733067,150.848624,7,0,2,1,3,0,0,0,1,2,7,60,2,1282,1282,1,5,12,3,0,0,0,0
1304142,3,2022,2022,9,5,8,191,17,562,189,0,1,7,-32.244416,148.61424,22,2,1,1,3,0,3,4,2,0,0,60,2,1383,1383,1,3,5,2,0,0,0,0
1304144,3,2022,2022,10,4,7,1104,11,34,770,0,1,2,-33.860762,151.205909,69,0,2,1,3,0,0,0,2,0,7,70,2,14295,14295,3,10,5,2,0,0,0,0
1304147,3,2022,2022,9,5,5,23,27,132,49,0,1,1,-29.8192,151.110957,33,1,0,1,3,0,3,3,2,0,7,100,1,4026,4026,8,5,40,1,0,0,0,0
1304148,3,2022,2022,9,4,7,3371,17,463,3342,0,1,2,-30.281616,153.129614,19,2,1,1,3,0,0,0,2,0,7,60,2,14295,14295,3,0,0,2,0,0,0,0
1304149,3,2022,2022,9,4,3,866,17,157,793,0,1,2,-33.792063,151.004706,54,0,2,1,3,0,0,0,2,0,7,90,2,1391,1391,1,5,5,2,0,0,0,0
1304151,3,2022,2022,10,0,4,55,36,22,95,0,1,9,-33.184121,148.599336,11,1,0,1,3,0,0,0,2,0,7,100,2,1669,1669,3,0,13,2,0,0,0,0
1304152,3,2022,2022,10,6,8,1104,14,104,962,0,1,3,-33.790794,150.803324,55,0,2,1,3,0,0,0,2,0,7,110,2,4026,4026,8,10,40,1,0,0,0,0
1304153,3,2022,2022,10,6,6,24,1,123,34609,0,1,10,-33.917417,151.222682,59,0,2,1,3,0,0,0,2,0,15,50,0,6545,6545,4,0,5,2,0,0,0,0
1304154,3,2022,2022,10,1,2,89,36,49,81,0,1,1,-34.565808,148.729495,30,1,0,1,3,0,0,0,0,0,7,100,2,404,404,8,9,40,1,0,0,0,0
1304155,3,2022,2022,10,6,8,12,27,19,23,0,1,9,-28.566426,153.524021,10,2,1,1,3,0,0,0,2,0,7,80,1,14295,14295,3,10,0,2,0,0,0,0
1304157,3,2022,2022,9,5,3,37,1,198,29,0,1,1,-33.907844,151.100709,15,0,2,1,3,0,0,0,2,0,7,50,1,941,941,1,5,5,2,0,0,0,0
1304158,3,2022,2022,10,2,5,11,31,215,34609,0,1,9,-35.112452,147.35783,75,2,1,1,3,0,0,3,2,0,7,50,0,5929,5929,1,0,5,2,0,0,0,0
1304159,3,2022,2022,9,4,3,251,27,64,212,0,1,2,-33.760032,151.211219,50,0,2,1,3,0,0,0,2,0,7,70,2,14295,14295,3,8,22,2,0,0,0,0
1304163,3,2022,2022,10,2,9,8,31,68,78,0,1,10,-33.703699,149.854231,51,2,1,1,3,0,3,4,0,0,0,50,2,2852,2852,4,5,13,2,0,0,0,0
1304166,3,2022,2022,1,1,6,7,27,8,34609,0,1,1,-34.206729,148.211371,30,1,0,0,0,0,3,4,2,0,7,100,0,1850,1463,5,29,40,1,0,0,0,0
1304170,3,2022,2022,10,1,3,2209,17,33,2205,0,1,2,-34.71213,150.840154,35,2,1,0,0,0,3,4,2,0,7,80,2,2585,4009,8,10,40,1,0,0,0,0
1304172,3,2022,2022,10,1,8,283,27,20,702,0,1,10,-33.970589,151.098708,25,0,2,1,1,0,0,0,2,2,7,60,1,515,515,1,33,0,2,0,0,0,0
1304180,3,2022,2022,1,1,10,2126,17,445,2149,0,1,9,-33.84813,151.048171,21,0,2,1,2,0,0,0,0,2,7,60,2,14295,14295,3,9,13,2,0,0,0,0
1304228,3,2022,2022,11,2,4,39,36,16,79,0,1,10,-33.802411,151.211569,77,0,2,1,1,0,0,0,2,2,7,60,2,515,515,1,10,0,3,0,0,0,0
1304231,3,2022,2022,10,5,5,2,31,115,34609,0,1,1,-33.961062,151.048674,25,0,2,1,1,0,0,0,2,0,7,50,0,9859,9859,8,5,40,1,0,0,0,0
1304236,3,2022,2022,10,1,5,7,10,179,34609,0,1,9,-31.898478,152.455123,43,2,1,1,3,0,0,0,2,0,7,60,0,1669,1669,3,5,0,2,0,0,0,0
1304241,3,2022,2022,10,2,8,89,27,6,228,0,1,1,-33.1459,151.087512,29,2,2,0,3,2,0,0,2,0,7,50,1,1850,1463,5,10,40,1,0,0,0,0
1304245,3,2022,2022,10,3,10,26,27,50,34609,0,1,1,-33.647804,150.875044,29,2,2,0,0,0,3,0,0,0,7,70,0,4552,5151,8,5,40,1,0,0,0,0
1304248,3,2022,2022,10,6,10,26,31,204,11,0,1,0,-33.88984,151.119042,32,0,2,1,3,0,0,0,0,0,7,50,1,1282,1282,1,5,40,1,0,0,0,0
1304256,3,2022,2022,10,2,7,39,31,193,145,0,1,10,-33.794132,151.075204,61,0,2,1,1,0,0,0,2,0,7,60,2,190,190,1,5,0,2,0,0,0,0
1304258,3,2022,2022,1,6,2,220,14,130,220,0,1,6,-34.455788,150.855836,80,0,2,0,2,0,0,0,1,0,7,80,2,2585,4009,8,5,40,1,0,0,0,0
1304261,3,2022,2022,10,2,9,76,27,85,148,0,1,1,-32.933737,151.722468,48,0,2,1,2,0,0,0,0,0,7,60,1,9859,9859,8,5,40,1,0,0,0,0
1304267,3,2022,2022,10,1,4,1052,14,118,928,0,1,3,-33.367157,151.318028,16,1,2,1,0,0,0,0,2,0,7,110,2,9859,9859,1,3,0,2,0,0,0,0
1304272,3,2022,2022,10,0,11,4,10,73,34609,0,1,9,-33.83451,151.084658,14,0,2,0,2,0,3,0,0,0,7,50,0,273,957,5,5,40,1,0,0,0,0
1304275,3,2022,2022,10,5,9,6,25,175,34609,0,1,1,-33.772784,151.082513,54,0,2,1,3,0,3,0,3,0,7,50,0,941,941,1,0,18,2,0,0,0,0
1304276,3,2022,2022,11,4,0,9,10,35,34609,0,1,1,-34.216991,150.723251,79,1,2,1,3,0,0,0,0,0,15,100,0,3775,3775,0,5,13,2,0,0,0,0
1304279,3,2022,2022,10,5,8,3371,17,54,3342,0,1,7,-33.23858,151.49917,16,2,2,1,3,0,3,3,2,0,0,60,2,1282,1282,1,0,5,2,0,0,0,0
1304283,3,2022,2022,10,5,3,3371,17,25,3342,0,1,9,-32.669237,151.83426,57,1,0,1,3,0,0,3,2,0,15,100,2,14295,14295,3,10,0,2,0,0,0,0
1304289,3,2022,2022,10,0,8,69,31,646,563,0,1,10,-33.921305,151.039308,15,0,2,1,3,0,0,0,2,2,7,70,2,6545,6545,4,5,5,2,0,0,0,0
1304291,3,2022,2022,10,6,2,361,23,253,165,0,1,1,-33.968728,151.107188,25,0,2,0,2,0,3,0,1,0,7,50,1,1957,4009,1,0,5,2,0,0,0,0
1304297,3,2022,2022,10,5,1,76,31,363,34609,0,1,1,-33.821141,150.999111,54,0,2,1,2,0,0,0,0,0,7,50,0,9859,9859,1,33,5,2,0,0,0,0
1304300,3,2022,2022,10,1,8,225,17,50,180,0,1,9,-34.565776,150.662403,62,0,2,0,3,0,3,4,2,0,15,60,2,380,714,5,5,40,1,0,0,0,0
1304301,3,2022,2022,10,0,11,7,27,7,34609,0,1,1,-28.315648,153.242454,72,2,1,0,3,0,3,4,0,0,7,80,0,782,957,5,5,40,1,0,0,0,0
1304304,3,2022,2022,10,4,9,3371,17,39,3342,0,1,2,-29.756801,153.044388,18,1,0,0,3,0,0,0,3,0,7,110,2,4552,5151,8,10,40,1,0,0,0,0
1304309,3,2022,2022,10,1,6,11,31,137,34609,0,1,10,-34.028403,151.062281,68,0,2,1,3,0,0,0,2,0,15,50,0,926,926,4,0,5,2,0,0,0,0
1304310,3,2022,2022,9,4,6,2,31,290,34609,0,1,1,-33.94885,151.124957,4,0,2,1,3,0,0,3,2,0,7,50,0,5929,5929,1,5,5,2,0,0,0,0
1304313,3,2022,2022,10,6,7,42,10,78,39,0,1,7,-34.476889,150.838943,80,0,2,1,3,0,0,0,2,0,0,70,1,2852,2852,4,5,25,2,0,0,0,0
1304325,3,2022,2022,5,1,3,2261,17,68,2252,0,1,9,-34.78846,148.857432,82,1,0,1,3,0,0,0,1,0,0,110,2,418,777,5,3,40,1,0,0,0,0
1304337,3,2022,2022,8,0,6,3371,17,6,3342,0,1,3,-31.70311,152.725323,56,1,0,0,0,0,3,4,2,0,7,110,2,1957,4009,8,10,40,1,0,0,0,0
1304352,3,2022,2022,10,6,2,3,27,65,34609,0,1,1,-34.492383,150.889426,80,0,2,1,2,0,0,0,0,0,7,50,0,1981,1981,4,5,13,2,0,0,0,0
1304357,3,2022,2022,10,0,5,512,17,19,441,0,1,1,-32.406042,148.835474,22,1,0,0,3,0,0,0,2,0,7,90,2,1850,1463,5,29,40,1,0,0,0,0
1304359,3,2022,2022,10,2,9,1104,14,113,962,0,1,6,-33.785247,150.705029,55,0,2,0,1,0,0,3,2,0,7,70,2,2585,4009,8,5,40,1,0,0,0,0
1304363,3,2022,2022,9,6,8,2,18,234,34609,0,1,10,-34.288724,146.035224,28,2,1,1,3,0,0,0,2,0,7,50,0,926,926,4,10,25,2,0,0,0,0
1304364,3,2022,2022,9,1,8,9,1,215,34609,0,1,1,-35.119978,147.345661,75,2,1,1,3,0,0,0,2,0,7,50,0,1383,1383,1,30,5,2,0,0,0,0
1304365,3,2022,2022,9,4,5,4,31,57,34609,0,1,1,-33.950456,151.230598,4,0,2,1,3,0,0,0,2,0,7,50,0,1109,787,1,5,5,2,0,0,0,0
1304368,3,2022,2022,10,2,1,1,18,3,34609,0,1,9,-33.47694,150.170685,40,2,1,1,0,0,0,0,0,0,7,50,0,489,489,8,5,40,1,0,0,0,0
1304372,3,2022,2022,9,0,7,9,27,40,34609,0,1,9,-33.695204,150.540426,8,2,2,1,3,0,0,0,2,0,7,50,0,220,220,8,0,40,1,0,0,0,0
1304374,3,2022,2022,9,4,6,47,31,109,34609,0,1,1,-33.904969,151.142823,32,0,2,1,3,0,0,3,2,0,7,50,0,4026,4026,8,5,40,1,0,0,0,0
1304375,3,2022,2022,9,1,7,6,27,22,34609,0,1,10,-36.060559,146.910591,0,2,1,1,3,0,3,4,2,0,0,50,0,5929,5929,1,10,5,2,0,0,0,0
1304377,3,2022,2022,9,2,7,16,1,24,25,0,1,1,-33.627118,150.836017,29,2,2,1,3,0,0,0,2,0,7,60,2,9859,9859,8,0,40,1,0,0,0,0
1304379,3,2022,2022,9,4,8,92,31,363,34609,0,1,10,-33.752086,150.690987,55,0,2,1,3,0,0,0,2,2,7,50,0,5929,5929,1,0,5,2,0,0,0,0
1304383,3,2022,2022,10,4,3,91,27,119,187,0,1,2,-33.874867,151.154632,32,0,2,1,3,0,0,3,2,0,7,70,2,1383,1383,1,5,19,2,0,0,0,0
1304384,3,2022,2022,11,4,8,8,31,77,34609,0,1,10,-32.569309,151.183938,64,2,1,1,3,0,3,4,3,0,15,50,0,6545,6545,4,5,5,2,0,0,0,0
1304385,3,2022,2022,9,3,7,3371,17,67,3342,0,1,1,-33.395466,151.346665,16,2,2,1,3,0,0,0,2,0,7,60,2,1981,1981,4,10,13,2,0,0,0,0
1304388,3,2022,2022,9,5,7,475,10,78,268,0,1,1,-33.880164,150.790664,41,0,2,0,3,0,0,3,2,0,7,60,2,14295,14295,3,5,0,3,0,0,0,0
1304395,3,2022,2022,10,1,11,224,27,246,321,0,1,9,-33.917207,151.19994,69,0,2,1,3,0,3,4,0,0,0,50,2,2852,2852,4,5,0,2,0,0,0,0
1304403,3,2022,2022,9,0,0,5,31,106,34609,0,1,1,-28.855572,153.046731,60,2,1,1,0,0,0,0,0,0,7,50,0,9859,9859,1,10,8,2,0,0,0,0
1304404,3,2022,2022,10,3,4,168,10,387,260,0,1,9,-33.945049,151.185605,4,0,2,1,3,0,0,0,2,0,7,70,2,1391,1391,1,5,5,4,0,0,0,0
1304408,3,2022,2022,9,1,10,6,31,90,34609,0,1,1,-32.920768,151.747019,48,0,2,1,3,0,0,0,0,0,7,50,0,220,220,1,0,5,2,0,0,0,0
1304411,3,2022,2022,9,2,9,8,27,80,34609,0,1,1,-33.814975,151.169963,38,0,2,1,3,0,0,0,3,0,7,40,0,9859,9859,1,5,5,2,0,0,0,0
1304412,3,2022,2022,10,2,3,35,27,30,34609,0,1,1,-28.328923,153.500314,72,2,1,1,3,0,0,0,2,0,7,80,0,9859,9859,8,0,40,1,0,0,0,0
1304413,3,2022,2022,9,1,7,126,27,370,168,0,1,2,-34.062065,150.785359,13,0,2,1,3,0,0,0,2,0,7,80,2,14295,14295,3,0,12,2,0,0,0,0
1304414,3,2022,2022,9,1,8,126,27,74,168,0,1,2,-34.050165,150.764536,12,0,2,1,3,0,0,0,2,0,7,80,2,14295,14295,3,5,41,4,0,0,0,0
1304415,3,2022,2022,9,6,4,11,27,115,34609,0,1,1,-33.741903,151.21565,50,0,2,1,3,0,0,0,2,0,7,50,0,14295,14295,3,5,0,2,0,0,0,0
1304416,3,2022,2022,9,5,3,475,10,78,268,0,1,1,-33.879883,150.787627,41,0,2,1,3,0,0,0,2,0,7,60,2,1981,1981,4,21,5,3,0,0,0,0
1304418,3,2022,2022,10,1,6,308,14,323,311,0,1,3,-33.806116,150.852501,7,0,2,1,3,0,3,4,2,0,7,100,2,14295,14295,3,10,5,3,0,0,0,0
1304420,3,2022,2022,9,1,5,109,27,204,105,0,1,10,-33.896876,150.927905,24,0,2,1,3,0,0,0,2,2,7,60,2,14295,14295,3,0,10,2,0,0,0,0
1304421,3,2022,2022,9,4,6,27,27,27,49,1,0,1,-33.762384,151.28007,50,0,2,1,3,0,0,0,2,0,7,60,1,1383,1383,1,0,12,2,0,0,0,0
1304423,3,2022,2022,9,2,4,5,31,207,34609,0,1,10,-31.977084,141.442252,51,2,1,1,0,0,0,0,2,0,0,50,0,1850,985,5,29,40,1,0,0,0,0
1304427,3,2022,2022,9,6,7,2261,17,38,2252,0,1,3,-34.141848,150.739192,79,1,2,1,3,0,0,0,2,0,7,110,2,14295,14295,3,10,5,4,0,0,0,0
1304428,3,2022,2022,9,4,4,13,27,175,34609,0,1,9,-33.781736,151.073638,54,0,2,1,3,0,0,0,2,2,7,50,0,5929,5929,1,0,0,2,0,0,0,0
1304429,3,2022,2022,9,4,8,177,31,174,208,0,1,9,-33.860977,150.931351,24,0,2,1,3,0,0,0,2,0,7,60,1,5929,5929,1,21,5,2,0,0,0,0
1304431,3,2022,2022,10,0,8,79,31,56,34609,0,1,1,-33.85824,151.185822,32,0,2,1,1,0,0,0,2,0,7,40,0,9859,9859,1,5,0,2,0,0,0,0
1304436,3,2022,2022,9,1,7,2209,17,40,2205,0,1,2,-34.698888,150.842104,35,2,1,0,1,0,0,0,2,0,7,80,2,1383,1383,1,33,5,2,0,0,0,0
1304455,3,2022,2022,9,4,9,9,31,79,34609,0,1,10,-34.003514,150.735639,12,0,2,1,3,0,3,4,0,0,0,50,0,6545,6545,4,5,0,2,0,0,0,0
1304456,3,2022,2022,9,6,4,5,31,130,34609,0,1,1,-34.462302,150.839793,80,0,2,1,3,0,0,0,2,0,7,50,0,1981,1981,4,5,5,2,0,0,0,0
1304463,3,2022,2022,9,0,7,103,27,12,98,0,1,1,-32.985086,150.685926,64,2,1,0,3,0,0,0,2,0,7,80,2,14295,14295,3,5,0,3,0,0,0,0
1304467,3,2022,2022,10,3,8,18,27,58,34609,0,1,1,-34.04624,151.132798,68,0,2,1,3,0,0,0,3,0,7,50,0,4026,4026,8,5,40,2,0,0,0,0
1304468,3,2022,2022,9,5,7,265,17,8,193,0,1,1,-35.082558,147.352378,75,2,1,1,3,0,0,0,2,0,7,80,2,14295,14295,3,29,36,3,0,0,0,0
1304469,3,2022,2022,9,4,4,33,31,98,34609,0,1,10,-33.011702,151.589972,37,0,2,1,3,0,0,0,2,0,15,60,0,5929,5929,1,5,5,2,0,0,0,0
1304471,3,2022,2022,9,4,7,73,24,21,88,0,1,9,-33.708886,151.284059,50,0,2,1,3,0,0,0,2,0,0,70,2,775,775,4,5,5,2,0,0,0,0
1304472,3,2022,2022,9,1,0,2261,17,18,2252,0,1,9,-35.15966,147.898739,20,1,0,0,3,0,0,0,0,0,7,110,2,1089,1089,7,5,40,1,0,0,0,0
1304475,3,2022,2022,10,0,0,2,7,98,34609,0,1,1,-33.750564,151.065553,31,0,2,1,2,0,3,4,0,0,7,50,0,4026,4026,8,34,40,1,0,0,0,0
1304479,3,2022,2022,9,1,6,191,17,32,189,0,1,1,-32.114441,150.153599,73,1,0,1,3,0,0,0,2,0,7,100,2,15,15,1,10,2,3,0,0,0,0
1304480,3,2022,2022,9,1,2,280,10,314,240,0,1,10,-33.850716,150.935501,24,0,2,1,3,0,0,0,1,0,15,60,2,14295,14295,3,10,5,2,0,0,0,0
1304483,3,2022,2022,11,0,5,1,25,201,34609,0,1,1,-34.011551,150.865409,13,0,2,1,3,0,0,0,2,0,0,50,0,77,77,1,0,5,2,0,0,0,0
1304487,3,2022,2022,9,3,4,916,17,6,917,0,1,1,-30.571203,151.571926,51,1,0,1,0,0,0,0,2,0,7,100,2,4026,4026,8,10,40,1,0,0,0,0
1304489,3,2022,2022,10,2,1,3,27,108,34609,0,1,2,-33.809435,151.193625,77,0,2,0,2,0,0,0,0,0,7,50,0,4552,5151,8,5,40,1,0,0,0,0
1304491,3,2022,2022,10,2,1,205,27,161,415,1,0,2,-33.718648,151.172517,36,0,2,1,2,0,0,0,0,0,7,60,2,9859,9859,8,0,40,1,0,0,0,0
1304496,3,2022,2022,11,3,9,1,1,98,34609,0,1,9,-30.986114,150.25631,51,2,1,1,2,0,0,0,0,0,0,50,0,1259,985,1,5,5,3,0,0,0,0
1304512,3,2022,2022,11,6,11,387,27,115,331,0,1,2,-33.957791,151.067892,25,0,2,0,0,0,0,0,0,0,7,60,2,1282,1282,1,0,5,2,0,0,0,0
1304513,3,2022,2022,11,6,9,204,31,174,34609,0,1,1,-33.894333,151.213795,69,0,2,1,2,0,0,0,3,0,7,40,0,9859,9859,1,10,0,2,0,0,0,0
1304537,3,2022,2022,10,0,6,34,31,98,260,0,1,9,-33.008953,151.594032,37,0,2,1,1,0,0,0,2,2,7,60,2,926,926,4,0,5,2,0,0,0,0
1304543,3,2022,2022,10,2,11,16,27,20,34609,0,1,1,-32.962253,151.547841,37,0,2,0,0,0,3,4,0,0,7,80,0,1259,5151,8,5,40,1,0,0,0,0
1304546,3,2022,2022,1,6,5,6,31,460,34609,0,1,1,-33.832273,150.98953,21,0,2,1,0,0,0,0,2,0,7,50,0,9859,9859,1,5,6,2,0,0,0,0
1304552,3,2022,2022,11,3,10,7,23,87,34609,0,1,1,-34.060322,151.154453,68,0,2,1,2,0,0,0,0,0,7,50,0,248,248,1,0,5,2,0,0,0,0
1304562,3,2022,2022,10,4,1,5,31,29,34609,0,1,1,-31.095134,150.94335,70,2,1,1,2,0,0,3,0,0,7,50,0,9859,9859,1,10,5,3,0,0,0,0
1304565,3,2022,2022,10,4,4,251,27,64,212,0,1,9,-33.761923,151.207281,50,0,2,1,1,0,0,0,2,0,7,70,2,623,623,3,19,12,3,0,0,0,0
1304566,3,2022,2022,10,1,1,1,31,5,34609,0,1,1,-28.338411,153.380249,72,2,1,0,3,0,3,4,0,0,7,50,0,1089,1089,7,30,40,1,0,0,0,0
1304574,3,2022,2022,10,3,9,23,27,81,34609,0,1,1,-33.882457,151.259374,81,0,2,1,3,0,0,0,2,0,7,50,0,84,84,8,5,40,1,0,0,0,0
1304577,3,2022,2022,9,2,5,16,31,161,34609,0,1,1,-33.886993,151.161602,32,0,2,1,3,0,0,0,2,0,7,50,0,14295,14295,3,0,5,2,0,0,0,0
1304579,3,2022,2022,9,6,0,2261,17,35,2252,0,1,1,-34.878693,148.244388,20,1,0,0,3,0,0,0,0,0,7,110,2,380,714,5,9,40,1,0,0,0,0
1304582,3,2022,2022,9,2,10,2,18,8,34609,0,1,1,-33.309684,149.676753,3,1,0,0,3,0,0,0,0,0,7,100,0,1089,1089,7,10,40,1,0,0,0,0
1304583,3,2022,2022,9,5,8,16,27,316,120,0,1,1,-33.907596,151.249086,59,0,2,1,3,0,0,0,2,0,7,50,2,14295,14295,3,10,0,2,0,0,0,0
1304585,3,2022,2022,1,6,5,157,17,9,158,0,1,1,-33.875395,146.737208,51,1,0,1,3,0,0,0,2,0,7,100,2,9859,9859,8,30,40,1,0,0,0,0
1304586,3,2022,2022,9,6,3,1,31,16,34609,0,1,9,-32.97342,151.709202,37,0,2,1,3,0,0,0,2,0,7,50,0,6545,6545,4,5,5,2,0,0,0,0
1304587,3,2022,2022,9,3,8,196,10,70,168,0,1,9,-33.910082,150.979935,15,0,2,1,3,0,3,6,3,0,6,60,2,14295,14295,3,0,13,4,0,0,0,0
1304588,3,2022,2022,9,2,11,2,27,10,34609,0,1,1,-32.316673,149.457034,44,1,0,1,3,0,0,0,0,0,7,100,0,9859,9859,8,10,40,1,0,0,0,0