Crash ID,Degree of crash - detailed,Reporting year,Year of crash,Month of crash,Day of week of crash,Two-hour intervals,Street of crash,Street type,Town,Route no.,School zone location,School zone active,Type of location,Latitude,Longitude,LGA,Urbanisation,Conurbation 1,Alignment,Street lighting,Road surface,Surface condition,Weather,Natural lighting,Signals operation,Other traffic control,Speed limit,Road classification,RUM - code,DCA - code,First impact type,Key TU type,Other TU type,No. of traffic units involved,No. killed,No. seriously injured,No. moderately injured,No. minor-other injured
1304589,3,2022,2022,9,4,7,232,36,74,331,0,1,10,-34.020197,150.761192,12,0,2,1,3,0,0,0,2,2,7,80,2,14295,14295,3,5,0,2,0,0,0,0
1304592,3,2022,2022,9,2,1,24,27,9,24,0,1,1,-28.304783,153.273641,72,1,0,1,3,0,3,4,0,0,7,100,1,4026,4026,1,0,13,3,0,0,0,0
1304594,3,2022,2022,10,3,3,134,10,104,133,0,1,9,-33.830608,151.020372,54,0,2,1,3,0,0,0,2,2,7,70,2,5929,5929,1,5,5,2,0,0,0,0
1304596,3,2022,2022,9,3,5,478,17,26,480,0,1,9,-33.276565,151.557991,16,2,2,1,3,0,0,0,2,0,15,60,2,2852,2852,4,5,13,2,0,0,0,0
1304599,3,2022,2022,10,2,10,3371,17,51,3342,0,1,1,-33.261507,151.483361,16,2,2,1,3,0,0,0,0,0,7,70,2,186,186,1,5,5,2,0,0,0,0
1304601,3,2022,2022,9,0,7,171,27,113,369,0,1,9,-33.829754,150.683435,55,0,2,1,3,0,0,0,2,2,7,80,2,14295,14295,3,29,13,6,0,0,0,0
1304602,3,2022,2022,9,6,4,232,36,39,331,0,1,10,-34.029955,150.752863,12,0,2,1,3,0,3,0,2,2,7,80,2,2852,2852,4,5,12,2,0,0,0,0
1304603,3,2022,2022,9,4,5,866,27,201,44,1,0,10,-33.999958,150.86795,13,0,2,1,3,0,0,0,2,2,7,60,1,6545,6545,4,34,5,2,0,0,0,0
1304609,3,2022,2022,9,5,6,1052,14,207,928,0,1,3,-33.571589,151.192832,31,0,2,0,3,0,0,0,2,0,7,110,2,2585,4009,8,0,40,1,0,0,0,0
1304612,3,2022,2022,9,4,7,1,10,78,34609,1,2,7,-28.334781,153.362464,72,2,1,0,3,0,0,0,2,0,0,40,0,3775,3775,0,0,13,2,0,0,0,0
1304613,3,2022,2022,9,1,11,117,27,78,144,0,1,9,-33.862938,151.093651,14,0,2,1,3,0,0,0,0,2,7,60,2,2852,2852,4,5,5,2,0,0,0,0
1304619,3,2022,2022,9,6,1,25,31,169,147,0,1,2,-28.641614,153.610324,10,2,1,0,3,0,0,0,0,0,7,50,1,1259,5151,8,5,40,1,0,0,0,0
1304620,3,2022,2022,9,3,7,65,10,132,148,0,1,1,-34.115138,151.06871,68,0,2,0,3,0,0,0,2,0,7,80,2,1957,4009,8,9,40,1,0,0,0,0
1304621,3,2022,2022,9,2,9,57,31,18,34609,0,1,10,-32.948965,151.662761,37,0,2,1,3,0,0,0,3,0,15,50,0,1192,1192,1,5,0,2,0,0,0,0
1304623,3,2022,2022,10,3,4,15,7,92,34609,0,1,9,-33.751162,150.956811,71,0,2,1,3,0,0,0,2,0,7,50,0,1669,1669,3,5,0,2,0,0,0,0
1304624,3,2022,2022,9,1,8,126,1,226,144,0,1,9,-33.773813,150.815485,7,0,2,1,3,0,0,0,2,2,7,60,2,14295,14295,3,5,13,3,0,0,0,0
1304627,3,2022,2022,9,1,5,95,27,42,605,0,1,9,-33.656745,151.31812,50,0,2,1,2,0,0,0,2,2,7,50,2,6545,6545,4,5,0,2,0,0,0,0
1304630,3,2022,2022,10,1,9,8,27,4,34609,0,1,9,-34.153471,150.550241,79,2,2,1,0,0,0,0,2,0,0,80,0,4552,985,8,0,40,1,0,0,0,0
1304635,3,2022,2022,5,2,7,478,17,70,480,0,1,10,-33.438547,151.354146,16,2,2,1,1,0,0,0,2,2,7,60,2,14295,14295,3,10,5,2,0,0,0,0
1304637,3,2022,2022,9,4,10,2261,17,523,2252,0,1,2,-33.918535,150.919532,41,0,2,1,2,0,3,4,0,0,7,60,2,1282,1282,1,5,5,3,0,0,0,0
1304644,3,2022,2022,10,3,1,5,1,130,34609,0,1,1,-34.462062,150.853782,80,0,2,0,2,0,0,0,0,0,7,60,0,1957,4009,1,10,5,2,0,0,0,0
1304650,3,2022,2022,10,0,9,3371,17,463,3342,0,1,7,-30.320903,153.086197,19,2,1,1,2,0,0,0,3,0,0,60,2,6545,6545,4,30,0,2,0,0,0,0
1304652,3,2022,2022,10,0,7,60,10,121,84,0,1,7,-28.207604,153.544669,72,2,1,0,1,0,0,0,2,0,0,60,1,14295,14295,3,33,5,2,0,0,0,0
1304653,3,2022,2022,9,0,6,16,27,90,34609,0,1,1,-33.881277,151.241403,81,0,2,0,1,0,0,0,2,0,7,50,0,1957,4009,1,9,0,2,0,0,0,0
1304654,3,2022,2022,9,0,0,2,27,11,14,0,1,1,-35.692574,146.739678,27,1,0,1,0,0,0,0,0,0,7,100,1,4026,4026,8,0,40,1,0,0,0,0
1304657,3,2022,2022,10,1,2,59,1,168,34609,0,1,9,-33.719474,150.836032,7,0,2,0,2,0,0,3,1,0,0,60,0,6545,6545,4,0,0,2,0,0,0,0
1304658,3,2022,2022,0,4,9,33,10,11,34609,0,1,1,-28.628395,153.492737,10,1,0,1,3,0,2,6,0,0,16,100,0,9859,9859,8,0,40,1,0,0,0,0
1304665,3,2022,2022,9,1,0,14,31,12,34609,0,1,1,-32.931596,151.582061,37,0,2,1,2,0,0,0,0,0,7,50,0,1109,787,1,5,13,2,0,0,0,0
1304666,3,2022,2022,10,3,0,16,10,91,34609,0,1,9,-33.990685,150.90123,13,0,2,0,2,0,0,0,0,0,7,50,0,1259,5151,8,5,40,1,0,0,0,0
1304668,3,2022,2022,9,6,9,35,27,12,34609,0,1,1,-34.07727,150.534715,79,2,2,0,2,0,0,0,3,0,7,80,0,1259,5151,8,34,40,1,0,0,0,0
1304672,3,2022,2022,10,2,5,1052,14,173,928,0,1,3,-33.709194,151.116981,36,0,2,0,0,0,0,0,2,0,7,80,2,14295,14295,3,0,40,2,0,0,0,0
1304693,3,2022,2022,9,4,7,17,27,24,34609,1,2,1,-34.015314,150.683959,12,0,2,1,1,0,0,0,2,0,7,40,0,387,387,1,33,5,2,0,0,0,0
1304698,3,2022,2022,9,3,5,40,27,609,24,0,1,10,-33.773163,150.905433,7,0,2,1,0,0,0,0,2,2,7,60,1,6545,6545,4,5,5,2,0,0,0,0
1304700,3,2022,2022,9,4,10,2209,17,176,2205,0,1,2,-33.9702,151.134598,25,0,2,1,2,0,0,0,0,0,7,60,2,387,387,1,29,5,2,0,0,0,0
1304702,3,2022,2022,10,3,1,23,27,132,49,0,1,1,-29.798565,151.118669,33,1,0,1,3,0,0,3,0,0,7,100,1,4026,4026,8,10,40,1,0,0,0,0
1304711,3,2022,2022,11,6,7,24,1,91,34609,0,1,1,-33.991321,150.885663,13,0,2,1,0,0,0,0,2,0,7,50,0,9859,9859,1,30,5,3,0,0,0,0
1304721,3,2022,2022,9,4,3,36,27,14,36,0,1,1,-34.010205,150.798563,13,0,2,1,1,0,0,0,2,0,7,80,1,1089,1089,7,5,40,1,0,0,0,0
1304727,3,2022,2022,10,2,7,125,27,108,123,0,1,7,-33.313275,151.422129,16,2,2,0,0,0,0,0,2,0,0,70,2,395,395,1,30,0,2,0,0,0,0
1304731,3,2022,2022,11,6,7,25,1,57,34609,0,1,9,-33.900102,151.167252,32,0,2,1,1,0,0,0,2,0,15,50,0,1282,1282,1,33,0,3,0,0,0,0
1304745,3,2022,2022,11,2,10,2,27,1,34609,0,1,1,-29.824488,152.914472,18,1,0,1,3,0,0,3,0,0,7,100,0,9859,9859,8,9,40,1,0,0,0,0
1304746,3,2022,2022,10,6,11,1,22,31,34609,0,1,1,-31.126856,150.91267,70,2,1,1,2,0,3,0,0,0,7,50,0,1981,1981,4,0,36,2,0,0,0,0
1304747,3,2022,2022,1,5,9,2261,17,523,2252,0,1,9,-33.915222,150.920686,41,0,2,1,2,0,3,0,0,2,7,70,2,1282,1282,1,8,0,2,0,0,0,0
1304749,3,2022,2022,10,3,4,29,1,14,52,0,1,1,-33.714664,150.768484,7,0,2,1,3,0,3,0,2,0,7,80,1,14295,14295,3,9,5,2,0,0,0,0
1304750,3,2022,2022,11,5,11,829,27,125,770,0,1,9,-33.822655,151.12173,61,0,2,1,2,0,3,4,0,2,7,60,2,14295,14295,3,5,5,3,0,0,0,0
1304751,3,2022,2022,10,6,5,20,31,56,18,0,1,9,-33.856528,151.178641,32,0,2,1,0,0,0,0,2,0,7,40,1,9859,9859,1,8,19,2,0,0,0,0
1304753,3,2022,2022,9,1,3,75,10,63,165,0,1,2,-33.931999,151.212174,4,0,2,1,3,0,0,0,2,0,7,80,2,1282,1282,1,8,5,2,0,0,0,0
1304754,3,2022,2022,9,4,8,265,2,167,34609,0,1,10,-33.84784,151.066653,54,0,2,1,3,0,0,0,2,0,7,50,0,1109,787,1,0,5,2,0,0,0,0
1304756,3,2022,2022,10,1,7,194,31,68,34609,0,1,10,-34.84259,148.914769,82,2,1,1,3,0,3,4,2,0,0,50,0,6545,6545,4,10,5,2,0,0,0,0
1304760,3,2022,2022,9,4,6,8,27,4,33,0,1,1,-32.547294,151.219597,64,1,0,0,3,0,0,0,2,0,7,100,1,1109,787,1,10,0,2,0,0,0,0
1304764,3,2022,2022,9,4,10,2126,17,17,2149,0,1,1,-33.448757,149.821722,3,1,0,1,3,0,0,0,0,0,7,100,2,1192,1192,1,10,5,2,0,0,0,0
1304766,3,2022,2022,9,2,11,51,27,28,63,0,1,10,-34.558604,150.84405,62,0,2,1,3,0,0,0,0,2,7,70,2,5929,5929,1,0,0,2,0,0,0,0
1304767,3,2022,2022,9,2,5,1,7,91,34609,0,1,1,-32.809764,151.650224,48,0,2,1,3,0,0,0,2,0,7,50,0,1391,1391,1,5,0,2,0,0,0,0
1304772,3,2022,2022,10,4,7,63,10,43,34609,0,1,10,-33.210531,151.528677,16,2,2,1,3,0,3,4,2,0,15,50,0,5929,5929,1,5,5,2,0,0,0,0
1304775,3,2022,2022,9,6,3,13,27,36,14,0,1,1,-33.592894,149.268128,51,1,0,0,3,0,1,5,1,0,7,100,1,4552,5151,8,10,40,1,0,0,0,0
1304777,3,2022,2022,10,3,3,17,31,609,34609,0,1,1,-33.771,150.91622,7,0,2,1,3,0,0,0,1,0,7,50,0,1282,1282,1,5,5,2,0,0,0,0
1304779,3,2022,2022,9,0,4,346,17,103,332,0,1,9,-28.814451,153.338059,39,2,1,1,3,0,0,0,2,0,0,60,2,14295,14295,3,5,5,4,0,0,0,0
1304795,3,2022,2022,9,4,2,6,1,112,34609,0,1,2,-33.906509,151.212504,69,0,2,1,1,0,0,0,0,0,7,40,0,9859,9859,1,8,0,7,0,0,0,0
1304799,3,2022,2022,9,2,1,48,31,92,45,0,1,1,-33.411012,151.346565,16,2,2,1,2,0,0,0,0,0,7,60,1,9859,9859,8,5,40,1,0,0,0,0
1304807,3,2022,2022,9,4,3,40,27,73,34609,0,1,9,-35.128689,147.377664,75,2,1,1,3,0,0,0,4,0,7,60,0,14295,14295,3,10,13,2,0,0,0,0
1304826,3,2022,2022,10,0,7,2261,17,93,2252,0,1,2,-36.088279,146.924857,0,1,0,1,1,0,3,4,2,0,7,110,2,14295,14295,3,29,13,3,0,0,0,0
1304836,3,2022,2022,9,2,9,3,31,234,34609,0,1,9,-34.277347,146.050768,28,2,1,1,1,0,0,0,2,0,0,50,0,256,256,4,10,13,2,0,0,0,0
1304838,3,2022,2022,9,6,6,3371,17,9,3342,0,1,2,-31.355086,152.806588,56,1,0,1,3,0,0,0,2,0,7,110,2,9859,9859,8,10,40,1,0,0,0,0
1304839,3,2022,2022,9,6,2,103,36,10,34609,0,1,1,-31.949055,152.432155,43,2,1,0,0,0,0,0,1,0,7,80,0,2585,4009,8,30,40,1,0,0,0,0
1304852,3,2022,2022,11,4,10,1,9,65,34609,0,1,9,-36.037479,146.99675,0,2,1,1,2,0,3,0,0,0,0,60,0,6545,6545,4,5,13,2,0,0,0,0
1304858,3,2022,2022,9,1,7,4,31,219,34609,0,1,1,-32.900357,151.671538,48,0,2,1,3,0,0,0,2,0,7,50,0,945,945,5,10,40,1,0,0,0,0
1304860,3,2022,2022,11,3,10,105,27,67,109,0,1,1,-33.875295,150.896681,24,0,2,1,2,0,0,0,0,0,7,60,1,1383,1383,1,5,0,2,0,0,0,0
1304862,3,2022,2022,10,2,5,191,10,15,34609,0,1,1,-34.002735,151.028687,68,0,2,1,1,0,0,0,2,0,7,50,0,9859,9859,1,5,0,2,0,0,0,0
1304864,3,2022,2022,9,2,8,1,7,172,34609,0,1,1,-32.765403,151.581261,42,2,1,0,1,0,0,0,2,0,7,50,0,418,714,5,10,40,1,0,0,0,0
1304865,3,2022,2022,10,1,1,916,17,61,917,0,1,1,-29.700305,151.746105,51,2,1,0,0,0,0,0,0,0,7,60,2,782,957,5,10,40,1,0,0,0,0
1304867,3,2022,2022,11,3,1,485,27,232,769,0,1,9,-33.672628,150.906257,7,0,2,0,3,0,0,0,0,0,0,80,2,2585,777,8,5,40,1,0,0,0,0
1304868,3,2022,2022,10,1,6,3,31,210,34609,0,1,9,-34.024845,151.097834,68,0,2,1,3,0,0,0,2,0,7,50,0,6545,6545,4,5,0,2,0,0,0,0
1304884,3,2022,2022,10,2,5,234,27,337,217,0,1,9,-33.746277,150.994594,71,0,2,0,3,0,0,0,2,0,0,60,2,926,926,4,21,0,2,0,0,0,0
1304885,3,2022,2022,3,1,3,3371,17,463,3342,0,1,9,-30.274102,153.134075,19,2,1,0,1,0,3,3,2,0,7,60,2,1192,1192,1,10,0,2,0,0,0,0
1304888,3,2022,2022,10,6,10,280,10,92,240,1,0,9,-33.872781,150.96456,24,0,2,0,2,0,0,0,0,0,15,60,2,2852,2852,4,5,5,2,0,0,0,0
1304898,3,2022,2022,4,1,9,42,31,53,34609,0,1,1,-31.099616,150.937985,70,2,1,1,1,0,0,0,2,0,7,50,0,4026,4026,8,10,40,1,0,0,0,0
1304903,3,2022,2022,10,4,5,75,10,112,165,0,1,2,-33.911881,151.212837,69,0,2,1,3,0,0,0,2,0,7,80,2,14295,14295,3,21,12,2,0,0,0,0
1304910,3,2022,2022,9,2,11,3371,17,49,3342,0,1,10,-33.199432,151.522604,16,2,2,1,3,0,0,0,0,2,7,80,2,5929,5929,1,10,0,2,0,0,0,0
1304912,3,2022,2022,9,6,9,153,27,290,147,0,1,1,-33.948997,151.110987,4,0,2,1,3,0,0,0,3,0,7,60,2,14295,14295,3,16,5,2,0,0,0,0
1304915,3,2022,2022,9,0,9,7,27,19,34609,1,0,9,-34.087842,150.828941,13,0,2,0,3,0,0,0,3,0,0,50,0,5929,5929,1,5,36,2,0,0,0,0
1304917,3,2022,2022,9,6,2,294,17,18,288,0,1,9,-35.121974,147.318263,75,2,1,1,3,0,0,0,1,0,0,80,2,1850,985,5,8,40,1,0,0,0,0
1304918,3,2022,2022,9,6,3,149,36,32,113,0,1,9,-32.401841,152.262567,43,2,1,0,3,0,0,0,2,0,7,80,1,3775,3775,0,10,12,2,0,0,0,0
1304920,3,2022,2022,9,2,11,20,27,87,34609,0,1,1,-33.918985,150.953371,41,0,2,1,3,0,0,0,0,0,7,40,0,3775,3775,0,5,5,2,0,0,0,0
1304921,3,2022,2022,9,1,4,134,10,104,133,0,1,2,-33.83179,151.019516,54,0,2,1,3,0,3,0,2,0,7,70,2,14295,14295,3,5,13,2,0,0,0,0
1304922,3,2022,2022,9,1,2,229,14,175,237,0,1,3,-33.76414,151.084642,31,0,2,1,3,0,3,4,0,0,7,100,2,404,404,8,0,40,1,0,0,0,0
1304926,3,2022,2022,1,2,7,2126,17,17,2149,0,1,1,-33.449343,149.818569,3,1,0,1,3,0,3,2,2,0,7,100,2,9859,9859,8,5,40,1,0,0,0,0
1304927,3,2022,2022,10,2,9,3,27,5,31,0,1,1,-36.179741,149.331942,65,1,0,1,3,0,0,0,2,0,7,100,1,475,475,5,5,40,1,0,0,0,0
1304928,3,2022,2022,9,5,8,478,17,89,480,0,1,2,-33.39056,151.473374,16,2,2,1,3,0,0,0,2,0,7,60,2,14295,14295,3,5,5,2,0,0,0,0
1304930,3,2022,2022,9,5,8,178,27,70,48,0,1,10,-32.729734,151.55239,42,2,1,1,3,0,0,0,3,2,7,50,1,14295,14295,3,5,0,2,0,0,0,0
1304933,3,2022,2022,9,3,6,3,31,124,34609,0,1,1,-33.807081,151.048514,54,0,2,1,3,0,0,0,2,0,7,50,0,5929,5929,1,5,5,2,0,0,0,0
1304934,3,2022,2022,9,1,2,154,27,136,244,0,1,1,-33.914482,151.068995,15,0,2,1,3,0,3,4,0,0,7,60,2,14295,14295,3,5,5,2,0,0,0,0
1304936,3,2022,2022,10,0,5,27,31,127,14,0,1,1,-33.894878,151.152265,32,0,2,0,3,0,0,0,2,0,7,50,1,96,96,0,0,5,3,0,0,0,0
1304939,3,2022,2022,10,0,7,234,27,337,217,0,1,1,-33.743609,150.99846,71,0,2,1,3,0,0,0,2,0,7,60,2,1383,1383,1,5,22,3,0,0,0,0
1304942,3,2022,2022,10,2,11,10,27,3,34609,0,1,9,-34.595448,150.34883,78,1,0,1,3,0,3,4,0,0,15,90,0,4552,985,8,5,40,1,0,0,0,0
1304943,3,2022,2022,9,6,3,2,27,62,34609,0,1,2,-33.719434,150.852824,7,0,2,1,3,0,0,0,2,0,7,50,0,9859,9859,1,10,5,3,0,0,0,0
1304944,3,2022,2022,9,2,5,18,27,134,34609,0,1,10,-33.958172,150.799469,12,0,2,1,3,0,0,0,2,0,15,70,0,6545,6545,4,30,5,3,0,0,0,0
1304945,3,2022,2022,9,2,9,40,27,73,34609,0,1,1,-35.130695,147.377258,75,2,1,1,3,0,0,3,3,0,7,60,0,9859,9859,1,5,13,2,0,0,0,0
1304947,3,2022,2022,9,5,8,77,31,562,34609,0,1,9,-32.246181,148.611496,22,2,1,1,3,0,0,0,3,0,7,50,0,5929,5929,1,5,5,2,0,0,0,0
1304949,3,2022,2022,9,4,4,37,1,52,34609,0,1,9,-33.971485,150.919312,41,0,2,1,3,0,0,0,2,0,0,60,0,14295,14295,3,5,0,2,0,0,0,0
1304950,3,2022,2022,9,0,3,90,36,24,102,0,1,1,-34.510163,148.107264,20,1,0,1,3,0,0,0,1,0,7,100,2,4026,4026,8,5,40,1,0,0,0,0
1304952,3,2022,2022,9,4,7,220,14,67,220,0,1,3,-34.424137,150.868929,80,0,2,1,3,0,0,0,2,0,7,90,2,14295,14295,3,10,5,3,0,0,0,0
1304953,3,2022,2022,9,0,7,98,27,87,799,0,1,9,-33.929247,150.942994,41,0,2,1,3,0,0,0,2,2,7,70,2,256,256,4,0,36,2,0,0,0,0
1304954,3,2022,2022,9,5,11,75,10,123,165,0,1,2,-33.911935,151.212966,59,0,2,1,3,0,0,0,0,0,7,80,2,4026,4026,8,5,40,1,0,0,0,0
1304955,3,2022,2022,9,2,4,1,10,609,34609,1,0,10,-33.785947,150.914033,7,0,2,1,3,0,0,0,2,0,15,50,0,6545,6545,4,5,5,2,0,0,0,0
1304957,3,2022,2022,9,3,5,128,27,74,133,0,1,9,-33.769781,150.675591,55,0,2,1,3,0,0,0,2,2,7,60,2,14295,14295,3,0,36,2,0,0,0,0
1304958,3,2022,2022,10,4,8,2,27,110,34609,0,1,1,-33.771577,151.02764,54,0,2,1,3,0,0,0,2,0,7,50,0,9859,9859,1,9,5,2,0,0,0,0
1304959,3,2022,2022,9,4,5,145,27,36,80,1,0,10,-33.882275,151.182334,69,0,2,1,3,0,0,0,2,2,7,40,2,1669,1669,3,10,5,2,0,0,0,0
1304961,3,2022,2022,9,2,6,30,27,30,41,0,1,10,-33.985272,151.143823,4,0,2,1,3,0,0,0,2,2,7,60,1,5929,5929,1,0,0,2,0,0,0,0
1304963,3,2022,2022,9,1,1,1104,14,104,962,0,1,6,-33.830932,151.020882,54,0,2,0,3,0,3,4,0,0,7,70,2,2585,4009,8,5,40,1,0,0,0,0
1304965,3,2022,2022,9,5,8,485,27,52,769,0,1,9,-33.700128,150.92862,7,0,2,1,3,0,0,0,2,2,7,80,2,14295,14295,3,10,5,2,0,0,0,0
1304966,3,2022,2022,9,6,7,2261,17,370,2252,0,1,3,-34.063262,150.783929,13,0,2,0,3,0,0,0,2,0,7,110,2,1957,4009,8,5,40,1,0,0,0,0
1304967,3,2022,2022,9,0,8,117,27,78,144,1,0,9,-33.856524,151.091671,14,0,2,1,3,0,3,4,2,0,7,60,2,14295,14295,3,5,5,2,0,0,0,0
1304973,3,2022,2022,9,5,5,2261,17,646,2252,1,0,2,-33.907283,151.033989,15,0,2,0,3,0,0,0,2,0,7,60,2,14295,14295,3,21,0,3,0,0,0,0
1304974,3,2022,2022,9,4,6,296,27,283,293,0,1,2,-33.832625,151.002829,21,0,2,1,3,0,0,0,2,0,7,70,2,9859,9859,8,34,40,1,0,0,0,0
1304976,3,2022,2022,9,2,7,22,10,108,57,0,1,7,-28.848117,153.544669,2,2,1,0,3,0,0,0,2,0,0,80,1,14295,14295,3,0,5,2,0,0,0,0
1304977,3,2022,2022,9,6,9,1,27,1,34609,0,1,1,-30.64691,148.905201,51,1,0,1,3,2,0,0,0,0,7,100,0,1945,1945,5,0,40,1,0,0,0,0
1304978,3,2022,2022,9,3,1,1,31,21,34609,0,1,1,-33.732275,150.909807,7,0,2,1,3,0,0,0,0,0,7,50,0,9859,9859,1,5,5,2,0,0,0,0
1304979,3,2022,2022,9,1,5,19,27,55,34609,0,1,7,-33.790067,150.890513,7,0,2,1,3,0,0,0,2,0,0,60,0,14295,14295,3,5,0,2,0,0,0,0
1304982,3,2022,2022,9,4,4,19,31,225,19,0,1,10,-33.79711,151.186006,77,0,2,1,3,0,3,0,2,2,7,40,1,5929,5929,1,5,0,2,0,0,0,0
1304983,3,2022,2022,9,3,4,10,36,4,18,0,1,1,-36.512627,148.784065,65,1,0,1,3,0,3,4,2,0,7,100,1,945,945,5,30,40,1,0,0,0,0
1304985,3,2022,2022,9,0,3,8,27,210,34609,0,1,1,-34.026812,151.117696,68,0,2,1,3,0,0,0,4,0,7,50,0,1282,1282,1,30,5,2,0,0,0,0
1304986,3,2022,2022,9,3,7,1052,14,54,928,0,1,3,-33.461266,151.197625,16,1,2,1,3,0,3,3,2,0,7,110,2,14295,14295,3,21,5,2,0,0,0,0
1304987,3,2022,2022,9,5,5,6,31,102,28,0,1,9,-33.946453,151.189144,4,0,2,1,3,0,0,6,2,2,7,80,2,3775,3775,0,0,5,2,0,0,0,0
1304991,3,2022,2022,9,5,5,500,27,646,799,0,1,9,-33.934303,151.032637,15,0,2,1,3,0,0,0,2,0,7,60,2,395,395,1,0,5,2,0,0,0,0
1304992,3,2022,2022,9,0,5,294,17,6,288,0,1,1,-34.448746,142.500912,51,1,0,1,3,0,0,0,2,0,7,110,2,9859,9859,8,8,40,1,0,0,0,0
1304993,3,2022,2022,9,6,4,15,27,43,228,0,1,1,-33.573166,150.888709,29,2,2,0,3,0,0,0,2,0,7,80,2,4552,5151,8,8,40,1,0,0,0,0
1304994,3,2022,2022,9,1,10,175,27,609,220,0,1,10,-33.763728,150.913221,7,0,2,1,3,0,0,0,0,2,7,70,2,5929,5929,1,0,5,2,0,0,0,0
1304995,3,2022,2022,9,1,10,11,27,29,25,0,1,1,-33.47566,151.435501,16,2,2,0,3,0,0,0,0,0,7,50,1,1957,4009,8,5,40,1,0,0,0,0
1304996,3,2022,2022,10,1,5,10,27,68,34609,0,1,1,-33.642755,149.847048,51,1,0,0,3,0,3,4,2,0,7,100,0,1259,5151,8,5,40,1,0,0,0,0
1304997,3,2022,2022,9,2,6,63,36,30,16,0,1,1,-32.621097,152.12236,43,1,0,1,3,0,0,0,2,0,7,90,1,9859,9859,8,5,40,1,0,0,0,0
1304999,3,2022,2022,9,4,9,7,7,28,34609,0,1,1,-28.683853,153.531337,10,2,1,1,3,0,0,0,2,0,7,50,0,3775,3775,0,30,5,2,0,0,0,0
1305000,3,2022,2022,9,0,4,2209,17,115,2205,0,1,10,-33.915489,151.174542,32,0,2,1,3,0,0,0,2,2,7,60,2,395,395,1,8,5,2,0,0,0,0
1305001,3,2022,2022,9,4,1,293,31,219,34609,0,1,1,-32.895359,151.66673,48,0,2,1,3,0,0,0,0,0,7,50,0,1282,1282,1,5,5,2,0,0,0,0
1305002,3,2022,2022,9,3,5,2209,17,115,2205,0,1,9,-34.031609,151.067157,68,0,2,1,3,0,3,4,2,2,7,70,2,395,395,1,0,5,2,0,0,0,0
1305003,3,2022,2022,9,1,8,866,17,54,793,0,1,2,-33.724395,151.08974,31,0,2,0,3,0,0,0,2,0,7,70,2,14295,14295,3,0,36,2,0,0,0,0
1305004,3,2022,2022,9,2,6,48,10,316,121,0,1,1,-31.422372,152.870984,56,2,1,1,3,0,0,0,2,0,7,60,1,1109,787,1,5,25,2,0,0,0,0
1305005,3,2022,2022,9,6,9,2209,17,115,2205,1,0,9,-34.028929,151.081771,68,0,2,1,3,0,0,0,0,0,7,70,2,1383,1383,1,10,5,2,0,0,0,0
1305006,3,2022,2022,9,6,7,92,27,106,63,0,1,10,-33.913916,151.086258,15,0,2,1,3,0,3,3,2,2,7,50,1,2852,2852,4,10,5,2,0,0,0,0
1305007,3,2022,2022,9,4,8,1,1,55,34609,0,1,10,-35.713788,150.184943,23,2,1,1,3,0,0,0,2,0,0,50,0,2585,777,8,0,40,1,0,0,0,0
1305009,3,2022,2022,9,2,4,4,27,19,6,0,1,1,-36.388299,148.85273,65,1,0,0,3,0,3,4,2,0,7,100,1,380,714,5,10,40,1,0,0,0,0
1305012,3,2022,2022,9,3,10,15,27,363,14,0,1,9,-33.731849,150.706668,55,0,2,1,3,0,3,4,0,0,15,70,1,2852,2852,4,0,36,2,0,0,0,0
1305013,3,2022,2022,10,1,3,35,27,109,96,0,1,1,-33.898613,151.1343,32,0,2,1,3,0,0,0,2,0,7,50,2,9859,9859,1,9,5,2,0,0,0,0
1305016,3,2022,2022,9,4,7,193,1,85,34609,0,1,1,-32.940459,151.713493,48,0,2,1,3,0,0,0,2,0,7,60,0,1981,1981,4,9,5,2,0,0,0,0
1305017,3,2022,2022,9,5,4,15,10,14,36,0,1,9,-33.536755,151.303421,16,2,2,1,3,0,0,0,2,0,0,60,1,2852,2852,4,5,13,2,0,0,0,0
1305018,3,2022,2022,9,5,11,178,31,92,34609,0,1,11,-33.879261,150.972763,24,0,2,1,3,0,0,0,0,0,7,50,0,3775,3775,0,0,0,2,0,0,0,0
1305019,3,2022,2022,9,2,9,1,27,57,34609,0,1,1,-33.601324,151.009929,31,0,2,1,3,0,3,4,3,0,7,50,0,9859,9859,8,5,40,1,0,0,0,0
1305024,3,2022,2022,9,6,4,205,27,106,415,0,1,7,-33.676103,151.289608,50,0,2,1,3,0,0,0,2,0,0,60,2,14295,14295,3,8,0,2,0,0,0,0
1305025,3,2022,2022,10,1,11,500,27,106,799,0,1,1,-33.925288,151.087272,15,0,2,1,3,0,0,0,0,0,7,60,2,945,945,5,9,40,1,0,0,0,0
1305026,3,2022,2022,9,6,9,9,10,63,34609,0,1,1,-33.254962,151.479831,16,2,2,1,3,0,0,6,0,0,7,50,0,9859,9859,1,5,5,2,0,0,0,0
1305031,3,2022,2022,9,1,7,2209,17,201,2205,0,1,10,-34.878951,150.604529,63,2,1,1,3,0,0,0,2,2,7,70,2,83,83,1,5,5,3,0,0,0,0
1305032,3,2022,2022,9,3,6,52,27,188,53,0,1,1,-33.930732,151.09891,15,0,2,1,3,0,0,3,2,0,7,50,1,14295,14295,3,5,0,2,0,0,0,0
1305033,3,2022,2022,9,3,5,866,17,77,793,0,1,2,-33.729824,151.082981,31,0,2,1,3,0,3,3,2,0,7,70,2,14295,14295,3,5,0,3,0,0,0,0