Crash ID,Degree of crash - detailed,Reporting year,Year of crash,Month of crash,Day of week of crash,Two-hour intervals,Street of crash,Street type,Town,Route no.,School zone location,School zone active,Type of location,Latitude,Longitude,LGA,Urbanisation,Conurbation 1,Alignment,Street lighting,Road surface,Surface condition,Weather,Natural lighting,Signals operation,Other traffic control,Speed limit,Road classification,RUM - code,DCA - code,First impact type,Key TU type,Other TU type,No. of traffic units involved,No. killed,No. seriously injured,No. moderately injured,No. minor-other injured
1305034,3,2022,2022,9,1,9,73,24,21,88,0,1,9,-33.708886,151.284059,50,0,2,1,3,0,0,0,0,0,15,70,2,5929,5929,1,5,0,2,0,0,0,0
1305035,3,2022,2022,9,5,4,100,27,109,799,0,1,1,-33.902961,151.143074,32,0,2,1,3,0,0,0,2,0,7,60,2,144,144,1,0,5,2,0,0,0,0
1305036,3,2022,2022,9,4,8,4,27,2,34609,0,1,1,-31.407818,152.782179,56,1,0,1,3,2,0,0,2,0,7,100,0,3775,3775,0,0,5,2,0,0,0,0
1305037,3,2022,2022,11,4,0,225,17,70,180,0,1,9,-34.562204,150.34094,78,2,1,1,3,0,3,4,0,0,7,80,2,1089,1089,7,10,40,1,0,0,0,0
1305040,3,2022,2022,9,2,7,82,27,5,34,0,1,1,-28.559827,153.144366,51,1,0,0,3,0,0,0,2,0,7,100,1,4552,5151,8,0,40,1,0,0,0,0
1305042,3,2023,2022,10,4,9,1,31,219,34609,0,1,10,-32.90305,151.665834,48,0,2,1,3,0,0,0,2,0,0,50,0,248,248,1,5,13,3,0,0,0,0
1305045,3,2022,2022,8,6,8,77,10,234,34609,0,1,1,-34.271122,146.054803,28,1,0,0,3,0,0,0,2,0,7,100,0,1259,5151,8,0,40,1,0,0,0,0
1305046,3,2022,2022,1,4,6,512,17,166,441,0,1,1,-33.419177,149.564029,3,2,1,1,3,0,0,0,2,0,7,60,2,14295,14295,3,10,13,4,0,0,0,0
1305047,3,2022,2022,9,0,10,500,27,646,799,0,1,10,-33.933782,151.027023,15,0,2,1,3,0,0,0,0,2,7,60,2,14295,14295,3,0,5,2,0,0,0,0
1305053,3,2023,2022,9,3,10,3371,17,17,3342,0,1,10,-31.970447,152.463434,43,1,0,0,3,0,3,4,0,0,7,110,2,1957,4009,8,5,40,1,0,0,0,0
1305054,3,2022,2022,9,6,7,1,27,84,34609,1,2,9,-33.468277,151.392654,16,2,2,1,3,0,0,0,2,0,7,40,0,301,301,4,0,0,2,0,0,0,0
1305055,3,2022,2022,9,0,6,3371,17,463,3342,0,1,10,-30.297168,153.113087,19,2,1,1,3,0,0,0,2,2,7,60,2,14295,14295,3,5,13,2,0,0,0,0
1305059,3,2022,2022,9,2,7,46,27,39,34609,0,1,1,-32.875949,151.646849,48,0,2,1,3,0,3,0,2,0,7,60,0,9859,9859,8,5,40,1,0,0,0,0
1305061,3,2022,2022,4,5,2,23,31,198,34609,1,0,1,-33.911121,151.106242,15,0,2,1,2,0,0,6,0,0,9,50,0,9859,9859,8,9,40,1,0,0,0,0
1305067,3,2022,2022,9,3,0,9,1,57,34609,0,1,1,-33.344467,151.438545,16,2,2,0,3,0,0,0,0,0,7,50,0,4552,5151,1,10,13,2,0,0,0,0
1305068,3,2022,2022,9,6,3,6,23,137,34609,1,0,1,-33.919504,151.199084,69,0,2,1,3,0,0,0,2,0,7,40,0,1981,1981,4,5,0,2,0,0,0,0
1305069,3,2022,2022,9,0,7,95,27,50,36,0,1,1,-33.510524,151.330742,16,2,2,1,3,0,0,0,2,0,7,60,1,4026,4026,1,10,41,3,0,0,0,0
1305070,3,2022,2022,9,5,4,1052,27,219,262,0,1,2,-32.904075,151.685423,48,0,2,1,3,0,0,0,2,0,7,60,2,14295,14295,3,5,0,2,0,0,0,0
1305075,3,2022,2022,1,3,9,4,31,65,34609,0,1,1,-34.484603,150.885247,80,0,2,1,2,0,0,0,0,0,7,50,0,9859,9859,1,5,25,2,0,0,0,0
1305114,3,2022,2022,9,5,11,25,31,460,55,0,1,9,-33.832221,150.977454,21,0,2,1,2,0,0,0,0,0,7,50,1,4026,4026,8,5,40,1,0,0,0,0
1305119,3,2022,2022,9,3,7,62,10,122,62,0,1,10,-33.42728,151.344223,16,2,2,1,1,0,0,0,2,2,7,50,2,623,623,3,5,5,2,0,0,0,0
1305122,3,2022,2022,10,0,7,19,31,226,34609,0,1,2,-33.769024,150.823693,7,0,2,1,1,0,0,0,2,0,7,50,0,9859,9859,1,5,5,3,0,0,0,0
1305130,3,2022,2022,10,2,11,1,7,148,34609,0,1,4,-36.048021,146.954274,0,2,1,0,2,0,3,0,0,0,7,50,0,4552,5151,8,5,40,1,0,0,0,0
1305132,3,2022,2022,11,1,7,916,17,18,917,0,1,9,-32.743925,151.569061,42,2,1,1,1,0,0,0,2,2,7,80,2,14295,14295,3,0,0,3,0,0,0,0
1305133,3,2022,2022,11,3,0,27,31,107,34609,0,1,1,-29.676331,152.92128,18,2,1,1,0,0,3,0,0,0,7,60,0,9859,9859,1,10,36,2,0,0,0,0
1305137,3,2022,2022,11,3,9,16,27,316,34609,0,1,1,-33.907354,151.24713,59,0,2,1,2,0,0,0,0,0,7,50,0,9859,9859,1,5,0,2,0,0,0,0
1305148,3,2022,2022,10,6,5,104,27,387,140,0,1,10,-33.920825,151.191757,4,0,2,1,1,0,0,3,2,2,7,60,2,256,256,4,33,0,2,0,0,0,0
1305151,3,2022,2022,10,3,2,33,10,69,34609,0,1,1,-28.564474,153.488183,10,2,1,0,0,0,0,0,0,0,7,80,0,1850,1463,5,10,40,1,0,0,0,0
1305158,3,2022,2022,10,0,11,1,27,173,34609,0,1,1,-33.876528,151.220598,69,0,2,1,2,0,0,0,0,0,7,40,0,220,220,1,10,5,2,0,0,0,0
1305160,3,2022,2022,11,4,1,7,31,77,42,0,1,1,-32.942887,151.759369,48,0,2,1,2,0,3,4,0,0,7,50,1,4026,4026,1,10,5,2,0,0,0,0
1305166,3,2022,2022,11,2,1,6,31,107,34609,0,1,10,-29.687609,152.947386,18,2,1,1,2,2,0,0,0,0,0,50,0,4026,4026,8,5,40,1,0,0,0,0
1305177,3,2022,2022,10,5,8,3371,17,463,3342,0,1,10,-30.294076,153.115916,19,2,1,1,1,0,3,3,2,2,7,60,2,6545,6545,4,30,5,3,0,0,0,0
1305191,3,2022,2022,1,6,5,26,31,363,34609,0,1,1,-33.752396,150.697966,55,0,2,1,1,0,0,0,2,0,7,40,0,941,941,1,5,0,3,0,0,0,0
1305192,3,2022,2022,1,1,7,296,27,41,293,1,2,9,-33.86708,150.988034,24,0,2,1,2,0,3,0,2,2,7,40,2,1192,1192,1,29,5,2,0,0,0,0
1305200,3,2022,2022,9,6,11,2,27,6,34609,0,1,1,-35.370594,148.163374,66,1,0,1,0,0,3,0,0,0,7,100,0,9859,9859,8,5,40,1,0,0,0,0
1305201,3,2022,2022,10,3,0,2,5,101,34609,0,1,1,-32.90615,151.601762,37,0,2,0,2,0,0,0,0,0,7,50,0,1957,4009,8,5,40,1,0,0,0,0
1305217,3,2022,2022,9,5,2,3371,17,19,3342,0,1,2,-31.885636,152.550103,43,1,0,1,0,0,3,4,0,0,7,100,2,9859,9859,8,3,40,1,0,0,0,0
1305219,3,2022,2022,8,3,9,3371,17,90,3342,0,1,6,-28.232043,153.561024,72,1,0,0,2,0,3,4,0,0,7,100,2,1957,4009,8,5,40,1,0,0,0,0
1305220,3,2022,2022,11,3,1,72,1,134,36,0,1,7,-33.521252,151.316742,16,2,2,1,2,0,0,0,0,0,0,60,1,4026,4026,8,0,40,1,0,0,0,0
1305231,3,2022,2022,10,2,10,296,27,290,293,0,1,9,-33.85853,150.994008,21,0,2,1,2,0,0,0,3,0,7,70,2,2585,777,8,0,40,1,0,0,0,0
1305261,3,2022,2022,9,3,6,478,17,50,480,0,1,1,-33.228978,151.541611,16,2,2,1,1,0,3,4,2,0,7,60,2,9859,9859,8,5,40,1,0,0,0,0
1305263,3,2022,2022,9,4,9,26,31,61,34609,0,1,9,-29.744471,151.717285,51,2,1,1,0,2,0,0,2,0,7,50,0,489,489,8,5,40,1,0,0,0,0
1305264,3,2022,2022,9,2,1,2209,17,5,2205,0,1,1,-36.043096,150.079174,23,2,1,1,0,2,0,0,0,0,7,40,2,945,945,5,5,40,1,0,0,0,0
1305271,3,2022,2022,9,2,1,60,31,16,34609,0,1,9,-33.379172,149.546332,3,2,1,1,2,0,0,0,0,3,0,50,0,489,489,8,10,40,1,0,0,0,0
1305277,3,2022,2022,9,1,3,280,10,127,240,0,1,9,-33.841844,150.855224,24,0,2,0,1,0,0,0,2,2,7,70,2,395,395,1,3,5,2,0,0,0,0
1305301,3,2022,2022,10,6,4,224,27,387,321,1,2,2,-33.930127,151.194592,4,0,2,1,2,0,0,0,2,0,7,40,2,387,387,1,8,13,2,0,0,0,0
1305304,3,2022,2022,9,0,4,72,14,532,71,0,1,3,-33.869204,151.218599,69,0,2,0,0,0,3,4,2,0,7,80,2,14295,14295,3,5,5,2,0,0,0,0
1305307,3,2022,2022,9,2,2,3371,17,24,3342,0,1,2,-32.654228,151.855686,57,1,0,0,2,0,0,0,1,0,7,110,2,1259,5151,8,5,40,1,0,0,0,0
1305315,3,2022,2022,9,2,7,2261,17,646,2252,1,0,10,-33.907309,151.03334,15,0,2,1,1,0,0,0,2,2,7,60,2,5929,5929,1,0,0,2,0,0,0,0
1305316,3,2022,2022,10,5,8,20,27,162,34609,0,1,1,-33.836529,150.902433,24,0,2,1,1,0,0,0,2,0,7,60,0,4026,4026,1,5,0,2,0,0,0,0
1305332,3,2022,2022,10,3,2,90,36,11,102,0,1,9,-34.679316,148.641914,82,2,1,0,0,0,2,6,0,0,7,60,2,2585,4009,8,0,40,1,0,0,0,0
1305335,3,2022,2022,9,2,11,14,31,61,49,0,1,2,-32.924163,151.737346,48,0,2,0,2,0,0,0,0,0,7,60,1,4552,5151,8,5,40,1,0,0,0,0
1305346,3,2022,2022,9,1,11,80,27,316,50,0,1,10,-33.913163,151.24204,59,0,2,1,2,0,0,0,0,2,7,50,2,6545,6545,4,10,0,2,0,0,0,0
1305352,3,2022,2022,11,6,11,78,17,23,58,0,1,1,-35.041489,149.02352,82,1,0,0,0,0,0,3,0,0,7,100,2,1957,4009,8,10,40,1,0,0,0,0
1305357,3,2022,2022,9,5,10,3371,17,56,3342,0,1,2,-31.107451,152.8442,34,1,0,0,0,0,0,0,0,0,7,110,2,4552,5151,8,29,40,1,0,0,0,0
1305360,3,2022,2022,9,2,6,3371,17,85,3342,0,1,1,-33.73342,151.127698,36,0,2,0,1,0,0,0,2,0,7,60,2,1192,1192,1,3,5,2,0,0,0,0
1305361,3,2022,2022,9,4,8,193,1,64,34609,0,1,2,-32.940719,151.708054,48,0,2,1,1,0,0,0,2,0,7,60,0,14295,14295,3,5,19,3,0,0,0,0
1305366,3,2022,2022,10,2,9,120,36,10,148,0,1,9,-30.503511,152.245352,1,1,0,1,0,0,3,4,3,0,7,100,2,945,945,5,5,40,1,0,0,0,0
1305373,3,2022,2022,10,0,10,15,31,11,34609,0,1,9,-36.027536,146.945868,0,2,1,1,2,0,3,3,0,0,7,50,0,1259,985,8,5,40,1,0,0,0,0
1305381,3,2022,2022,9,6,9,23,27,123,38,0,1,1,-33.696833,148.688987,51,1,0,1,0,0,0,0,2,0,7,100,2,475,475,5,10,40,1,0,0,0,0
1305391,3,2022,2022,10,4,6,32,27,42,27,0,1,1,-33.662068,151.25753,50,0,2,0,0,0,3,4,2,0,7,60,2,4552,5151,8,5,40,1,0,0,0,0
1305406,3,2022,2022,11,3,1,1,31,12,34609,0,1,1,-33.841793,150.959338,21,0,2,1,0,0,3,1,0,0,7,50,0,9859,9859,1,10,5,2,0,0,0,0
1305413,3,2022,2022,9,0,9,48,27,20,62,0,1,1,-35.536251,148.114023,66,1,0,0,0,0,0,0,2,0,7,100,2,4552,5151,8,10,40,1,0,0,0,0
1305442,3,2022,2022,1,0,11,3371,17,67,3342,0,1,1,-33.394624,151.348698,16,2,2,0,2,0,3,2,0,0,7,60,2,1957,4009,8,10,40,1,0,0,0,0
1305455,3,2022,2022,11,4,10,1104,11,532,770,0,1,2,-33.871992,151.202785,69,0,2,0,2,0,0,6,0,0,7,60,2,1957,4009,8,5,40,1,0,0,0,0
1305458,3,2022,2022,10,5,3,1,25,609,34609,0,1,1,-33.753916,150.904339,7,0,2,1,1,0,0,0,2,0,7,50,0,248,248,1,33,5,2,0,0,0,0
1305479,3,2022,2022,9,0,4,63,17,207,63,0,1,2,-31.969931,141.453002,51,2,1,0,1,0,0,0,2,0,7,60,2,941,941,1,9,0,2,0,0,0,0
1305484,3,2022,2022,10,4,5,224,27,387,321,0,1,9,-33.934611,151.193772,4,0,2,1,1,0,0,0,2,2,7,60,2,395,395,1,33,0,2,0,0,0,0
1305488,3,2022,2022,10,3,4,60,27,147,69,0,1,1,-33.869881,151.124005,14,0,2,1,2,0,0,0,2,0,7,60,2,9859,9859,8,5,40,1,0,0,0,0
1305491,3,2022,2022,10,5,4,98,27,15,34609,0,1,1,-32.992159,151.60055,37,0,2,1,0,0,0,0,2,0,7,60,0,1981,1981,4,5,0,2,0,0,0,0
1305499,3,2022,2022,10,0,11,72,31,176,62,0,1,1,-33.956612,151.147274,4,0,2,1,2,0,0,0,0,0,7,60,1,9859,9859,1,0,13,4,0,0,0,0
1305514,3,2022,2022,9,4,3,3,7,22,34609,0,1,1,-33.638922,150.797884,29,2,2,0,3,0,0,0,2,0,7,50,0,217,217,1,0,36,2,0,0,0,0
1305515,3,2022,2022,9,3,5,7,27,134,34609,0,1,4,-33.682814,150.888536,7,0,2,0,3,0,0,0,2,0,7,60,0,273,957,5,5,40,1,0,0,0,0
1305516,3,2022,2022,9,3,3,6,27,102,24,0,1,9,-33.972159,151.224411,59,0,2,1,3,0,0,0,2,0,15,60,2,1850,777,5,29,40,1,0,0,0,0
1305518,3,2022,2022,11,4,8,4,31,131,34609,1,0,1,-36.08302,146.917368,0,2,1,1,2,0,3,0,3,0,7,50,0,9859,9859,1,10,13,2,0,0,0,0
1305527,3,2022,2022,9,3,2,280,10,46,240,0,1,9,-33.882476,150.967401,24,0,2,0,3,0,3,4,1,2,7,60,2,1957,4009,8,5,40,1,0,0,0,0
1305530,3,2022,2022,9,5,7,6,1,119,34609,1,2,10,-32.76546,151.740289,57,2,1,0,3,0,0,0,2,0,0,40,0,6545,6545,4,19,5,2,0,0,0,0
1305531,3,2022,2022,9,0,6,229,14,278,237,0,1,3,-33.763845,151.031962,71,0,2,0,3,0,0,3,2,0,7,100,2,2585,4009,8,5,40,1,0,0,0,0
1305532,3,2022,2022,9,1,5,916,17,104,917,0,1,2,-32.820734,151.682055,48,0,2,1,3,0,0,0,2,0,7,80,2,14295,14295,3,30,13,4,0,0,0,0
1305533,3,2022,2022,9,5,3,98,27,87,799,0,1,10,-33.929247,150.942994,41,0,2,1,3,0,0,0,2,0,7,70,2,2852,2852,4,5,5,2,0,0,0,0
1305534,3,2022,2022,10,3,0,194,31,9,34609,0,1,1,-32.92043,151.31307,17,2,1,1,0,0,3,4,0,0,7,60,0,9859,9859,8,10,40,1,0,0,0,0
1305538,3,2022,2022,9,4,6,3371,17,44,3342,0,1,2,-30.733339,152.921283,47,1,0,0,3,0,0,0,2,0,7,110,2,2585,4009,8,30,40,1,0,0,0,0
1305540,3,2022,2022,9,6,7,5,31,98,34609,0,1,9,-30.995132,150.232539,51,2,1,1,0,0,0,0,2,0,0,50,0,6545,6545,4,5,0,3,0,0,0,0
1305547,3,2022,2022,10,3,1,111,27,102,233,1,0,2,-33.958316,151.231272,59,0,2,1,2,0,0,0,0,0,7,60,2,9859,9859,1,0,13,4,0,0,0,0
1305555,3,2022,2022,9,3,8,29,27,137,30,0,1,1,-33.905831,150.89356,41,0,2,1,2,0,0,0,2,0,7,60,1,9859,9859,1,9,5,4,0,0,0,0
1305566,3,2022,2022,9,0,3,3371,17,10,3342,0,1,2,-28.406616,153.527309,72,1,0,0,0,0,0,0,2,0,7,110,2,1957,4009,8,5,40,1,0,0,0,0
1305575,3,2022,2022,9,0,4,168,17,1,212,0,1,2,-35.344197,149.265649,58,1,0,1,3,0,0,0,2,0,7,100,2,1089,1089,7,0,40,3,0,0,0,0
1305579,3,2022,2022,9,6,8,44,27,119,126,0,1,1,-32.763787,151.788607,57,2,1,0,0,0,0,0,2,0,7,80,2,14295,14295,3,0,0,2,0,0,0,0
1305582,3,2022,2022,10,3,11,191,17,562,189,0,1,1,-32.244244,148.612663,22,2,1,1,2,0,0,0,0,0,7,60,2,9859,9859,8,5,40,1,0,0,0,0
1305599,3,2022,2022,10,1,5,2209,17,88,2205,0,1,2,-33.988412,151.112076,25,0,2,0,1,0,0,0,2,0,7,70,2,1383,1383,1,29,5,2,0,0,0,0
1305602,3,2022,2022,9,1,4,73,31,175,34609,0,1,1,-33.77386,151.076195,54,0,2,1,0,0,0,0,2,0,7,50,0,1282,1282,1,33,5,2,0,0,0,0
1305611,3,2022,2022,5,3,11,3,2,44,34609,0,1,1,-33.212673,151.495987,16,2,2,1,2,0,0,0,0,0,7,50,0,9859,9859,1,5,6,2,0,0,0,0
1305612,3,2022,2022,9,6,2,296,27,187,293,0,1,2,-33.882285,150.977156,24,0,2,1,1,0,0,0,1,0,7,60,2,4026,4026,8,9,40,1,0,0,0,0
1305623,3,2022,2022,9,0,3,205,27,86,415,0,1,10,-33.708632,151.198807,50,0,2,1,0,0,0,0,2,0,0,90,2,1109,397,1,5,13,2,0,0,0,0
1305629,3,2022,2022,9,1,10,24,27,8,31,0,1,1,-28.701701,153.040577,51,1,0,0,0,0,0,0,0,0,7,100,1,1089,1089,7,5,40,1,0,0,0,0
1305638,3,2022,2022,9,2,10,14,31,28,34609,1,0,1,-35.142782,147.341938,75,2,1,0,2,0,3,4,0,0,7,50,0,4552,5151,8,30,40,1,0,0,0,0
1305640,3,2022,2022,9,2,3,3,27,4,34609,0,1,1,-30.506895,152.891398,6,2,1,0,0,0,0,0,2,0,7,50,0,4552,5151,8,10,40,1,0,0,0,0
1305644,3,2022,2022,9,6,11,1,31,39,34609,0,1,1,-32.910717,151.586061,37,0,2,1,2,0,0,0,0,0,7,50,0,9859,9859,1,5,0,2,0,0,0,0
1305648,3,2022,2022,9,0,9,103,36,14,103,0,1,1,-32.302081,151.915936,43,1,0,0,0,0,3,4,0,0,7,90,1,1259,5151,8,10,40,1,0,0,0,0
1305656,3,2022,2022,10,2,1,4,31,201,34609,0,1,1,-34.000394,150.863184,13,0,2,1,2,0,3,4,0,0,7,50,0,9859,9859,1,5,0,3,0,0,0,0
1305670,3,2022,2022,11,6,10,24,31,44,34609,0,1,1,-33.895921,150.963206,24,0,2,1,2,0,0,0,0,0,7,50,0,9859,9859,1,30,10,3,0,0,0,0
1305674,3,2022,2022,10,0,9,829,31,44,34609,0,1,1,-33.755428,150.721284,55,0,2,1,3,0,0,0,2,0,7,50,0,14295,14295,3,10,0,2,0,0,0,0
1305693,3,2022,2022,10,5,6,171,1,57,104,0,1,9,-33.945378,151.221638,4,0,2,1,1,0,0,0,2,2,7,70,2,14295,14295,3,5,5,4,0,0,0,0
1305696,3,2022,2022,10,3,1,74,27,41,260,0,1,7,-32.95751,151.61696,37,0,2,1,3,0,2,6,0,0,0,70,2,1945,1945,5,0,40,1,0,0,0,0
1305697,3,2022,2022,11,1,11,204,31,174,34609,0,1,1,-33.891954,151.214397,69,0,2,1,2,0,0,0,0,0,7,40,0,1282,1282,1,9,40,3,0,0,0,0
1305702,3,2022,2022,10,2,6,9,1,55,34609,0,1,1,-33.37385,151.465213,16,2,2,1,1,0,0,0,2,0,7,50,0,9859,9859,1,5,36,2,0,0,0,0
1305721,3,2022,2022,10,1,7,191,27,193,208,0,1,9,-33.791058,151.08732,61,0,2,1,3,0,0,0,2,2,7,60,2,14295,14295,3,5,5,2,0,0,0,0
1305736,3,2022,2022,9,3,8,3,31,523,34609,0,1,1,-33.927839,150.923556,41,0,2,1,3,0,0,0,2,0,7,50,0,14295,14295,3,5,5,2,0,0,0,0
1305739,3,2022,2022,10,4,7,224,27,387,321,0,1,10,-33.934578,151.193895,4,0,2,1,1,0,0,0,2,2,7,60,2,4026,4026,8,9,40,2,0,0,0,0
1305740,3,2022,2022,9,5,3,98,27,87,799,0,1,2,-33.928968,150.977926,41,0,2,1,3,0,0,0,2,0,7,70,2,14295,14295,3,5,5,4,0,0,0,0
1305741,3,2022,2022,9,1,4,3371,17,28,3342,0,1,2,-32.651316,151.894278,57,1,0,1,3,0,0,0,2,0,7,110,2,9859,9859,8,0,40,1,0,0,0,0
1305749,3,2022,2022,9,4,8,40,31,363,34609,0,1,1,-33.759685,150.7067,55,0,2,1,3,0,0,0,4,0,7,50,0,14295,14295,3,0,5,3,0,0,0,0
1305750,3,2022,2022,9,5,4,169,27,40,61,0,1,9,-33.82731,151.189658,38,0,2,1,3,0,0,0,2,0,7,50,1,395,395,1,5,5,2,0,0,0,0
1305751,3,2022,2022,9,4,8,53,31,67,125,0,1,10,-33.883709,151.006729,15,0,2,1,3,0,0,0,2,2,7,60,1,5929,5929,1,5,0,2,0,0,0,0
1305752,3,2022,2022,9,1,3,168,10,21,260,0,1,9,-33.948258,151.166094,4,0,2,1,3,0,0,0,2,0,7,70,2,14295,14295,3,0,12,2,0,0,0,0
1305757,3,2022,2022,9,6,3,33,1,234,139,0,1,10,-34.285485,146.027389,28,2,1,1,3,0,0,0,2,0,0,60,2,6545,6545,4,9,0,2,0,0,0,0
1305762,3,2022,2022,9,2,9,133,27,66,260,0,1,7,-32.9318,151.638865,37,0,2,0,1,0,0,0,2,0,0,60,2,1192,1192,1,5,41,2,0,0,0,0
1305766,3,2022,2022,9,0,5,53,31,67,125,0,1,9,-33.894123,151.004745,15,0,2,1,3,0,0,0,2,0,7,60,1,9859,9859,8,5,40,1,0,0,0,0
1305767,3,2022,2022,9,6,4,829,27,125,770,0,1,9,-33.837066,151.130869,51,0,2,1,3,0,0,0,2,0,7,60,2,1282,1282,1,10,5,2,0,0,0,0
1305768,3,2022,2022,9,0,8,346,17,19,332,0,1,1,-28.878146,153.246664,39,2,1,0,3,0,0,0,2,0,7,80,2,14295,14295,3,5,13,2,0,0,0,0
1305769,3,2022,2022,9,6,4,485,27,110,769,0,1,9,-33.791496,150.997912,54,0,2,1,3,0,0,0,2,2,7,60,2,14295,14295,3,5,5,2,0,0,0,0
1305778,3,2022,2022,9,2,7,18,10,8,34609,0,1,1,-33.212245,151.551396,16,2,2,0,1,0,0,0,2,0,7,50,0,2585,4009,8,10,40,1,0,0,0,0
1305781,3,2022,2022,9,3,8,29,27,24,30,0,1,1,-33.905586,150.892689,41,0,2,1,3,0,0,0,3,0,7,60,1,1981,1981,4,0,5,2,0,0,0,0
1305782,3,2022,2022,9,1,7,225,17,85,180,1,2,2,-34.571003,150.771784,62,0,2,1,3,0,0,0,2,0,7,40,2,14295,14295,3,10,0,2,0,0,0,0
1305783,3,2022,2022,10,3,6,21,31,293,34609,0,1,1,-33.934522,151.243029,59,0,2,1,3,0,0,0,2,0,7,50,0,941,941,1,5,36,2,0,0,0,0
1305784,3,2022,2022,9,6,5,20,31,316,34609,0,1,1,-31.432602,152.90701,56,2,1,1,3,0,0,0,2,0,7,50,0,9859,9859,1,0,0,2,0,0,0,0
1305792,3,2022,2022,9,1,10,33,10,69,34609,0,1,9,-28.537167,153.506734,10,1,0,0,3,0,0,0,0,0,0,100,0,2585,4009,8,5,40,1,0,0,0,0
1305797,3,2022,2022,9,6,7,515,14,60,518,0,1,3,-33.943678,150.947484,41,0,2,1,3,0,0,0,2,0,7,100,2,14295,14295,3,0,5,4,0,0,0,0
1305803,3,2022,2022,9,2,5,2,27,10,34609,0,1,1,-35.002442,149.150296,82,1,0,0,3,2,0,0,2,0,7,100,0,2585,4009,8,0,40,1,0,0,0,0
1305808,3,2022,2022,9,1,5,3,1,96,34609,0,1,7,-33.439026,151.385117,16,2,2,1,0,0,0,0,2,0,0,50,0,6545,6545,4,5,5,2,0,0,0,0
1305814,3,2022,2022,10,0,11,27,31,77,34609,0,1,1,-32.940751,151.745449,48,0,2,1,2,0,0,0,0,0,7,50,0,220,220,1,5,0,2,0,0,0,0
1305816,3,2022,2022,9,3,8,43,27,161,96,0,1,9,-33.876417,151.150221,32,0,2,1,0,0,0,0,2,0,7,50,2,9859,9859,1,5,5,3,0,0,0,0
1305829,3,2022,2022,5,2,11,133,31,41,34609,0,1,1,-33.822393,151.008653,54,0,2,1,2,0,0,0,0,0,7,40,0,9859,9859,8,5,40,1,0,0,0,0
1305830,3,2022,2022,9,6,9,330,23,150,233,0,1,10,-33.919433,151.226535,59,0,2,1,2,0,0,0,0,2,7,50,2,387,387,1,5,5,2,0,0,0,0
1305842,3,2022,2022,9,0,8,500,27,293,799,0,1,10,-33.932465,151.049501,15,0,2,1,3,0,0,0,2,2,7,60,2,28,28,1,0,0,2,0,0,0,0
1305844,3,2022,2022,9,3,2,4,27,162,34609,0,1,2,-33.835922,150.912876,24,0,2,0,3,0,3,0,0,0,7,60,0,1259,5151,8,0,40,1,0,0,0,0
1305845,3,2022,2022,9,1,6,9,10,16,34609,0,1,1,-33.986773,151.025467,68,0,2,1,3,0,0,0,2,0,7,50,0,9859,9859,1,9,5,2,0,0,0,0
1305851,3,2022,2022,9,1,5,1,27,98,34609,1,0,9,-33.738096,151.066522,31,0,2,1,3,0,0,0,2,0,7,50,0,4552,985,1,0,0,2,0,0,0,0
1305852,3,2022,2022,9,6,3,348,17,105,232,0,1,10,-32.592478,149.583375,44,2,1,1,3,0,0,0,2,0,15,50,2,6545,6545,4,30,0,2,0,0,0,0
1305853,3,2022,2022,9,5,10,62,10,92,62,1,0,7,-33.411789,151.349869,16,2,2,1,3,0,0,0,0,0,0,60,2,6545,6545,4,5,41,2,0,0,0,0
1305855,3,2022,2022,9,3,7,2126,17,438,2149,1,0,2,-33.842352,151.037913,21,0,2,1,3,0,0,0,2,0,7,60,2,14295,14295,3,21,0,2,0,0,0,0
1305856,3,2022,2022,9,1,3,3371,17,36,3342,0,1,9,-33.635438,151.146284,31,0,2,1,3,0,0,0,2,3,7,80,2,14295,14295,3,0,0,3,0,0,0,0
1305859,3,2022,2022,9,5,6,2,31,122,34609,0,1,9,-33.421013,151.343079,16,2,2,1,3,0,0,0,2,0,0,60,0,926,926,4,5,5,2,0,0,0,0
1305860,3,2022,2022,9,5,7,2209,17,130,2205,0,1,1,-34.461184,150.839136,80,0,2,1,3,0,0,0,2,0,7,60,2,1981,1981,4,5,5,2,0,0,0,0
1305861,3,2022,2022,9,4,7,4,1,87,34609,0,1,1,-34.051348,151.15097,68,0,2,1,3,0,0,0,2,0,7,50,0,1981,1981,4,5,5,2,0,0,0,0
1305863,3,2022,2022,10,6,8,2261,17,346,2252,0,1,2,-33.887439,151.091617,9,0,2,1,3,0,0,0,2,0,7,60,2,1282,1282,1,16,5,2,0,0,0,0
1305864,3,2022,2022,9,6,9,47,27,293,69,0,1,1,-33.940321,151.229978,59,0,2,1,3,0,0,0,0,0,7,50,1,1383,1383,1,10,0,2,0,0,0,0
1305867,3,2022,2022,9,5,5,78,17,32,58,0,1,7,-34.867451,148.966756,82,2,1,1,3,0,0,0,2,0,0,80,1,380,777,5,5,40,1,0,0,0,0
1305872,3,2022,2022,9,0,4,5,10,58,34609,0,1,9,-33.444592,151.286682,16,2,2,1,3,0,0,0,2,0,0,50,0,775,775,4,5,0,2,0,0,0,0
1305874,3,2022,2022,9,1,9,1,36,110,34609,0,1,9,-33.745321,151.040688,71,0,2,0,3,0,0,0,3,0,7,50,0,1259,5151,8,5,40,1,0,0,0,0
1305875,3,2022,2022,9,1,8,61,27,232,70,0,1,1,-33.66653,150.917803,71,0,2,1,3,0,0,0,2,0,7,70,1,1282,1282,1,8,5,2,0,0,0,0