Crash ID,Degree of crash - detailed,Reporting year,Year of crash,Month of crash,Day of week of crash,Two-hour intervals,Street of crash,Street type,Town,Route no.,School zone location,School zone active,Type of location,Latitude,Longitude,LGA,Urbanisation,Conurbation 1,Alignment,Street lighting,Road surface,Surface condition,Weather,Natural lighting,Signals operation,Other traffic control,Speed limit,Road classification,RUM - code,DCA - code,First impact type,Key TU type,Other TU type,No. of traffic units involved,No. killed,No. seriously injured,No. moderately injured,No. minor-other injured
1305878,3,2022,2022,9,2,6,45,31,57,34609,0,1,1,-34.67242,150.856055,35,2,1,1,3,0,0,0,2,0,7,40,0,4026,4026,8,10,40,1,0,0,0,0
1305879,3,2022,2022,9,5,3,51,27,44,63,0,1,2,-34.5563,150.847062,62,0,2,1,3,0,0,0,2,0,7,70,2,14295,14295,3,10,5,3,0,0,0,0
1305880,3,2022,2022,9,5,0,3371,17,56,3342,0,1,2,-31.122718,152.828826,34,1,0,1,3,0,0,0,0,0,7,110,2,1089,1089,7,5,40,1,0,0,0,0
1305882,3,2022,2022,9,6,10,125,27,53,123,0,1,10,-33.362068,151.444366,16,2,2,1,3,0,0,0,0,2,7,60,2,5929,5929,1,10,13,2,0,0,0,0
1305883,3,2022,2022,9,0,8,2261,17,44,2252,0,1,9,-33.897357,150.952855,24,0,2,1,3,0,0,0,2,2,7,70,2,14295,14295,3,5,0,2,0,0,0,0
1305884,3,2022,2022,9,2,8,46,27,15,49,0,1,1,-34.072612,150.841522,13,0,2,1,3,0,0,0,3,0,7,60,1,1669,1669,3,10,5,2,0,0,0,0
1305887,3,2022,2022,9,1,4,191,27,309,208,0,1,9,-33.806966,151.104777,61,0,2,1,3,0,0,0,2,0,7,60,2,1669,1669,3,0,0,2,0,0,0,0
1305888,3,2022,2022,9,3,5,63,31,92,34609,0,1,10,-33.872234,150.970612,24,0,2,1,3,0,0,0,2,0,15,50,0,1109,397,1,5,5,2,0,0,0,0
1305889,3,2022,2022,9,1,6,98,31,316,34609,0,1,2,-31.427856,152.89604,56,2,1,1,3,0,0,0,2,0,7,40,0,14295,14295,3,0,5,2,0,0,0,0
1305897,3,2022,2022,9,2,5,2,31,71,34609,1,0,10,-33.974895,151.083629,25,0,2,1,3,0,0,0,2,0,0,50,0,301,301,4,0,0,2,0,0,0,0
1305899,3,2022,2022,10,6,7,63,27,224,605,0,1,2,-33.820616,151.243946,45,0,2,1,3,0,0,0,2,0,7,60,2,14295,14295,3,5,0,2,0,0,0,0
1305906,3,2022,2022,11,6,0,6,31,179,34609,0,1,9,-33.758936,150.716119,55,0,2,1,2,0,3,4,0,0,7,50,0,489,489,5,33,5,2,0,0,0,0
1305923,3,2022,2022,9,2,10,12,31,84,34609,0,1,1,-33.815237,150.992142,21,0,2,1,2,0,0,0,0,0,7,50,0,9859,9859,1,5,0,2,0,0,0,0
1305926,3,2022,2022,9,6,9,15,27,143,34609,0,1,1,-33.698393,151.097876,31,0,2,1,3,0,0,0,0,0,7,60,0,941,941,1,5,5,2,0,0,0,0
1305932,3,2022,2022,5,2,0,6,31,172,34609,0,1,1,-32.757908,151.594913,42,2,1,1,2,0,0,0,0,0,7,50,0,945,945,5,5,40,1,0,0,0,0
1305939,3,2022,2022,9,3,0,35,18,23,34609,0,1,1,-33.819775,150.987951,21,0,2,1,3,0,0,0,0,0,7,50,0,4026,4026,8,5,40,1,0,0,0,0
1305943,3,2022,2022,9,1,8,36,31,218,70,0,1,2,-33.768181,150.780034,55,0,2,1,3,0,0,0,2,0,7,60,1,623,623,3,5,0,2,0,0,0,0
1305944,3,2022,2022,9,1,9,35,1,43,52,0,1,9,-33.732582,150.797335,7,0,2,1,3,0,0,0,2,2,7,60,1,256,256,4,5,13,2,0,0,0,0
1305946,3,2022,2022,9,6,11,125,27,290,103,0,1,9,-33.863453,151.009277,21,0,2,0,3,0,0,0,0,2,7,60,1,926,926,4,0,0,2,0,0,0,0
1305948,3,2022,2022,9,1,7,26,27,131,115,0,1,9,-33.776508,151.183347,36,0,2,1,3,0,0,0,2,0,0,60,1,5929,5929,1,5,5,2,0,0,0,0
1305949,3,2022,2022,9,1,3,485,27,323,769,0,1,2,-33.749471,150.985122,71,0,2,1,3,0,0,0,2,0,7,60,2,14295,14295,3,5,13,3,0,0,0,0
1305957,3,2022,2022,9,6,5,18,24,67,34609,0,1,10,-33.712093,150.904357,7,0,2,1,3,0,0,0,2,2,7,60,0,5929,5929,1,5,5,2,0,0,0,0
1305959,3,2022,2022,9,3,10,48,27,20,62,0,1,1,-35.529608,148.130578,66,1,0,0,3,0,0,0,0,0,7,100,2,1089,1089,7,5,40,1,0,0,0,0
1305960,3,2022,2022,9,2,11,74,23,49,260,0,1,9,-33.966749,151.153808,4,0,2,1,3,0,3,4,0,2,7,60,2,5929,5929,1,0,5,2,0,0,0,0
1305962,3,2022,2022,9,4,9,177,31,162,208,0,1,9,-33.857792,150.907852,24,0,2,1,3,0,0,0,3,0,7,50,1,1391,1391,1,5,0,3,0,0,0,0
1305970,3,2022,2022,9,2,1,63,31,252,34609,1,0,1,-33.882371,151.214573,69,0,2,1,3,0,0,0,0,2,7,40,0,4026,4026,8,5,40,1,0,0,0,0
1305973,3,2022,2022,9,6,7,512,17,562,441,0,1,7,-32.259309,148.64634,22,2,1,1,3,0,0,0,2,0,0,70,2,1383,1383,1,29,5,2,0,0,0,0
1305981,3,2022,2022,6,5,3,10,27,6,39,0,1,1,-31.214313,149.194477,51,1,0,0,0,0,0,0,1,0,7,100,1,4552,5151,8,5,40,1,0,0,0,0
1305990,3,2022,2022,11,5,7,15,27,253,7,0,1,10,-33.967862,151.101079,25,0,2,1,2,0,0,0,2,2,7,60,1,9859,9859,8,5,40,1,0,0,0,0
1305995,3,2022,2022,9,4,7,60,27,40,167,0,1,9,-34.022903,151.121199,68,0,2,1,0,0,0,0,2,0,0,70,2,515,515,1,8,5,2,0,0,0,0
1305996,3,2022,2022,9,5,0,1052,14,87,928,0,1,3,-33.077179,151.476872,37,0,2,1,0,0,0,0,0,0,7,110,2,404,404,8,5,40,1,0,0,0,0
1306004,3,2022,2022,9,6,4,9,27,7,10,0,1,1,-35.997361,148.396556,66,2,1,0,3,0,1,5,2,0,7,60,0,4552,5151,8,10,40,1,0,0,0,0
1306009,3,2022,2022,9,1,10,16,31,18,47,0,1,1,-32.895216,151.717316,48,0,2,1,0,0,0,0,0,0,7,60,2,248,248,1,33,5,2,0,0,0,0
1306013,3,2022,2022,9,2,3,192,10,57,114,0,1,7,-33.446087,151.372055,16,2,2,0,0,0,0,0,2,0,0,70,2,14295,14295,3,0,0,2,0,0,0,0
1306014,3,2022,2022,11,3,11,1,4,42,34609,0,1,7,-33.69235,150.936292,71,0,2,1,3,0,0,0,0,0,0,50,0,4026,4026,8,5,40,1,0,0,0,0
1306027,3,2022,2022,11,5,4,42,27,323,34609,0,1,9,-33.748936,150.969852,71,0,2,1,3,0,0,0,2,0,7,50,0,5929,5929,1,8,5,2,0,0,0,0
1306036,3,2022,2022,9,0,6,44,31,123,34609,1,0,10,-33.911519,151.220677,59,0,2,1,3,0,0,0,2,0,15,50,0,6545,6545,4,5,5,2,0,0,0,0
1306037,3,2022,2022,9,2,8,9,31,164,34609,0,1,1,-33.723056,150.907751,7,0,2,1,3,0,0,0,2,0,7,50,0,1981,1981,4,0,5,2,0,0,0,0
1306038,3,2022,2022,9,0,11,4,1,43,34609,0,1,1,-33.216684,151.511652,16,2,2,1,3,0,0,0,0,0,7,50,0,237,162,8,5,40,1,0,0,0,0
1306039,3,2022,2022,9,4,7,344,27,164,163,0,1,2,-33.743617,150.873013,7,0,2,1,3,0,0,0,2,0,7,70,2,14295,14295,3,5,5,3,0,0,0,0
1306041,3,2022,2022,9,4,10,22,27,32,34609,0,1,1,-33.602725,150.938492,71,0,2,1,3,0,0,0,0,0,7,80,0,9859,9859,8,8,40,1,0,0,0,0
1306042,3,2022,2022,10,5,4,120,36,14,148,0,1,1,-30.466576,152.968259,6,2,1,1,3,0,3,0,2,0,14,60,2,14295,14295,3,16,13,2,0,0,0,0
1306048,3,2022,2022,9,5,5,87,31,179,34609,1,0,1,-31.910903,152.460951,43,2,1,1,3,0,0,0,2,0,7,50,0,186,186,1,5,5,2,0,0,0,0
1306049,3,2022,2022,9,2,7,265,17,7,193,0,1,1,-34.407464,148.255812,30,1,0,0,3,0,3,4,2,0,7,100,2,14295,14295,3,5,13,2,0,0,0,0
1306050,3,2022,2022,9,5,6,80,31,137,34609,1,0,10,-32.965855,151.696744,37,0,2,1,3,0,0,0,2,0,15,50,0,926,926,4,0,5,2,0,0,0,0
1306070,3,2022,2022,9,2,0,27,1,134,34609,0,1,1,-33.513112,151.322391,16,2,2,1,2,0,0,0,0,0,7,50,0,9859,9859,1,5,0,2,0,0,0,0
1306077,3,2022,2022,10,6,9,89,36,1,17,0,1,1,-29.182659,152.628986,18,2,1,0,0,0,3,4,0,0,7,60,1,3775,3775,0,5,0,2,0,0,0,0
1306081,3,2022,2022,9,3,5,16,31,48,34609,0,1,1,-28.257546,153.578568,72,2,1,1,0,0,0,0,2,0,7,50,0,1282,1282,1,33,36,2,0,0,0,0
1306107,3,2022,2022,0,5,6,3371,17,143,3342,0,1,2,-33.705065,151.099034,31,0,2,1,1,0,0,0,2,0,7,60,2,1192,1192,1,5,5,2,0,0,0,0
1306112,3,2022,2022,10,4,11,8,27,172,17,0,1,1,-32.765815,151.580159,42,2,1,1,3,0,0,0,0,0,7,50,1,9859,9859,8,0,40,1,0,0,0,0
1306135,3,2022,2022,9,2,0,195,27,46,186,0,1,2,-33.924929,150.848356,41,0,2,1,3,0,0,0,0,0,7,70,1,475,475,5,5,40,1,0,0,0,0
1306144,3,2022,2022,9,0,6,161,17,8,161,0,1,1,-36.230274,148.992726,65,1,0,1,3,0,0,3,2,0,7,100,2,945,945,5,5,40,1,0,0,0,0
1306145,3,2022,2022,9,5,9,232,36,40,331,0,1,9,-33.993885,150.787704,12,0,2,1,3,0,0,0,3,2,7,80,2,14295,14295,3,5,5,5,0,0,0,0
1306146,3,2022,2022,9,3,11,13,27,210,34609,0,1,1,-34.043354,151.100324,68,0,2,1,3,0,3,4,0,0,7,50,0,4026,4026,1,10,0,2,0,0,0,0
1306149,3,2022,2022,9,6,7,77,27,247,38,0,1,1,-33.831908,150.926051,21,0,2,1,3,0,0,0,2,0,7,60,2,14295,14295,3,0,5,2,0,0,0,0
1306150,3,2022,2022,9,2,6,109,27,20,62,0,1,9,-32.754633,151.535635,42,2,1,1,3,0,0,0,2,0,0,70,2,2852,2852,4,30,5,2,0,0,0,0
1306153,3,2022,2022,9,5,6,72,14,112,71,0,1,3,-33.904157,151.214135,69,0,2,1,3,0,0,0,2,0,7,80,2,14295,14295,3,9,36,3,0,0,0,0
1306155,3,2022,2022,9,2,0,1,31,13,34609,0,1,1,-35.78798,150.228616,23,2,1,1,2,0,3,0,0,0,7,50,0,9859,9859,1,5,0,2,0,0,0,0
1306160,3,2022,2022,9,6,4,14,31,7,262,0,1,2,-32.92379,151.7537,48,0,2,1,3,0,0,0,2,0,7,60,2,14295,14295,3,19,13,3,0,0,0,0
1306165,3,2022,2022,10,3,2,512,17,9,441,0,1,1,-33.405406,149.481821,3,1,0,1,0,0,0,0,1,0,7,100,2,9859,9859,8,10,40,1,0,0,0,0
1306167,3,2022,2022,9,0,8,4,27,6,34609,0,1,1,-32.372458,149.646242,44,1,0,0,1,0,0,0,2,0,7,100,0,3775,3775,0,5,40,2,0,0,0,0
1306175,3,2022,2022,9,3,6,57,1,198,34609,0,1,7,-33.906125,151.094053,15,0,2,1,1,0,0,3,2,0,0,50,0,6545,6545,4,10,5,2,0,0,0,0
1306186,3,2022,2022,9,0,8,145,27,197,34609,0,1,1,-33.795734,151.112214,61,0,2,1,0,0,0,0,0,0,7,50,0,1282,1282,1,33,5,2,0,0,0,0
1306188,3,2022,2022,9,4,4,43,1,226,144,0,1,7,-33.757454,150.825626,7,0,2,0,2,0,0,0,2,0,0,60,2,6545,6545,4,0,5,2,0,0,0,0
1306204,3,2022,2022,9,0,11,95,31,11,59,0,1,9,-33.865799,151.059265,21,0,2,0,2,0,0,0,0,0,7,60,1,4552,5151,8,0,40,1,0,0,0,0
1306219,3,2022,2022,1,1,4,6,25,36,60,0,1,2,-36.085111,146.909546,0,2,1,1,1,0,0,0,2,0,7,60,1,9859,9859,1,16,5,2,0,0,0,0
1306222,3,2022,2022,11,6,9,293,31,128,369,0,1,10,-33.622644,150.803471,29,2,2,1,2,0,3,3,0,2,7,60,2,5929,5929,1,30,13,2,0,0,0,0
1306230,3,2022,2022,11,3,9,26,31,31,34609,0,1,1,-33.508311,151.329893,16,2,2,1,2,0,3,4,0,0,7,50,0,9859,9859,1,5,36,2,0,0,0,0
1306242,3,2022,2022,11,2,9,67,27,210,55,0,1,9,-34.027866,151.105999,68,0,2,1,3,0,3,4,3,0,0,60,2,9859,9859,1,5,5,2,0,0,0,0
1306244,3,2022,2022,1,6,11,100,27,323,100,0,1,9,-33.817004,150.851475,7,0,2,1,2,0,0,0,0,2,7,80,2,9859,9859,8,10,40,1,0,0,0,0
1306246,3,2022,2022,10,2,8,334,17,53,308,0,1,9,-31.088853,150.931223,70,2,1,1,3,0,0,0,2,2,7,50,2,5929,5929,1,5,5,2,0,0,0,0
1306279,3,2022,2022,11,3,6,866,17,278,793,0,1,9,-33.762611,151.04783,54,0,2,0,1,0,0,0,2,0,7,60,2,1259,5151,8,0,40,1,0,0,0,0
1306290,3,2022,2022,9,4,0,47,31,117,84,0,1,2,-28.171561,153.543369,72,2,1,1,2,0,0,0,0,0,7,50,1,4026,4026,8,5,40,1,0,0,0,0
1306292,3,2022,2022,11,0,8,71,27,21,122,0,1,9,-34.539855,150.864877,62,0,2,1,3,0,3,4,2,0,0,70,2,83,83,1,5,5,2,0,0,0,0
1306293,3,2022,2022,9,3,5,251,27,64,212,1,0,2,-33.757571,151.220051,50,0,2,1,3,0,3,3,2,0,7,70,2,14295,14295,3,9,5,3,0,0,0,0
1306296,3,2022,2022,9,3,6,62,31,77,33,0,1,10,-32.568631,151.164071,64,2,1,1,3,0,0,3,2,2,7,60,1,926,926,4,30,5,2,0,0,0,0
1306300,3,2022,2022,9,5,5,25,31,127,30,0,1,9,-33.892748,151.157869,32,0,2,1,3,0,0,0,2,2,7,60,1,1669,1669,3,5,0,2,0,0,0,0
1306302,3,2022,2022,9,2,0,157,17,5,158,0,1,1,-33.498879,149.296056,51,1,0,0,3,0,0,0,0,0,7,100,2,418,714,5,10,40,1,0,0,0,0
1306303,3,2022,2022,9,3,11,220,14,40,220,0,1,3,-34.414555,150.881786,80,0,2,0,3,0,3,3,0,0,7,80,2,4552,5151,8,5,40,1,0,0,0,0
1306306,3,2022,2022,9,3,8,163,27,73,165,0,1,9,-33.755215,150.805614,7,0,2,1,3,0,0,0,2,0,15,60,1,2852,2852,4,5,0,2,0,0,0,0
1306308,3,2022,2022,9,0,6,866,17,36,793,1,0,10,-33.793976,151.018129,54,0,2,1,3,0,0,0,2,2,7,60,2,5929,5929,1,5,25,2,0,0,0,0
1306309,3,2022,2022,9,3,9,512,17,17,441,0,1,2,-33.432422,149.338096,3,1,0,1,3,0,3,3,3,0,7,100,2,4026,4026,8,0,40,1,0,0,0,0
1306312,3,2022,2022,9,5,5,191,27,309,208,0,1,9,-33.816166,151.10928,61,0,2,1,3,0,0,0,2,0,0,60,2,5929,5929,1,9,5,2,0,0,0,0
1306315,3,2022,2022,9,5,10,10,25,251,34609,0,1,1,-33.786076,150.933455,7,0,2,1,3,0,0,0,0,0,7,50,0,220,220,1,10,25,2,0,0,0,0
1306318,3,2022,2022,9,5,11,6,27,7,34609,0,1,1,-36.683756,149.822462,5,1,0,0,3,0,0,0,0,0,7,100,0,273,957,5,5,40,1,0,0,0,0
1306319,3,2022,2022,9,3,5,125,27,43,144,0,1,1,-32.806964,151.867148,57,2,1,1,3,0,0,0,2,0,7,80,2,14295,14295,3,10,0,3,0,0,0,0
1306320,3,2022,2022,9,6,7,20,23,252,16,0,1,1,-33.928468,150.887976,41,0,2,1,3,0,0,0,2,0,7,60,0,5929,5929,1,0,5,2,0,0,0,0
1306325,3,2022,2022,9,0,9,49,27,201,47,0,1,7,-33.989185,150.867706,13,0,2,0,0,0,0,0,2,0,0,60,1,515,515,1,29,36,2,0,0,0,0
1306327,3,2022,2022,9,5,4,346,17,35,332,0,1,1,-28.821807,153.26517,39,2,1,1,3,0,0,0,2,0,7,60,2,14295,14295,3,30,5,3,0,0,0,0
1306329,3,2022,2022,9,1,7,1,7,33,34609,0,1,9,-33.717959,150.431371,8,2,2,1,3,0,0,0,2,0,0,50,0,623,623,3,16,5,2,0,0,0,0
1306333,3,2022,2022,9,1,4,3371,17,463,3342,0,1,2,-30.324557,153.083572,19,2,1,1,3,0,0,0,2,0,7,60,2,14295,14295,3,0,0,3,0,0,0,0
1306336,3,2022,2022,9,3,10,40,31,77,34609,0,1,10,-30.328572,149.789587,51,2,1,1,0,0,0,0,0,0,7,50,0,1282,1282,1,5,5,2,0,0,0,0
1306389,3,2022,2022,9,2,2,112,27,96,256,0,1,9,-34.052509,150.824242,13,0,2,1,2,0,0,0,0,2,7,60,2,4552,985,8,5,40,1,0,0,0,0
1306390,3,2022,2022,9,1,11,361,32,111,65,0,1,1,-33.708245,150.875287,7,0,2,1,2,0,0,0,0,0,7,60,1,9859,9859,8,0,40,1,0,0,0,0
1306395,3,2022,2022,9,3,8,1052,14,83,928,0,1,3,-33.476953,151.188961,16,1,2,1,3,0,0,0,2,0,7,90,2,14295,14295,3,5,5,2,0,0,0,0
1306402,3,2022,2022,9,6,5,2,31,46,34609,0,1,10,-28.817513,153.288696,39,2,1,1,3,0,0,0,2,0,0,50,0,6545,6545,4,10,0,2,0,0,0,0
1306404,3,2022,2022,9,6,3,29,27,100,30,0,1,7,-33.900227,150.880356,24,0,2,1,3,0,0,0,1,0,0,60,1,1669,1669,3,10,0,2,0,0,0,0
1306405,3,2022,2022,9,6,9,55,27,74,70,0,1,7,-33.724643,151.038552,31,0,2,0,3,0,0,0,0,0,0,60,2,1282,1282,1,0,5,2,0,0,0,0
1306407,3,2022,2022,9,3,3,1,27,2,34609,0,1,1,-30.588663,151.737531,1,1,0,0,3,2,0,6,2,0,7,100,0,1957,4009,8,0,40,1,0,0,0,0
1306409,3,2022,2022,9,2,5,334,17,11,308,0,1,9,-30.992395,150.777158,70,1,0,1,3,0,0,0,2,0,7,100,2,1669,1669,3,21,41,2,0,0,0,0
1306411,3,2022,2022,9,3,9,3,27,5,34609,0,1,1,-32.840439,151.414279,17,2,1,1,3,0,3,4,3,0,7,80,0,9859,9859,8,0,40,1,0,0,0,0
1306412,3,2022,2022,9,5,2,1,27,68,18,0,1,10,-34.851068,148.917783,82,2,1,1,3,0,0,0,1,0,7,50,1,775,775,4,10,13,2,0,0,0,0
1306419,3,2022,2022,9,5,4,7,27,125,34609,0,1,1,-33.819656,151.130268,61,0,2,1,0,0,0,0,2,0,7,50,0,9859,9859,1,9,13,3,0,0,0,0
1306420,3,2022,2022,9,1,8,6,10,33,34609,0,1,9,-34.02575,150.82058,13,0,2,0,0,0,0,0,2,0,15,60,0,1282,1282,1,33,13,2,0,0,0,0
1306430,3,2022,2022,9,4,5,103,27,33,167,0,1,1,-33.98462,151.136211,4,0,2,1,1,0,0,0,2,0,7,60,2,387,387,1,8,5,2,0,0,0,0
1306462,3,2022,2022,9,4,3,3371,17,35,3342,0,1,2,-29.910914,153.066951,18,1,0,1,2,0,0,0,2,0,7,110,2,1282,1282,1,3,0,2,0,0,0,0
1306464,3,2022,2022,9,6,4,29,27,137,30,0,1,1,-33.905889,150.893765,41,0,2,1,1,0,0,0,2,0,7,60,1,186,186,1,0,5,3,0,0,0,0
1306470,3,2022,2022,9,0,2,57,31,77,321,0,1,9,-33.88542,151.202882,69,0,2,1,2,0,0,0,1,2,7,50,2,4552,985,8,5,40,1,0,0,0,0
1306473,3,2022,2022,9,0,8,7,27,46,34609,0,1,1,-32.91946,151.67112,48,0,2,1,3,0,0,0,2,0,7,50,0,9859,9859,1,10,5,2,0,0,0,0
1306476,3,2022,2022,9,3,7,31,31,70,148,0,1,1,-32.906715,151.719362,48,0,2,1,3,0,0,0,2,0,7,60,1,4552,985,1,0,36,2,0,0,0,0
1306477,3,2022,2022,9,3,9,82,27,12,34,0,1,1,-28.601886,153.095434,51,2,1,0,3,0,0,0,3,0,7,50,1,380,714,5,5,40,1,0,0,0,0
1306480,3,2022,2022,9,2,7,126,1,226,144,0,1,9,-33.772032,150.815841,7,0,2,1,3,0,0,0,2,2,7,60,2,14295,14295,3,0,5,2,0,0,0,0
1306487,3,2022,2022,9,1,2,2209,17,33,2205,0,1,2,-34.71361,150.834801,35,2,1,0,3,0,3,0,0,0,7,80,2,1259,5151,8,10,40,1,0,0,0,0
1306492,3,2022,2022,9,1,8,196,10,166,168,0,1,2,-33.943554,150.982616,15,0,2,1,2,0,0,0,2,0,7,60,2,14295,14295,3,33,12,2,0,0,0,0
1306493,3,2022,2022,9,0,0,481,17,10,483,0,1,1,-29.777684,149.793391,51,1,0,1,0,0,0,0,0,0,7,110,2,1945,1945,5,29,40,1,0,0,0,0
1306513,3,2022,2022,9,3,11,35,27,62,96,0,1,10,-33.893127,151.145869,32,0,2,1,2,0,0,0,0,2,15,50,2,9859,9859,1,5,13,3,0,0,0,0
1306515,3,2022,2022,9,2,1,12,27,293,34609,0,1,1,-33.939458,151.23471,59,0,2,1,2,0,0,0,0,0,7,50,0,9859,9859,1,5,0,3,0,0,0,0
1306526,3,2022,2022,9,0,7,39,31,246,99,0,1,1,-33.903972,151.194072,69,0,2,1,1,0,0,0,2,0,7,50,2,1981,1981,4,8,0,2,0,0,0,0
1306527,3,2022,2022,9,2,10,2,27,79,33,0,1,9,-33.584058,150.713491,29,2,2,1,2,0,0,0,0,0,7,60,1,4552,985,1,5,5,2,0,0,0,0
1306531,3,2022,2022,9,0,11,59,27,271,42,1,0,10,-33.94524,151.018036,15,0,2,1,2,0,0,0,0,2,7,60,1,256,256,4,5,5,2,0,0,0,0
1306532,3,2022,2022,9,6,6,15,27,11,34609,0,1,9,-28.235072,153.482839,72,2,1,1,3,0,0,0,2,0,7,80,0,9859,9859,8,10,40,1,0,0,0,0
1306536,3,2022,2022,9,1,4,85,31,219,34609,0,1,1,-32.898945,151.675339,48,0,2,1,3,0,0,0,2,0,7,60,0,1109,787,1,0,0,2,0,0,0,0
1306544,3,2022,2022,9,5,0,78,27,31,61,0,1,1,-33.893778,151.021651,15,0,2,1,3,0,0,0,0,0,7,60,1,9859,9859,1,5,5,2,0,0,0,0
1306548,3,2022,2022,2,4,4,194,31,85,34609,0,1,9,-34.57359,150.76089,62,0,2,1,3,0,0,0,2,0,0,50,0,2852,2852,4,0,0,2,0,0,0,0
1306563,3,2022,2022,10,3,6,10,31,198,34609,0,1,9,-33.912918,151.104432,15,0,2,1,1,0,3,0,2,0,6,40,0,248,248,1,5,19,2,0,0,0,0
1306573,3,2022,2022,9,2,3,3371,17,13,3342,0,1,2,-30.870977,152.930241,34,1,0,0,0,0,0,0,2,0,7,110,2,1192,1192,1,10,0,2,0,0,0,0
1306576,3,2022,2022,11,1,4,5,31,148,34609,0,1,9,-36.032026,146.934566,0,2,1,0,0,0,0,0,2,0,0,60,0,6545,6545,4,0,5,2,0,0,0,0
1306579,3,2022,2022,2,4,3,512,17,21,441,0,1,1,-31.620653,147.30704,51,1,0,1,3,0,3,3,2,0,7,110,2,945,945,5,3,40,1,0,0,0,0
1306583,3,2022,2022,9,4,4,12,10,433,34609,0,1,1,-33.249983,149.104781,52,2,1,0,3,0,0,0,2,0,7,50,0,2585,4009,1,30,13,2,0,0,0,0
1306584,3,2022,2022,9,0,6,348,27,363,88,0,1,10,-33.745626,150.691063,55,0,2,1,3,0,0,0,2,2,7,60,2,14295,14295,3,10,13,2,0,0,0,0
1306589,3,2022,2022,9,0,5,2261,17,39,2252,0,1,9,-35.970114,147.004612,0,1,0,0,3,0,0,0,2,0,7,110,2,1383,1383,1,5,13,2,0,0,0,0
1306593,3,2022,2022,9,3,11,153,27,197,147,0,1,9,-33.951526,151.08979,25,0,2,1,3,0,3,4,0,0,0,60,2,515,515,1,5,5,2,0,0,0,0
1306594,3,2022,2022,9,0,8,54,27,38,563,0,1,1,-34.0484,150.980677,68,0,2,1,3,0,0,0,2,0,7,80,2,14295,14295,3,9,36,3,0,0,0,0
1306596,3,2022,2022,9,3,6,168,10,387,260,0,1,9,-33.944558,151.18815,4,0,2,1,3,0,0,0,2,2,7,70,2,14295,14295,3,5,5,4,0,0,0,0
1306598,3,2022,2022,9,0,8,196,10,34,168,0,1,9,-33.974303,151.017041,15,0,2,0,3,0,0,0,2,0,15,60,2,14295,14295,3,5,5,2,0,0,0,0
1306599,3,2022,2022,9,3,7,31,31,174,34609,0,1,9,-33.895565,151.202073,69,0,2,1,2,0,3,4,2,0,7,40,0,9859,9859,1,33,5,2,0,0,0,0
1306603,3,2022,2022,9,4,8,56,27,251,136,0,1,10,-33.768409,150.942916,7,0,2,1,0,0,0,0,2,2,7,60,2,1282,1282,1,33,0,2,0,0,0,0
1306604,3,2022,2022,9,5,10,344,27,168,382,0,1,10,-33.706859,150.838868,7,0,2,1,2,0,0,0,0,2,7,70,2,101,101,8,5,40,2,0,0,0,0
1306608,3,2022,2022,9,2,10,20,27,28,34609,0,1,1,-31.83957,152.626696,43,1,0,0,0,0,0,0,0,0,7,90,0,380,714,5,10,40,1,0,0,0,0
1306611,3,2022,2022,9,0,3,100,27,109,799,0,1,10,-33.903325,151.14239,32,0,2,1,2,0,0,0,2,2,7,60,2,9859,9859,8,5,40,1,0,0,0,0
1306616,3,2022,2022,10,2,8,8,27,3,34609,0,1,1,-34.90742,150.480725,63,1,0,0,0,2,3,3,2,0,7,100,0,4552,5151,8,5,40,1,0,0,0,0
1306622,3,2022,2022,9,4,9,334,17,11,308,0,1,1,-30.968918,150.673981,70,1,0,0,0,0,0,0,0,0,7,100,2,782,957,5,10,40,1,0,0,0,0
1306623,3,2022,2022,11,4,0,5,31,106,19,0,1,1,-33.890673,151.178187,69,0,2,1,3,0,3,4,0,0,7,40,1,4026,4026,1,5,5,4,0,0,0,0
1306624,3,2022,2022,11,4,8,42,10,62,172,0,1,1,-32.922912,151.608591,37,0,2,1,1,0,0,0,0,0,7,60,2,14295,14295,3,16,0,2,0,0,0,0
1306628,3,2022,2022,9,6,7,38,27,53,38,0,1,9,-33.379395,151.4496,16,2,2,1,3,0,0,0,2,0,15,70,1,2852,2852,4,5,19,2,0,0,0,0
1306631,3,2022,2022,9,5,5,1,31,445,34609,0,1,9,-33.851509,151.049072,21,0,2,1,3,0,0,0,2,0,7,60,0,1981,1981,4,5,13,4,0,0,0,0
1306633,3,2022,2022,9,1,7,41,31,34,34609,1,2,1,-33.964175,151.009087,15,0,2,1,3,0,0,0,2,0,9,40,0,14295,14295,3,5,0,2,0,0,0,0
1306635,3,2022,2022,9,6,6,18,31,108,57,0,1,10,-28.860116,153.559278,2,2,1,1,3,0,0,0,2,2,7,60,1,1669,1669,3,0,0,2,0,0,0,0
1306655,3,2022,2022,9,3,5,1052,14,36,928,0,1,3,-33.619666,151.158456,31,0,2,0,0,0,0,0,2,0,7,110,2,2585,4009,8,9,40,1,0,0,0,0
1306661,3,2022,2022,9,3,9,2261,17,49,2252,0,1,2,-34.739069,149.83522,26,1,0,1,0,0,3,4,2,0,7,110,2,4026,4026,8,3,40,1,0,0,0,0
1306677,3,2022,2022,10,3,0,2209,17,115,2205,0,1,2,-33.911558,151.179934,32,0,2,1,2,0,0,0,0,0,7,60,2,9859,9859,1,0,0,3,0,0,0,0