Crash ID,Degree of crash - detailed,Reporting year,Year of crash,Month of crash,Day of week of crash,Two-hour intervals,Street of crash,Street type,Town,Route no.,School zone location,School zone active,Type of location,Latitude,Longitude,LGA,Urbanisation,Conurbation 1,Alignment,Street lighting,Road surface,Surface condition,Weather,Natural lighting,Signals operation,Other traffic control,Speed limit,Road classification,RUM - code,DCA - code,First impact type,Key TU type,Other TU type,No. of traffic units involved,No. killed,No. seriously injured,No. moderately injured,No. minor-other injured
1306702,3,2022,2022,6,0,5,22,27,16,34609,0,1,1,-32.737582,149.968082,44,1,0,1,0,0,0,0,2,0,7,100,0,9859,9859,8,0,40,1,0,0,0,0
1306724,3,2022,2022,10,1,6,3371,17,463,3342,0,1,2,-30.27999,153.131762,19,2,1,0,3,0,3,4,2,0,7,60,2,4552,5151,8,0,40,1,0,0,0,0
1306730,3,2022,2022,10,5,11,1,31,115,34609,0,1,1,-33.95671,151.059811,25,0,2,1,2,0,0,0,0,0,7,50,0,9859,9859,1,33,5,2,0,0,0,0
1306736,3,2022,2022,9,3,10,11,7,72,34609,0,1,1,-34.011046,151.015047,68,0,2,0,2,0,0,0,0,0,7,50,0,4552,5151,1,10,5,2,0,0,0,0
1306741,3,2022,2022,9,3,11,9,31,148,34609,0,1,9,-36.044309,146.927656,0,2,1,1,2,0,0,0,0,0,0,50,0,6545,6545,4,5,36,2,0,0,0,0
1306743,3,2022,2022,9,4,8,280,10,314,82,1,2,1,-33.8529,150.936345,24,0,2,1,3,0,0,0,2,0,7,40,1,1981,1981,4,5,5,2,0,0,0,0
1306745,3,2022,2022,9,4,4,2209,17,19,2205,0,1,1,-35.837972,150.129093,23,1,0,1,3,0,0,0,2,0,7,100,2,14295,14295,3,9,13,3,0,0,0,0
1306751,3,2022,2022,9,0,9,6,31,87,34609,0,1,1,-34.057558,151.154888,68,0,2,1,3,0,0,0,0,0,7,50,0,144,144,1,5,5,2,0,0,0,0
1306753,3,2022,2022,2,2,10,330,27,106,605,0,1,2,-33.682391,151.303203,50,0,2,1,3,0,0,0,0,0,7,70,2,9859,9859,1,21,5,3,0,0,0,0
1306754,3,2022,2022,9,6,4,12,31,61,34609,0,1,10,-35.523786,144.958224,51,2,1,1,3,0,0,0,2,0,0,50,0,6545,6545,4,5,0,2,0,0,0,0
1306757,3,2022,2022,2,2,7,294,17,18,288,0,1,10,-35.121828,147.321317,75,2,1,1,3,0,0,0,2,0,0,80,2,2852,2852,4,0,5,2,0,0,0,0
1306759,3,2022,2022,2,0,3,234,27,323,217,0,1,2,-33.757898,150.992635,71,0,2,1,3,0,0,0,1,0,7,60,2,1282,1282,1,10,5,2,0,0,0,0
1306761,3,2022,2022,2,4,6,175,27,609,220,0,1,9,-33.752688,150.915291,7,0,2,1,3,0,0,0,2,2,7,70,2,1669,1669,3,0,5,2,0,0,0,0
1306762,3,2022,2022,2,4,7,478,17,45,480,0,1,7,-33.350338,151.492297,16,2,2,0,3,0,0,0,2,0,0,50,2,14295,14295,3,5,0,2,0,0,0,0
1306768,3,2022,2022,9,6,4,3371,17,23,3342,0,1,9,-32.994701,151.687656,37,0,2,1,3,0,0,0,2,2,7,70,2,926,926,4,10,13,2,0,0,0,0
1306770,3,2022,2022,2,2,5,31,22,74,34609,0,1,1,-34.43819,150.863961,80,0,2,1,3,0,3,0,2,0,7,50,0,1981,1981,4,10,5,2,0,0,0,0
1306776,3,2022,2022,9,0,3,134,10,36,133,0,1,6,-33.797344,151.014558,54,0,2,0,3,0,0,0,2,0,7,60,2,1192,1192,1,9,0,2,0,0,0,0
1306787,3,2022,2022,2,5,6,15,31,133,34609,0,1,9,-33.925571,151.017853,15,0,2,1,3,0,0,0,2,0,7,50,0,2852,2852,4,5,5,2,0,0,0,0
1306788,3,2022,2022,2,4,8,12,31,136,34609,0,1,7,-33.923963,151.085221,15,0,2,1,3,0,0,0,3,0,0,50,0,6545,6545,4,10,5,2,0,0,0,0
1306792,3,2022,2022,9,6,11,1,31,12,34609,0,1,9,-33.78744,151.252809,50,0,2,1,3,0,0,0,0,0,7,50,0,9859,9859,1,0,0,2,0,0,0,0
1306795,3,2022,2022,9,1,4,485,27,42,769,0,1,10,-33.708365,150.941412,71,0,2,1,3,0,0,0,2,2,7,80,2,1383,1383,1,0,5,3,0,0,0,0
1306796,3,2022,2022,2,5,3,196,10,80,34609,0,1,1,-34.548372,146.371059,51,2,1,1,3,0,0,0,1,0,7,80,0,9859,9859,8,0,40,1,0,0,0,0
1306797,3,2022,2022,9,4,9,42,31,53,118,0,1,7,-31.086827,150.92626,70,2,1,1,3,0,0,0,3,0,0,60,2,1282,1282,1,29,13,2,0,0,0,0
1306798,3,2022,2022,2,0,5,2209,17,106,2205,0,1,10,-34.568684,150.806054,62,0,2,1,3,0,3,0,2,2,7,70,2,5929,5929,1,0,36,2,0,0,0,0
1306801,3,2022,2022,9,3,7,1052,14,77,928,0,1,3,-33.533556,151.200241,16,1,2,1,3,0,0,0,2,0,7,110,2,14295,14295,3,10,5,2,0,0,0,0
1306802,3,2022,2022,2,5,3,35,31,90,262,0,1,10,-32.918895,151.742889,48,0,2,1,3,0,0,0,2,2,7,60,2,6545,6545,4,0,5,3,0,0,0,0
1306803,3,2022,2022,2,3,6,72,31,363,34609,0,1,1,-33.823628,150.999617,54,0,2,1,3,0,0,0,2,0,7,50,0,9859,9859,1,5,36,2,0,0,0,0
1306804,3,2022,2022,2,2,7,2,9,42,34609,0,1,9,-33.947708,150.940536,41,0,2,1,3,0,0,0,2,0,7,40,0,6545,6545,4,5,5,2,0,0,0,0
1306806,3,2022,2022,9,5,7,5,31,57,34609,0,1,10,-32.980058,151.689925,37,0,2,1,3,0,0,0,2,0,7,50,0,941,941,1,5,7,2,0,0,0,0
1306807,3,2022,2022,9,3,2,2261,17,9,2252,0,1,2,-34.820812,149.376955,74,1,0,1,3,0,0,3,0,0,7,110,2,9859,9859,8,26,40,1,0,0,0,0
1306811,3,2022,2022,2,5,10,46,27,304,39,1,0,1,-33.909046,151.153214,32,0,2,1,3,0,0,0,0,0,7,60,1,2585,777,8,0,40,1,0,0,0,0
1306812,3,2022,2022,2,6,5,14,22,82,605,0,1,9,-33.788456,151.265736,50,0,2,0,3,0,0,0,2,2,7,60,2,926,926,4,5,0,2,0,0,0,0
1306813,3,2022,2022,9,5,8,23,10,87,23,0,1,1,-33.91533,150.959896,41,0,2,0,3,0,0,0,2,0,7,60,1,14295,14295,3,0,10,2,0,0,0,0
1306814,3,2022,2022,2,6,6,346,17,35,332,0,1,1,-28.812699,153.267593,39,2,1,1,3,0,0,0,2,0,7,60,2,14295,14295,3,10,0,2,0,0,0,0
1306815,3,2022,2022,9,6,4,829,27,159,770,0,1,2,-33.812289,151.095324,61,0,2,1,3,0,0,0,2,0,7,60,2,1391,1391,1,5,5,2,0,0,0,0
1306817,3,2022,2022,2,3,7,45,27,337,45,0,1,1,-33.731168,151.018876,71,0,2,1,3,0,0,0,2,0,7,60,2,14295,14295,3,5,0,2,0,0,0,0
1306818,3,2022,2022,2,0,2,195,27,85,186,0,1,9,-33.900353,150.855595,41,0,2,1,3,0,0,0,0,2,7,70,2,1192,1192,1,5,0,2,0,0,0,0
1306819,3,2022,2022,9,1,7,37,27,161,115,0,1,1,-33.724116,151.150287,36,0,2,0,3,0,0,0,2,0,7,60,1,3775,3775,0,5,5,2,0,0,0,0
1306820,3,2022,2022,2,0,1,192,10,84,114,0,1,7,-33.467968,151.383364,16,2,2,0,3,0,0,0,0,0,0,60,2,1259,5151,8,5,40,1,0,0,0,0
1306821,3,2022,2022,2,0,7,168,10,102,260,0,1,2,-33.944804,151.187585,4,0,2,1,3,0,0,0,2,0,7,70,2,14295,14295,3,9,13,2,0,0,0,0
1306828,3,2022,2022,2,0,5,100,27,127,799,0,1,10,-33.896585,151.152514,32,0,2,1,3,0,0,0,2,2,7,60,2,2852,2852,4,19,13,2,0,0,0,0
1306830,3,2022,2022,2,3,8,2261,17,370,2252,0,1,3,-34.069249,150.779145,13,0,2,1,3,0,0,0,2,0,7,110,2,1391,1391,1,0,5,3,0,0,0,0
1306831,3,2022,2022,2,0,8,133,31,96,212,0,1,2,-35.355023,149.230781,58,2,1,1,3,0,0,0,2,0,7,60,2,14295,14295,3,5,5,3,0,0,0,0
1306833,3,2022,2022,2,3,0,1,27,3,34609,0,1,1,-35.589275,147.836088,27,1,0,0,3,0,0,0,0,0,7,100,0,2585,4009,8,0,40,1,0,0,0,0
1306860,3,2022,2022,9,2,6,1,1,19,34609,0,1,1,-33.386404,151.353336,16,2,2,1,1,0,0,0,2,0,7,50,0,9859,9859,1,5,5,2,0,0,0,0
1306868,3,2022,2022,9,1,8,2,27,148,34609,0,1,1,-36.049431,146.932254,0,2,1,1,0,0,0,0,2,0,7,50,0,1981,1981,4,5,5,2,0,0,0,0
1306869,3,2022,2022,2,1,7,3371,17,54,3342,0,1,9,-33.08965,151.638609,37,0,2,1,1,0,0,0,2,2,7,60,2,926,926,4,5,13,2,0,0,0,0
1306875,3,2022,2022,10,3,2,48,31,79,605,0,1,9,-33.829647,151.213755,49,0,2,1,2,0,2,6,0,2,7,60,2,1259,985,8,5,40,1,0,0,0,0
1306876,3,2022,2022,2,6,8,3371,17,463,3342,0,1,2,-30.281962,153.129176,19,2,1,1,1,0,0,0,2,0,7,60,2,14295,14295,3,10,5,2,0,0,0,0
1306883,3,2022,2022,9,5,2,19,31,316,34609,0,1,1,-31.440767,152.917927,56,2,1,1,2,0,0,0,0,0,7,50,0,9859,9859,1,5,3,3,0,0,0,0
1306901,3,2022,2022,2,4,8,10,31,293,34609,0,1,1,-33.942488,151.237554,59,0,2,1,0,0,0,0,2,0,7,50,0,1282,1282,1,33,36,2,0,0,0,0
1306908,3,2022,2022,9,2,1,10,31,88,34609,0,1,1,-33.752132,150.857383,7,0,2,1,2,0,0,0,0,0,7,60,0,9859,9859,8,5,40,1,0,0,0,0
1306923,3,2022,2022,11,0,4,27,31,562,34609,0,1,9,-32.248603,148.599407,22,2,1,0,3,0,0,0,2,0,0,50,0,14295,14295,3,10,5,2,0,0,0,0
1306925,3,2022,2022,11,6,3,3371,17,139,3342,1,0,2,-33.831225,151.203396,49,0,2,1,3,0,0,0,2,0,7,60,2,1383,1383,1,5,10,2,0,0,0,0
1306935,3,2022,2022,9,0,11,19,31,130,34609,0,1,10,-33.873074,151.196984,69,0,2,1,2,0,0,0,0,2,7,40,0,6545,6545,4,0,5,2,0,0,0,0
1306943,3,2022,2022,9,0,8,1,10,41,34609,0,1,1,-30.353761,153.100554,19,2,1,1,3,0,0,0,2,0,7,50,0,3775,3775,0,16,36,2,0,0,0,0
1306947,3,2022,2022,9,0,8,11,27,5,34609,0,1,1,-33.408664,151.386309,16,2,2,1,3,2,0,0,3,0,7,50,0,3775,3775,0,10,0,2,0,0,0,0
1306956,3,2022,2022,11,0,9,866,17,247,793,0,1,2,-33.824916,150.962333,21,0,2,1,3,0,3,4,0,0,7,70,2,14295,14295,3,0,5,2,0,0,0,0
1306960,3,2022,2022,9,5,3,2,31,13,34609,0,1,10,-35.623893,144.124653,51,2,1,1,3,0,0,0,2,0,0,50,0,395,395,1,9,13,2,0,0,0,0
1306968,3,2022,2022,9,0,7,77,27,87,100,0,1,7,-34.484581,150.415828,78,2,1,1,3,0,0,0,2,0,0,50,2,2852,2852,4,10,19,2,0,0,0,0
1306974,3,2022,2022,9,1,8,475,31,44,27,0,1,1,-33.971227,151.116807,25,0,2,1,3,0,0,0,2,0,7,60,1,9859,9859,1,5,5,3,0,0,0,0
1306976,3,2022,2022,9,0,5,222,31,17,34609,0,1,9,-33.910548,151.266644,59,0,2,1,3,0,0,0,2,0,7,50,0,4552,985,1,30,5,3,0,0,0,0
1306995,3,2022,2022,2,0,1,2,10,337,34609,1,0,1,-33.713112,150.989271,71,0,2,0,3,0,0,0,0,0,7,50,0,4552,5151,1,9,0,2,0,0,0,0
1306999,3,2022,2022,9,6,1,76,25,363,34609,0,1,1,-33.750629,150.709676,55,0,2,1,2,0,0,0,0,0,7,50,0,4026,4026,8,5,40,1,0,0,0,0
1307003,3,2022,2022,9,5,1,2209,17,115,2205,0,1,10,-33.912374,151.179474,32,0,2,0,2,0,2,6,0,2,7,60,2,14295,14295,3,10,13,2,0,0,0,0
1307008,3,2022,2022,9,1,8,120,36,14,148,0,1,1,-30.469185,152.941624,6,2,1,1,3,0,0,0,2,0,7,70,2,14295,14295,3,10,5,2,0,0,0,0
1307009,3,2022,2022,9,0,4,475,10,70,268,0,1,2,-33.888156,150.880704,24,0,2,0,3,0,0,0,2,0,7,70,2,14295,14295,3,5,5,4,0,0,0,0
1307012,3,2022,2022,9,5,7,13,27,95,34609,0,1,9,-34.394006,150.892903,80,0,2,1,3,0,0,0,2,2,7,50,0,5929,5929,1,5,13,2,0,0,0,0
1307013,3,2022,2022,9,1,4,225,17,50,180,0,1,1,-34.556632,150.648931,62,0,2,0,3,0,3,3,2,0,7,60,2,3775,3775,0,5,0,2,0,0,0,0
1307014,3,2022,2022,2,6,5,18,31,95,34609,0,1,9,-34.387018,150.89424,80,0,2,1,3,0,0,0,2,0,15,60,0,1669,1669,3,10,13,2,0,0,0,0
1307018,3,2022,2022,2,3,6,2126,17,60,2149,0,1,9,-33.633484,150.284722,8,2,2,1,3,0,0,0,2,0,0,60,2,6545,6545,4,0,0,2,0,0,0,0
1307021,3,2022,2022,2,4,9,43,2,40,42,0,1,7,-33.732079,150.970104,71,0,2,0,3,0,0,0,0,0,0,70,2,1669,1669,3,5,5,2,0,0,0,0
1307027,3,2022,2022,9,0,8,25,27,22,34609,0,1,9,-33.832751,151.191807,49,0,2,0,3,0,0,0,2,0,15,50,0,2852,2852,4,0,0,2,0,0,0,0
1307028,3,2022,2022,2,4,9,71,17,5,71,0,1,1,-35.359223,144.859879,51,1,0,1,3,0,0,0,3,0,7,110,2,475,475,5,3,40,1,0,0,0,0
1307034,3,2022,2022,2,4,6,10,27,433,34609,0,1,1,-33.30806,149.068983,52,2,1,0,0,0,0,0,2,0,7,80,0,1259,5151,8,5,40,1,0,0,0,0
1307040,3,2022,2022,9,1,7,8,31,131,34609,0,1,1,-36.082902,146.91264,0,2,1,1,3,0,0,0,2,0,7,50,0,941,941,1,5,5,2,0,0,0,0
1307054,3,2022,2022,2,4,5,36,27,10,72,0,1,1,-28.710027,153.490781,10,2,1,0,3,0,3,4,2,0,7,80,2,2585,4009,8,10,40,1,0,0,0,0
1307055,3,2022,2022,9,0,3,204,31,15,82,0,1,7,-35.149609,147.349221,75,2,1,1,3,0,0,0,1,0,0,60,1,6545,6545,4,5,13,2,0,0,0,0
1307066,3,2022,2022,9,3,10,32,27,42,27,0,1,1,-33.660373,151.234693,50,0,2,0,0,0,3,4,0,0,7,60,2,4552,5151,8,0,40,1,0,0,0,0
1307068,3,2022,2022,9,2,7,19,27,609,34609,0,1,2,-33.790024,150.891616,7,0,2,1,0,0,0,0,2,0,7,60,0,9859,9859,8,0,40,1,0,0,0,0
1307071,3,2022,2022,2,2,10,39,27,21,51,1,0,1,-33.680865,151.09731,31,0,2,0,3,0,0,0,0,0,7,60,2,4552,5151,1,0,5,2,0,0,0,0
1307074,3,2022,2022,2,3,4,2261,17,370,2252,0,1,3,-34.069355,150.779085,13,0,2,1,3,0,0,0,2,0,7,110,2,1282,1282,1,29,5,2,0,0,0,0
1307077,3,2022,2022,9,5,7,251,27,64,212,0,1,2,-33.756159,151.220854,50,0,2,1,3,0,0,0,2,0,7,70,2,14295,14295,3,0,5,2,0,0,0,0
1307079,3,2022,2022,9,5,0,2,4,74,34609,0,1,1,-33.724204,151.044034,31,0,2,1,3,0,0,0,0,0,7,50,0,9859,9859,1,5,5,2,0,0,0,0
1307080,3,2022,2022,10,0,6,2261,17,70,2252,0,1,2,-34.653272,150.087689,26,1,0,1,3,0,0,3,2,0,7,110,2,9859,9859,8,10,40,1,0,0,0,0
1307081,3,2022,2022,9,1,3,34,27,16,34609,0,1,1,-35.697775,145.568731,51,1,0,1,3,0,0,0,2,0,7,100,0,475,475,5,9,40,1,0,0,0,0
1307082,3,2022,2022,9,3,6,481,17,19,483,0,1,1,-35.783453,145.559556,51,1,0,1,3,0,0,0,2,0,7,100,2,14295,14295,3,16,19,2,0,0,0,0
1307085,3,2022,2022,2,5,7,6,1,33,34609,0,1,10,-33.480323,150.133652,40,2,1,1,3,0,0,0,2,0,0,50,0,4026,4026,8,5,40,1,0,0,0,0
1307087,3,2022,2022,9,6,4,3,31,112,34609,1,2,1,-33.608571,150.815762,29,2,2,1,3,0,0,3,2,0,7,40,0,9859,9859,1,5,25,2,0,0,0,0
1307092,3,2022,2022,2,1,5,13,10,74,12,0,1,9,-33.729408,151.031426,31,0,2,1,3,0,0,0,2,2,7,60,1,2852,2852,4,5,36,2,0,0,0,0
1307095,3,2022,2022,2,4,5,29,27,85,27,0,1,9,-34.570057,150.783132,62,0,2,1,3,0,0,0,2,2,7,60,2,5929,5929,1,9,10,2,0,0,0,0
1307096,3,2022,2022,2,3,9,512,17,21,441,0,1,1,-31.620653,147.30704,51,1,0,1,3,0,0,0,3,0,7,110,2,9859,9859,8,0,40,1,0,0,0,0
1307097,3,2022,2022,2,0,4,31,27,85,41,0,1,10,-33.720043,151.142797,36,0,2,1,3,0,0,0,2,2,7,60,1,5929,5929,1,5,5,2,0,0,0,0
1307098,3,2022,2022,2,4,10,3,27,14,34609,0,1,1,-28.867392,152.509082,51,1,0,1,3,0,0,0,0,0,7,100,0,3775,3775,0,33,13,2,0,0,0,0
1307099,3,2022,2022,9,6,5,104,27,137,140,0,1,9,-33.922601,151.204688,4,0,2,1,3,0,0,0,2,0,7,60,2,248,248,1,0,0,2,0,0,0,0
1307100,3,2022,2022,9,2,10,23,27,39,34609,0,1,1,-33.759407,150.925976,7,0,2,0,2,0,0,0,0,0,7,50,0,4552,5151,1,5,0,2,0,0,0,0
1307101,3,2022,2022,9,1,4,9,31,73,34609,0,1,2,-33.731713,150.706724,55,0,2,0,3,0,0,0,2,0,7,50,0,1282,1282,1,29,5,2,0,0,0,0
1307128,3,2022,2022,9,6,5,2209,17,12,2205,0,1,10,-35.241558,150.427135,63,1,0,0,0,0,0,3,2,0,7,100,2,1669,1669,3,5,13,2,0,0,0,0
1307135,3,2022,2022,2,6,5,2,31,132,34609,0,1,10,-29.776043,151.095436,33,2,1,1,3,0,0,0,2,0,0,50,0,1850,985,5,8,40,1,0,0,0,0
1307144,3,2022,2022,2,3,7,17,31,80,61,0,1,1,-33.817006,151.152593,38,0,2,1,3,0,0,0,2,0,7,50,1,14295,14295,3,0,13,3,0,0,0,0
1307145,3,2022,2022,2,4,3,3371,17,104,3342,0,1,2,-32.832254,151.685988,48,0,2,1,3,0,0,0,1,0,7,80,2,14295,14295,3,30,13,2,0,0,0,0
1307147,3,2022,2022,2,6,6,158,27,46,207,0,1,9,-33.877351,151.233636,81,0,2,1,3,0,0,0,2,2,7,60,2,1383,1383,1,5,5,2,0,0,0,0
1307148,3,2022,2022,10,1,11,1,1,109,34609,0,1,9,-33.961689,150.848785,41,0,2,1,3,0,0,0,0,0,7,50,0,9859,9859,8,5,40,1,0,0,0,0
1307150,3,2022,2022,2,2,1,2,27,3,10,0,1,1,-32.2705,146.529705,51,1,0,1,3,2,0,0,0,0,7,100,1,1945,1945,5,0,40,1,0,0,0,0
1307151,3,2022,2022,2,0,7,72,14,73,71,0,1,3,-33.873437,151.217731,69,0,2,1,3,0,0,0,2,0,7,80,2,14295,14295,3,30,13,3,0,0,0,0
1307153,3,2022,2022,10,0,7,2261,17,16,2252,0,1,2,-34.65324,150.088186,78,1,0,1,3,0,0,3,2,0,7,110,2,9859,9859,1,3,25,2,0,0,0,0
1307157,3,2022,2022,2,1,5,19,27,82,605,0,1,2,-33.796583,151.252798,50,0,2,1,3,0,0,0,2,0,7,60,2,14295,14295,3,0,13,2,0,0,0,0
1307159,3,2022,2022,9,6,4,1052,31,103,34609,1,2,1,-32.9437,151.664992,37,0,2,1,3,0,0,0,2,0,7,40,0,1282,1282,1,10,12,3,0,0,0,0
1307160,3,2022,2022,9,2,4,42,10,39,172,0,1,1,-32.884276,151.566421,37,0,2,1,3,0,3,4,2,0,7,80,2,9859,9859,8,30,40,1,0,0,0,0
1307161,3,2022,2022,2,5,7,3,31,207,34609,0,1,10,-31.951469,141.47265,51,2,1,1,3,0,0,3,2,0,0,50,0,6545,6545,4,30,0,2,0,0,0,0
1307167,3,2022,2022,9,2,5,4,27,147,34609,0,1,9,-33.86536,151.133512,14,0,2,1,3,0,0,0,2,0,7,50,0,2852,2852,4,5,5,2,0,0,0,0
1307168,3,2022,2022,2,5,11,1052,14,53,928,0,1,3,-33.683509,151.120537,31,0,2,1,3,0,0,0,0,0,7,110,2,4026,4026,8,0,40,1,0,0,0,0
1307169,3,2022,2022,2,1,4,2209,17,77,2205,0,1,2,-33.921353,151.16486,32,0,2,0,3,0,0,0,2,0,7,60,2,4552,5151,8,0,40,1,0,0,0,0
1307173,3,2022,2022,9,4,8,68,31,76,100,0,1,1,-34.544573,150.383794,78,2,1,1,3,0,3,0,2,0,7,60,2,9859,9859,8,30,40,1,0,0,0,0
1307176,3,2022,2022,2,5,6,127,27,48,103,0,1,9,-32.915596,151.748569,48,0,2,1,1,0,0,0,2,2,7,60,1,2852,2852,4,10,5,2,0,0,0,0
1307181,3,2022,2022,2,4,7,1,27,7,34609,0,1,1,-29.115682,153.015286,60,1,0,1,0,2,3,4,2,0,7,100,0,4026,4026,8,0,40,1,0,0,0,0
1307183,3,2022,2022,2,4,4,6,10,104,34609,1,2,1,-33.73332,150.937989,7,0,2,1,1,0,0,0,2,0,7,40,0,1282,1282,1,33,36,2,0,0,0,0
1307186,3,2022,2022,10,6,6,13,27,2,17,0,1,1,-29.654707,151.049517,33,1,0,0,0,0,0,0,2,0,7,100,1,782,957,5,5,40,1,0,0,0,0
1307188,3,2022,2022,2,0,9,34,31,98,260,0,1,10,-33.011101,151.593622,37,0,2,1,1,0,0,0,2,0,7,60,2,1282,1282,1,5,36,2,0,0,0,0
1307208,3,2022,2022,9,0,1,1052,14,33,928,0,1,3,-33.643343,151.141574,31,0,2,1,2,0,0,0,0,0,7,110,2,4026,4026,8,5,40,1,0,0,0,0
1307216,3,2022,2022,9,2,0,1,31,460,34609,0,1,9,-33.844194,151.003454,21,0,2,1,2,0,0,0,0,0,7,50,0,9859,9859,1,5,5,2,0,0,0,0
1307218,3,2022,2022,2,2,4,10,31,41,19,0,1,7,-31.083491,150.912501,70,2,1,1,0,0,0,0,2,0,0,60,1,945,945,5,5,40,1,0,0,0,0
1307219,3,2022,2022,9,0,6,175,27,609,220,1,0,10,-33.757919,150.914405,7,0,2,1,1,0,0,0,2,2,7,70,2,395,395,1,5,5,3,0,0,0,0
1307227,3,2022,2022,9,4,8,178,1,73,34609,0,1,1,-33.755205,150.815381,7,0,2,1,1,0,0,0,2,0,7,50,0,14295,14295,3,16,36,2,0,0,0,0
1307237,3,2022,2022,2,2,10,24,31,70,24,0,1,1,-33.432978,151.355342,16,2,2,1,2,0,0,0,0,0,7,60,1,9859,9859,1,0,0,2,0,0,0,0
1307238,3,2022,2022,9,0,1,21,31,55,34609,0,1,1,-33.902597,151.085845,15,0,2,1,2,0,0,0,0,0,7,50,0,4026,4026,1,33,0,2,0,0,0,0
1307240,3,2022,2022,9,4,6,7,10,169,34609,0,1,1,-28.635949,153.582024,10,2,1,1,3,0,0,0,2,0,7,50,0,9859,9859,1,0,40,2,0,0,0,0
1307267,3,2022,2022,11,4,4,2209,17,35,2205,0,1,1,-35.525889,150.306214,63,1,0,0,0,0,3,4,2,0,7,100,2,1259,5151,8,10,40,1,0,0,0,0
1307269,3,2022,2022,9,2,9,26,31,174,34609,0,1,9,-33.892834,151.204318,69,0,2,1,3,0,0,0,3,0,7,40,0,9859,9859,1,10,36,2,0,0,0,0
1307273,3,2022,2022,10,2,7,158,27,46,207,0,1,9,-33.876909,151.232553,81,0,2,1,3,0,0,0,2,0,7,60,2,14295,14295,3,5,0,2,0,0,0,0
1307277,3,2022,2022,10,0,9,31,27,304,96,0,1,10,-33.901525,151.153425,32,0,2,1,2,0,0,0,0,2,7,60,2,6545,6545,4,5,5,2,0,0,0,0
1307279,3,2022,2022,9,1,0,5,31,115,34609,0,1,1,-33.882969,151.187583,69,0,2,1,0,0,3,4,0,0,7,50,0,9859,9859,1,10,5,7,0,0,0,0
1307300,3,2022,2022,11,5,0,76,32,133,34609,0,1,1,-34.486847,150.798246,80,0,2,1,2,0,3,4,0,0,7,50,0,9859,9859,1,10,36,4,0,0,0,0
1307316,3,2022,2022,11,2,8,224,27,387,321,0,1,10,-33.935112,151.194079,4,0,2,1,2,0,0,3,3,2,7,60,2,14295,14295,3,10,0,4,0,0,0,0
1307319,3,2022,2022,2,6,7,31,31,169,34609,0,1,1,-28.64301,153.615911,10,2,1,0,3,0,0,0,2,0,7,50,0,1957,4009,1,0,5,3,0,0,0,0
1307323,3,2022,2022,2,0,11,2,1,323,34609,0,1,1,-33.755097,150.980139,71,0,2,0,3,0,0,0,0,0,7,50,0,2585,4009,1,0,5,2,0,0,0,0
1307330,3,2022,2022,2,0,2,125,31,175,34609,0,1,1,-33.777743,151.082301,54,0,2,1,0,0,0,0,0,0,7,50,0,4026,4026,1,5,5,3,0,0,0,0
1307335,3,2022,2022,2,5,5,149,36,40,113,0,1,10,-32.011609,152.473742,43,2,1,1,3,0,0,0,2,0,15,80,1,2852,2852,4,5,13,2,0,0,0,0
1307336,3,2022,2022,2,0,8,3,27,4,34609,0,1,1,-31.7865,152.698906,43,1,0,1,3,2,0,0,2,0,7,100,0,9859,9859,8,9,40,1,0,0,0,0
1307339,3,2022,2022,9,3,11,17,31,53,145,0,1,9,-33.798856,151.057081,54,0,2,1,2,0,3,0,0,2,7,70,2,5929,5929,1,5,5,2,0,0,0,0
1307341,3,2022,2022,2,4,9,475,10,137,268,0,1,10,-33.907691,150.898662,24,0,2,1,0,0,0,0,2,2,7,60,2,2852,2852,4,0,13,2,0,0,0,0
1307344,3,2022,2022,2,6,4,23,27,136,101,0,1,2,-32.935339,151.712356,48,0,2,1,3,0,0,0,2,0,7,50,2,14295,14295,3,9,10,2,0,0,0,0
1307345,3,2022,2022,2,4,8,2261,17,523,2252,0,1,2,-33.915402,150.920694,41,0,2,0,3,0,0,0,2,0,7,60,2,1282,1282,1,5,5,3,0,0,0,0
1307347,3,2022,2022,2,6,4,866,17,278,793,0,1,9,-33.784571,151.04375,54,0,2,1,3,0,0,0,2,2,7,60,2,1669,1669,3,0,12,2,0,0,0,0
1307351,3,2022,2022,2,2,6,1,31,204,34609,0,1,1,-33.894846,151.11738,32,0,2,1,3,0,0,0,2,0,7,50,0,1109,787,1,5,0,2,0,0,0,0
1307352,3,2022,2022,2,1,3,95,31,13,34609,0,1,10,-33.863623,151.140038,14,0,2,1,3,0,0,3,1,0,0,50,0,14295,14295,3,8,5,2,0,0,0,0
1307353,3,2022,2022,2,6,8,11,31,49,56,0,1,1,-34.446866,147.533751,51,2,1,1,3,0,0,0,2,0,7,50,2,1282,1282,1,5,40,1,0,0,0,0
1307354,3,2022,2022,2,6,6,126,1,226,144,0,1,2,-33.774278,150.815541,7,0,2,1,3,0,0,0,2,0,7,60,2,1383,1383,1,5,0,3,0,0,0,0
1307355,3,2022,2022,2,5,5,16,1,50,34609,0,1,1,-34.3435,150.916842,80,0,2,1,3,0,0,0,2,0,7,50,0,941,941,1,5,0,3,0,0,0,0
1307356,3,2022,2022,2,4,7,265,17,103,193,0,1,9,-34.350712,148.276867,30,2,1,1,3,0,0,0,2,0,7,80,2,14295,14295,3,10,5,2,0,0,0,0
1307357,3,2022,2022,2,4,10,4,1,271,34609,0,1,1,-33.956079,151.013177,15,0,2,1,3,0,0,0,0,0,7,50,0,9859,9859,8,10,40,3,0,0,0,0