Crash ID,Degree of crash - detailed,Reporting year,Year of crash,Month of crash,Day of week of crash,Two-hour intervals,Street of crash,Street type,Town,Route no.,School zone location,School zone active,Type of location,Latitude,Longitude,LGA,Urbanisation,Conurbation 1,Alignment,Street lighting,Road surface,Surface condition,Weather,Natural lighting,Signals operation,Other traffic control,Speed limit,Road classification,RUM - code,DCA - code,First impact type,Key TU type,Other TU type,No. of traffic units involved,No. killed,No. seriously injured,No. moderately injured,No. minor-other injured
1307358,3,2022,2022,9,3,9,32,27,35,5,1,0,1,-33.820215,151.200921,77,0,2,0,3,0,3,4,3,0,7,50,1,1383,1383,1,21,22,2,0,0,0,0
1307359,3,2022,2022,2,4,5,11,31,125,51,0,1,10,-33.859653,151.081854,67,0,2,1,3,0,0,0,2,2,9,50,1,775,775,4,0,5,2,0,0,0,0
1307360,3,2022,2022,2,1,8,2261,17,243,2252,0,1,2,-33.957836,150.885502,41,0,2,1,3,0,0,0,2,0,7,70,2,14295,14295,3,5,0,2,0,0,0,0
1307361,3,2022,2022,2,0,10,6,31,163,34609,0,1,7,-33.856984,151.0987,14,0,2,1,3,0,0,0,0,0,0,50,0,6545,6545,4,0,5,2,0,0,0,0
1307362,3,2022,2022,2,3,5,29,27,85,30,0,1,7,-33.894913,150.860016,41,0,2,1,3,0,0,0,2,0,0,60,1,6545,6545,4,0,5,2,0,0,0,0
1307363,3,2022,2022,2,2,7,330,23,54,233,0,1,2,-33.898806,151.222236,69,0,2,1,3,0,0,0,2,0,7,60,2,14295,14295,3,5,5,3,0,0,0,0
1307365,3,2022,2022,2,4,9,348,27,73,88,0,1,7,-33.730077,150.694551,55,0,2,1,3,0,0,0,0,0,0,60,2,9859,9859,8,16,40,1,0,0,0,0
1307367,3,2022,2022,2,1,9,20,27,108,31,1,0,10,-33.762635,151.270073,50,0,2,1,3,0,0,0,2,2,9,50,1,214,214,9,0,28,2,0,0,0,0
1307372,3,2022,2022,9,2,9,3371,17,24,3342,0,1,2,-29.675205,153.130565,18,1,0,1,3,0,0,0,0,0,7,110,2,475,475,5,5,40,1,0,0,0,0
1307377,3,2022,2022,2,4,10,4,27,1,34609,0,1,1,-35.03798,148.078317,20,1,0,1,0,0,0,0,0,0,7,100,0,9859,9859,8,5,40,1,0,0,0,0
1307378,3,2022,2022,10,6,11,5,10,83,34609,0,1,7,-33.887577,150.84903,41,0,2,0,3,0,0,0,0,0,0,50,0,4552,5151,8,5,40,1,0,0,0,0
1307386,3,2022,2022,10,3,11,1,31,65,34609,0,1,1,-32.928424,151.781654,48,0,2,1,3,0,0,3,0,0,7,50,0,9859,9859,1,5,5,3,0,0,0,0
1307387,3,2022,2022,2,1,7,11,27,92,34609,1,0,9,-33.409691,151.35614,16,2,2,1,3,0,0,0,2,0,0,50,0,6545,6545,4,0,36,2,0,0,0,0
1307391,3,2022,2022,2,3,9,8,27,11,34609,0,1,1,-28.569586,153.469035,10,1,0,0,0,0,0,0,2,0,7,100,0,1259,5151,8,0,40,1,0,0,0,0
1307437,3,2022,2022,2,3,1,2126,17,438,2149,1,0,2,-33.841344,151.035971,21,0,2,1,2,0,0,0,0,0,7,60,2,1981,1981,4,0,13,2,0,0,0,0
1307451,3,2022,2022,2,2,0,37,27,13,41,0,1,1,-28.856023,153.290524,39,2,1,0,0,0,3,0,0,0,7,80,1,2585,4009,8,10,40,1,0,0,0,0
1307471,3,2022,2022,11,2,8,8,31,609,34609,0,1,10,-33.779607,150.894527,7,0,2,1,1,0,0,0,2,0,0,50,0,1669,1669,3,10,0,2,0,0,0,0
1307476,3,2022,2022,11,6,7,1,31,21,34609,0,1,1,-33.869978,150.907324,24,0,2,1,1,0,0,0,2,0,7,50,0,9859,9859,1,5,5,2,0,0,0,0
1307481,3,2022,2022,10,2,7,67,31,135,103,0,1,9,-32.893579,151.731398,48,0,2,1,1,0,3,4,2,0,0,60,1,1282,1282,1,5,36,2,0,0,0,0
1307482,3,2022,2022,11,4,5,3371,17,77,3342,0,1,2,-33.041364,151.657429,37,0,2,1,1,0,0,3,2,0,7,60,2,9859,9859,1,5,13,2,0,0,0,0
1307495,3,2022,2022,10,1,8,229,14,36,237,0,1,3,-33.763053,151.07952,31,0,2,1,0,0,0,3,2,0,7,100,2,101,101,8,10,0,2,0,0,0,0
1307514,3,2022,2022,2,2,0,63,27,224,605,0,1,2,-33.816171,151.243057,45,0,2,0,2,0,0,0,0,0,7,60,2,190,190,1,0,13,2,0,0,0,0
1307517,3,2022,2022,2,1,6,1,18,1,34609,0,1,1,-32.543914,152.013064,43,2,1,1,0,0,0,0,2,0,7,60,0,9859,9859,8,0,40,1,0,0,0,0
1307532,3,2022,2022,2,2,9,76,31,55,34609,0,1,9,-35.70584,150.176807,23,2,1,1,1,0,0,0,2,2,7,40,0,5929,5929,1,0,5,2,0,0,0,0
1307538,3,2022,2022,9,0,10,12,23,87,34609,0,1,9,-34.058205,151.152281,68,0,2,0,2,0,0,0,0,0,0,50,0,380,985,5,5,40,1,0,0,0,0
1307547,3,2022,2022,2,2,2,36,27,438,34609,0,1,1,-33.851622,151.020831,21,0,2,1,2,0,0,0,0,0,7,50,0,9859,9859,1,10,5,4,0,0,0,0
1307549,3,2022,2022,2,0,8,2261,17,523,2252,0,1,10,-33.928701,150.917871,41,0,2,1,1,0,0,0,2,1,7,60,2,5929,5929,1,5,10,2,0,0,0,0
1307565,3,2022,2022,2,0,2,67,27,15,34609,0,1,1,-30.665829,152.885131,47,1,0,0,0,0,3,4,1,0,7,90,0,1957,4009,8,10,40,1,0,0,0,0
1307569,3,2022,2022,9,6,8,100,27,323,100,0,1,2,-33.789853,150.854763,7,0,2,1,0,0,0,0,2,0,7,70,2,3775,3775,0,10,5,4,0,0,0,0
1307579,3,2022,2022,2,4,9,2,31,145,34609,0,1,1,-33.920063,151.069276,15,0,2,1,1,0,0,0,2,0,7,50,0,1282,1282,1,33,5,2,0,0,0,0
1307582,3,2022,2022,10,3,0,916,17,66,917,0,1,2,-32.81281,151.662194,48,0,2,1,2,0,0,0,0,0,7,90,2,4026,4026,8,5,40,1,0,0,0,0
1307587,3,2022,2022,2,3,8,2,1,111,34609,0,1,1,-33.697929,150.889226,7,0,2,1,3,0,0,0,2,0,7,50,0,1282,1282,1,5,40,1,0,0,0,0
1307589,3,2022,2022,9,1,9,4,27,157,34609,0,1,10,-34.020662,151.095105,68,0,2,1,3,0,0,0,0,0,9,50,0,14295,14295,3,5,0,2,0,0,0,0
1307591,3,2022,2022,2,4,8,515,14,252,518,0,1,3,-33.948296,150.890613,41,0,2,1,3,0,0,0,2,0,7,100,2,14295,14295,3,5,5,3,0,0,0,0
1307594,3,2022,2022,2,2,10,117,27,72,144,0,1,10,-33.85085,151.090211,14,0,2,1,3,0,0,0,0,0,15,60,2,6545,6545,4,0,0,2,0,0,0,0
1307595,3,2022,2022,2,3,8,2126,17,17,2149,0,1,2,-33.71116,150.588138,8,2,2,0,3,0,0,0,2,0,7,80,2,4552,5151,8,5,40,1,0,0,0,0
1307596,3,2022,2022,2,0,8,117,1,210,121,0,1,1,-34.039229,151.094687,68,0,2,1,3,0,0,0,2,0,7,60,1,14295,14295,3,0,0,2,0,0,0,0
1307597,3,2022,2022,2,6,7,13,31,36,212,0,1,1,-35.445543,149.799159,58,2,1,1,3,0,0,0,2,0,7,50,2,248,248,1,30,0,2,0,0,0,0
1307598,3,2022,2022,2,6,8,20,27,25,20,0,1,9,-35.036557,150.629174,63,2,1,1,3,0,0,0,2,0,0,80,1,2852,2852,4,30,5,2,0,0,0,0
1307602,3,2022,2022,2,5,5,7,27,8,11,0,1,1,-33.499112,146.804149,51,1,0,0,3,0,0,0,2,0,7,100,1,1850,1463,5,3,40,1,0,0,0,0
1307604,3,2022,2022,2,3,1,2261,17,68,2252,0,1,2,-34.804865,148.910943,82,1,0,0,3,0,0,0,0,0,7,110,2,1089,1089,7,5,40,1,0,0,0,0
1307606,3,2022,2022,2,3,4,35,27,145,34609,0,1,1,-33.922109,151.131009,15,0,2,1,3,0,0,0,2,0,7,50,0,1981,1981,4,10,5,2,0,0,0,0
1307609,3,2022,2022,2,2,7,195,27,54,186,0,1,2,-33.868447,150.870123,24,0,2,1,3,0,0,0,2,0,7,70,2,14295,14295,3,10,13,2,0,0,0,0
1307612,3,2022,2022,2,1,1,3371,17,463,3342,0,1,2,-30.268326,153.132805,19,2,1,1,3,0,0,0,0,0,7,80,2,9859,9859,8,5,40,1,0,0,0,0
1307613,3,2022,2022,2,6,8,26,17,9,13,0,1,1,-29.028547,149.075692,51,1,0,0,3,0,0,0,2,0,7,100,2,380,714,5,10,40,1,0,0,0,0
1307614,3,2022,2022,2,4,5,2209,17,144,2205,0,1,9,-34.064768,151.017645,68,0,2,1,3,0,0,0,2,2,7,70,2,14295,14295,3,5,36,3,0,0,0,0
1307615,3,2022,2022,2,5,7,4,27,15,34609,0,1,1,-32.750751,151.099954,64,2,1,0,3,2,0,0,2,0,7,60,0,2585,4009,8,16,40,1,0,0,0,0
1307616,3,2022,2022,2,1,5,8,27,11,43,0,1,1,-32.523849,149.667132,44,1,0,0,3,0,3,4,2,0,7,100,1,273,957,5,21,40,1,0,0,0,0
1307617,3,2022,2022,2,1,8,3,27,6,34609,0,1,1,-34.656734,149.955651,26,1,0,0,3,2,0,0,2,0,7,100,0,1957,4009,8,10,40,1,0,0,0,0
1307622,3,2022,2022,2,6,3,34,27,73,799,0,1,1,-33.89812,151.167394,32,0,2,1,3,0,0,0,1,0,7,60,2,9859,9859,1,0,13,2,0,0,0,0
1307624,3,2022,2022,2,3,10,6,31,105,34609,1,0,1,-32.712916,151.531906,42,2,1,1,3,0,0,0,2,0,7,50,0,945,945,5,5,40,1,0,0,0,0
1307628,3,2022,2022,2,2,2,2,10,44,34609,1,0,1,-33.211556,151.500554,16,2,2,1,3,0,0,0,0,0,7,50,0,4026,4026,1,10,12,2,0,0,0,0
1307631,3,2022,2022,9,3,0,17,10,63,34609,0,1,10,-33.239093,151.500714,16,2,2,0,3,0,0,0,0,2,7,50,0,2585,4009,8,34,40,1,0,0,0,0
1307632,3,2022,2022,2,3,9,37,31,38,34609,0,1,10,-33.76986,150.793108,55,0,2,1,3,0,0,0,3,0,0,50,0,926,926,4,5,0,2,0,0,0,0
1307634,3,2022,2022,2,1,8,5,1,159,34609,0,1,10,-33.802783,151.091218,61,0,2,1,3,0,0,3,3,2,7,50,0,5929,5929,1,5,5,2,0,0,0,0
1307635,3,2022,2022,10,0,8,53,27,155,51,0,1,1,-33.494534,151.320388,16,2,2,1,3,0,0,0,2,0,7,60,1,14295,14295,3,30,5,2,0,0,0,0
1307636,3,2022,2022,2,5,6,12,1,134,34609,0,1,10,-33.520145,151.31221,16,2,2,1,3,0,0,0,2,0,0,50,0,6545,6545,4,5,0,2,0,0,0,0
1307637,3,2022,2022,2,4,9,17,27,90,28,0,1,7,-33.787163,150.948887,21,0,2,0,3,0,0,0,2,0,7,60,1,1282,1282,1,0,13,2,0,0,0,0
1307641,3,2022,2022,2,1,10,28,31,137,54,0,1,10,-34.025906,151.055718,68,0,2,1,3,0,3,4,0,2,7,60,2,5929,5929,1,5,5,2,0,0,0,0
1307643,3,2022,2022,9,2,1,39,23,98,34609,0,1,10,-33.020123,151.600127,37,0,2,1,2,0,0,0,0,0,15,50,0,6545,6545,4,0,12,2,0,0,0,0
1307645,3,2022,2022,10,0,7,5,10,24,34609,1,2,1,-33.733902,150.840137,7,0,2,0,0,0,0,0,2,0,7,40,0,4552,5151,1,30,0,4,0,0,0,0
1307648,3,2022,2022,2,0,11,3371,17,56,3342,0,1,7,-31.127963,152.827898,34,2,1,0,3,0,3,6,0,0,0,60,2,782,957,5,3,40,1,0,0,0,0
1307671,3,2022,2022,2,5,10,95,31,346,59,0,1,9,-33.867593,151.063624,67,0,2,1,3,0,0,0,0,2,7,60,1,1391,1391,1,5,12,2,0,0,0,0
1307673,3,2022,2022,2,5,3,3371,17,15,3342,0,1,2,-29.478472,153.203998,18,1,0,0,3,0,0,0,1,0,7,110,2,4552,5151,8,29,40,1,0,0,0,0
1307674,3,2022,2022,2,6,5,387,27,290,331,0,1,9,-33.951897,151.123752,4,0,2,1,3,0,0,0,2,0,7,60,2,14295,14295,3,5,5,3,0,0,0,0
1307679,3,2022,2022,2,6,7,866,27,438,34609,0,1,10,-33.849667,151.025604,21,0,2,1,3,0,0,0,2,0,0,50,0,2852,2852,4,5,12,2,0,0,0,0
1307683,3,2022,2022,10,6,7,14,1,198,32,0,1,9,-33.908749,151.101013,15,0,2,1,3,0,0,0,2,2,7,50,1,489,489,8,5,40,1,0,0,0,0
1307695,3,2022,2022,6,6,7,59,10,34,231,0,1,1,-33.495634,151.353621,16,2,2,1,0,0,0,0,2,0,7,60,2,3775,3775,0,5,5,2,0,0,0,0
1307699,3,2022,2022,2,5,9,42,31,166,21,0,1,1,-33.904027,151.176074,32,0,2,1,1,0,0,0,2,0,7,50,1,9859,9859,1,5,0,2,0,0,0,0
1307709,3,2022,2022,9,3,10,24,7,460,34609,0,1,1,-33.839961,150.981833,21,0,2,0,2,0,3,4,3,0,7,50,0,4552,5151,8,5,40,1,0,0,0,0
1307716,3,2022,2022,2,1,0,14,31,65,148,0,1,10,-32.927914,151.774188,48,0,2,1,2,0,0,0,0,2,9,50,1,9859,9859,1,5,0,2,0,0,0,0
1307720,3,2022,2022,2,4,6,72,27,22,102,0,1,9,-33.795994,151.27815,50,0,2,1,3,0,0,0,2,0,0,60,2,2852,2852,4,0,5,2,0,0,0,0
1307726,3,2022,2022,9,0,4,6,7,284,34609,0,1,10,-33.902821,151.014435,15,0,2,1,1,0,0,0,2,0,0,50,0,6545,6545,4,5,13,2,0,0,0,0
1307734,3,2022,2022,2,3,3,29,27,147,69,0,1,9,-33.871058,151.131977,14,0,2,1,1,0,0,0,1,0,7,60,2,2585,777,8,5,40,1,0,0,0,0
1307740,3,2022,2022,2,1,0,22,10,165,34609,0,1,1,-33.859375,151.156285,14,0,2,0,2,0,0,0,0,0,7,40,0,52,52,6,0,40,1,0,0,0,0
1307741,3,2022,2022,2,0,9,23,10,370,34609,0,1,1,-34.066458,150.788631,13,0,2,0,1,0,0,0,2,0,7,50,0,4552,5151,8,10,40,1,0,0,0,0
1307742,3,2022,2022,2,5,11,10,27,463,34609,0,1,9,-30.285735,153.133021,19,2,1,1,2,0,0,0,0,0,9,50,0,4026,4026,8,5,40,1,0,0,0,0
1307750,3,2022,2022,2,1,11,38,27,56,70,0,1,1,-33.740973,150.783929,55,0,2,0,0,0,3,4,0,0,7,70,1,57,57,1,33,5,2,0,0,0,0
1307757,3,2022,2022,2,2,9,40,31,94,34609,0,1,0,-33.884849,150.924941,24,0,2,1,2,0,0,0,0,0,7,50,0,1282,1282,1,33,0,2,0,0,0,0
1307759,3,2022,2022,2,0,10,11,23,139,34609,0,1,9,-33.87841,151.146281,32,0,2,1,2,0,0,0,0,0,0,50,0,926,926,4,0,0,2,0,0,0,0
1307796,3,2022,2022,2,6,10,2209,17,201,2205,0,1,1,-34.88851,150.604447,63,2,1,1,2,0,0,3,0,0,7,70,2,945,945,5,5,40,1,0,0,0,0
1307800,3,2022,2022,2,4,4,22,27,10,34609,0,1,1,-33.163635,151.401607,37,0,2,0,0,2,0,0,2,0,7,60,0,52,52,6,5,40,1,0,0,0,0
1307805,3,2022,2022,2,6,10,15,27,15,228,0,1,1,-32.708986,151.097474,64,1,0,1,3,0,0,0,0,0,7,100,1,1089,1089,7,21,40,1,0,0,0,0
1307806,3,2022,2022,2,3,8,81,17,41,10,0,1,2,-34.073245,150.695785,12,0,2,1,3,0,0,0,2,0,7,50,1,4026,4026,8,5,40,1,0,0,0,0
1307812,3,2022,2022,10,4,11,34,31,79,8,0,1,9,-33.827449,151.213593,49,0,2,1,2,0,0,0,0,2,7,50,1,489,489,8,9,40,1,0,0,0,0
1307821,3,2022,2022,2,3,5,42,36,3,34609,0,1,1,-36.634411,148.499133,65,1,0,1,3,2,0,0,2,0,7,100,0,9859,9859,8,5,40,1,0,0,0,0
1307822,3,2022,2022,2,5,7,23,27,136,101,0,1,1,-32.927862,151.716651,48,0,2,1,3,0,0,0,2,0,7,60,2,14295,14295,3,0,5,3,0,0,0,0
1307823,3,2022,2022,2,1,11,193,1,64,34609,1,0,1,-32.942409,151.702094,48,0,2,1,3,0,0,0,0,0,7,50,0,9859,9859,1,0,5,2,0,0,0,0
1307824,3,2022,2022,2,5,5,2261,17,44,2252,0,1,9,-35.243732,147.764502,75,1,0,0,3,0,0,0,2,0,0,110,2,4552,5151,8,5,40,1,0,0,0,0
1307828,3,2022,2022,2,3,9,29,27,96,34609,0,1,10,-35.361509,149.230119,58,2,1,1,3,0,0,0,2,0,15,50,0,5929,5929,1,5,36,2,0,0,0,0
1307830,3,2022,2022,9,4,9,296,27,290,293,0,1,2,-33.863187,150.991295,21,0,2,1,3,0,0,0,3,0,7,70,2,1282,1282,1,5,5,2,0,0,0,0
1307831,3,2022,2022,9,5,9,255,31,64,34609,0,1,9,-33.482044,150.154663,40,2,1,1,3,0,0,3,3,0,0,40,0,6545,6545,4,0,5,2,0,0,0,0
1307841,3,2022,2022,10,0,8,125,27,108,123,0,1,7,-33.307001,151.415635,16,2,2,1,0,0,0,0,2,0,0,70,2,14295,14295,3,10,25,2,0,0,0,0
1307861,3,2022,2022,6,1,6,1,10,8,34609,0,1,1,-28.811116,153.306653,39,2,1,1,1,0,0,0,2,0,7,40,0,9859,9859,8,30,40,1,0,0,0,0
1307887,3,2022,2022,2,2,11,1,31,62,34609,0,1,9,-33.892059,151.138862,32,0,2,1,2,0,0,0,0,0,7,40,0,9859,9859,1,30,5,2,0,0,0,0
1307888,3,2022,2022,2,4,9,49,22,41,96,0,1,9,-32.968737,151.627214,37,0,2,0,1,0,0,0,2,0,0,60,2,2585,777,8,34,40,1,0,0,0,0
1307889,3,2022,2022,9,0,8,8,24,29,34609,0,1,9,-35.138931,147.333846,75,2,1,1,1,0,0,0,2,0,0,50,0,623,623,3,10,0,2,0,0,0,0
1307896,3,2022,2022,9,3,8,58,1,159,34609,0,1,1,-33.806473,151.0836,61,0,2,1,2,0,0,3,2,0,7,50,0,248,248,1,10,5,3,0,0,0,0
1307903,3,2022,2022,2,4,1,1104,14,323,962,0,1,3,-33.801407,150.875556,7,0,2,1,1,0,0,0,0,0,7,40,2,1282,1282,1,5,5,3,0,0,0,0
1307921,3,2022,2022,10,1,0,5,10,30,34609,0,1,2,-34.037626,150.807234,13,0,2,1,2,0,3,4,0,0,7,50,0,9859,9859,1,0,3,2,0,0,0,0
1307937,3,2022,2022,10,0,11,3371,17,16,3342,0,1,2,-28.393462,153.525265,72,1,0,1,0,0,0,3,0,0,7,110,2,1089,1089,7,3,40,1,0,0,0,0
1307939,3,2022,2022,10,2,2,1,31,273,34609,0,1,1,-34.419871,150.899824,80,0,2,1,2,0,0,0,0,0,7,50,0,220,220,1,10,5,2,0,0,0,0
1307941,3,2022,2022,10,3,10,2126,17,136,2149,0,1,2,-33.858577,151.069796,67,0,2,1,2,0,3,3,0,0,7,60,2,14295,14295,3,5,5,3,0,0,0,0
1307943,3,2022,2022,9,3,8,1104,14,140,962,0,1,3,-33.794699,150.843025,7,0,2,1,0,0,0,0,2,0,7,100,2,1192,1192,1,30,0,2,0,0,0,0
1307951,3,2022,2022,2,0,6,31,24,173,36,0,1,1,-33.736181,151.102303,36,0,2,1,3,0,0,0,2,0,7,60,1,14295,14295,3,9,13,2,0,0,0,0
1307952,3,2022,2022,2,2,6,2209,17,166,2205,0,1,1,-33.901055,151.178521,69,0,2,1,3,0,0,0,2,0,7,40,2,9859,9859,1,9,0,4,0,0,0,0
1307959,3,2022,2022,10,4,4,5,27,370,34609,0,1,9,-34.057727,150.807588,13,0,2,1,3,0,0,0,2,0,7,50,0,3775,3775,0,0,12,2,0,0,0,0
1307960,3,2022,2022,2,3,2,9,27,81,34609,1,0,1,-33.886267,151.260169,81,0,2,0,3,0,0,0,1,0,7,50,0,1957,4009,1,0,12,4,0,0,0,0
1307967,3,2022,2022,9,6,4,175,27,104,220,0,1,2,-33.73734,150.918468,7,0,2,1,3,0,0,0,2,0,7,70,2,204,204,1,30,5,2,0,0,0,0
1307971,3,2022,2022,1,1,8,1052,14,149,928,0,1,3,-33.364183,151.333261,16,1,2,1,3,0,0,0,3,0,7,110,2,4026,4026,8,5,40,1,0,0,0,0
1307981,3,2022,2022,2,3,6,330,27,31,102,0,1,9,-33.781052,151.277707,50,0,2,1,3,0,3,3,2,0,7,60,2,5929,5929,1,0,5,2,0,0,0,0
1307983,3,2022,2022,10,0,8,478,17,50,480,0,1,7,-33.233787,151.553505,16,2,2,1,1,0,0,0,2,0,0,50,2,5929,5929,1,5,25,2,0,0,0,0
1307984,3,2022,2022,2,1,11,51,27,32,45,0,1,7,-33.743688,150.828324,7,0,2,1,2,0,0,0,0,0,0,60,1,6545,6545,4,5,0,2,0,0,0,0
1307996,3,2022,2022,2,1,9,57,27,58,75,0,1,1,-33.464731,151.285354,16,2,2,0,0,0,0,0,2,0,7,80,1,4552,5151,8,0,40,1,0,0,0,0
1308001,3,2022,2022,2,3,6,8,23,35,34609,0,1,1,-33.973341,151.241326,59,0,2,1,1,0,0,0,2,0,7,50,0,9859,9859,1,5,5,3,0,0,0,0
1308004,3,2022,2022,2,3,0,1,1,113,34609,0,1,1,-29.481093,149.844946,51,2,1,1,2,0,0,0,0,0,7,50,0,9859,9859,8,21,40,1,0,0,0,0
1308006,3,2022,2022,2,5,8,57,27,30,126,0,1,9,-32.763367,151.650507,42,2,1,1,3,0,0,0,2,0,15,80,2,2852,2852,4,5,0,2,0,0,0,0
1308009,3,2022,2022,2,4,9,51,31,47,34609,0,1,1,-33.778048,151.290405,50,0,2,1,1,0,0,0,2,0,7,50,0,9859,9859,1,5,13,3,0,0,0,0
1308027,3,2022,2022,11,4,5,103,27,149,167,1,0,9,-33.995023,151.130436,4,0,2,1,1,0,3,2,2,0,2,70,2,1383,1383,1,0,40,2,0,0,0,0
1308031,3,2022,2022,9,5,4,38,23,54,34609,1,2,1,-33.720584,151.098873,31,0,2,1,1,0,0,0,2,0,7,40,0,237,397,1,8,5,2,0,0,0,0
1308033,3,2022,2022,2,1,7,916,17,165,917,0,1,1,-32.264823,150.888558,46,2,1,1,3,0,0,3,2,0,7,50,2,9859,9859,1,5,0,3,0,0,0,0
1308046,3,2022,2022,9,6,4,45,31,194,13,0,1,7,-30.508771,151.670975,1,2,1,1,3,0,0,3,2,0,0,50,1,6545,6545,4,19,5,2,0,0,0,0
1308049,3,2022,2022,2,3,0,47,27,9,33,0,1,1,-32.428779,151.551188,51,2,1,1,3,0,0,0,0,0,7,50,1,1282,1282,1,10,5,2,0,0,0,0
1308050,3,2022,2022,2,4,4,3,31,160,34609,0,1,10,-33.107685,151.484598,37,0,2,1,3,0,0,0,2,0,0,50,0,775,775,4,0,5,2,0,0,0,0
1308054,3,2022,2022,2,6,6,44,27,290,53,1,0,1,-33.950056,151.1023,4,0,2,1,3,0,0,0,2,0,0,60,1,14295,14295,3,9,5,2,0,0,0,0
1308059,3,2022,2022,2,4,3,21,31,29,34609,0,1,10,-32.933174,151.771976,48,0,2,1,3,0,0,0,2,0,15,50,0,6545,6545,4,10,0,2,0,0,0,0
1308060,3,2022,2022,2,2,8,147,27,224,605,0,1,10,-33.824833,151.234354,45,0,2,0,3,0,0,0,2,0,0,60,2,1259,5151,8,0,40,2,0,0,0,0
1308062,3,2022,2022,2,3,6,1052,14,83,928,0,1,3,-33.500394,151.189341,16,1,2,0,3,0,0,0,2,0,7,100,2,1391,1391,1,30,0,3,0,0,0,0
1308065,3,2022,2022,11,6,8,22,27,123,59,0,1,9,-33.889547,151.22887,69,0,2,0,3,0,0,0,2,0,15,40,1,2852,2852,4,5,27,2,0,0,0,0
1308068,3,2022,2022,2,6,5,60,10,121,84,0,1,2,-28.203673,153.544292,72,2,1,1,3,0,0,0,2,0,7,60,1,14295,14295,3,5,10,2,0,0,0,0
1308069,3,2022,2022,2,4,0,330,23,35,39,0,1,2,-33.970792,151.241496,59,0,2,0,3,0,0,0,0,0,7,60,1,4552,5151,1,5,13,2,0,0,0,0
1308072,3,2022,2022,2,4,8,8,1,234,34609,0,1,10,-34.28418,146.039823,28,2,1,1,3,0,0,0,2,0,0,50,0,6545,6545,4,0,5,2,0,0,0,0
1308073,3,2022,2022,2,6,6,112,27,96,256,0,1,2,-34.050389,150.82587,13,0,2,1,3,0,0,0,2,0,7,60,2,1383,1383,1,9,5,2,0,0,0,0
1308077,3,2022,2022,2,1,2,34,31,98,260,0,1,1,-33.008775,151.594066,37,0,2,1,3,0,3,4,0,0,7,60,2,9859,9859,8,5,40,1,0,0,0,0
1308081,3,2022,2022,2,6,9,4,27,13,34609,0,1,1,-35.161979,147.441576,75,1,0,1,3,0,0,0,3,0,7,100,0,4026,4026,8,5,40,1,0,0,0,0
1308083,3,2022,2022,2,0,4,80,31,609,34609,0,1,10,-33.752802,150.92231,7,0,2,1,3,0,0,0,2,0,15,50,0,6545,6545,4,5,0,2,0,0,0,0
1308085,3,2022,2022,2,2,6,2209,17,88,2205,0,1,10,-33.984026,151.1139,25,0,2,1,3,0,0,0,2,2,7,70,2,5929,5929,1,0,13,2,0,0,0,0
1308086,3,2022,2022,2,6,1,9,1,57,34609,0,1,1,-33.336869,151.438562,16,2,2,0,3,0,0,0,0,0,7,50,0,2585,4009,8,5,40,1,0,0,0,0
1308087,3,2022,2022,9,3,8,153,27,290,147,0,1,9,-33.949604,151.119937,4,0,2,1,3,0,0,0,2,0,7,60,2,1282,1282,1,5,0,3,0,0,0,0
1308088,3,2022,2022,2,1,6,50,27,125,51,0,1,1,-33.85467,151.07801,67,0,2,1,3,0,3,4,2,0,7,50,1,1981,1981,4,0,13,2,0,0,0,0
1308089,3,2022,2022,2,2,7,9,31,112,34609,0,1,9,-36.062298,146.92622,0,2,1,1,3,0,0,0,2,0,0,60,0,5929,5929,1,5,0,2,0,0,0,0
1308090,3,2022,2022,2,4,6,4,1,1,34609,0,1,1,-33.491589,150.139705,40,2,1,1,3,0,0,0,2,0,7,50,0,237,397,1,5,13,2,0,0,0,0
1308091,3,2022,2022,2,1,4,114,27,9,228,0,1,9,-33.487464,150.948927,71,0,2,0,3,0,0,0,2,0,0,80,2,6545,6545,4,5,5,2,0,0,0,0
1308092,3,2022,2022,2,3,5,120,36,10,148,0,1,1,-30.366536,152.721301,6,1,0,0,3,0,0,0,2,0,7,100,2,3775,3775,0,5,0,2,0,0,0,0
1308094,3,2022,2022,2,6,6,485,27,187,769,0,1,9,-33.787461,150.995126,54,0,2,1,3,0,0,0,2,0,7,60,2,1945,1945,5,9,40,1,0,0,0,0
1308096,3,2022,2022,2,5,10,1,31,89,34609,0,1,1,-33.86125,150.894288,24,0,2,1,3,0,0,0,0,0,7,50,0,9859,9859,1,5,5,3,0,0,0,0
1308098,3,2022,2022,2,3,1,2,27,1,34609,0,1,1,-36.002509,148.999298,65,1,0,0,3,2,0,0,0,0,7,100,0,1850,1463,5,10,40,1,0,0,0,0
1308099,3,2022,2022,2,6,11,21,27,7,61,0,1,1,-34.263372,146.096508,28,1,0,1,3,0,0,0,0,0,7,100,1,945,945,5,10,40,1,0,0,0,0
1308100,3,2022,2022,2,3,7,149,10,136,702,0,1,2,-33.86756,151.064415,67,0,2,0,3,0,0,0,2,0,7,80,2,14295,14295,3,5,5,2,0,0,0,0
1308103,3,2022,2022,2,4,7,2209,17,133,2205,0,1,9,-34.512836,150.784517,80,0,2,1,3,0,3,4,2,2,7,60,1,5929,5929,1,30,0,2,0,0,0,0
1308115,3,2022,2022,2,6,5,2,27,87,34609,0,1,1,-34.05209,151.147046,68,0,2,1,1,0,0,0,2,0,7,50,0,1282,1282,1,33,5,2,0,0,0,0