Crash ID,Degree of crash - detailed,Reporting year,Year of crash,Month of crash,Day of week of crash,Two-hour intervals,Street of crash,Street type,Town,Route no.,School zone location,School zone active,Type of location,Latitude,Longitude,LGA,Urbanisation,Conurbation 1,Alignment,Street lighting,Road surface,Surface condition,Weather,Natural lighting,Signals operation,Other traffic control,Speed limit,Road classification,RUM - code,DCA - code,First impact type,Key TU type,Other TU type,No. of traffic units involved,No. killed,No. seriously injured,No. moderately injured,No. minor-other injured
1308116,3,2022,2022,2,0,0,23,27,33,34609,0,1,1,-33.802135,151.084653,61,0,2,1,2,0,0,0,0,0,7,50,0,9859,9859,1,9,5,2,0,0,0,0
1308141,3,2022,2022,9,6,11,2209,17,17,2205,0,1,1,-35.091465,150.507878,63,2,1,1,2,0,0,0,0,0,7,80,2,4026,4026,8,5,40,1,0,0,0,0
1308145,3,2022,2022,2,1,2,43,2,92,42,0,1,7,-33.737484,150.955796,71,0,2,0,1,0,0,0,1,0,0,70,2,1957,4009,8,21,40,1,0,0,0,0
1308153,3,2022,2022,2,6,2,37,23,36,34609,0,1,1,-33.937265,151.252893,59,0,2,1,2,0,0,0,0,0,7,50,0,9859,9859,1,0,0,2,0,0,0,0
1308155,3,2022,2022,2,3,9,1052,14,36,928,0,1,3,-33.437144,151.220115,16,1,2,1,2,0,0,0,3,0,7,110,2,9859,9859,8,0,40,1,0,0,0,0
1308156,3,2022,2022,2,5,7,4,31,562,34609,0,1,10,-32.261236,148.615004,22,2,1,1,0,0,0,0,2,0,0,50,0,6545,6545,4,5,0,2,0,0,0,0
1308159,3,2022,2022,2,1,0,115,27,113,173,0,1,1,-34.29779,150.735241,79,1,2,1,0,0,0,0,0,0,7,100,2,9859,9859,8,5,40,1,0,0,0,0
1308166,3,2022,2022,9,2,0,1,7,6,34609,0,1,1,-33.328225,151.437792,16,2,2,0,2,0,0,0,0,0,7,50,0,4552,5151,1,5,5,2,0,0,0,0
1308189,3,2022,2022,10,4,0,101,10,132,34609,0,1,4,-29.768293,151.117341,33,2,1,0,2,0,3,4,0,0,7,50,0,2585,4009,8,5,40,1,0,0,0,0
1308190,3,2022,2022,10,5,10,2261,17,204,2252,0,1,2,-33.89822,150.951155,24,0,2,0,3,0,2,6,0,0,7,70,2,1282,1282,1,33,5,2,0,0,0,0
1308205,3,2022,2022,10,6,6,229,14,110,237,0,1,3,-33.761928,151.034861,71,0,2,1,3,0,0,0,2,0,7,100,2,9859,9859,8,10,40,1,0,0,0,0
1308214,3,2022,2022,9,1,10,125,27,43,144,0,1,1,-32.807134,151.87006,57,2,1,1,2,0,0,0,0,0,7,80,2,1945,1945,5,8,40,1,0,0,0,0
1308215,3,2022,2022,2,4,8,27,31,82,34609,0,1,10,-31.079257,150.925651,70,2,1,1,3,0,0,0,3,0,15,50,0,5929,5929,1,5,0,2,0,0,0,0
1308217,3,2022,2022,9,6,3,13,27,7,34609,0,1,1,-31.453115,152.719333,56,2,1,0,1,0,0,0,2,0,7,50,0,3775,3775,0,10,10,2,0,0,0,0
1308218,3,2022,2022,9,5,10,8,31,157,34609,0,1,7,-33.802773,151.008045,54,0,2,1,3,0,0,0,0,0,0,50,0,6545,6545,4,5,0,2,0,0,0,0
1308220,3,2022,2022,9,6,1,109,27,44,169,0,1,1,-32.81085,151.431833,17,2,1,1,3,0,0,0,0,0,7,60,2,9859,9859,8,5,40,1,0,0,0,0
1308228,3,2022,2022,2,0,9,84,27,60,32,0,1,1,-33.82746,151.138129,51,0,2,1,0,0,0,0,2,0,7,60,1,9859,9859,8,0,40,1,0,0,0,0
1308229,3,2022,2022,10,3,7,193,27,147,34609,1,0,9,-33.868417,151.132832,14,0,2,0,1,0,0,0,2,0,7,50,0,4552,5151,1,0,5,2,0,0,0,0
1308236,3,2022,2022,2,2,4,6,31,234,34609,0,1,1,-34.290138,146.052273,28,2,1,1,3,0,0,0,2,0,7,50,0,220,220,1,21,5,2,0,0,0,0
1308239,3,2022,2022,2,1,3,334,17,11,308,0,1,9,-31.467529,152.77363,56,2,1,1,3,0,0,0,2,0,7,80,2,1109,787,1,5,0,2,0,0,0,0
1308240,3,2022,2022,2,1,8,866,17,98,793,0,1,9,-33.739515,151.066375,31,0,2,1,3,0,0,0,2,2,9,70,2,14295,14295,3,9,5,2,0,0,0,0
1308242,3,2022,2022,2,3,3,162,31,91,172,1,0,9,-32.968564,151.651873,37,0,2,0,3,0,3,4,2,1,7,60,2,2585,4009,8,5,40,1,0,0,0,0
1308244,3,2022,2022,2,6,6,7,31,87,34609,0,1,10,-33.694788,150.955705,71,0,2,1,3,0,0,0,2,0,0,50,0,6545,6545,4,5,13,2,0,0,0,0
1308247,3,2022,2022,2,3,3,3,27,45,34609,0,1,1,-34.274399,150.608194,79,2,2,0,3,2,0,0,2,0,7,80,0,1850,1463,5,5,40,1,0,0,0,0
1308251,3,2022,2022,2,0,11,6,1,136,34609,0,1,9,-33.863346,151.064697,67,0,2,1,3,0,0,0,0,0,7,50,0,2852,2852,4,5,13,2,0,0,0,0
1308254,3,2022,2022,2,0,6,829,27,309,770,1,0,9,-33.819373,151.116732,61,0,2,1,3,0,0,0,2,2,7,60,2,5929,5929,1,5,5,2,0,0,0,0
1308263,3,2022,2022,2,5,11,3371,17,463,3342,0,1,9,-30.298606,153.112351,19,2,1,0,3,0,3,4,0,0,7,60,2,4552,5151,8,5,40,1,0,0,0,0
1308268,3,2022,2022,9,5,7,3,27,143,38,0,1,9,-33.879286,151.109804,9,0,2,1,1,0,0,0,2,0,0,50,1,2852,2852,4,0,5,2,0,0,0,0
1308272,3,2022,2022,9,0,7,2261,17,44,2252,0,1,2,-35.295531,147.712501,75,1,0,1,3,0,0,0,2,0,7,110,2,14295,14295,3,29,10,2,0,0,0,0
1308273,3,2022,2022,2,4,8,29,31,609,48,0,1,1,-33.767458,150.892695,7,0,2,1,3,0,3,4,2,0,7,60,1,14295,14295,3,0,0,2,0,0,0,0
1308275,3,2022,2022,2,2,5,39,31,246,99,0,1,10,-33.901753,151.200142,69,0,2,1,3,0,3,3,2,2,7,50,2,14295,14295,3,5,5,2,0,0,0,0
1308276,3,2022,2022,2,0,7,2126,17,438,2149,0,1,10,-33.845063,151.042206,21,0,2,1,3,0,0,0,2,2,7,70,2,1391,1391,1,0,35,2,0,0,0,0
1308280,3,2022,2022,2,6,10,13,31,87,34609,0,1,7,-28.809347,153.285248,39,2,1,0,3,0,0,0,4,0,0,50,0,5929,5929,1,0,5,2,0,0,0,0
1308281,3,2022,2022,2,2,8,2209,17,133,2205,0,1,9,-34.495319,150.793292,80,0,2,1,3,0,0,0,2,2,7,50,1,14295,14295,3,0,5,2,0,0,0,0
1308282,3,2022,2022,2,2,8,1,7,226,34609,0,1,9,-33.764194,150.807501,7,0,2,0,3,0,0,0,2,0,7,50,0,4552,5151,8,5,40,1,0,0,0,0
1308283,3,2022,2022,2,3,4,225,17,50,180,0,1,1,-34.556599,150.658602,62,0,2,0,3,0,0,0,2,0,7,60,2,2585,4009,8,16,40,1,0,0,0,0
1308288,3,2022,2022,2,3,6,103,27,33,167,0,1,9,-33.980326,151.136704,4,0,2,1,3,0,3,3,2,0,15,60,2,2852,2852,4,10,19,2,0,0,0,0
1308292,3,2022,2022,2,6,8,9,31,79,34609,0,1,10,-34.003514,150.735639,12,0,2,1,3,0,0,0,2,0,0,50,0,1109,397,1,0,5,2,0,0,0,0
1308304,3,2022,2022,2,4,5,3371,17,56,3342,0,1,2,-31.092591,152.854024,34,1,0,0,0,0,0,0,2,0,7,110,2,14295,14295,3,5,0,2,0,0,0,0
1308307,3,2022,2022,9,0,9,346,17,103,332,0,1,1,-28.811446,153.339533,39,2,1,0,3,0,0,0,0,0,7,60,2,2585,4009,8,5,40,1,0,0,0,0
1308322,3,2022,2022,2,2,11,76,31,131,60,0,1,2,-36.068775,146.930126,0,2,1,1,2,0,0,0,0,0,7,60,1,9859,9859,8,5,40,2,0,0,0,0
1308335,3,2022,2022,2,4,5,10,31,53,118,0,1,10,-31.087179,150.929713,70,2,1,1,3,0,0,0,2,0,0,50,2,1957,777,8,30,40,3,0,0,0,0
1308336,3,2022,2022,9,4,2,1,31,35,34609,0,1,1,-30.497709,153.021927,6,2,1,1,1,0,0,0,0,0,7,50,0,9859,9859,1,30,0,2,0,0,0,0
1308340,3,2022,2022,2,4,9,1,27,69,34609,0,1,10,-33.357914,151.495826,16,2,2,1,0,0,0,0,2,0,7,50,0,4026,4026,8,21,40,1,0,0,0,0
1308348,3,2022,2022,2,1,11,3,1,69,34609,0,1,1,-33.769667,150.994365,54,0,2,1,2,0,3,3,0,0,7,50,0,9859,9859,8,5,40,1,0,0,0,0
1308355,3,2022,2022,2,5,6,9,1,271,11,0,1,7,-33.95113,151.02536,15,0,2,1,3,0,0,0,2,0,0,60,1,6545,6545,4,5,0,2,0,0,0,0
1308356,3,2022,2022,2,2,6,348,17,3,232,0,1,9,-31.545738,148.578481,51,1,0,0,3,0,0,0,2,0,0,110,2,623,623,3,26,13,2,0,0,0,0
1308357,3,2022,2022,2,1,11,46,27,304,39,0,1,1,-33.910634,151.156586,32,0,2,1,2,0,3,4,0,0,7,40,1,4026,4026,8,5,40,1,0,0,0,0
1308366,3,2022,2022,9,5,10,12,1,134,34609,0,1,9,-33.979939,150.809662,12,0,2,1,3,0,0,0,0,0,7,50,0,3775,3775,0,0,0,2,0,0,0,0
1308375,3,2022,2022,2,0,7,39,10,87,65,0,1,7,-33.699777,150.958865,71,0,2,1,3,0,0,0,2,0,0,60,1,623,623,3,5,35,2,0,0,0,0
1308376,3,2022,2022,2,4,4,220,14,74,220,0,1,3,-34.436257,150.867896,80,0,2,0,3,0,0,0,2,0,7,90,2,14295,14295,3,5,0,3,0,0,0,0
1308380,3,2022,2022,2,1,3,10,27,42,91,0,1,2,-35.339698,149.243421,58,2,1,1,3,0,0,0,2,0,7,60,2,14295,14295,3,10,0,2,0,0,0,0
1308381,3,2022,2022,2,0,8,192,10,84,114,0,1,7,-33.465229,151.411295,16,2,2,1,3,0,0,0,2,0,0,60,2,14295,14295,3,5,13,2,0,0,0,0
1308386,3,2022,2022,2,2,11,106,27,252,106,0,1,9,-33.927578,150.888153,41,0,2,1,2,0,0,0,0,2,7,70,2,1192,1192,1,0,36,2,0,0,0,0
1308395,3,2022,2022,11,6,3,1,31,124,34609,0,1,1,-33.808658,151.03157,54,0,2,1,0,0,0,0,2,0,7,50,0,9859,9859,1,5,5,2,0,0,0,0
1308397,3,2022,2022,9,1,9,308,14,76,311,0,1,3,-33.924531,150.860869,41,0,2,0,3,0,0,0,3,0,7,100,2,1391,1391,1,29,36,2,0,0,0,0
1308400,3,2022,2022,9,6,4,24,27,123,34609,1,2,9,-33.881653,151.229441,81,0,2,1,3,0,0,0,2,0,0,40,0,9859,9859,8,5,40,1,0,0,0,0
1308403,3,2022,2022,9,3,10,829,27,124,770,0,1,6,-33.810207,151.031484,54,0,2,1,2,0,0,0,0,0,7,60,2,9859,9859,1,0,23,3,0,0,0,0
1308405,3,2022,2022,2,1,8,280,10,127,240,0,1,9,-33.845224,150.870498,24,0,2,0,0,0,0,0,2,2,7,60,2,14295,14295,3,5,40,2,0,0,0,0
1308410,3,2022,2022,2,2,9,1104,14,163,962,0,1,3,-33.866568,151.094947,14,0,2,1,3,0,0,0,2,0,7,60,2,14295,14295,3,5,0,2,0,0,0,0
1308412,3,2022,2022,9,3,6,334,27,11,5,0,1,1,-34.456151,144.357881,51,1,0,1,3,0,3,0,2,0,7,100,1,1945,1945,5,5,40,1,0,0,0,0
1308413,3,2023,2022,2,1,3,77,10,7,331,0,1,7,-34.097435,150.695143,79,2,2,1,3,0,0,0,2,0,0,80,1,9859,9859,8,5,40,1,0,0,0,0
1308414,3,2022,2022,2,0,8,1052,14,207,928,0,1,3,-33.572045,151.192894,31,0,2,1,0,0,0,0,2,0,7,110,2,14295,14295,3,33,36,7,0,0,0,0
1308417,3,2022,2022,2,0,1,32,1,73,34609,0,1,1,-33.776976,151.175772,36,0,2,1,0,0,0,0,0,0,7,50,0,9859,9859,1,33,5,2,0,0,0,0
1308419,3,2022,2022,2,5,9,3,31,137,34609,0,1,9,-33.905991,150.908945,24,0,2,1,0,0,0,0,0,0,15,50,0,1282,1282,1,33,5,2,0,0,0,0
1308422,3,2022,2022,2,3,0,19,1,278,34609,0,1,1,-33.771492,151.037361,54,0,2,1,2,0,0,0,0,0,7,50,0,4026,4026,1,0,5,2,0,0,0,0
1308423,3,2022,2022,9,0,4,7,27,144,34609,0,1,1,-34.044953,151.017099,68,0,2,0,0,0,0,0,2,0,7,50,0,4552,5151,1,21,0,2,0,0,0,0
1308442,3,2022,2022,10,5,11,213,17,113,213,0,1,9,-29.47412,149.854675,51,2,1,1,2,0,0,3,0,0,0,50,2,2585,777,8,5,40,1,0,0,0,0
1308446,3,2022,2022,9,4,0,83,31,23,34609,1,0,9,-31.500056,145.826496,51,2,1,1,2,0,0,0,0,0,0,50,0,489,489,8,10,40,1,0,0,0,0
1308450,3,2022,2022,10,1,1,9,27,81,34609,0,1,7,-33.885204,151.264606,81,0,2,1,2,0,0,0,0,0,0,50,0,9859,9859,1,30,5,2,0,0,0,0
1308459,3,2022,2022,9,6,1,24,31,102,34609,0,1,2,-31.10861,150.905346,70,2,1,1,2,0,0,0,0,0,7,50,0,4026,4026,8,0,40,1,0,0,0,0
1308466,3,2022,2022,9,5,6,177,22,70,176,0,1,10,-34.03288,151.08908,68,0,2,1,0,0,0,0,2,2,7,60,2,6545,6545,4,10,0,2,0,0,0,0
1308480,3,2022,2022,2,1,3,34,27,29,34609,0,1,2,-35.130624,147.341623,75,2,1,1,3,0,0,3,1,0,7,50,0,941,941,1,0,5,2,0,0,0,0
1308504,3,2022,2022,2,1,8,45,1,15,34609,0,1,1,-34.573575,150.834437,62,0,2,1,3,0,0,0,2,0,7,50,0,14295,14295,3,5,0,2,0,0,0,0
1308505,3,2022,2022,2,4,11,2,31,155,34609,0,1,1,-33.130813,148.168599,53,2,1,1,2,0,0,0,0,0,7,50,0,9859,9859,1,10,5,2,0,0,0,0
1308510,3,2022,2022,2,6,2,33,31,31,34609,0,1,9,-33.868893,151.031601,21,0,2,1,0,0,0,0,1,0,7,50,0,4026,4026,1,0,13,2,0,0,0,0
1308512,3,2022,2022,2,1,5,62,27,39,166,0,1,2,-33.25193,151.489156,16,2,2,0,3,0,0,3,2,0,7,50,2,1383,1383,1,5,0,2,0,0,0,0
1308514,3,2022,2022,2,4,11,103,36,2,157,0,1,1,-29.012934,153.008515,60,1,0,1,3,0,0,0,0,0,7,100,2,1089,1089,7,5,40,1,0,0,0,0
1308528,3,2022,2022,2,0,11,19,31,532,34609,0,1,9,-33.863367,151.205891,69,0,2,1,2,0,0,0,0,0,7,40,0,1192,1192,1,33,5,2,0,0,0,0
1308537,3,2022,2022,2,0,8,2209,17,106,2205,0,1,2,-33.88492,151.194571,69,0,2,1,1,0,0,0,2,0,7,50,2,1192,1192,1,5,5,2,0,0,0,0
1308542,3,2022,2022,2,2,11,5,6,22,34609,0,1,1,-33.636659,150.802319,29,2,2,1,2,0,3,0,0,0,7,50,0,4026,4026,1,0,5,2,0,0,0,0
1308549,3,2022,2022,2,0,3,7,10,63,34609,0,1,1,-33.248129,151.506028,16,2,2,0,3,0,0,0,1,0,7,50,0,2585,4009,1,30,5,2,0,0,0,0
1308550,3,2022,2022,2,5,5,154,27,55,244,0,1,9,-33.903576,151.081731,15,0,2,1,3,0,0,0,2,0,0,60,2,5929,5929,1,5,5,3,0,0,0,0
1308551,3,2022,2022,9,6,4,22,27,136,34609,0,1,2,-33.862761,151.066391,67,0,2,1,3,0,0,0,2,0,7,60,0,14295,14295,3,8,5,2,0,0,0,0
1308553,3,2022,2022,2,0,5,1052,14,83,928,0,1,3,-33.505486,151.188854,16,1,2,0,3,0,0,0,2,0,7,100,2,14295,14295,3,5,13,2,0,0,0,0
1308554,3,2022,2022,2,6,5,1052,14,60,928,0,1,3,-33.431989,151.253144,16,1,2,1,3,0,0,0,2,0,7,110,2,14295,14295,3,5,5,3,0,0,0,0
1308556,3,2022,2022,2,2,11,22,31,65,34609,0,1,1,-33.802535,150.957474,21,0,2,0,3,0,0,0,0,0,7,50,0,1957,4009,1,5,5,3,0,0,0,0
1308557,3,2022,2022,2,1,6,3371,17,20,3342,0,1,2,-29.574576,153.143727,18,1,0,1,3,0,0,0,2,0,7,110,2,9859,9859,8,0,40,1,0,0,0,0
1308558,3,2022,2022,2,3,11,29,27,147,69,0,1,10,-33.872795,151.132676,14,0,2,1,3,0,0,0,0,0,0,60,2,1383,1383,1,5,5,2,0,0,0,0
1308559,3,2023,2022,2,2,5,2209,17,106,2205,0,1,2,-34.570881,150.813898,62,0,2,1,3,0,0,0,2,0,7,70,2,1391,1391,1,5,0,2,0,0,0,0
1308560,3,2022,2022,2,4,4,916,17,66,917,0,1,2,-32.811259,151.668898,48,0,2,1,3,0,0,0,2,0,7,80,2,14295,14295,3,33,40,2,0,0,0,0
1308565,3,2022,2022,2,6,8,45,27,134,40,0,1,1,-33.679167,150.862013,7,0,2,1,1,0,0,0,2,0,7,50,2,941,941,1,0,5,3,0,0,0,0
1308567,3,2022,2022,2,5,9,1104,11,532,770,0,1,10,-33.863398,151.205372,69,0,2,1,3,0,0,0,2,2,7,40,2,515,515,1,5,22,2,0,0,0,0
1308568,3,2022,2022,2,5,8,1052,14,160,928,0,1,3,-33.135011,151.474511,37,0,2,1,3,0,0,0,2,0,7,110,2,14295,14295,3,10,13,2,0,0,0,0
1308570,3,2022,2022,2,4,5,29,31,74,9,0,1,10,-33.752081,150.845675,7,0,2,1,3,0,0,0,2,2,7,60,2,5929,5929,1,10,5,2,0,0,0,0
1308572,3,2022,2022,9,0,8,344,31,10,83,0,1,1,-29.499571,153.100529,18,2,1,0,1,0,0,0,2,0,7,50,1,2585,4009,8,5,40,1,0,0,0,0
1308579,3,2022,2022,2,2,5,3371,17,56,3342,0,1,2,-31.111376,152.836005,34,1,0,1,0,0,0,3,2,0,7,110,2,9859,9859,8,5,40,1,0,0,0,0
1308589,3,2022,2022,9,2,0,8,27,56,34609,0,1,1,-31.486589,152.728607,56,2,1,0,0,0,0,0,0,0,7,80,0,1850,1463,5,5,40,1,0,0,0,0
1308595,3,2022,2022,10,2,0,49,31,65,34609,0,1,1,-34.481715,150.886031,80,0,2,1,2,0,3,2,0,0,7,50,0,9859,9859,1,10,5,3,0,0,0,0
1308610,3,2022,2022,9,6,7,3,31,16,34609,0,1,1,-33.816695,151.091963,61,0,2,1,0,0,0,0,2,0,7,40,0,9859,9859,1,5,0,2,0,0,0,0
1308612,3,2022,2022,10,4,7,6,23,106,34609,0,1,1,-33.68663,151.30877,50,0,2,0,3,0,3,3,2,0,7,50,0,380,714,5,5,40,1,0,0,0,0
1308617,3,2022,2022,10,1,9,500,27,80,160,0,1,1,-33.973988,150.899409,13,0,2,1,1,0,0,3,2,0,7,60,2,9859,9859,1,5,0,2,0,0,0,0
1308622,3,2022,2022,2,5,5,512,17,433,441,0,1,1,-33.184428,149.018156,11,1,0,1,3,0,0,0,2,0,7,100,2,9859,9859,8,5,40,1,0,0,0,0
1308623,3,2022,2022,2,1,5,49,31,32,6,0,1,9,-29.074163,153.347414,60,2,1,1,3,0,0,0,2,0,0,50,1,14295,14295,3,10,5,2,0,0,0,0
1308624,3,2022,2022,2,4,4,2209,17,79,2205,0,1,7,-34.914361,150.603547,63,2,1,0,3,0,0,3,2,0,0,70,2,926,926,4,10,0,2,0,0,0,0
1308626,3,2022,2022,2,0,7,1052,14,83,928,0,1,3,-33.51231,151.19136,16,1,2,0,3,0,0,0,2,0,7,100,2,14295,14295,3,5,0,2,0,0,0,0
1308627,3,2022,2022,2,0,8,4,31,46,34609,0,1,10,-33.946064,151.112208,4,0,2,1,3,0,0,0,3,0,15,50,0,1391,1391,1,5,5,2,0,0,0,0
1308628,3,2022,2022,2,5,0,1,27,2,34609,0,1,1,-29.830495,149.617966,51,1,0,1,3,0,0,0,0,0,7,100,0,1089,1089,7,10,40,1,0,0,0,0
1308630,3,2022,2022,2,3,10,46,27,304,39,1,0,1,-33.908682,151.152406,32,0,2,1,3,0,3,3,4,0,7,60,1,9859,9859,8,5,40,1,0,0,0,0
1308632,3,2022,2022,2,4,4,3,1,103,45,0,1,1,-34.316191,148.30808,30,2,1,1,3,0,0,3,2,0,7,60,1,14295,14295,3,0,5,2,0,0,0,0
1308633,3,2022,2022,2,1,8,126,31,201,34609,0,1,1,-33.996754,150.868705,13,0,2,1,3,0,0,0,2,0,7,50,0,9859,9859,1,5,5,2,0,0,0,0
1308634,3,2022,2022,2,0,7,230,27,197,284,0,1,2,-33.792413,151.131795,61,0,2,1,3,0,0,0,2,0,7,70,2,14295,14295,3,0,5,3,0,0,0,0
1308636,3,2022,2022,2,3,5,69,31,15,34609,0,1,10,-34.553257,148.368042,30,2,1,1,3,0,0,0,2,0,0,50,0,6545,6545,4,5,13,2,0,0,0,0
1308637,3,2022,2022,2,4,7,87,1,225,34609,0,1,10,-33.79687,151.186783,77,0,2,1,3,0,3,3,2,0,15,40,0,14295,14295,3,0,0,2,0,0,0,0
1308638,3,2022,2022,2,1,8,27,27,18,34609,0,1,9,-34.04699,150.824725,13,0,2,1,3,0,0,0,2,0,15,50,0,5929,5929,1,5,5,2,0,0,0,0
1308639,3,2022,2022,2,6,7,9,27,23,34609,0,1,1,-34.621495,150.829038,62,0,2,0,3,0,0,0,2,0,7,80,0,14295,14295,3,5,0,2,0,0,0,0
1308640,3,2022,2022,2,2,1,106,27,22,106,0,1,9,-33.927186,150.871718,41,0,2,1,3,0,0,0,0,2,7,70,2,5929,5929,1,5,5,2,0,0,0,0
1308643,3,2022,2022,2,2,2,125,27,38,144,0,1,2,-32.789818,151.901944,57,2,1,1,3,0,0,0,1,0,7,80,2,9859,9859,8,9,40,1,0,0,0,0
1308647,3,2022,2022,2,4,7,8,1,63,34609,0,1,1,-33.244833,151.513824,16,2,2,1,3,0,0,0,2,0,7,50,0,175,188,8,5,40,1,0,0,0,0
1308649,3,2022,2022,10,2,5,6,31,87,34609,0,1,1,-34.057134,151.154205,68,0,2,1,3,0,0,0,2,0,7,50,0,9859,9859,1,10,40,2,0,0,0,0
1308652,3,2022,2022,2,2,5,346,17,14,332,0,1,1,-28.900724,152.601409,51,1,0,0,3,0,3,4,2,0,7,100,2,418,714,5,10,40,1,0,0,0,0
1308654,3,2022,2022,2,0,4,14,27,8,17,0,1,1,-30.132906,150.084726,51,1,0,0,3,0,0,3,2,0,7,100,1,782,957,5,10,40,1,0,0,0,0
1308670,3,2022,2022,2,2,0,4,10,89,34609,0,1,2,-28.219462,153.546582,72,2,1,0,2,0,3,0,0,0,7,60,0,782,957,5,0,40,1,0,0,0,0
1308674,3,2022,2022,10,3,0,143,31,57,34609,0,1,9,-32.978542,151.686389,37,0,2,1,2,0,3,4,0,0,7,50,0,9859,9859,1,10,5,2,0,0,0,0
1308676,3,2022,2022,2,4,11,14,31,155,231,0,1,7,-33.487373,151.322163,16,2,2,1,2,0,3,4,0,0,0,60,2,4026,4026,8,10,40,1,0,0,0,0
1308678,3,2022,2022,2,1,8,8,10,74,34609,0,1,9,-34.066573,150.761846,12,0,2,0,1,0,0,0,2,0,7,50,0,1957,4009,1,10,0,2,0,0,0,0
1308710,3,2022,2022,2,1,11,46,27,4,34609,0,1,1,-34.565353,150.867283,62,0,2,0,3,2,0,0,0,0,7,60,0,273,957,5,10,40,1,0,0,0,0
1308719,3,2022,2022,10,1,4,3,31,161,51,0,1,10,-33.883175,151.162815,32,0,2,1,1,0,0,0,2,1,7,40,1,1957,777,8,5,40,1,0,0,0,0
1308720,3,2022,2022,9,2,9,222,27,147,125,0,1,1,-33.874176,151.007415,21,0,2,1,0,0,0,0,2,0,7,60,1,175,188,8,0,40,2,0,0,0,0
1308722,3,2022,2022,10,2,0,3,31,94,34609,0,1,1,-33.835127,151.052761,54,0,2,1,3,0,0,0,0,0,7,50,0,4026,4026,1,10,5,3,0,0,0,0
1308723,3,2022,2022,10,0,11,68,31,41,168,0,1,1,-34.054323,150.704681,12,0,2,1,2,0,0,0,0,0,7,60,1,9859,9859,8,10,40,1,0,0,0,0
1308730,3,2022,2022,9,1,4,2,27,8,34609,0,1,1,-36.649943,149.926497,5,1,0,0,3,2,0,0,2,0,7,100,0,4552,5151,8,8,40,1,0,0,0,0
1308741,3,2022,2022,2,6,11,8,1,11,34609,0,1,1,-34.382168,150.889974,80,0,2,1,2,0,0,0,0,0,7,50,0,9859,9859,1,5,5,2,0,0,0,0
1308747,3,2022,2022,2,4,5,39,27,169,147,0,1,2,-28.637727,153.574698,10,2,1,1,3,0,0,0,2,0,0,60,1,4026,4026,8,0,40,1,0,0,0,0
1308753,3,2022,2022,2,5,8,348,27,363,88,0,1,7,-33.743119,150.691895,55,0,2,0,3,0,0,0,2,0,0,60,2,14295,14295,3,10,5,2,0,0,0,0
1308756,3,2022,2022,2,1,9,22,31,165,78,0,1,10,-33.8498,151.152031,14,0,2,1,3,0,0,0,3,0,15,50,2,6545,6545,4,5,0,2,0,0,0,0
1308757,3,2022,2022,2,2,6,916,17,12,917,0,1,2,-32.656844,151.293635,64,1,0,0,3,0,0,0,2,0,7,100,2,273,957,5,34,40,1,0,0,0,0
1308762,3,2023,2022,2,4,3,63,17,207,63,0,1,1,-31.988892,141.4502,51,2,1,1,3,0,0,3,1,0,7,50,2,77,77,1,30,5,2,0,0,0,0
1308764,3,2022,2022,2,3,11,1,27,140,34609,1,0,1,-33.898269,150.991156,15,0,2,1,3,0,0,0,0,0,7,50,0,9859,9859,8,5,40,1,0,0,0,0
1308765,3,2022,2022,2,1,9,13,27,131,212,0,1,9,-33.780835,151.195772,36,0,2,0,3,0,0,0,3,2,7,60,2,14295,14295,3,0,5,2,0,0,0,0
1308773,3,2022,2022,2,5,6,204,31,169,99,0,1,9,-33.900239,151.210311,69,0,2,1,1,0,0,0,2,2,7,50,2,515,515,1,8,13,2,0,0,0,0
1308777,3,2022,2022,2,0,11,4,10,29,34609,0,1,1,-28.79182,153.587518,2,2,1,1,2,0,0,0,0,0,7,50,0,9859,9859,1,5,5,3,0,0,0,0
1308780,3,2022,2022,10,1,1,1,31,123,34609,0,1,1,-33.822349,151.059359,54,0,2,1,2,0,3,6,0,0,7,50,0,4026,4026,1,0,12,4,0,0,0,0
1308781,3,2022,2022,2,0,7,3371,17,11,3342,0,1,2,-28.356346,153.522673,72,1,0,1,1,0,0,3,2,0,7,110,2,4026,4026,8,5,40,1,0,0,0,0
1308782,3,2022,2022,2,1,0,2209,17,70,2205,0,1,9,-34.854911,150.597928,63,2,1,1,2,0,3,4,0,0,0,70,2,4026,4026,8,9,40,1,0,0,0,0
1308793,3,2022,2022,2,2,5,1104,14,223,962,0,1,3,-33.80574,150.917432,7,0,2,1,0,0,0,3,2,0,7,80,2,1383,1383,1,5,5,2,0,0,0,0
1308800,3,2022,2022,2,2,7,1052,14,101,928,0,1,3,-32.890282,151.599798,37,0,2,0,3,0,0,0,2,0,7,110,2,1383,1383,1,3,0,2,0,0,0,0
1308802,3,2022,2022,2,4,10,2209,17,106,2205,0,1,9,-34.568024,150.803086,62,0,2,0,3,0,0,0,0,2,7,60,2,1981,1981,4,5,5,2,0,0,0,0
1308803,3,2022,2022,2,1,8,32,31,111,91,0,1,10,-33.918107,151.257355,59,0,2,1,3,0,0,0,3,0,15,50,1,6545,6545,4,5,5,2,0,0,0,0
1308804,3,2022,2022,2,5,7,39,27,11,29,0,1,1,-32.51413,149.6655,44,1,0,0,3,0,0,0,2,0,7,100,1,380,714,5,5,40,1,0,0,0,0
1308807,3,2022,2022,2,4,7,192,10,84,114,0,1,1,-33.467156,151.407596,16,2,2,1,3,0,0,3,2,0,7,60,2,14295,14295,3,0,25,2,0,0,0,0