Crash ID,Degree of crash - detailed,Reporting year,Year of crash,Month of crash,Day of week of crash,Two-hour intervals,Street of crash,Street type,Town,Route no.,School zone location,School zone active,Type of location,Latitude,Longitude,LGA,Urbanisation,Conurbation 1,Alignment,Street lighting,Road surface,Surface condition,Weather,Natural lighting,Signals operation,Other traffic control,Speed limit,Road classification,RUM - code,DCA - code,First impact type,Key TU type,Other TU type,No. of traffic units involved,No. killed,No. seriously injured,No. moderately injured,No. minor-other injured
1308808,3,2022,2022,2,1,10,1,27,1,8,0,1,1,-30.000083,145.502947,51,1,0,1,3,0,0,0,0,0,7,100,1,1089,1089,7,5,40,1,0,0,0,0
1308810,3,2022,2022,2,2,9,512,27,87,34609,0,1,9,-34.041662,151.161373,68,0,2,0,3,0,0,0,2,0,7,50,0,1957,4009,1,0,13,2,0,0,0,0
1308811,3,2022,2022,2,2,6,7,27,54,34609,0,1,1,-28.528578,153.541192,10,2,1,0,3,0,3,4,2,0,7,50,0,4552,5151,8,10,40,1,0,0,0,0
1308812,3,2022,2022,9,1,4,42,27,33,56,0,1,9,-33.901097,151.244021,76,0,2,1,3,0,0,0,2,0,7,50,1,5929,5929,1,5,5,3,0,0,0,0
1308813,3,2022,2022,2,3,9,2,25,26,34609,0,1,1,-34.015062,151.085384,68,0,2,0,3,0,0,0,0,0,7,50,0,4552,5151,1,5,36,2,0,0,0,0
1308814,3,2022,2022,2,2,5,193,31,58,34609,0,1,1,-28.538778,153.550693,10,2,1,1,3,0,0,0,2,0,7,50,0,1109,397,1,5,5,2,0,0,0,0
1308817,3,2022,2022,2,3,6,10,27,13,31,0,1,1,-35.956206,149.577401,58,1,0,0,3,2,0,0,2,0,7,100,1,380,714,5,0,40,1,0,0,0,0
1308818,3,2022,2022,2,0,10,3,27,12,34609,0,1,1,-32.888551,150.638649,64,2,1,0,3,0,3,3,0,0,7,50,0,2585,4009,8,0,40,1,0,0,0,0
1308838,3,2022,2022,2,4,6,205,27,50,415,0,1,9,-33.68784,151.238705,50,0,2,1,3,0,0,0,2,0,0,70,2,150,150,4,34,0,2,0,0,0,0
1308843,3,2022,2022,9,0,6,2261,17,31,2252,0,1,3,-34.030815,150.824104,13,0,2,1,3,0,0,0,2,0,7,110,2,1282,1282,1,3,5,3,0,0,0,0
1308844,3,2022,2022,2,6,7,125,27,108,123,0,1,7,-33.320148,151.427168,16,2,2,0,3,0,0,0,2,0,0,70,2,6545,6545,4,5,5,2,0,0,0,0
1308846,3,2022,2022,2,2,8,28,10,5,70,0,1,7,-31.939181,152.467831,43,2,1,0,3,0,0,0,2,0,0,70,1,1957,4009,8,5,40,1,0,0,0,0
1308849,3,2022,2022,2,1,6,4,31,201,34609,0,1,1,-34.878843,150.603748,63,2,1,1,3,0,0,0,2,0,7,50,0,1981,1981,4,0,25,2,0,0,0,0
1308852,3,2022,2022,2,3,3,26,31,102,34609,0,1,9,-33.943327,151.201542,4,0,2,1,3,0,3,4,2,0,0,50,0,1981,1981,4,30,0,3,0,0,0,0
1308853,3,2022,2022,2,3,3,31,27,197,69,0,1,2,-33.79214,151.155391,61,0,2,0,3,0,3,4,2,0,7,60,2,1957,4009,8,5,40,1,0,0,0,0
1308854,3,2022,2022,2,6,11,4,10,38,34609,0,1,1,-32.732207,151.862135,57,2,1,0,3,0,0,0,0,0,7,60,0,1259,5151,8,5,40,1,0,0,0,0
1308857,3,2022,2022,2,3,7,3371,17,58,3342,0,1,2,-28.562757,153.542491,10,1,0,0,3,0,0,0,2,0,7,110,2,1259,5151,8,10,40,1,0,0,0,0
1308858,3,2022,2022,2,2,8,118,17,35,118,0,1,1,-30.001915,147.913894,51,1,0,1,3,0,3,4,2,0,7,110,2,475,475,5,10,40,1,0,0,0,0
1308859,3,2022,2022,2,0,8,265,17,74,193,0,1,1,-34.730227,147.894255,20,1,0,0,3,0,3,4,2,0,11,100,2,4552,5151,8,0,40,1,0,0,0,0
1308863,3,2022,2022,2,0,6,2126,17,75,2149,0,1,9,-33.710601,150.375596,8,2,2,1,3,0,3,3,2,2,7,60,2,14295,14295,3,5,10,2,0,0,0,0
1308869,3,2022,2022,2,5,3,3371,17,54,3342,0,1,2,-33.086282,151.639419,37,0,2,1,3,0,0,0,1,0,7,60,2,4026,4026,8,5,40,1,0,0,0,0
1308870,3,2022,2022,2,2,1,60,10,121,84,0,1,2,-28.188775,153.541063,72,2,1,0,3,0,0,3,0,0,7,60,1,1957,4009,1,5,5,2,0,0,0,0
1308872,3,2022,2022,2,0,5,194,31,309,702,0,1,2,-33.822125,151.097104,61,0,2,1,3,0,0,0,2,0,7,70,2,941,941,1,5,13,4,0,0,0,0
1308879,3,2022,2022,2,6,8,109,27,323,382,0,1,9,-33.782123,150.851581,7,0,2,1,3,0,0,0,2,2,7,60,2,14295,14295,3,0,13,2,0,0,0,0
1308881,3,2022,2022,2,1,10,6,27,193,34609,0,1,1,-33.780487,151.09885,61,0,2,1,2,0,0,0,0,0,7,50,0,9859,9859,1,0,5,2,0,0,0,0
1308883,3,2022,2022,2,2,2,225,17,76,180,0,1,2,-34.546233,150.374982,78,2,1,0,2,0,0,0,0,0,7,50,2,2585,4009,8,10,40,1,0,0,0,0
1308905,3,2022,2022,2,2,1,225,17,50,180,0,1,1,-34.572253,150.675662,62,0,2,0,0,0,3,4,0,0,7,60,2,1957,4009,8,5,40,1,0,0,0,0
1308906,3,2022,2022,2,5,7,9,36,6,9,0,1,1,-34.10657,147.862136,51,1,0,1,0,0,0,0,2,0,13,100,1,19,19,10,29,38,2,0,0,0,0
1308907,3,2022,2022,2,1,9,17,27,21,62,0,1,1,-35.776946,147.960635,66,2,1,0,0,0,3,4,3,0,7,80,2,1957,4009,8,30,40,1,0,0,0,0
1308910,3,2022,2022,2,4,9,2,27,30,34609,0,1,1,-33.275126,151.428737,16,2,2,1,1,0,3,4,3,0,7,50,0,190,190,1,33,0,2,0,0,0,0
1308918,3,2022,2022,1,1,8,3371,17,131,3342,0,1,2,-33.788777,151.179906,77,0,2,0,2,0,0,0,3,0,7,60,2,14295,14295,3,30,5,4,0,0,0,0
1308921,3,2022,2022,2,3,0,33,27,73,34609,0,1,10,-33.775119,151.15925,36,0,2,1,2,0,3,4,0,0,15,50,0,6545,6545,4,5,5,2,0,0,0,0
1308924,3,2022,2022,2,0,1,21,31,316,34609,0,1,1,-31.431178,152.905206,56,2,1,1,2,0,3,4,0,0,7,50,0,9859,9859,8,10,40,1,0,0,0,0
1308929,3,2022,2022,2,0,11,55,31,204,34609,0,1,1,-33.885574,151.132401,32,0,2,1,2,0,0,0,0,0,7,50,0,4026,4026,1,10,0,2,0,0,0,0
1308932,3,2022,2022,1,6,11,100,31,363,38,0,1,9,-33.817881,150.998779,54,0,2,1,2,0,0,0,0,0,7,60,1,9859,9859,8,5,40,1,0,0,0,0
1308937,3,2022,2022,2,5,9,500,27,129,799,0,1,1,-33.930585,151.066954,15,0,2,1,1,0,0,0,2,0,7,60,2,9859,9859,8,9,40,1,0,0,0,0
1308958,3,2022,2022,2,4,6,10,27,74,12,0,1,9,-34.734497,148.08284,20,1,0,0,3,0,3,4,2,0,0,100,1,1957,777,8,5,40,1,0,0,0,0
1308965,3,2022,2022,2,0,5,1052,14,83,928,0,1,3,-33.505493,151.188856,16,1,2,0,0,0,0,0,2,0,7,100,2,14295,14295,3,10,0,3,0,0,0,0
1308973,3,2022,2022,9,2,8,21,27,38,22,0,1,1,-32.775089,151.936648,57,2,1,1,1,0,0,0,2,0,7,80,1,14295,14295,3,5,40,3,0,0,0,0
1309009,3,2023,2023,4,6,4,6,27,316,34609,0,1,1,-31.450237,152.884903,56,2,1,1,1,0,0,0,2,0,7,50,0,5929,5929,1,0,10,2,0,0,0,0
1309016,3,2022,2022,10,1,9,191,27,309,208,0,1,1,-33.809855,151.10594,61,0,2,1,0,0,0,0,2,2,9,60,2,1282,1282,1,9,5,2,0,0,0,0
1309021,3,2023,2023,4,5,7,25,27,95,32,0,1,1,-34.389375,150.90536,80,0,2,1,1,0,0,0,2,0,0,60,1,5929,5929,1,0,5,2,0,0,0,0
1309023,3,2022,2022,2,4,5,41,31,7,34609,0,1,1,-28.815932,153.274375,39,2,1,1,1,0,0,0,2,0,7,50,0,9859,9859,1,10,36,2,0,0,0,0
1309026,3,2022,2022,2,6,6,56,27,323,38,0,1,1,-33.761281,150.973324,71,0,2,0,0,0,0,0,2,0,7,60,1,1957,4009,1,0,5,2,0,0,0,0
1309027,3,2022,2022,2,3,10,13,27,73,34609,0,1,1,-33.74984,150.804985,7,0,2,1,2,0,0,0,0,0,7,50,0,9859,9859,1,10,13,2,0,0,0,0
1309048,3,2022,2022,2,1,9,4,1,49,35,0,1,10,-33.966359,151.150386,4,0,2,1,0,0,0,0,0,0,0,60,2,1282,1282,1,33,0,2,0,0,0,0
1309057,3,2023,2023,4,0,5,1052,14,160,928,0,1,3,-33.126681,151.470396,37,0,2,1,0,0,0,0,2,0,7,110,2,14295,14295,3,5,13,2,0,0,0,0
1309062,3,2022,2022,9,5,2,2261,17,15,2252,0,1,2,-35.138858,148.004166,20,1,0,1,3,0,0,0,1,0,7,110,2,1945,1945,5,3,40,1,0,0,0,0
1309073,3,2022,2022,2,4,7,43,27,90,46,0,1,9,-28.246858,153.554311,72,2,1,1,1,0,0,0,2,0,7,60,1,14295,14295,3,5,5,2,0,0,0,0
1309081,3,2022,2022,9,4,6,293,31,523,198,0,1,2,-33.92808,150.918787,41,0,2,1,3,0,0,0,2,0,7,60,2,1981,1981,4,0,0,4,0,0,0,0
1309083,3,2022,2022,2,2,4,3371,17,44,3342,0,1,2,-30.733624,152.921249,47,1,0,0,3,0,0,0,2,0,7,110,2,1957,4009,8,0,40,1,0,0,0,0
1309091,3,2023,2023,4,5,4,1104,11,130,770,0,1,2,-33.869365,151.18628,69,0,2,1,3,0,0,0,2,0,7,60,2,1383,1383,1,19,13,2,0,0,0,0
1309093,3,2023,2023,4,6,9,2126,17,27,2149,0,1,2,-33.708122,150.346396,8,2,2,0,3,0,3,4,2,0,7,80,2,4552,5151,8,5,40,1,0,0,0,0
1309098,3,2022,2022,2,2,6,90,31,169,165,0,1,1,-33.901277,151.215037,69,0,2,1,3,0,0,0,2,0,7,60,2,14295,14295,3,30,5,2,0,0,0,0
1309099,3,2022,2022,2,0,8,916,17,66,917,0,1,2,-32.812566,151.656455,48,0,2,1,3,0,0,0,2,0,7,90,2,14295,14295,3,5,0,3,0,0,0,0
1309102,3,2022,2022,2,4,9,63,27,140,17,0,1,1,-33.894074,150.991337,15,0,2,1,3,0,0,0,2,0,7,60,1,941,941,1,5,5,5,0,0,0,0
1309103,3,2022,2022,2,0,7,2209,17,33,2205,0,1,2,-34.71523,150.832757,35,2,1,0,3,0,3,4,2,0,7,80,2,1850,1463,5,9,40,1,0,0,0,0
1309109,3,2022,2022,2,2,9,3371,17,12,3342,0,1,2,-28.747761,153.531965,2,1,0,0,3,0,2,6,0,0,7,110,2,4552,5151,8,5,40,1,0,0,0,0
1309110,3,2022,2022,2,4,5,2,27,35,34609,0,1,1,-29.934606,153.094476,18,1,0,1,3,0,0,0,2,0,7,100,0,1981,1981,4,10,0,2,0,0,0,0
1309112,3,2022,2022,2,3,9,230,27,175,284,0,1,2,-33.773862,151.085606,54,0,2,1,3,0,0,0,3,0,7,60,2,14295,14295,3,5,0,3,0,0,0,0
1309113,3,2022,2022,2,2,5,3371,17,21,3342,0,1,2,-31.97476,152.4642,43,1,0,0,3,0,3,4,2,0,7,110,2,4552,5151,8,9,40,1,0,0,0,0
1309118,3,2023,2023,4,5,8,2209,17,13,2205,0,1,1,-36.631614,149.826629,5,1,0,1,3,0,3,4,2,0,7,100,2,4026,4026,8,30,40,1,0,0,0,0
1309120,3,2022,2022,2,1,8,485,27,154,769,0,1,2,-33.711485,150.956067,71,0,2,1,3,0,0,0,3,0,7,60,2,14295,14295,3,5,5,2,0,0,0,0
1309121,3,2022,2022,9,6,7,150,27,197,415,0,1,2,-33.79893,151.11471,61,0,2,1,3,0,0,0,2,0,7,70,2,14295,14295,3,5,5,2,0,0,0,0
1309128,3,2022,2022,10,3,8,2261,17,41,2252,0,1,2,-35.063086,148.09545,20,1,0,0,3,0,0,0,2,0,7,110,2,2585,4009,8,5,40,1,0,0,0,0
1309129,3,2022,2022,2,4,11,114,27,34,228,0,1,1,-33.468679,150.982428,71,0,2,0,3,0,3,4,0,0,7,80,2,1850,1463,5,0,40,1,0,0,0,0
1309130,3,2023,2023,4,4,6,110,27,113,48,0,1,2,-34.338327,150.879265,80,0,2,0,3,0,0,0,2,0,7,100,2,14295,14295,3,0,5,2,0,0,0,0
1309131,3,2022,2022,2,2,3,255,1,445,34609,0,1,1,-33.882437,151.043487,21,0,2,1,3,0,0,0,2,0,7,50,0,945,945,5,5,40,1,0,0,0,0
1309132,3,2023,2023,4,6,6,50,27,125,51,0,1,7,-33.854276,151.07724,67,0,2,1,3,0,0,0,2,3,0,60,1,14295,14295,3,5,19,2,0,0,0,0
1309133,3,2023,2023,4,3,5,1052,14,207,928,0,1,3,-33.55695,151.192515,31,0,2,1,3,0,3,4,2,0,7,110,2,14295,14295,3,10,0,2,0,0,0,0
1309140,3,2023,2023,4,3,9,1,1,70,34609,0,1,4,-33.254265,151.504519,16,2,2,1,1,0,0,0,2,0,7,50,0,190,190,1,0,0,2,0,0,0,0
1309146,3,2022,2022,2,0,5,12,27,39,34609,0,1,1,-32.72173,152.076952,57,2,1,1,0,0,0,0,2,0,7,50,0,9859,9859,1,5,36,2,0,0,0,0
1309157,3,2023,2023,4,1,11,5,27,163,34609,0,1,1,-33.848824,151.110843,14,0,2,1,2,0,0,0,0,0,7,50,0,237,162,8,5,40,1,0,0,0,0
1309163,3,2022,2022,2,1,8,1052,14,46,928,0,1,3,-33.298977,151.404343,16,1,2,1,0,0,0,0,2,0,7,110,2,404,404,8,5,40,1,0,0,0,0
1309171,3,2022,2022,2,5,4,5,31,609,34609,0,1,10,-33.764398,150.918083,7,0,2,1,0,0,0,0,2,0,0,50,0,9859,9859,1,0,5,3,0,0,0,0
1309174,3,2022,2022,2,6,11,67,31,166,34609,0,1,10,-33.896769,151.180451,69,0,2,1,2,0,0,0,0,2,7,40,0,4552,985,1,0,0,3,0,0,0,0
1309196,3,2022,2022,2,1,4,31,27,197,69,0,1,2,-33.794932,151.140556,61,0,2,1,1,0,0,0,2,0,7,60,2,14295,14295,3,5,5,2,0,0,0,0
1309199,3,2022,2022,2,3,2,44,31,53,34609,0,1,2,-30.644471,152.997262,47,2,1,0,1,0,0,6,1,0,7,50,0,2585,4009,8,30,40,1,0,0,0,0
1309207,3,2022,2022,2,2,0,8,10,154,34609,0,1,1,-33.710804,150.938001,71,0,2,1,2,0,0,0,0,0,7,60,0,4026,4026,8,5,40,2,0,0,0,0
1309215,3,2022,2022,2,4,11,147,27,72,605,0,1,9,-33.828623,151.229156,49,0,2,1,2,0,3,4,0,2,7,60,2,4026,4026,8,5,40,1,0,0,0,0
1309217,3,2022,2022,2,2,1,4,1,80,34609,0,1,1,-34.544444,146.408567,51,2,1,0,2,0,0,0,0,0,7,50,0,380,714,5,9,40,1,0,0,0,0
1309229,3,2023,2023,4,3,1,13,27,5,34609,0,1,1,-35.569563,149.809204,58,1,0,1,0,0,0,0,0,0,7,100,0,4026,4026,8,5,40,1,0,0,0,0
1309241,3,2022,2022,10,4,6,2126,17,283,2149,0,1,2,-33.829982,151.010491,54,0,2,1,1,0,3,3,2,0,7,60,2,1981,1981,4,0,5,2,0,0,0,0
1309243,3,2022,2022,11,5,3,38,27,53,38,0,1,9,-33.379395,151.4496,16,2,2,1,3,0,0,0,2,0,15,70,1,2852,2852,4,0,13,2,0,0,0,0
1309253,3,2022,2022,9,2,7,5,18,18,5,0,1,7,-32.80168,151.466502,17,2,1,0,3,0,0,0,2,0,0,60,1,782,957,5,5,40,1,0,0,0,0
1309256,3,2022,2022,9,4,0,5,31,460,34609,0,1,10,-33.835648,150.978035,21,0,2,1,2,0,0,0,0,0,0,50,0,4552,985,1,0,0,3,0,0,0,0
1309266,3,2022,2022,2,0,8,19,31,460,34609,0,1,7,-33.841405,151.003479,21,0,2,1,0,0,0,0,2,0,0,50,0,9859,9859,1,5,5,3,0,0,0,0
1309286,3,2023,2023,4,4,10,1,31,78,34609,0,1,9,-28.330367,153.381742,72,2,1,1,0,0,3,4,0,0,15,50,0,489,489,8,5,40,1,0,0,0,0
1309288,3,2022,2022,2,4,11,31,24,18,36,0,1,1,-33.744919,151.106828,36,0,2,0,2,0,0,0,0,0,7,60,1,4552,5151,8,5,40,1,0,0,0,0
1309296,3,2023,2023,4,3,5,7,31,74,12,1,0,10,-34.633736,148.031708,20,2,1,1,3,0,0,0,2,0,0,50,1,6545,6545,4,0,5,2,0,0,0,0
1309297,3,2022,2022,2,4,11,8,1,2,34609,0,1,1,-33.803107,151.07612,61,0,2,1,2,0,3,4,0,0,7,50,0,9859,9859,1,33,5,2,0,0,0,0
1309312,3,2022,2022,2,0,6,67,27,30,78,0,1,1,-33.857451,151.144985,14,0,2,1,3,0,0,0,2,0,7,50,2,14295,14295,3,5,36,3,0,0,0,0
1309313,3,2022,2022,2,6,6,4,27,1,34609,0,1,1,-33.401137,151.206239,16,2,2,1,3,0,2,6,2,0,10,50,0,144,144,1,0,12,2,0,0,0,0
1309315,3,2022,2022,2,6,5,9,31,562,34609,0,1,1,-32.250804,148.598864,22,2,1,1,3,0,0,0,2,0,7,50,0,1669,1669,3,5,5,2,0,0,0,0
1309316,3,2023,2023,4,6,2,10,31,18,34609,0,1,1,-28.861631,153.585763,2,2,1,1,3,0,0,0,0,0,7,50,0,175,188,8,5,40,1,0,0,0,0
1309318,3,2022,2022,2,1,6,7,27,8,10,0,1,1,-36.848329,149.358365,65,1,0,0,3,0,0,0,2,0,7,100,1,1850,1463,5,5,40,1,0,0,0,0
1309320,3,2022,2022,2,2,0,14,27,5,34609,0,1,1,-34.042273,150.66773,12,0,2,1,3,0,3,2,0,0,7,60,0,9859,9859,8,5,40,1,0,0,0,0
1309323,3,2022,2022,2,5,8,265,17,103,193,0,1,9,-34.339243,148.282755,30,2,1,1,3,0,0,0,2,0,7,80,2,14295,14295,3,30,5,3,0,0,0,0
1309325,3,2023,2023,4,4,6,1,31,3,34609,0,1,9,-33.120471,151.52858,37,0,2,1,3,0,3,4,2,0,7,60,0,775,775,4,5,5,2,0,0,0,0
1309326,3,2023,2023,4,1,6,1,25,58,34609,0,1,9,-34.047963,151.117166,68,0,2,1,3,0,0,0,2,0,0,50,0,926,926,4,5,0,2,0,0,0,0
1309327,3,2022,2022,2,0,7,308,14,252,311,0,1,3,-33.942828,150.878403,41,0,2,1,3,0,0,0,2,0,7,100,2,14295,14295,3,0,0,4,0,0,0,0
1309328,3,2023,2023,4,4,8,1052,14,87,928,0,1,3,-33.013155,151.490534,37,0,2,1,3,0,3,3,2,0,7,110,2,4026,4026,8,10,40,1,0,0,0,0
1309329,3,2022,2022,2,5,7,2209,17,176,2205,1,0,2,-33.96638,151.136709,25,0,2,1,3,0,0,0,2,0,7,60,2,14295,14295,3,10,5,3,0,0,0,0
1309330,3,2022,2022,2,6,7,2,1,21,122,0,1,10,-34.540857,150.864577,62,0,2,1,3,0,0,0,2,2,7,70,2,5929,5929,1,30,5,2,0,0,0,0
1309333,3,2023,2023,4,5,8,5,27,38,34609,0,1,9,-34.13179,150.707931,79,2,2,1,3,0,0,0,2,0,15,80,0,6545,6545,4,10,5,2,0,0,0,0
1309334,3,2022,2022,2,1,7,110,31,204,34609,0,1,1,-33.892062,150.934223,24,0,2,1,3,0,0,0,2,0,7,40,0,144,144,1,5,24,2,0,0,0,0
1309335,3,2023,2023,4,6,7,21,27,370,26,0,1,10,-34.055777,150.810153,13,0,2,1,3,0,3,4,2,2,7,60,1,1391,1391,1,5,0,2,0,0,0,0
1309340,3,2022,2022,2,4,7,225,17,50,180,0,1,1,-34.56989,150.668372,62,0,2,0,3,0,3,4,2,0,7,60,2,14295,14295,3,5,0,2,0,0,0,0
1309343,3,2022,2022,2,3,1,5,10,168,34609,0,1,7,-33.689247,150.814117,7,0,2,1,2,0,0,0,0,0,0,50,0,220,220,8,5,40,1,0,0,0,0
1309379,3,2022,2022,2,3,8,39,31,193,145,1,0,10,-33.793497,151.077677,61,0,2,1,3,0,0,0,2,2,7,60,2,6545,6545,4,5,0,3,0,0,0,0
1309386,3,2022,2022,2,5,0,1052,14,173,928,0,1,6,-33.716977,151.110841,31,0,2,1,0,0,0,0,0,0,7,80,2,190,190,1,0,10,2,0,0,0,0
1309397,3,2022,2022,9,0,9,21,31,252,59,0,1,1,-33.885166,151.214371,69,0,2,1,3,0,0,0,3,0,7,40,1,4026,4026,8,0,40,1,0,0,0,0
1309404,3,2022,2022,9,5,9,475,31,80,75,0,1,9,-33.880439,151.208864,69,0,2,1,2,0,0,6,0,2,7,40,1,1391,1391,1,19,5,2,0,0,0,0
1309414,3,2023,2023,4,0,3,2,27,77,44,0,1,1,-33.723421,151.081104,31,0,2,1,3,0,3,4,2,0,7,50,1,9859,9859,8,0,40,1,0,0,0,0
1309415,3,2023,2023,4,5,7,13,27,6,5,0,1,1,-35.533473,148.046983,66,2,1,0,3,0,0,0,2,0,7,80,1,782,957,5,29,40,1,0,0,0,0
1309416,3,2022,2022,2,4,4,230,27,197,284,0,1,2,-33.787458,151.125295,61,0,2,0,3,0,0,0,2,0,7,70,2,14295,14295,3,0,5,2,0,0,0,0
1309424,3,2022,2022,2,4,11,112,17,27,112,0,1,1,-31.716467,143.463717,51,1,0,0,3,0,0,0,0,0,7,110,2,1089,1089,7,0,40,1,0,0,0,0
1309426,3,2022,2022,9,2,0,103,27,149,167,0,1,2,-34.002447,151.12639,4,0,2,0,3,0,0,0,0,0,7,70,2,782,957,5,5,40,1,0,0,0,0
1309427,3,2022,2022,2,2,8,3,27,61,34609,0,1,1,-35.189611,149.226653,58,1,0,1,3,0,0,0,2,0,7,100,0,9859,9859,8,5,40,1,0,0,0,0
1309428,3,2022,2022,2,4,8,1104,14,142,962,0,1,3,-33.827027,150.994209,54,0,2,1,3,0,0,0,2,0,7,90,2,14295,14295,3,5,5,2,0,0,0,0
1309429,3,2022,2022,2,6,9,153,27,290,147,0,1,10,-33.949244,151.114593,4,0,2,1,3,0,0,0,3,2,7,60,2,5929,5929,1,5,36,2,0,0,0,0
1309430,3,2023,2023,4,1,5,34,10,21,34609,0,1,7,-35.745314,150.201381,23,2,1,0,3,0,0,0,2,0,0,80,0,1282,1282,1,0,0,2,0,0,0,0
1309431,3,2022,2022,2,2,10,1,27,4,34609,0,1,1,-30.559553,151.55325,51,1,0,1,3,0,3,0,0,0,7,100,0,945,945,5,5,40,1,0,0,0,0
1309432,3,2022,2022,2,0,5,3371,17,49,3342,0,1,2,-33.206322,151.516484,16,2,2,1,3,0,3,3,2,0,7,80,2,3775,3775,0,5,13,3,0,0,0,0
1309435,3,2023,2023,4,3,0,6,31,18,34609,0,1,4,-33.829921,151.103005,61,0,2,0,3,0,0,0,0,0,7,50,0,14295,14295,3,30,5,2,0,0,0,0
1309439,3,2022,2022,2,2,0,7,27,19,9,0,1,1,-29.791182,150.62549,51,1,0,1,3,0,3,4,0,0,7,100,1,9859,9859,8,9,40,1,0,0,0,0
1309440,3,2022,2022,2,2,6,481,17,14,483,0,1,9,-34.784333,146.515691,51,1,0,1,3,0,0,0,2,0,0,110,2,1850,985,5,29,40,1,0,0,0,0
1309448,3,2022,2022,2,3,8,230,27,175,284,0,1,9,-33.771533,151.088565,54,0,2,0,1,0,0,0,2,2,7,60,2,323,323,1,16,5,2,0,0,0,0
1309455,3,2022,2022,2,4,8,22,31,337,30,0,1,10,-33.731283,151.004145,71,0,2,1,3,0,0,0,3,3,7,60,2,256,256,4,5,5,4,0,0,0,0
1309462,3,2023,2023,4,5,7,23,31,142,34609,0,1,1,-33.830286,151.000208,21,0,2,1,3,0,0,0,2,0,7,50,0,14295,14295,3,34,5,2,0,0,0,0
1309463,3,2023,2023,4,3,0,1,10,12,34609,0,1,1,-32.535685,151.16176,64,2,1,0,2,0,0,0,0,0,7,50,0,1259,5151,8,5,40,1,0,0,0,0
1309469,3,2022,2022,2,0,6,2,27,66,34609,0,1,9,-32.810345,151.658228,48,0,2,1,3,0,0,0,2,0,7,50,0,14295,14295,3,5,25,3,0,0,0,0
1309474,3,2023,2023,4,1,7,3371,17,57,3342,0,1,9,-28.616251,153.545872,10,1,0,0,1,0,0,0,2,0,0,100,2,14295,14295,3,0,13,3,0,0,0,0
1309477,3,2022,2022,2,5,3,35,27,21,96,0,1,1,-32.959351,151.668281,37,0,2,1,0,0,0,0,2,0,7,60,2,9859,9859,8,21,40,1,0,0,0,0
1309481,3,2022,2022,2,6,11,135,17,65,136,0,1,1,-36.071404,146.967874,0,2,1,0,3,0,0,0,0,0,7,80,2,4552,5151,8,0,40,1,0,0,0,0
1309482,3,2022,2022,2,4,0,22,31,58,34609,0,1,1,-33.761582,151.151397,36,0,2,1,0,0,0,0,0,0,7,50,0,9859,9859,1,33,5,3,0,0,0,0
1309490,3,2022,2022,2,4,7,7,31,160,34609,0,1,1,-33.102972,151.478767,37,0,2,1,0,0,0,3,2,0,7,60,0,945,945,5,5,40,1,0,0,0,0
1309491,3,2022,2022,2,5,10,2,27,145,34609,0,1,9,-33.924979,151.113291,15,0,2,1,0,0,0,0,0,0,0,50,0,489,489,8,5,40,1,0,0,0,0
1309494,3,2022,2022,10,4,4,330,1,39,34609,0,1,1,-34.040075,150.755899,12,0,2,1,1,0,0,0,2,0,7,60,0,1282,1282,1,33,0,2,0,0,0,0
1309500,3,2023,2023,4,3,5,8,24,19,34609,0,1,1,-31.46999,152.827717,56,2,1,1,1,0,3,0,2,0,7,50,0,4026,4026,8,10,40,2,0,0,0,0
1309501,3,2023,2023,4,1,3,171,27,64,369,0,1,2,-33.727926,150.720253,55,0,2,1,2,0,0,0,1,0,7,70,2,9859,9859,8,5,40,1,0,0,0,0
1309511,3,2023,2023,4,5,10,234,27,57,217,1,0,1,-33.600391,151.007014,71,0,2,0,2,0,3,4,0,0,7,60,2,2585,4009,8,5,40,1,0,0,0,0
1309513,3,2022,2022,2,6,5,3371,17,41,3342,0,1,2,-32.810479,151.709019,57,2,1,0,1,0,0,0,2,0,7,80,2,1192,1192,1,3,5,2,0,0,0,0
1309519,3,2022,2022,2,5,9,5,27,67,34609,0,1,9,-33.654571,150.897434,71,0,2,1,0,0,0,0,2,0,7,60,0,1669,1669,3,5,0,2,0,0,0,0
1309522,3,2023,2023,4,5,11,161,17,10,161,0,1,1,-35.422613,148.279359,66,1,0,1,0,0,0,0,0,0,7,100,2,9859,9859,8,5,40,1,0,0,0,0
1309523,3,2022,2022,10,2,1,3371,17,12,3342,0,1,2,-33.0464,151.655696,37,0,2,1,2,0,0,0,0,0,7,60,2,9859,9859,1,5,5,3,0,0,0,0
1309526,3,2022,2022,10,0,10,1,7,73,34609,0,1,1,-33.752474,150.804771,7,0,2,1,2,2,3,4,0,0,7,50,0,4026,4026,1,5,0,2,0,0,0,0
1309529,3,2022,2022,10,2,10,10,27,460,34609,0,1,9,-33.842731,150.980484,21,0,2,1,0,0,2,2,3,0,7,50,0,1669,1669,3,0,5,2,0,0,0,0
1309533,3,2022,2022,2,2,2,3371,17,28,3342,0,1,2,-28.698041,153.532499,10,1,0,0,3,0,3,4,1,0,7,110,2,4552,5151,8,0,40,1,0,0,0,0
1309534,3,2022,2022,2,2,6,1,31,17,34609,0,1,1,-35.668941,147.038467,27,2,1,0,3,0,0,0,2,0,7,50,0,3775,3775,0,10,0,2,0,0,0,0
1309535,3,2023,2023,4,3,7,485,27,52,769,0,1,9,-33.693706,150.924906,7,0,2,1,3,0,0,0,2,2,7,80,2,14295,14295,3,0,0,2,0,0,0,0