Crash ID,Degree of crash - detailed,Reporting year,Year of crash,Month of crash,Day of week of crash,Two-hour intervals,Street of crash,Street type,Town,Route no.,School zone location,School zone active,Type of location,Latitude,Longitude,LGA,Urbanisation,Conurbation 1,Alignment,Street lighting,Road surface,Surface condition,Weather,Natural lighting,Signals operation,Other traffic control,Speed limit,Road classification,RUM - code,DCA - code,First impact type,Key TU type,Other TU type,No. of traffic units involved,No. killed,No. seriously injured,No. moderately injured,No. minor-other injured
1309539,3,2023,2023,4,6,8,1052,14,160,928,0,1,3,-33.117009,151.464433,37,0,2,1,3,0,3,4,2,0,7,110,2,14295,14295,3,5,2,2,0,0,0,0
1309540,3,2023,2023,4,1,6,133,17,7,121,0,1,1,-36.380325,149.214927,65,1,0,1,3,0,0,3,2,0,7,100,2,945,945,5,30,40,1,0,0,0,0
1309545,3,2022,2022,2,0,9,5,27,65,34609,0,1,1,-36.05528,146.99126,0,2,1,1,3,0,3,4,2,0,7,80,0,945,945,5,0,40,1,0,0,0,0
1309548,3,2022,2022,2,0,8,117,1,210,121,0,1,1,-34.040815,151.106017,68,0,2,1,3,0,0,0,3,0,7,60,1,9859,9859,8,0,40,1,0,0,0,0
1309554,3,2022,2022,2,5,7,10,27,84,34609,0,1,2,-31.104947,150.8924,70,2,1,1,1,0,0,0,2,0,7,50,0,9859,9859,8,5,40,1,0,0,0,0
1309560,3,2022,2022,9,3,0,2,31,53,34609,0,1,1,-33.853155,150.966536,21,0,2,1,0,0,0,0,0,0,7,50,0,9859,9859,1,5,5,2,0,0,0,0
1309595,3,2022,2022,2,0,0,13,31,463,34609,0,1,1,-30.300008,153.105684,19,2,1,1,1,0,0,0,0,0,7,50,0,9859,9859,1,5,5,2,0,0,0,0
1309608,3,2023,2023,4,6,4,4,31,161,96,0,1,4,-33.888844,151.145643,32,0,2,0,1,0,0,0,2,0,7,50,2,3775,3775,0,0,5,2,0,0,0,0
1309611,3,2022,2022,2,2,11,234,27,323,217,0,1,9,-33.752618,150.994155,71,0,2,1,3,0,3,4,0,0,7,60,2,2852,2852,4,5,36,2,0,0,0,0
1309613,3,2023,2023,4,2,10,44,27,202,563,0,1,10,-33.962396,151.037054,15,0,2,1,3,0,0,0,0,2,7,70,2,1669,1669,3,10,5,2,0,0,0,0
1309615,3,2022,2022,2,4,6,63,17,207,63,0,1,1,-32.144525,141.396659,51,1,0,1,3,0,0,0,2,0,7,110,2,475,475,5,9,40,1,0,0,0,0
1309616,3,2023,2023,4,4,5,2126,17,75,2149,0,1,9,-33.708581,150.35089,8,2,2,1,3,0,0,0,2,0,15,80,2,5929,5929,1,0,5,2,0,0,0,0
1309617,3,2022,2022,2,4,7,916,17,66,917,0,1,2,-32.81138,151.667893,48,0,2,1,3,0,0,3,2,0,7,90,2,14295,14295,3,10,12,3,0,0,0,0
1309618,3,2023,2023,4,4,3,103,36,14,103,0,1,1,-32.450119,151.968929,43,1,0,1,3,0,3,4,2,0,7,90,1,1089,1089,7,10,40,1,0,0,0,0
1309624,3,2023,2023,4,0,11,38,27,32,35,0,1,1,-34.603648,150.783486,35,2,1,1,3,0,0,3,0,0,7,70,1,4026,4026,8,5,40,1,0,0,0,0
1309638,3,2023,2023,4,2,5,3371,17,18,3342,0,1,2,-30.824953,152.883725,47,1,0,1,3,0,0,0,2,0,7,100,2,1945,1945,5,30,40,1,0,0,0,0
1309651,3,2022,2022,10,3,3,28,3,21,117,0,1,2,-32.972447,151.677187,37,0,2,1,1,0,0,0,2,0,7,90,2,9859,9859,8,5,40,1,0,0,0,0
1309661,3,2022,2022,10,5,11,13,27,73,13,0,1,9,-33.868796,151.21936,69,0,2,0,2,0,0,0,0,2,7,50,1,1957,4009,1,10,0,3,0,0,0,0
1309662,3,2022,2022,2,6,10,348,17,31,232,0,1,1,-31.043722,148.378983,51,1,0,1,3,0,0,0,0,0,7,110,2,1089,1089,7,5,40,1,0,0,0,0
1309664,3,2022,2022,2,2,11,8,31,316,34609,0,1,1,-31.460073,152.923953,56,2,1,1,2,0,0,0,0,0,7,50,0,4026,4026,8,5,40,1,0,0,0,0
1309668,3,2022,2022,9,3,6,25,31,127,30,0,1,1,-33.890358,151.15849,32,0,2,1,1,0,0,3,2,0,7,60,1,14295,14295,3,5,40,3,0,0,0,0
1309670,3,2022,2022,2,1,5,5,31,155,34609,0,1,1,-33.130238,148.175216,53,2,1,1,1,0,0,0,2,0,7,50,0,220,220,8,5,40,1,0,0,0,0
1309671,3,2023,2022,2,0,3,63,27,224,605,0,1,9,-33.8174,151.24355,45,0,2,1,3,0,3,3,2,0,7,60,2,1945,1945,5,0,40,1,0,0,0,0
1309675,3,2022,2022,2,3,5,829,31,90,34609,0,1,1,-33.700276,150.313614,8,2,2,1,3,0,0,3,2,0,7,50,0,4026,4026,8,30,40,1,0,0,0,0
1309681,3,2023,2023,4,3,8,149,36,120,81,0,1,9,-32.180023,152.508228,43,2,1,0,3,0,0,0,2,0,7,50,2,4552,5151,8,0,40,1,0,0,0,0
1309689,3,2022,2022,11,2,9,10,31,83,34609,0,1,1,-30.112435,153.189195,19,2,1,1,3,0,0,0,0,0,7,50,0,4026,4026,8,5,40,1,0,0,0,0
1309724,3,2022,2022,9,1,8,57,31,174,321,0,1,9,-33.892257,151.200566,69,0,2,1,2,0,0,0,2,2,7,50,2,14295,14295,3,5,0,3,0,0,0,0
1309748,3,2023,2023,4,5,8,65,4,83,34609,0,1,7,-33.886001,150.848107,41,0,2,1,3,0,0,0,2,0,0,50,0,515,515,1,21,0,2,0,0,0,0
1309749,3,2023,2023,4,5,8,19,31,161,96,1,0,10,-33.885988,151.147621,32,0,2,1,3,0,0,0,2,2,7,50,2,1282,1282,1,0,0,2,0,0,0,0
1309751,3,2022,2022,2,0,6,293,31,128,369,0,1,10,-33.617487,150.809277,29,2,2,1,3,0,0,0,2,2,7,60,2,5929,5929,1,5,0,2,0,0,0,0
1309752,3,2023,2023,4,0,5,24,27,65,78,0,1,1,-33.566545,150.121148,40,2,1,0,3,0,3,5,2,0,7,80,2,4552,5151,8,29,40,1,0,0,0,0
1309753,3,2023,2023,4,0,7,114,27,21,65,0,1,9,-33.296226,151.20043,16,2,2,0,3,0,3,4,2,0,7,80,2,1259,5151,8,8,40,1,0,0,0,0
1309754,3,2023,2023,4,5,6,1,27,309,34609,0,1,1,-33.796742,151.112113,61,0,2,1,3,0,0,0,2,0,7,50,0,3775,3775,0,5,5,2,0,0,0,0
1309756,3,2023,2023,4,3,7,1,17,314,208,0,1,7,-33.860347,150.927517,24,0,2,0,3,0,0,0,2,0,0,70,2,3775,3775,0,5,5,2,0,0,0,0
1309757,3,2023,2023,4,6,7,2209,17,11,2205,0,1,1,-36.290802,150.119516,23,1,0,0,3,0,3,4,2,0,7,100,2,3775,3775,0,9,5,2,0,0,0,0
1309760,3,2023,2023,4,3,5,916,17,105,917,0,1,2,-32.708692,151.512234,42,2,1,1,3,0,0,0,2,0,7,60,2,1383,1383,1,8,5,2,0,0,0,0
1309765,3,2022,2022,2,1,11,3371,17,73,3342,0,1,9,-33.772799,151.163769,36,0,2,1,3,0,3,4,0,2,9,60,2,4026,4026,8,5,40,1,0,0,0,0
1309769,3,2022,2022,2,0,8,3371,17,49,3342,0,1,2,-33.197362,151.524855,16,2,2,1,0,0,0,0,2,0,7,80,2,9859,9859,8,0,40,3,0,0,0,0
1309772,3,2022,2022,9,0,10,7,27,36,34609,0,1,1,-34.471833,149.46807,74,2,1,0,0,0,0,0,0,0,7,50,0,4552,5151,8,10,40,1,0,0,0,0
1309773,3,2022,2022,2,5,3,5,27,316,34609,0,1,10,-31.449794,152.885003,56,2,1,1,3,0,0,0,2,0,0,50,0,6545,6545,4,5,0,2,0,0,0,0
1309779,3,2022,2022,2,5,3,165,31,112,34609,0,1,1,-33.915055,150.926356,41,0,2,1,3,0,0,0,2,0,7,50,0,1981,1981,4,5,5,2,0,0,0,0
1309780,3,2023,2023,4,1,6,109,27,74,382,0,1,7,-33.744622,150.842668,7,0,2,1,3,0,0,0,2,0,0,60,2,9859,9859,8,10,40,1,0,0,0,0
1309782,3,2023,2023,4,0,11,16,27,337,9,1,0,7,-33.71486,150.993039,71,0,2,1,3,0,3,4,0,0,0,60,1,1391,1391,1,5,13,2,0,0,0,0
1309784,3,2023,2023,4,0,4,2261,17,143,2252,0,1,10,-33.887142,151.105607,9,0,2,1,3,0,3,4,2,2,7,60,2,1192,1192,1,5,36,3,0,0,0,0
1309785,3,2023,2023,4,4,8,2,27,1,34609,0,1,1,-34.602185,150.393144,78,1,0,0,3,2,0,0,2,0,7,100,0,2585,4009,8,5,40,1,0,0,0,0
1309786,3,2023,2023,4,2,10,65,31,609,115,0,1,9,-33.770849,150.903566,7,0,2,1,3,0,0,0,0,2,7,60,2,926,926,4,5,0,3,0,0,0,0
1309787,3,2022,2022,10,0,10,19,27,46,34609,0,1,1,-35.146885,147.392366,75,2,1,1,3,0,0,0,0,0,7,80,0,4026,4026,8,0,40,1,0,0,0,0
1309789,3,2023,2023,4,5,11,107,22,84,34609,0,1,1,-33.879134,150.935724,24,0,2,1,0,0,3,4,0,0,7,50,0,9859,9859,8,5,40,1,0,0,0,0
1309790,3,2023,2023,4,1,5,191,27,370,68,0,1,2,-34.064519,150.806737,13,0,2,1,3,0,0,0,2,0,7,60,1,14295,14295,3,5,0,3,0,0,0,0
1309792,3,2023,2023,4,5,8,829,27,13,770,0,1,10,-33.807235,151.070504,61,0,2,1,3,0,0,0,2,2,7,70,2,14295,14295,3,5,5,3,0,0,0,0
1309793,3,2023,2023,4,5,9,77,12,40,331,0,1,9,-34.219017,150.594482,79,2,2,1,2,0,3,4,3,0,7,60,1,2585,777,1,5,13,3,0,0,0,0
1309794,3,2023,2023,4,3,2,346,17,13,332,0,1,1,-28.902821,152.73009,51,2,1,0,0,0,0,0,1,0,7,80,2,3775,3775,0,0,13,2,0,0,0,0
1309796,3,2023,2023,4,4,0,2261,17,443,2252,0,1,10,-33.901156,151.045414,15,0,2,1,2,0,3,4,0,2,7,70,2,9859,9859,8,9,40,1,0,0,0,0
1309809,3,2022,2022,2,3,11,229,14,323,237,0,1,3,-33.769316,150.992599,71,0,2,1,2,0,0,0,0,0,7,100,2,1383,1383,1,3,5,2,0,0,0,0
1309816,3,2023,2023,4,0,11,829,27,26,770,1,0,2,-33.83896,151.141082,51,0,2,1,2,0,3,4,0,0,7,70,2,4026,4026,8,5,40,1,0,0,0,0
1309817,3,2023,2023,4,3,2,1052,14,36,928,0,1,3,-33.624714,151.152477,31,0,2,0,0,0,3,3,0,0,7,110,2,1259,5151,8,0,40,1,0,0,0,0
1309831,3,2022,2022,9,1,8,149,27,460,38,0,1,1,-33.829634,150.969497,21,0,2,1,1,0,0,0,2,0,7,60,1,14295,14295,3,10,5,3,0,0,0,0
1309840,3,2022,2022,11,2,10,1,10,609,34609,0,1,9,-33.794574,150.899916,7,0,2,0,2,0,0,0,0,0,7,50,0,1957,4009,8,5,40,1,0,0,0,0
1309853,3,2022,2022,2,0,0,37,1,58,34609,0,1,1,-33.756807,151.151442,36,0,2,1,2,0,0,0,0,0,7,50,0,9859,9859,1,0,5,2,0,0,0,0
1309859,3,2023,2023,4,3,5,118,27,646,118,1,0,9,-33.920698,151.031435,15,0,2,1,2,0,0,0,2,2,7,60,1,14295,14295,3,5,5,2,0,0,0,0
1309869,3,2023,2023,4,1,5,25,31,273,34609,0,1,1,-34.424328,150.885394,80,0,2,1,3,0,0,0,2,0,7,50,0,941,941,1,5,5,3,0,0,0,0
1309873,3,2023,2023,4,3,9,3,31,93,78,0,1,10,-33.424772,149.615028,3,2,1,1,1,0,0,0,3,0,0,60,2,6545,6545,4,10,25,2,0,0,0,0
1309876,3,2022,2022,2,0,7,2209,17,33,2205,0,1,2,-34.741949,150.819032,35,1,0,1,1,0,0,0,2,0,7,100,2,9859,9859,8,5,40,1,0,0,0,0
1309883,3,2023,2023,4,6,9,4,1,87,34609,0,1,1,-34.052106,151.150786,68,0,2,1,3,0,0,0,2,0,7,50,0,1109,397,1,5,5,2,0,0,0,0
1309884,3,2023,2023,4,4,4,21,27,18,34609,0,1,1,-33.232554,148.970322,11,1,0,1,3,0,0,0,2,0,7,100,0,237,162,8,8,40,1,0,0,0,0
1309887,3,2023,2023,4,2,5,3371,17,11,3342,0,1,2,-31.751054,152.687761,43,1,0,1,3,0,3,4,2,0,7,110,2,9859,9859,8,10,40,1,0,0,0,0
1309890,3,2023,2023,4,2,6,2261,17,30,2252,0,1,2,-34.81575,148.403842,30,1,0,1,3,0,0,0,2,0,7,110,2,1945,1945,5,0,40,1,0,0,0,0
1309891,3,2023,2023,4,2,7,30,27,43,24,0,1,1,-32.817689,151.832781,57,2,1,1,3,0,0,3,2,0,7,80,2,1945,1945,5,10,40,1,0,0,0,0
1309903,3,2022,2022,1,2,9,1,10,113,34609,0,1,1,-33.82583,150.775149,55,0,2,1,2,0,0,0,0,0,7,60,0,9859,9859,1,5,5,2,0,0,0,0
1309909,3,2023,2023,4,3,0,1052,27,69,262,0,1,9,-32.904942,151.690507,48,0,2,1,2,0,0,0,0,2,7,60,2,1192,1192,1,5,5,2,0,0,0,0
1309924,3,2022,2022,2,2,11,11,27,239,34609,0,1,9,-34.031657,151.132316,68,0,2,1,2,0,3,4,0,0,15,50,0,475,475,5,5,40,1,0,0,0,0
1309925,3,2023,2023,4,3,5,481,17,96,483,0,1,9,-33.37702,148.014358,51,2,1,1,1,0,0,0,2,0,7,50,2,941,941,1,30,40,2,0,0,0,0
1309941,3,2023,2023,4,5,4,2126,17,147,2149,0,1,9,-33.870809,151.118505,14,0,2,1,0,0,0,0,2,0,7,60,2,2852,2852,4,5,0,2,0,0,0,0
1309949,3,2022,2022,9,1,2,229,14,84,237,0,1,3,-33.76482,151.108869,61,0,2,1,2,0,0,0,1,0,7,100,2,404,404,8,5,40,1,0,0,0,0
1309969,3,2022,2022,2,3,2,1,25,433,34609,0,1,1,-33.294934,149.110983,52,2,1,1,0,0,0,0,1,0,7,50,0,9859,9859,8,5,40,1,0,0,0,0
1309974,3,2022,2022,10,6,10,19,27,44,24,0,1,1,-28.821952,153.418977,2,2,1,0,1,0,0,0,0,0,7,60,1,1259,5151,8,0,40,1,0,0,0,0
1309988,3,2022,2022,2,4,10,10,36,65,34609,0,1,1,-30.355577,153.061392,19,2,1,0,0,0,3,2,0,0,7,60,0,380,714,5,0,40,1,0,0,0,0
1309990,3,2022,2022,9,2,4,2209,17,88,2205,0,1,10,-33.990068,151.113265,25,0,2,1,1,0,0,0,2,2,7,70,2,1383,1383,1,5,5,2,0,0,0,0
1309996,3,2023,2023,4,0,8,478,17,96,480,0,1,9,-33.436041,151.384973,16,2,2,1,3,0,0,0,3,2,7,60,2,14295,14295,3,0,0,2,0,0,0,0
1309998,3,2023,2023,4,6,8,3,31,54,34609,0,1,1,-33.086354,151.637691,37,0,2,1,3,0,0,0,2,0,7,50,0,1981,1981,4,0,0,2,0,0,0,0
1310005,3,2023,2023,4,6,6,56,27,323,38,1,0,1,-33.762629,150.983512,71,0,2,1,3,0,0,3,2,0,7,60,1,14295,14295,3,5,5,3,0,0,0,0
1310006,3,2023,2023,4,6,7,168,17,47,212,0,1,1,-35.306423,149.408413,58,1,0,1,3,0,0,0,2,0,7,100,2,1089,1089,7,5,40,1,0,0,0,0
1310007,3,2023,2023,4,5,9,387,27,115,34609,0,1,10,-33.967322,151.05206,25,0,2,1,3,0,0,0,2,0,7,50,0,4552,985,1,5,5,2,0,0,0,0
1310008,3,2023,2023,4,3,1,191,17,13,189,0,1,1,-32.440618,150.829248,46,1,0,1,3,0,0,0,0,0,7,100,2,1089,1089,7,5,40,1,0,0,0,0
1310010,3,2023,2023,4,4,6,50,1,80,34609,0,1,9,-33.75093,150.670201,55,0,2,1,3,0,0,0,2,0,7,50,0,237,397,1,5,0,2,0,0,0,0
1310011,3,2022,2022,2,5,7,3371,17,37,3342,0,1,1,-29.443564,153.235438,18,1,0,1,3,0,0,0,2,0,7,110,2,1945,1945,5,30,40,1,0,0,0,0
1310012,3,2022,2022,2,2,4,55,27,151,160,0,1,10,-34.049849,150.836806,13,0,2,1,3,0,0,0,2,2,7,60,1,6545,6545,4,5,0,3,0,0,0,0
1310013,3,2023,2023,4,6,7,205,27,50,415,0,1,10,-33.682966,151.261497,50,0,2,1,3,0,0,0,2,2,7,70,2,5929,5929,1,0,0,2,0,0,0,0
1310015,3,2023,2023,4,4,5,6,31,149,34609,0,1,1,-33.991635,151.137063,4,0,2,1,3,0,0,3,2,0,7,50,0,1981,1981,4,10,5,2,0,0,0,0
1310021,3,2022,2022,2,4,3,54,31,225,62,0,1,10,-33.792433,151.195501,77,0,2,1,1,0,0,0,2,2,7,60,2,6545,6545,4,33,0,2,0,0,0,0
1310022,3,2022,2022,2,4,5,23,25,304,34609,0,1,1,-33.917806,151.144875,32,0,2,1,1,0,0,0,2,0,7,50,0,4026,4026,8,5,40,1,0,0,0,0
1310027,3,2022,2022,10,2,0,35,31,194,34609,0,1,1,-30.515759,151.654285,1,2,1,1,2,0,0,0,0,0,7,50,0,945,945,5,0,40,1,0,0,0,0
1310028,3,2023,2023,4,4,6,26,10,2,26,0,1,1,-36.878893,149.905043,5,2,1,0,3,0,3,4,2,0,7,80,1,1957,4009,8,10,40,1,0,0,0,0
1310030,3,2023,2023,4,2,9,2209,17,24,2205,0,1,2,-34.943716,150.60194,63,1,0,1,3,0,0,0,3,0,7,100,2,4026,4026,8,5,40,1,0,0,0,0
1310032,3,2023,2023,4,6,7,11,1,64,11,0,1,1,-32.940149,151.690297,48,0,2,1,3,0,0,0,2,0,7,70,1,3775,3775,0,30,0,2,0,0,0,0
1310033,3,2023,2023,4,0,9,10,31,223,34609,0,1,1,-33.799001,150.907053,7,0,2,1,3,0,3,4,2,0,7,50,0,1981,1981,4,0,13,2,0,0,0,0
1310035,3,2023,2023,4,2,11,1,23,42,34609,0,1,9,-33.734873,151.283246,50,0,2,1,3,0,3,4,0,0,7,50,0,418,777,5,5,40,1,0,0,0,0
1310036,3,2023,2023,4,5,8,6,10,29,34609,0,1,1,-33.471779,151.424221,16,2,2,1,3,0,0,0,2,0,7,50,0,323,323,1,15,13,2,0,0,0,0
1310037,3,2023,2023,4,1,6,192,31,316,56,0,1,9,-33.903544,151.244677,59,0,2,1,3,0,0,0,2,0,7,50,1,5929,5929,1,5,0,2,0,0,0,0
1310039,3,2023,2023,4,5,7,1,6,45,34609,0,1,1,-33.82345,150.781874,55,0,2,1,3,0,0,0,2,0,7,50,0,9859,9859,1,8,5,2,0,0,0,0
1310040,3,2023,2023,4,2,8,3371,17,44,3342,0,1,2,-32.412094,152.216494,43,1,0,0,3,0,3,4,2,0,7,110,2,4552,5151,8,5,40,1,0,0,0,0
1310042,3,2023,2023,4,6,10,2261,17,65,2252,0,1,2,-36.045131,146.968685,0,1,0,1,3,0,0,0,0,0,7,110,2,4026,4026,8,0,40,1,0,0,0,0
1310043,3,2023,2023,4,1,7,2261,17,23,2252,0,1,2,-34.629728,150.178829,78,1,0,1,3,0,0,0,2,0,7,110,2,1383,1383,1,8,36,2,0,0,0,0
1310044,3,2023,2023,4,1,8,4,10,42,34609,0,1,9,-33.70209,150.946893,71,0,2,1,3,0,0,0,2,0,7,50,0,2852,2852,4,5,0,2,0,0,0,0
1310047,3,2023,2023,4,0,7,2209,17,166,2205,0,1,10,-33.906654,151.181392,69,0,2,1,3,0,3,4,2,2,7,40,2,6545,6545,4,5,5,2,0,0,0,0
1310050,3,2023,2023,4,0,4,59,27,34,42,0,1,1,-33.970594,151.015067,15,0,2,0,3,0,3,4,2,0,7,60,2,1109,787,1,5,0,2,0,0,0,0
1310051,3,2023,2023,4,6,2,916,17,13,917,0,1,10,-32.556607,151.167633,64,2,1,1,3,0,3,0,1,2,7,60,2,5929,5929,1,5,0,2,0,0,0,0
1310055,3,2023,2023,4,3,6,35,10,20,148,0,1,1,-34.201927,151.008959,80,0,2,0,3,0,0,0,2,0,7,60,2,14295,14295,3,16,19,2,0,0,0,0
1310056,3,2022,2022,2,4,7,12,27,83,34609,0,1,1,-34.471465,150.466366,78,2,1,1,3,0,0,3,2,0,7,80,0,3775,3775,0,10,12,2,0,0,0,0
1310060,3,2023,2023,4,4,8,3371,17,49,3342,0,1,10,-33.199553,151.522684,16,2,2,1,3,0,0,0,2,2,7,80,2,14295,14295,3,9,5,2,0,0,0,0
1310061,3,2023,2023,4,3,5,2,27,19,34609,0,1,1,-35.786448,145.492101,51,1,0,0,3,0,0,0,2,0,7,100,0,1957,4009,8,10,40,1,0,0,0,0
1310064,3,2023,2023,4,0,5,230,27,173,284,0,1,2,-33.791646,151.131114,61,0,2,1,3,0,3,4,2,0,7,70,2,14295,14295,3,9,5,3,0,0,0,0
1310065,3,2022,2022,2,0,10,71,17,43,71,0,1,1,-36.027598,144.794919,51,1,0,0,3,0,0,0,0,0,7,100,2,1089,1089,7,34,40,1,0,0,0,0
1310066,3,2023,2023,4,5,9,2126,17,283,2149,0,1,10,-33.83066,151.012274,54,0,2,1,3,0,0,0,4,2,7,60,2,5929,5929,1,5,5,2,0,0,0,0
1310071,3,2023,2023,4,5,7,265,17,18,193,0,1,7,-35.100673,147.34911,75,2,1,1,3,0,0,0,2,0,0,80,2,1282,1282,1,30,40,1,0,0,0,0
1310084,3,2022,2022,10,3,0,1,1,148,34609,0,1,1,-36.044337,146.927893,0,2,1,1,2,0,0,0,0,0,7,50,0,4026,4026,1,34,13,2,0,0,0,0
1310089,3,2023,2023,4,6,4,10,31,207,34609,0,1,1,-31.949663,141.475156,51,2,1,1,0,0,0,3,2,0,7,50,0,1109,787,1,5,0,2,0,0,0,0
1310095,3,2022,2022,2,0,6,31,31,70,148,0,1,1,-32.901231,151.720896,48,0,2,1,0,0,0,0,2,0,7,60,1,1981,1981,4,5,5,2,0,0,0,0
1310102,3,2023,2023,4,5,11,14,31,72,34609,0,1,9,-33.84575,151.088283,14,0,2,1,0,0,0,0,0,0,0,50,0,489,489,8,5,40,1,0,0,0,0
1310103,3,2022,2022,2,3,1,25,27,67,34609,0,1,1,-33.636935,150.898593,71,0,2,0,1,0,0,0,0,0,7,60,0,4552,5151,8,0,40,1,0,0,0,0
1310105,3,2022,2022,2,2,8,31,27,5,78,0,1,1,-33.831983,149.966265,51,2,1,0,0,0,0,3,2,0,7,80,1,380,714,5,34,40,1,0,0,0,0
1310109,3,2023,2023,4,2,8,85,10,136,702,0,1,2,-33.857094,151.070296,21,0,2,0,2,0,0,0,2,0,7,80,2,14295,14295,3,5,40,3,0,0,0,0
1310110,3,2023,2023,4,2,4,41,27,6,69,0,1,1,-34.417155,149.80775,74,2,1,0,0,0,0,3,2,0,7,50,1,1957,4009,8,8,40,1,0,0,0,0
1310134,3,2022,2022,10,5,11,20,27,62,31,0,1,1,-33.7574,151.265459,50,0,2,1,2,0,0,0,0,0,7,50,1,9859,9859,1,0,5,4,0,0,0,0
1310136,3,2022,2022,10,1,5,118,17,3,118,0,1,1,-30.019158,148.567219,51,1,0,1,0,0,0,0,2,0,7,110,2,945,945,5,26,40,1,0,0,0,0
1310145,3,2022,2022,10,1,6,4,27,8,34609,0,1,1,-35.097405,149.802008,26,2,1,0,0,0,3,4,2,0,7,80,0,273,957,5,5,40,1,0,0,0,0
1310147,3,2022,2022,11,0,10,2261,17,646,2252,1,0,10,-33.906521,151.036011,15,0,2,1,3,0,0,0,0,2,7,60,2,4026,4026,8,5,40,1,0,0,0,0
1310150,3,2022,2022,9,5,10,7,10,30,34609,0,1,1,-33.262676,151.428301,16,2,2,1,0,0,0,0,0,0,7,50,0,9859,9859,1,10,0,2,0,0,0,0
1310159,3,2022,2022,1,5,11,62,10,55,169,0,1,1,-32.830736,151.523786,17,1,0,0,3,0,3,4,0,0,7,90,2,404,404,8,10,40,1,0,0,0,0
1310167,3,2022,2022,1,5,11,62,10,55,169,0,1,1,-32.830736,151.523786,17,1,0,0,3,0,3,4,0,0,7,90,2,404,404,8,5,40,1,0,0,0,0
1310180,3,2022,2022,10,3,1,84,27,61,415,0,1,9,-33.767903,151.136677,36,0,2,1,3,0,2,6,0,0,7,70,2,4026,4026,8,5,40,1,0,0,0,0
1310181,3,2022,2022,10,0,11,3371,17,16,3342,0,1,2,-28.393518,153.525286,72,1,0,1,0,0,0,3,0,0,7,110,2,404,404,8,5,40,1,0,0,0,0
1310182,3,2023,2023,4,6,10,44,31,42,34609,0,1,9,-33.658354,151.309262,50,0,2,1,3,0,3,3,0,0,0,50,0,782,985,5,5,40,1,0,0,0,0
1310183,3,2023,2023,4,1,8,2,27,1,34609,1,0,9,-30.078545,153.192789,19,2,1,1,3,0,0,0,2,0,7,50,0,9859,9859,8,0,40,1,0,0,0,0
1310187,3,2022,2022,10,0,11,3371,17,16,3342,0,1,2,-28.393469,153.525267,72,1,0,1,0,0,0,3,0,0,7,110,2,404,404,8,5,40,1,0,0,0,0
1310190,3,2023,2023,4,4,7,8,27,79,34609,0,1,1,-33.580698,150.701074,29,2,2,1,3,0,0,0,2,0,7,50,0,9859,9859,1,0,13,3,0,0,0,0
1310191,3,2023,2023,4,3,3,59,27,5,69,0,1,1,-33.758935,149.818242,51,1,0,0,3,0,0,0,2,0,7,100,1,380,714,5,10,40,1,0,0,0,0
1310192,3,2022,2022,2,1,5,3,10,104,34609,0,1,1,-33.797803,150.776365,55,0,2,0,3,0,0,0,2,0,7,50,0,3775,3775,0,5,13,3,0,0,0,0
1310193,3,2023,2023,4,1,8,52,27,438,103,0,1,1,-33.863614,151.017473,21,0,2,1,3,0,0,0,2,0,7,50,1,14295,14295,3,5,0,3,0,0,0,0
1310194,3,2022,2022,2,3,3,73,24,17,88,0,1,1,-33.722878,151.243465,50,0,2,0,3,0,3,4,2,0,7,80,2,1850,1463,5,0,40,1,0,0,0,0
1310197,3,2022,2022,9,2,4,1,27,26,34609,0,1,1,-34.407358,150.454137,78,1,0,1,3,2,0,0,2,0,7,100,0,9859,9859,8,5,40,1,0,0,0,0
1310198,3,2023,2023,4,1,2,334,17,6,308,0,1,1,-30.925127,151.312502,51,1,0,0,3,0,0,0,1,0,7,100,2,1089,1089,7,8,40,1,0,0,0,0
1310199,3,2023,2023,4,5,7,3,31,160,34609,0,1,10,-33.107685,151.484598,37,0,2,1,3,0,0,0,2,0,0,50,0,6545,6545,4,0,0,2,0,0,0,0
1310200,3,2022,2022,5,0,8,1052,14,87,928,0,1,3,-33.077153,151.47688,37,0,2,1,3,0,0,0,3,0,7,110,2,475,475,5,33,40,1,0,0,0,0
1310203,3,2023,2023,4,2,6,361,31,234,34609,0,1,1,-34.288096,146.051974,28,2,1,1,3,0,0,0,2,0,7,50,0,623,623,3,5,5,2,0,0,0,0
1310204,3,2023,2023,4,1,6,67,27,225,68,0,1,9,-33.801477,151.18794,77,0,2,1,3,0,0,0,2,2,7,50,1,1669,1669,3,8,0,2,0,0,0,0
1310205,3,2023,2023,4,6,4,194,31,135,34609,0,1,9,-32.898477,151.741116,48,0,2,1,3,0,0,0,2,0,0,50,0,6545,6545,4,5,5,2,0,0,0,0
1310218,3,2022,2022,2,4,9,344,27,42,163,0,1,2,-33.734278,150.8502,7,0,2,1,1,0,0,3,3,0,7,70,2,14295,14295,3,5,5,3,0,0,0,0
1310232,3,2022,2022,9,5,6,1052,14,46,928,0,1,6,-33.304931,151.401825,16,2,2,0,1,0,0,0,2,0,7,70,2,2585,4009,8,5,40,1,0,0,0,0
1310236,3,2023,2023,4,1,6,5,31,134,120,0,1,9,-33.895082,151.254722,76,0,2,1,0,0,0,0,2,0,7,50,2,150,150,4,10,5,2,0,0,0,0
1310252,3,2023,2023,4,1,10,157,17,123,158,0,1,1,-33.817216,148.740397,51,1,0,0,0,0,0,0,0,0,7,100,2,1850,1463,5,29,40,1,0,0,0,0