Crash ID,Degree of crash - detailed,Reporting year,Year of crash,Month of crash,Day of week of crash,Two-hour intervals,Street of crash,Street type,Town,Route no.,School zone location,School zone active,Type of location,Latitude,Longitude,LGA,Urbanisation,Conurbation 1,Alignment,Street lighting,Road surface,Surface condition,Weather,Natural lighting,Signals operation,Other traffic control,Speed limit,Road classification,RUM - code,DCA - code,First impact type,Key TU type,Other TU type,No. of traffic units involved,No. killed,No. seriously injured,No. moderately injured,No. minor-other injured
1310259,3,2023,2023,4,3,5,3,6,74,34609,0,1,1,-33.770705,150.677016,55,0,2,1,1,0,0,0,2,0,7,50,0,9859,9859,8,5,40,1,0,0,0,0
1310260,3,2022,2022,2,6,9,11,27,7,25,0,1,1,-35.499805,149.151872,58,1,0,0,0,0,0,0,2,0,7,100,0,2585,4009,8,30,40,1,0,0,0,0
1310262,3,2023,2023,4,4,7,112,27,16,769,0,1,9,-33.554964,150.697146,29,2,2,1,1,0,0,0,2,0,7,80,2,1109,787,1,5,5,2,0,0,0,0
1310270,3,2022,2022,2,3,8,3,27,3,34609,0,1,1,-31.715978,152.620701,43,2,1,0,0,0,0,0,2,0,7,80,0,2585,4009,8,0,40,1,0,0,0,0
1310271,3,2022,2022,10,4,6,103,36,24,103,0,1,1,-32.62826,151.878213,57,1,0,1,0,0,0,0,2,0,7,90,1,4026,4026,8,0,40,1,0,0,0,0
1310275,3,2023,2023,4,4,6,145,31,316,34609,0,1,10,-31.433518,152.902619,56,2,1,1,1,0,0,0,2,0,0,50,0,6545,6545,4,5,13,2,0,0,0,0
1310279,3,2023,2023,4,5,4,134,10,36,133,0,1,2,-33.803097,151.024472,54,0,2,0,1,0,0,0,2,0,7,90,2,14295,14295,3,33,5,3,0,0,0,0
1310285,3,2022,2022,2,4,7,1,1,145,34609,0,1,1,-33.931804,151.110809,15,0,2,0,1,0,0,0,2,0,7,50,0,237,397,1,10,5,2,0,0,0,0
1310297,3,2022,2022,2,1,1,512,17,433,441,0,1,9,-33.294009,149.114347,52,2,1,1,2,0,0,0,0,2,7,50,2,1282,1282,1,5,40,1,0,0,0,0
1310306,3,2022,2022,2,6,8,59,31,207,34609,0,1,10,-31.965142,141.436157,51,2,1,1,3,0,3,4,2,0,0,50,0,6545,6545,4,5,5,2,0,0,0,0
1310313,3,2022,2022,2,6,9,19,1,59,34609,0,1,10,-33.978077,150.862152,13,0,2,1,2,0,0,0,3,0,0,50,0,6545,6545,4,5,5,2,0,0,0,0
1310316,3,2022,2022,11,1,4,7,27,11,34609,0,1,1,-32.869804,151.498449,17,2,1,1,3,0,0,0,2,0,7,80,0,9859,9859,8,5,40,1,0,0,0,0
1310323,3,2022,2022,2,2,6,36,1,64,34609,0,1,9,-33.953616,150.998645,15,0,2,1,0,0,0,0,2,0,0,40,0,9859,9859,1,33,5,2,0,0,0,0
1310341,3,2022,2022,10,1,6,225,17,9,180,0,1,1,-34.57888,150.699363,62,0,2,1,3,0,3,4,2,0,7,90,2,9859,9859,8,5,40,1,0,0,0,0
1310350,3,2022,2022,2,5,7,330,23,150,233,0,1,10,-33.924154,151.228267,59,0,2,1,1,0,0,0,2,2,7,50,2,1192,1192,1,5,36,2,0,0,0,0
1310351,3,2023,2023,4,5,8,9,27,6,10,0,1,1,-36.034429,148.336062,66,2,1,0,3,0,0,0,2,0,7,60,0,1957,4009,8,10,40,1,0,0,0,0
1310355,3,2023,2023,4,1,3,1104,14,323,962,0,1,3,-33.797894,150.853145,7,0,2,1,3,0,0,0,2,0,7,100,2,1383,1383,1,0,5,2,0,0,0,0
1310358,3,2022,2022,9,0,5,45,31,147,34609,0,1,1,-33.867779,151.124117,14,0,2,1,3,0,0,0,2,0,7,50,0,9859,9859,1,5,36,2,0,0,0,0
1310361,3,2022,2022,9,3,9,2261,17,24,2252,0,1,3,-34.413875,150.499069,78,1,0,0,3,0,3,4,3,0,7,110,2,1957,4009,8,10,40,1,0,0,0,0
1310373,3,2023,2023,4,0,8,73,24,65,88,0,1,1,-33.710554,151.276452,50,0,2,1,3,0,3,4,2,0,7,80,2,14295,14295,3,0,13,2,0,0,0,0
1310375,3,2023,2023,4,6,4,2209,17,29,2205,0,1,1,-36.982345,149.895394,5,1,0,0,3,0,3,4,2,0,7,100,2,4552,5151,8,5,40,1,0,0,0,0
1310397,3,2023,2023,4,6,6,72,27,159,56,0,1,1,-33.804899,151.06853,61,0,2,1,0,0,0,0,2,0,7,60,2,9859,9859,1,33,13,2,0,0,0,0
1310400,3,2023,2023,4,1,3,24,31,102,34609,0,1,1,-31.109417,150.911466,70,2,1,1,1,0,0,0,2,0,7,50,0,4026,4026,8,0,40,1,0,0,0,0
1310404,3,2023,2023,4,3,1,1,31,103,34609,0,1,1,-32.93469,151.657815,37,0,2,0,2,0,0,0,0,0,7,50,0,4552,5151,1,5,5,2,0,0,0,0
1310409,3,2022,2022,2,0,8,515,14,204,518,0,1,6,-33.93724,151.151823,4,0,2,1,1,0,0,0,2,0,8,80,2,84,84,8,29,40,1,0,0,0,0
1310414,3,2023,2023,4,1,6,334,17,84,308,0,1,7,-31.094246,150.915175,70,2,1,1,0,0,0,0,2,0,0,50,2,6545,6545,4,5,13,2,0,0,0,0
1310416,3,2023,2023,4,5,11,1,6,31,34609,0,1,9,-31.121191,150.920883,70,2,1,1,2,0,0,0,0,0,7,50,0,2585,777,1,5,5,3,0,0,0,0
1310417,3,2023,2023,4,2,8,1,9,89,34609,0,1,9,-28.210902,153.53193,72,2,1,1,3,0,0,0,2,0,7,50,0,2585,777,8,5,40,1,0,0,0,0
1310418,3,2023,2023,4,6,7,161,17,5,161,0,1,1,-35.896539,148.544979,65,2,1,0,3,0,3,4,2,0,7,80,2,1850,1463,5,5,40,1,0,0,0,0
1310420,3,2022,2022,9,0,6,51,27,28,63,0,1,2,-34.555661,150.84873,62,0,2,1,3,0,0,0,2,0,7,70,2,9859,9859,1,5,5,2,0,0,0,0
1310421,3,2023,2023,4,2,11,7,31,204,34609,0,1,10,-33.893582,150.937136,24,0,2,1,3,0,0,0,0,2,7,40,0,175,188,1,10,5,2,0,0,0,0
1310422,3,2023,2023,4,0,4,2,1,23,34609,0,1,1,-34.048707,150.806753,13,0,2,0,3,0,3,4,2,0,7,50,0,2585,4009,8,5,40,1,0,0,0,0
1310423,3,2023,2023,4,3,5,1,27,8,228,0,1,1,-33.370028,150.968812,29,2,2,0,3,0,0,0,2,0,7,80,1,782,957,5,5,40,1,0,0,0,0
1310425,3,2022,2022,9,1,6,157,17,12,158,0,1,1,-33.644044,149.085604,51,1,0,1,3,0,0,0,2,0,7,100,2,1945,1945,5,9,40,1,0,0,0,0
1310427,3,2023,2023,4,5,9,15,27,42,34609,0,1,9,-33.735734,151.280174,50,0,2,1,1,0,0,0,2,0,15,50,0,4552,985,1,5,13,2,0,0,0,0
1310431,3,2023,2023,4,2,11,132,31,174,126,0,1,10,-33.892094,151.216723,69,0,2,1,2,0,3,4,0,2,7,60,2,14295,14295,3,33,5,5,0,0,0,0
1310434,3,2023,2023,4,0,7,44,1,126,22,0,1,10,-33.930246,150.812613,41,0,2,1,3,0,0,0,2,0,0,50,1,1391,1391,1,0,5,2,0,0,0,0
1310438,3,2022,2022,9,6,6,84,1,226,34609,0,1,1,-33.76515,150.809101,7,0,2,1,3,0,3,0,2,0,7,50,0,14295,14295,3,5,36,4,0,0,0,0
1310442,3,2023,2023,4,2,5,171,1,387,104,0,1,9,-33.934183,151.197085,4,0,2,1,3,0,3,4,2,0,7,60,2,5929,5929,1,30,5,2,0,0,0,0
1310445,3,2022,2022,2,5,8,168,17,47,212,0,1,1,-35.253101,149.565437,58,1,0,0,3,0,0,0,2,0,7,100,2,782,957,5,10,40,1,0,0,0,0
1310446,3,2023,2023,4,1,6,512,17,9,441,0,1,1,-33.406381,149.478732,3,1,0,0,3,0,0,0,2,0,7,100,2,4552,5151,8,5,40,1,0,0,0,0
1310449,3,2023,2023,4,6,7,76,27,85,148,0,1,10,-32.933495,151.720901,48,0,2,1,3,0,0,0,2,0,15,60,1,2852,2852,4,5,5,2,0,0,0,0
1310454,3,2023,2023,4,0,6,515,14,145,518,0,1,3,-33.935912,151.111924,15,0,2,1,3,0,0,0,2,0,7,80,2,14295,14295,3,30,5,2,0,0,0,0
1310469,3,2023,2023,4,2,1,83,27,13,34609,0,1,1,-28.675285,153.550219,10,2,1,0,3,0,0,0,0,0,7,80,0,1957,4009,8,0,40,1,0,0,0,0
1310470,3,2022,2022,2,3,11,44,1,60,34609,0,1,10,-33.839592,151.165618,51,0,2,1,3,0,3,4,0,0,0,50,0,6545,6545,4,5,0,2,0,0,0,0
1310473,3,2023,2023,4,5,5,3,18,463,34609,0,1,1,-30.287162,153.097286,19,2,1,1,3,0,0,0,2,0,7,50,0,9859,9859,1,5,5,2,0,0,0,0
1310474,3,2022,2022,2,0,10,34,27,4,83,0,1,1,-29.495041,153.118221,18,2,1,1,3,0,3,4,0,0,7,60,1,4026,4026,8,5,40,1,0,0,0,0
1310479,3,2023,2023,4,0,11,81,27,137,34609,0,1,1,-33.908039,150.901001,41,0,2,1,3,0,0,0,0,0,7,50,0,175,188,1,5,13,2,0,0,0,0
1310480,3,2023,2023,4,4,6,220,27,92,222,0,1,10,-33.758268,150.955369,71,0,2,1,3,0,0,0,2,2,7,80,2,5929,5929,1,5,5,2,0,0,0,0
1310483,3,2022,2022,2,0,5,71,17,5,71,0,1,1,-35.046161,144.776684,51,1,0,1,3,0,0,0,2,0,7,110,2,14295,14295,3,5,0,2,0,0,0,0
1310484,3,2023,2023,4,1,5,346,27,9,34609,0,1,1,-28.874735,152.480391,51,1,0,0,3,2,0,0,2,0,7,100,0,4552,5151,8,10,40,1,0,0,0,0
1310486,3,2023,2023,4,2,7,3371,17,56,3342,0,1,2,-31.10965,152.838873,34,1,0,1,3,0,0,0,2,0,7,110,2,9859,9859,8,10,40,1,0,0,0,0
1310489,3,2023,2023,4,3,0,5,27,81,34609,0,1,1,-33.874695,151.255458,81,0,2,1,3,0,0,0,0,0,7,50,0,9859,9859,1,5,0,2,0,0,0,0
1310490,3,2023,2023,4,6,9,294,17,11,288,0,1,1,-34.511343,145.250167,51,1,0,0,3,0,0,0,2,0,7,110,2,3775,3775,0,0,41,2,0,0,0,0
1310495,3,2023,2023,4,5,9,1,31,43,34609,0,1,9,-33.757259,151.248985,50,0,2,1,3,0,0,0,0,0,0,50,0,926,926,4,0,5,2,0,0,0,0
1310497,3,2023,2023,4,5,3,229,14,98,237,0,1,3,-33.761303,151.036273,54,0,2,1,3,0,0,0,2,0,7,100,2,1391,1391,1,5,10,2,0,0,0,0
1310502,3,2023,2023,4,4,9,135,17,131,136,0,1,2,-36.079168,146.924168,0,2,1,0,3,0,0,0,0,0,7,60,2,782,957,5,16,40,1,0,0,0,0
1310503,3,2023,2023,4,2,8,485,27,323,769,0,1,9,-33.769428,151.000128,54,0,2,1,3,0,0,0,2,0,0,60,2,623,623,3,0,0,2,0,0,0,0
1310504,3,2023,2023,4,4,8,171,1,252,55,0,1,10,-33.878785,151.210506,69,0,2,1,3,0,0,0,2,2,7,40,1,6545,6545,4,5,5,2,0,0,0,0
1310505,3,2023,2023,4,3,7,5,31,44,34609,0,1,1,-30.708377,152.919082,47,2,1,1,3,0,0,0,2,0,7,50,0,9859,9859,1,5,36,2,0,0,0,0
1310508,3,2023,2023,4,3,8,42,36,6,6,0,1,1,-36.694538,148.45504,65,1,0,0,3,0,3,4,2,0,7,100,1,1850,1463,5,5,40,1,0,0,0,0
1310510,3,2023,2023,4,2,5,7,27,115,52,0,1,1,-33.908857,151.174965,32,0,2,1,3,0,0,0,2,0,7,60,1,9859,9859,8,30,40,1,0,0,0,0
1310514,3,2023,2023,4,5,7,133,17,9,121,0,1,9,-36.561488,149.302095,65,1,0,1,3,0,1,4,2,0,7,100,2,1945,1945,5,8,40,1,0,0,0,0
1310516,3,2023,2023,4,0,7,3371,17,28,3342,0,1,2,-31.815831,152.630915,43,1,0,1,3,0,0,0,2,0,7,100,2,475,475,5,10,40,1,0,0,0,0
1310523,3,2023,2023,4,2,1,10,27,84,34609,0,1,10,-31.108778,150.89162,70,2,1,1,2,0,0,0,0,0,7,50,0,9859,9859,8,5,40,1,0,0,0,0
1310524,3,2023,2023,4,1,9,4,31,94,34609,0,1,10,-33.836509,151.049939,54,0,2,1,3,0,0,0,2,0,15,50,0,6545,6545,4,0,0,2,0,0,0,0
1310527,3,2023,2023,4,6,9,11,31,204,3,0,1,1,-33.935761,151.154789,4,0,2,1,3,0,0,0,2,0,7,50,1,14295,14295,3,5,0,2,0,0,0,0
1310530,3,2023,2023,4,2,3,33,31,129,34609,0,1,9,-33.898064,151.103358,15,0,2,1,3,0,3,4,1,0,7,50,0,2852,2852,4,0,0,2,0,0,0,0
1310532,3,2023,2023,4,1,4,512,17,43,441,0,1,1,-32.547872,148.941347,22,2,1,1,1,0,0,0,2,0,7,50,2,9859,9859,1,0,13,4,0,0,0,0
1310533,3,2023,2023,4,4,8,40,31,94,34609,0,1,9,-33.834584,151.040471,54,0,2,1,3,0,0,3,2,0,7,50,0,5929,5929,1,0,5,2,0,0,0,0
1310543,3,2022,2022,9,4,4,168,10,100,260,0,1,2,-33.952008,151.160877,4,0,2,1,3,0,0,0,2,0,7,60,2,14295,14295,3,5,0,2,0,0,0,0
1310548,3,2023,2023,4,3,7,2126,17,166,2149,0,1,10,-33.415186,149.572997,3,2,1,1,1,0,0,0,2,2,7,60,2,175,188,8,0,40,1,0,0,0,0
1310550,3,2023,2023,4,3,9,171,27,89,369,0,1,1,-33.657771,150.76788,55,0,2,1,1,0,0,0,2,0,7,80,2,945,945,5,10,40,1,0,0,0,0
1310556,3,2023,2023,4,6,10,1,27,19,34609,0,1,1,-33.901536,150.624758,79,2,2,0,1,0,0,0,3,0,7,60,0,4552,5151,8,0,40,1,0,0,0,0
1310561,3,2022,2022,2,0,11,165,31,251,34609,0,1,9,-33.778137,150.934627,7,0,2,0,2,0,0,0,0,0,15,50,0,4552,5151,8,5,40,1,0,0,0,0
1310571,3,2023,2023,4,6,3,14,27,251,14,0,1,9,-33.775873,150.95534,7,0,2,1,3,0,0,0,2,0,7,60,1,14295,14295,3,10,36,2,0,0,0,0
1310572,3,2023,2023,4,6,6,3371,17,24,3342,0,1,2,-32.51178,152.210271,43,1,0,0,3,0,0,0,2,0,7,110,2,1089,1089,7,30,40,1,0,0,0,0
1310573,3,2022,2022,2,2,7,13,31,106,157,0,1,1,-28.872255,153.043987,60,2,1,1,1,0,3,3,2,0,7,50,2,941,941,1,0,40,2,0,0,0,0
1310581,3,2023,2023,4,4,8,105,17,22,34609,0,1,2,-33.820515,150.91879,21,0,2,1,3,0,0,0,2,0,7,60,0,14295,14295,3,29,5,2,0,0,0,0
1310582,3,2023,2023,4,0,7,33,27,54,34609,0,1,10,-33.895285,151.222061,69,0,2,1,3,0,0,0,2,2,7,50,0,6545,6545,4,32,5,2,0,0,0,0
1310586,3,2023,2023,4,4,2,48,31,194,34609,0,1,1,-30.518369,151.65607,1,2,1,1,2,0,0,0,0,0,7,50,0,9859,9859,1,10,5,3,0,0,0,0
1310587,3,2023,2023,4,3,9,481,17,155,483,0,1,10,-33.140764,148.171822,53,2,1,1,0,0,0,0,3,0,0,50,2,6545,6545,4,5,5,2,0,0,0,0
1310598,3,2023,2023,4,2,0,916,17,12,917,0,1,1,-31.103781,151.002126,70,1,0,1,0,0,0,0,0,0,7,100,2,9859,9859,8,5,40,1,0,0,0,0
1310605,3,2022,2022,1,3,3,154,27,293,244,0,1,9,-33.927556,151.049163,15,0,2,1,1,0,0,1,2,0,15,60,2,6545,6545,4,5,5,2,0,0,0,0
1310608,3,2022,2022,9,6,11,6,27,197,34609,0,1,1,-33.794488,151.125316,61,0,2,1,2,0,0,0,0,0,7,50,0,9859,9859,1,0,13,3,0,0,0,0
1310627,3,2022,2022,9,6,6,41,23,39,34609,0,1,1,-33.763409,150.938076,7,0,2,1,1,0,0,0,2,0,7,50,0,4026,4026,1,10,5,2,0,0,0,0
1310634,3,2022,2022,2,0,2,56,23,129,144,0,1,1,-33.898661,151.089527,9,0,2,1,3,0,3,4,0,0,7,60,2,945,945,5,9,40,1,0,0,0,0
1310635,3,2023,2023,4,5,5,4,27,140,34609,0,1,1,-33.782796,150.820062,7,0,2,1,3,0,0,0,2,0,7,50,0,1282,1282,1,8,5,2,0,0,0,0
1310636,3,2023,2023,4,6,8,2209,17,29,2205,0,1,1,-35.317795,150.440437,63,2,1,1,3,0,3,4,2,0,7,50,2,1945,1945,5,9,40,1,0,0,0,0
1310642,3,2023,2023,4,0,7,1,27,164,34609,1,0,1,-33.72765,150.895276,7,0,2,1,1,0,0,0,2,0,7,50,0,1282,1282,1,33,5,2,0,0,0,0
1310643,3,2023,2023,4,1,5,4,27,36,34609,0,1,1,-33.800125,150.940406,21,0,2,1,1,0,0,0,2,0,7,50,0,3775,3775,0,5,13,2,0,0,0,0
1310646,3,2023,2023,4,2,6,3,31,148,34609,0,1,1,-36.04742,146.934466,0,2,1,0,0,0,0,0,2,0,7,50,0,4552,5151,1,0,0,2,0,0,0,0
1310653,3,2022,2022,2,0,7,1052,14,77,928,0,1,3,-33.535312,151.199636,16,1,2,1,0,0,3,0,2,0,7,110,2,14295,14295,3,9,0,4,0,0,0,0
1310654,3,2022,2022,2,4,11,21,31,73,34609,0,1,1,-33.82534,151.087836,14,0,2,1,2,0,3,3,0,0,7,50,0,9859,9859,1,10,10,2,0,0,0,0
1310680,3,2023,2023,4,2,0,4,31,74,34609,0,1,1,-33.777347,150.681914,55,0,2,0,0,0,0,0,0,0,7,50,0,2585,4009,1,0,5,2,0,0,0,0
1310682,3,2022,2022,2,0,8,3,31,9,34609,0,1,10,-33.826347,151.078109,54,0,2,1,3,0,0,0,3,0,15,50,0,6545,6545,4,5,0,2,0,0,0,0
1310698,3,2022,2022,10,0,2,7,31,234,34609,0,1,1,-34.280502,146.031709,28,2,1,1,0,0,3,4,0,0,7,50,0,9859,9859,8,5,40,1,0,0,0,0
1310707,3,2022,2022,2,3,1,1,1,87,34609,1,0,9,-34.057524,151.152629,68,0,2,1,2,0,3,4,0,0,0,50,0,945,945,5,0,40,1,0,0,0,0
1310714,3,2022,2022,10,1,7,515,14,243,518,0,1,3,-33.947745,150.892682,41,0,2,1,0,0,3,4,2,0,7,100,2,4026,4026,8,29,40,5,0,0,0,0
1310716,3,2022,2022,2,3,1,162,31,91,172,0,1,10,-32.971517,151.64986,37,0,2,1,2,0,0,0,0,2,7,60,2,4552,985,8,5,40,1,0,0,0,0
1310720,3,2023,2023,4,5,8,19,27,87,34609,1,0,1,-33.686559,150.933423,71,0,2,1,3,0,0,0,2,0,7,60,0,14295,14295,3,5,36,2,0,0,0,0
1310771,3,2023,2023,4,4,2,91,27,139,187,0,1,2,-33.870413,151.148035,32,0,2,0,3,0,0,0,0,0,7,70,2,2585,4009,8,5,40,1,0,0,0,0
1310784,3,2023,2023,4,4,7,478,17,70,480,0,1,10,-33.439526,151.356588,16,2,2,1,3,0,0,0,2,0,7,60,2,5929,5929,1,0,0,2,0,0,0,0
1310787,3,2023,2023,4,4,7,55,1,167,34609,0,1,10,-33.849819,151.07391,54,0,2,1,3,0,0,0,2,2,9,60,0,5929,5929,1,0,5,2,0,0,0,0
1310789,3,2023,2023,4,2,7,6,27,50,34609,0,1,1,-33.521932,151.329806,16,2,2,0,3,0,0,0,2,0,7,50,0,4552,5151,1,9,0,2,0,0,0,0
1310791,3,2023,2023,4,3,11,2126,17,44,2149,0,1,2,-33.766882,150.640093,8,2,2,0,3,0,3,4,0,0,7,70,2,4552,5151,8,5,40,1,0,0,0,0
1310793,3,2023,2023,4,2,0,3,27,179,34609,0,1,1,-31.889268,152.427622,43,2,1,0,0,0,0,0,0,0,7,60,0,4552,5151,8,5,40,1,0,0,0,0
1310794,3,2023,2023,4,5,10,1,10,154,34609,0,1,1,-33.726443,150.95222,71,0,2,1,3,0,0,0,0,0,7,50,0,9859,9859,1,5,5,2,0,0,0,0
1310796,3,2023,2023,4,3,7,45,31,204,331,0,1,11,-33.938602,151.151581,4,0,2,1,3,0,3,4,2,2,7,60,2,1383,1383,1,19,0,2,0,0,0,0
1310798,3,2023,2023,4,1,0,2126,17,438,2149,0,1,10,-33.845062,151.042205,21,0,2,1,3,0,0,0,0,2,7,60,2,6545,6545,4,5,5,3,0,0,0,0
1310800,3,2023,2023,4,4,2,2,7,74,34609,0,1,1,-33.755367,150.826801,7,0,2,1,3,0,0,0,0,0,7,50,0,4026,4026,1,5,5,2,0,0,0,0
1310805,3,2023,2023,4,4,10,65,27,646,563,0,1,2,-33.928621,151.038727,15,0,2,0,3,0,2,6,0,0,7,70,2,4552,5151,8,10,40,1,0,0,0,0
1310809,3,2023,2023,4,2,6,7,31,104,34609,0,1,9,-32.913056,151.708893,48,0,2,1,3,0,0,0,2,0,0,50,0,2852,2852,4,5,5,2,0,0,0,0
1310812,3,2023,2023,4,5,8,110,27,41,173,0,1,2,-34.396411,150.867237,80,0,2,1,3,0,3,4,2,0,7,80,2,1192,1192,1,10,10,2,0,0,0,0
1310813,3,2023,2023,4,3,8,220,14,133,220,0,1,3,-34.493377,150.802945,80,0,2,1,3,0,3,3,2,0,7,100,2,1945,1945,5,5,40,1,0,0,0,0
1310814,3,2023,2023,4,0,7,8,31,112,34609,0,1,9,-36.05268,146.934749,0,2,1,1,3,0,0,0,2,0,7,60,0,3775,3775,0,5,13,5,0,0,0,0
1310815,3,2023,2023,4,5,3,117,1,210,121,0,1,9,-34.041088,151.108009,68,0,2,1,3,0,0,0,2,0,0,60,1,1945,1945,5,5,40,1,0,0,0,0
1310816,3,2023,2023,4,2,9,15,27,20,91,0,1,1,-34.977467,149.258843,82,1,0,1,3,0,0,0,2,0,7,100,1,4026,4026,8,5,40,1,0,0,0,0
1310817,3,2023,2023,4,6,6,2209,17,17,2205,0,1,1,-35.531569,150.303823,63,1,0,0,3,0,3,4,2,0,7,100,2,4552,5151,8,9,40,1,0,0,0,0
1310818,3,2023,2023,4,5,4,60,31,134,34609,0,1,9,-33.664894,150.863398,7,0,2,1,3,0,0,0,2,0,0,60,0,2852,2852,4,5,5,2,0,0,0,0
1310821,3,2022,2022,9,3,2,14,1,49,18,0,1,7,-33.973294,151.146028,4,0,2,1,3,0,0,0,0,0,0,60,1,9859,9859,8,0,40,1,0,0,0,0
1310826,3,2023,2023,4,6,9,35,27,109,37,0,1,9,-33.911287,151.140936,32,0,2,0,1,0,0,0,3,0,7,50,1,4552,5151,8,5,40,1,0,0,0,0
1310827,3,2022,2022,9,5,7,10,31,82,34609,0,1,9,-31.083659,150.925629,70,2,1,1,3,0,0,0,2,0,7,50,0,84,84,8,8,40,1,0,0,0,0
1310828,3,2023,2023,4,1,7,4,1,107,34609,0,1,9,-33.275862,151.45032,16,2,2,1,3,0,0,0,2,0,15,50,0,1669,1669,3,5,5,3,0,0,0,0
1310831,3,2023,2023,4,5,10,13,27,46,34609,0,1,1,-35.154273,147.370616,75,2,1,1,3,0,0,0,0,0,7,60,0,1981,1981,4,0,5,2,0,0,0,0
1310834,3,2023,2023,4,6,6,2209,17,176,2205,0,1,2,-33.954503,151.137554,4,0,2,1,3,0,0,0,2,0,7,60,2,1192,1192,1,0,12,2,0,0,0,0
1310837,3,2023,2023,4,1,5,27,31,73,34609,0,1,1,-34.180216,150.610971,79,2,2,1,3,0,0,3,2,0,7,50,0,84,84,8,10,40,1,0,0,0,0
1310838,3,2022,2022,2,0,3,59,27,252,41,0,1,7,-33.934373,150.869147,41,0,2,0,0,0,0,0,2,0,0,60,1,1282,1282,1,29,5,2,0,0,0,0
1310839,3,2023,2023,4,5,5,1,1,11,34609,0,1,1,-32.698084,151.597417,42,2,1,1,3,0,0,3,2,0,7,50,0,9859,9859,1,10,13,2,0,0,0,0
1310840,3,2023,2023,4,0,0,20,27,115,34609,1,0,1,-33.877151,151.180159,69,0,2,1,0,0,0,0,0,0,7,50,0,1282,1282,1,5,5,2,0,0,0,0
1310842,3,2023,2023,4,6,7,2261,17,30,2252,0,1,2,-35.588417,147.526271,27,1,0,0,3,0,3,4,2,0,7,110,2,273,957,5,9,40,1,0,0,0,0
1310843,3,2023,2023,4,1,7,2,23,219,34609,0,1,10,-32.909954,151.6738,48,0,2,1,3,0,0,0,2,0,0,50,0,6545,6545,4,5,5,2,0,0,0,0
1310867,3,2022,2022,2,5,7,361,23,79,165,0,1,9,-33.968523,151.124534,25,0,2,1,1,0,0,0,2,2,7,50,1,14295,14295,3,5,0,2,0,0,0,0
1310874,3,2022,2022,2,4,8,12,27,41,24,0,1,1,-32.816921,151.696689,57,2,1,1,1,0,3,4,2,0,7,60,2,3775,3775,0,10,2,2,0,0,0,0
1310879,3,2023,2023,4,2,2,114,27,10,65,0,1,1,-33.4236,151.159418,16,2,2,0,0,0,0,0,0,0,7,70,1,1259,5151,8,10,40,1,0,0,0,0
1310891,3,2022,2022,9,3,7,5,23,42,34609,0,1,1,-34.007129,151.215107,68,0,2,1,1,0,0,0,2,0,7,50,0,220,220,8,5,40,1,0,0,0,0
1310895,3,2023,2023,4,4,7,225,27,304,34609,0,1,1,-33.910331,151.156584,32,0,2,1,3,0,0,0,2,0,7,50,0,4026,4026,8,30,40,1,0,0,0,0
1310904,3,2023,2022,2,5,3,31,31,23,34609,0,1,1,-34.383841,150.874288,80,0,2,1,3,0,0,0,1,0,7,50,0,4026,4026,1,5,13,2,0,0,0,0
1310906,3,2023,2023,4,1,6,48,10,13,58,0,1,10,-32.900491,151.753218,48,0,2,1,3,0,0,0,2,2,7,60,2,14295,14295,3,9,0,2,0,0,0,0
1310908,3,2023,2023,4,6,3,40,31,149,34609,0,1,9,-33.865795,151.167875,32,0,2,1,3,0,0,0,2,0,7,50,0,220,220,8,0,40,1,0,0,0,0
1310909,3,2023,2023,4,4,5,59,27,9,69,0,1,1,-34.051485,149.826665,51,1,0,1,3,0,3,3,2,0,7,100,1,4026,4026,8,5,40,1,0,0,0,0
1310910,3,2023,2023,4,2,8,89,17,82,34609,0,1,1,-34.366569,150.89831,80,0,2,1,3,0,0,0,2,0,7,60,0,1391,1391,1,30,5,2,0,0,0,0
1310911,3,2023,2023,4,1,7,1,31,316,34609,0,1,9,-31.444121,152.923142,56,2,1,1,3,0,0,0,2,0,7,50,0,9859,9859,1,5,5,3,0,0,0,0
1310913,3,2023,2023,4,3,0,308,14,169,311,0,1,3,-33.767602,150.846472,7,0,2,1,3,0,3,4,0,0,7,100,2,1383,1383,1,0,5,2,0,0,0,0
1310915,3,2023,2023,4,6,5,1,1,115,34609,0,1,1,-33.881811,151.184015,69,0,2,1,3,0,0,0,2,0,7,50,0,387,387,1,9,0,2,0,0,0,0
1310918,3,2023,2023,4,5,5,5,27,12,34609,0,1,1,-33.391407,148.777101,11,1,0,1,3,0,0,0,2,0,7,100,0,9859,9859,8,10,40,1,0,0,0,0
1310929,3,2023,2023,4,5,7,2261,17,47,2252,0,1,2,-35.688869,147.350836,27,1,0,1,3,0,0,0,2,0,7,110,2,9859,9859,8,0,40,1,0,0,0,0
1310930,3,2023,2023,4,6,8,829,27,124,770,0,1,10,-33.812294,151.041754,54,0,2,1,3,0,0,0,2,2,7,70,2,1383,1383,1,5,0,2,0,0,0,0
1310931,3,2023,2023,4,1,2,2,31,155,34609,0,1,1,-33.497742,151.3109,16,2,2,0,2,0,0,0,0,0,7,50,0,1957,4009,1,5,13,2,0,0,0,0
1310944,3,2022,2022,9,3,11,67,27,157,55,0,1,9,-34.01515,151.10522,68,0,2,1,2,0,3,4,0,0,7,70,2,3775,3775,0,0,5,2,0,0,0,0
1310949,3,2023,2023,4,0,9,500,27,646,799,0,1,10,-33.933751,151.027141,15,0,2,1,2,0,0,0,3,2,7,60,2,14295,14295,3,33,5,2,0,0,0,0