Crash ID,Degree of crash - detailed,Reporting year,Year of crash,Month of crash,Day of week of crash,Two-hour intervals,Street of crash,Street type,Town,Route no.,School zone location,School zone active,Type of location,Latitude,Longitude,LGA,Urbanisation,Conurbation 1,Alignment,Street lighting,Road surface,Surface condition,Weather,Natural lighting,Signals operation,Other traffic control,Speed limit,Road classification,RUM - code,DCA - code,First impact type,Key TU type,Other TU type,No. of traffic units involved,No. killed,No. seriously injured,No. moderately injured,No. minor-other injured
1310956,3,2023,2023,4,4,5,2261,17,59,2252,0,1,3,-33.979147,150.867631,13,0,2,1,1,0,0,0,2,0,7,110,2,404,404,8,5,40,1,0,0,0,0
1310967,3,2022,2022,2,5,10,512,17,11,441,0,1,1,-32.996634,148.862472,11,1,0,0,0,0,0,0,0,0,7,100,2,14295,14295,3,29,5,2,0,0,0,0
1310980,3,2022,2022,2,4,5,193,27,32,41,0,1,1,-33.978778,151.122935,25,0,2,1,3,0,0,0,2,0,7,60,1,14295,14295,3,5,5,3,0,0,0,0
1310984,3,2022,2022,10,5,6,387,27,290,331,0,1,9,-33.949865,151.126569,4,0,2,1,3,0,0,0,2,0,2,60,2,9859,9859,8,5,40,1,0,0,0,0
1310986,3,2023,2023,4,2,8,57,27,172,126,0,1,7,-32.754624,151.607698,42,2,1,1,1,0,0,0,2,0,0,60,2,3775,3775,0,30,13,2,0,0,0,0
1310989,3,2023,2023,4,2,6,1,7,73,34609,0,1,1,-33.753694,150.811861,7,0,2,1,0,0,0,0,2,0,7,50,0,4026,4026,1,5,5,2,0,0,0,0
1310995,3,2023,2023,4,1,10,8,1,159,34609,0,1,1,-33.804586,151.076423,61,0,2,1,2,0,0,0,0,0,7,50,0,4026,4026,1,9,0,3,0,0,0,0
1311003,3,2022,2022,11,3,6,2126,17,93,2149,0,1,9,-33.41859,149.601598,3,2,1,1,3,0,0,0,2,2,7,70,2,5929,5929,1,0,0,2,0,0,0,0
1311008,3,2023,2023,4,0,8,10,31,82,34609,0,1,1,-34.371512,150.889916,80,0,2,0,1,0,0,3,2,0,7,50,0,4552,5151,8,10,40,1,0,0,0,0
1311012,3,2022,2022,9,5,4,42,31,438,34609,0,1,9,-33.853752,151.028519,21,0,2,1,1,0,0,0,2,0,0,50,0,4552,985,1,19,0,2,0,0,0,0
1311013,3,2022,2022,9,5,9,15,31,169,34609,0,1,1,-28.642925,153.613872,10,2,1,1,3,0,0,0,2,0,7,50,0,1282,1282,1,5,40,1,0,0,0,0
1311021,3,2022,2022,11,1,1,3,27,293,34609,0,1,1,-33.93598,151.247093,59,0,2,1,3,0,0,0,0,0,7,50,0,9859,9859,1,5,0,3,0,0,0,0
1311022,3,2023,2023,4,4,7,5,31,131,34609,0,1,1,-36.074273,146.917515,0,2,1,1,2,0,0,0,2,0,7,50,0,9859,9859,1,33,5,2,0,0,0,0
1311030,3,2023,2023,4,1,1,51,31,80,10,0,1,9,-33.752777,150.653527,55,0,2,1,2,0,0,0,0,0,0,50,1,4552,985,1,0,0,3,0,0,0,0
1311032,3,2023,2023,4,3,10,46,31,17,34609,0,1,1,-32.738534,151.538721,42,2,1,1,3,0,0,0,4,0,7,50,0,9859,9859,8,16,40,1,0,0,0,0
1311034,3,2022,2022,10,3,4,6,36,5,6,0,1,1,-35.026728,143.364778,51,1,0,1,3,0,0,3,2,0,7,100,2,945,945,5,9,40,1,0,0,0,0
1311035,3,2023,2023,4,3,7,2261,17,252,2252,0,1,10,-33.956251,150.872722,41,0,2,1,3,0,3,4,2,2,7,70,2,623,623,3,0,0,3,0,0,0,0
1311036,3,2023,2023,4,3,3,13,27,2,13,0,1,1,-29.372125,153.364255,18,2,1,1,3,0,0,0,1,0,7,80,1,945,945,5,5,40,1,0,0,0,0
1311037,3,2023,2023,4,0,4,6,31,15,34609,0,1,1,-33.890152,151.051866,15,0,2,1,3,0,3,4,2,0,7,60,0,14295,14295,3,5,0,3,0,0,0,0
1311039,3,2023,2023,4,5,7,916,17,9,917,0,1,9,-32.708671,151.426012,42,1,0,0,3,0,0,0,2,0,15,100,2,6545,6545,4,10,0,2,0,0,0,0
1311040,3,2023,2023,4,4,9,4,27,201,34609,0,1,9,-34.896105,150.613433,63,2,1,1,3,0,0,0,3,0,7,50,0,775,775,4,5,0,2,0,0,0,0
1311044,3,2023,2023,4,3,6,162,31,65,122,0,1,10,-34.487182,150.887933,80,0,2,1,3,0,3,4,2,2,7,60,2,926,926,4,5,12,2,0,0,0,0
1311046,3,2023,2023,4,1,4,2126,17,226,2149,0,1,2,-33.781718,150.825029,7,0,2,1,3,0,0,0,2,0,7,80,2,14295,14295,3,5,40,2,0,0,0,0
1311048,3,2023,2023,4,0,3,2209,17,157,2205,0,1,2,-34.008614,151.102172,68,0,2,1,3,0,3,4,2,0,7,70,2,1945,1945,5,5,40,1,0,0,0,0
1311049,3,2023,2023,4,5,11,4,7,149,187,0,1,2,-33.869595,151.175443,32,0,2,1,3,0,3,4,0,0,7,70,2,14295,14295,3,5,0,3,0,0,0,0
1311050,3,2023,2023,4,5,5,2209,17,49,2205,0,1,9,-33.930815,151.155024,4,0,2,1,3,0,0,0,2,2,7,60,2,14295,14295,3,10,5,2,0,0,0,0
1311052,3,2023,2023,4,1,9,11,27,3,34609,0,1,1,-35.075473,148.871905,82,1,0,0,3,2,0,0,3,0,7,100,0,1259,5151,8,10,40,1,0,0,0,0
1311053,3,2023,2023,4,6,8,168,17,32,212,0,1,7,-35.345633,149.269723,58,2,1,0,3,0,3,4,2,0,0,80,2,4552,5151,8,10,40,1,0,0,0,0
1311054,3,2023,2023,4,0,3,1104,14,149,962,0,1,3,-33.817049,150.974298,21,0,2,1,3,0,3,4,1,0,7,90,2,14295,14295,3,10,10,3,0,0,0,0
1311055,3,2023,2023,4,5,3,45,1,294,34609,0,1,2,-33.940802,150.924654,41,0,2,1,3,0,0,0,2,0,7,60,0,14295,14295,3,5,0,2,0,0,0,0
1311059,3,2023,2023,4,6,3,114,27,34,228,0,1,1,-33.468621,150.984645,71,0,2,0,3,0,0,0,2,0,7,80,2,4552,5151,8,5,40,1,0,0,0,0
1311060,3,2023,2023,4,2,5,1,6,6,34609,0,1,1,-32.696115,151.580344,42,2,1,0,3,0,0,0,2,0,7,50,0,941,941,1,10,0,2,0,0,0,0
1311062,3,2022,2022,2,5,7,2126,17,78,2149,0,1,2,-33.696552,150.550103,8,2,2,1,3,0,0,0,2,0,7,60,2,945,945,5,5,40,1,0,0,0,0
1311064,3,2023,2023,4,0,5,220,27,92,222,0,1,2,-33.740564,150.947001,71,0,2,1,3,0,3,0,2,0,7,80,2,1945,1945,5,16,40,1,0,0,0,0
1311065,3,2023,2023,4,0,7,67,27,147,74,0,1,1,-33.864243,151.127804,14,0,2,1,3,0,0,3,2,0,7,50,1,14295,14295,3,9,5,3,0,0,0,0
1311067,3,2023,2023,4,2,4,19,27,23,34609,0,1,1,-34.020018,151.035043,68,0,2,1,3,0,3,4,2,0,7,60,0,4026,4026,8,5,40,1,0,0,0,0
1311068,3,2023,2023,4,6,7,8,31,304,34609,0,1,9,-33.912903,151.152225,32,0,2,1,3,0,0,0,2,0,0,50,0,926,926,4,5,5,2,0,0,0,0
1311069,3,2023,2023,4,3,5,2261,17,30,2252,0,1,2,-35.601663,147.507809,27,1,0,1,3,0,0,0,2,0,7,110,2,475,475,5,21,40,1,0,0,0,0
1311074,3,2023,2023,4,0,3,193,27,438,34609,0,1,1,-33.860829,151.028109,21,0,2,1,3,0,0,0,1,0,7,60,0,9859,9859,1,0,5,3,0,0,0,0
1311075,3,2022,2022,11,2,4,37,27,21,36,0,1,1,-32.578919,151.771876,51,1,0,1,3,0,3,4,2,0,7,90,1,9859,9859,8,10,40,1,0,0,0,0
1311080,3,2023,2023,4,3,9,2209,17,106,2205,0,1,7,-34.549143,150.785499,62,0,2,1,3,0,0,0,2,0,0,70,2,9859,9859,8,5,40,1,0,0,0,0
1311084,3,2023,2023,4,3,10,225,17,15,180,0,1,1,-34.584097,150.528559,78,1,0,1,0,0,0,0,0,0,7,100,2,9859,9859,8,5,40,1,0,0,0,0
1311088,3,2023,2023,4,3,9,829,27,363,770,0,1,9,-33.809057,151.008236,54,0,2,1,3,0,3,4,2,2,15,60,2,4552,985,8,10,40,1,0,0,0,0
1311090,3,2023,2023,4,0,4,7,27,197,34609,0,1,7,-33.953603,151.074781,25,0,2,1,3,0,3,4,2,0,0,50,0,1259,985,8,0,40,2,0,0,0,0
1311091,3,2023,2023,4,6,3,232,36,40,331,0,1,10,-33.94999,150.838588,41,0,2,1,3,0,0,0,2,2,7,70,2,6545,6545,4,0,5,3,0,0,0,0
1311093,3,2023,2023,4,2,11,162,31,532,24,0,1,10,-33.868888,151.208311,69,0,2,1,3,0,0,0,0,2,7,40,1,945,945,5,5,40,1,0,0,0,0
1311095,3,2023,2023,4,6,8,126,1,226,144,0,1,7,-33.756158,150.818533,7,0,2,0,1,0,0,3,2,0,0,60,1,5929,5929,1,5,5,2,0,0,0,0
1311096,3,2023,2023,4,3,6,11,23,57,41,0,1,9,-33.678542,151.112668,31,0,2,1,3,0,3,4,2,0,15,60,2,14295,14295,3,0,5,3,0,0,0,0
1311108,3,2023,2023,4,4,7,38,1,239,34609,0,1,9,-34.042793,151.128544,68,0,2,1,1,0,0,0,2,0,7,50,0,2852,2852,4,0,0,2,0,0,0,0
1311121,3,2023,2023,4,2,5,22,27,12,148,0,1,1,-30.523687,151.949387,1,1,0,0,0,0,0,0,2,0,7,100,2,4552,5151,8,5,40,1,0,0,0,0
1311130,3,2022,2022,1,6,11,2,1,137,34609,0,1,1,-33.906205,150.899824,24,0,2,0,2,0,0,0,0,0,7,50,0,1957,4009,8,5,40,1,0,0,0,0
1311137,3,2023,2023,4,3,9,2126,17,17,2149,0,1,2,-33.70968,150.58657,8,2,2,0,1,0,3,4,2,0,7,80,2,2585,4009,8,5,40,1,0,0,0,0
1311154,3,2023,2023,4,2,9,123,27,316,25,0,1,1,-33.910178,151.251504,59,0,2,1,0,0,3,4,0,0,7,50,2,1282,1282,1,33,5,2,0,0,0,0
1311168,3,2023,2023,4,1,5,45,27,134,40,0,1,1,-33.67384,150.872073,7,0,2,1,1,0,0,0,2,0,7,50,2,3775,3775,0,33,5,2,0,0,0,0
1311181,3,2023,2023,4,2,9,6,27,187,34609,0,1,1,-33.789528,150.993247,54,0,2,1,1,0,0,0,2,0,7,50,0,9859,9859,1,0,0,4,0,0,0,0
1311183,3,2023,2023,4,3,0,3,31,370,34609,0,1,9,-34.0733,150.828349,13,0,2,1,2,0,0,0,0,0,7,60,0,4026,4026,8,5,40,1,0,0,0,0
1311195,3,2023,2023,4,3,8,222,27,19,34609,0,1,9,-33.754615,151.091998,31,0,2,1,0,0,0,0,2,0,7,50,0,9859,9859,8,5,40,1,0,0,0,0
1311198,3,2023,2023,4,2,0,1,31,123,34609,0,1,1,-33.808671,151.052326,54,0,2,1,2,0,0,0,0,0,7,50,0,9859,9859,1,0,5,2,0,0,0,0
1311203,3,2023,2023,4,4,8,916,17,32,917,0,1,9,-32.642644,151.233711,64,1,0,0,3,0,0,0,2,0,15,100,2,2852,2852,4,0,35,2,0,0,0,0
1311207,3,2023,2023,4,3,10,829,27,26,770,0,1,2,-33.838937,151.145574,51,0,2,0,2,0,3,4,0,0,7,70,2,2585,4009,8,5,40,1,0,0,0,0
1311209,3,2023,2023,4,2,10,34,31,98,260,0,1,10,-33.011085,151.593506,37,0,2,1,2,0,3,4,0,2,7,60,2,6545,6545,4,10,5,2,0,0,0,0
1311214,3,2022,2022,9,1,0,17,2,74,34609,0,1,9,-34.031416,150.788344,12,0,2,1,2,0,0,0,0,2,7,70,0,9859,9859,8,10,40,1,0,0,0,0
1311221,3,2022,2022,2,2,6,1052,14,77,928,0,1,3,-33.522884,151.195927,16,1,2,0,3,0,0,0,2,0,7,100,2,14295,14295,3,10,13,3,0,0,0,0
1311223,3,2023,2023,4,6,7,2126,17,12,2149,0,1,1,-33.66232,150.277984,8,2,2,0,3,0,0,0,2,0,7,80,2,4552,5151,8,10,40,1,0,0,0,0
1311225,3,2022,2022,2,6,10,11,27,105,34609,0,1,7,-32.715315,151.537298,42,2,1,1,3,0,0,0,0,0,0,60,0,6545,6545,4,0,5,2,0,0,0,0
1311226,3,2023,2023,4,3,1,1,31,24,34609,0,1,1,-33.957868,150.98609,15,0,2,1,2,0,0,0,0,0,7,50,0,9859,9859,1,0,13,3,0,0,0,0
1311230,3,2022,2022,2,3,1,293,25,2,34609,0,1,1,-34.540347,150.785772,80,0,2,1,2,0,0,0,0,0,7,50,0,945,945,5,0,40,1,0,0,0,0
1311234,3,2022,2022,9,2,4,234,27,337,217,0,1,10,-33.743491,150.998624,71,0,2,1,2,0,0,0,2,2,7,60,2,14295,14295,3,0,0,3,0,0,0,0
1311255,3,2023,2023,4,2,9,191,27,33,208,1,0,10,-33.797502,151.094576,61,0,2,1,1,0,0,0,2,2,7,60,2,5929,5929,1,5,0,2,0,0,0,0
1311268,3,2022,2022,2,5,2,95,27,50,605,1,0,9,-33.62988,151.331197,50,0,2,1,3,0,0,0,0,0,7,60,2,4026,4026,1,0,0,3,0,0,0,0
1311320,3,2023,2023,4,3,9,97,17,61,88,0,1,9,-35.178786,149.268169,58,1,0,1,3,0,0,3,3,0,15,110,1,5929,5929,1,5,0,2,0,0,0,0
1311331,3,2023,2023,4,6,10,91,27,119,187,0,1,10,-33.874951,151.155162,32,0,2,1,3,0,0,0,0,2,7,70,2,14295,14295,3,5,35,2,0,0,0,0
1311332,3,2023,2023,4,5,8,2209,17,18,2205,0,1,9,-35.690155,150.195121,23,1,0,1,3,0,3,4,3,0,0,100,2,1669,1669,3,30,36,2,0,0,0,0
1311333,3,2023,2023,4,0,6,135,17,20,136,0,1,1,-35.979533,146.625609,51,2,1,1,3,0,0,0,2,0,7,50,2,1282,1282,1,5,40,1,0,0,0,0
1311340,3,2022,2022,2,0,0,2,18,4,41,0,1,1,-29.045899,153.342016,39,1,0,1,0,0,0,0,0,0,7,100,1,9859,9859,8,5,40,1,0,0,0,0
1311355,3,2023,2022,9,0,7,6,27,5,34609,0,1,1,-35.257734,147.477835,75,1,0,0,3,0,0,0,2,0,7,100,0,2585,4009,8,5,40,1,0,0,0,0
1311356,3,2023,2023,4,5,9,2,31,32,34609,0,1,1,-33.863014,150.976569,24,0,2,1,3,0,0,0,3,0,7,50,0,9859,9859,1,10,0,2,0,0,0,0
1311357,3,2022,2022,9,1,6,38,27,78,38,0,1,1,-33.410281,151.450154,16,2,2,1,3,0,0,0,2,0,7,60,1,14295,14295,3,5,13,2,0,0,0,0
1311359,3,2023,2023,4,1,3,916,17,165,917,0,1,9,-32.275287,150.89517,46,2,1,1,0,0,0,0,1,1,7,40,2,41,41,8,10,40,1,0,0,0,0
1311367,3,2023,2023,4,1,4,475,31,252,75,0,1,9,-33.882887,151.208419,69,0,2,0,3,0,3,3,2,2,7,40,1,1669,1669,3,0,13,2,0,0,0,0
1311369,3,2023,2023,4,5,5,195,27,162,34609,0,1,1,-33.839268,150.880465,24,0,2,1,3,0,0,0,2,0,7,50,0,1981,1981,4,10,5,2,0,0,0,0
1311379,3,2022,2022,2,3,9,132,31,174,126,0,1,10,-33.892094,151.216723,69,0,2,1,3,0,0,0,0,2,7,50,2,2852,2852,4,9,5,2,0,0,0,0
1311391,3,2022,2022,9,4,8,478,17,49,480,0,1,1,-33.202415,151.524616,16,2,2,1,3,0,0,0,2,0,7,70,2,14295,14295,3,5,5,3,0,0,0,0
1311398,3,2022,2022,10,6,2,229,14,197,237,0,1,3,-33.794893,151.136409,61,0,2,1,0,0,0,0,0,0,7,100,2,14295,14295,3,33,0,2,0,0,0,0
1311400,3,2023,2023,3,4,8,515,14,166,518,0,1,3,-33.944388,150.982938,15,0,2,1,3,0,0,0,4,0,7,100,2,14295,14295,3,0,5,2,0,0,0,0
1311401,3,2023,2023,4,5,8,132,31,45,126,0,1,9,-33.888462,151.197672,69,0,2,1,3,0,0,3,3,0,0,50,2,775,775,4,5,5,2,0,0,0,0
1311406,3,2023,2023,3,0,9,19,31,49,34609,0,1,1,-33.935233,151.150346,4,0,2,1,3,0,0,0,4,0,7,50,0,186,186,1,5,0,2,0,0,0,0
1311411,3,2023,2023,4,3,5,213,17,113,213,1,0,10,-29.460495,149.838754,51,2,1,1,3,0,0,0,2,0,0,50,2,3775,3775,0,0,13,2,0,0,0,0
1311415,3,2023,2023,4,5,3,308,14,323,311,0,1,3,-33.790327,150.856116,7,0,2,1,3,0,0,0,2,0,7,100,2,1383,1383,1,9,5,2,0,0,0,0
1311416,3,2023,2023,4,2,5,171,31,96,34609,0,1,10,-35.345425,149.23077,58,2,1,1,3,0,0,0,2,0,15,50,0,2852,2852,4,5,5,3,0,0,0,0
1311417,3,2023,2023,4,3,7,1,1,40,34609,0,1,1,-34.019092,151.122279,68,0,2,0,3,0,3,4,2,0,9,50,0,14295,14295,3,10,5,3,0,0,0,0
1311422,3,2023,2023,4,3,7,12,31,201,34609,0,1,7,-34.875956,150.597844,63,2,1,1,3,0,0,0,2,0,0,50,0,301,301,4,5,0,2,0,0,0,0
1311425,3,2023,2023,4,2,11,13,31,85,34609,0,1,10,-33.728882,151.134333,36,0,2,1,3,0,0,0,0,0,15,50,0,6545,6545,4,0,5,2,0,0,0,0
1311426,3,2023,2023,4,5,4,28,31,523,34609,1,2,1,-33.918498,150.927715,41,0,2,1,3,0,0,0,2,0,7,40,0,941,941,1,21,0,2,0,0,0,0
1311427,3,2023,2023,4,6,9,17,31,273,34609,0,1,1,-34.428239,150.900716,80,0,2,1,3,0,0,3,2,0,7,50,0,1109,787,1,5,5,2,0,0,0,0
1311429,3,2023,2023,4,5,8,135,17,131,136,0,1,2,-36.076818,146.92491,0,2,1,1,3,0,0,0,2,0,7,50,2,14295,14295,3,10,5,2,0,0,0,0
1311431,3,2023,2023,4,2,8,161,17,13,161,0,1,1,-36.636513,149.774039,5,1,0,1,3,0,0,0,3,0,7,100,2,945,945,5,5,40,1,0,0,0,0
1311433,3,2023,2023,4,2,5,6,31,117,34609,1,0,1,-28.174289,153.540121,72,2,1,1,3,0,0,0,2,0,7,50,0,1981,1981,4,10,0,4,0,0,0,0
1311436,3,2023,2023,4,0,6,330,23,150,112,0,1,10,-33.927941,151.233238,59,0,2,1,1,0,0,0,2,2,7,60,2,6545,6545,4,0,0,2,0,0,0,0
1311437,3,2023,2023,4,3,5,2,31,460,34609,0,1,1,-33.838298,150.976318,21,0,2,1,3,0,0,0,2,0,7,50,0,1391,1391,1,0,5,2,0,0,0,0
1311438,3,2023,2023,4,6,8,23,10,87,23,0,1,7,-33.915388,150.954206,41,0,2,1,1,0,0,0,2,0,0,60,1,14295,14295,3,10,5,2,0,0,0,0
1311441,3,2023,2023,3,0,5,330,23,293,112,0,1,9,-33.938516,151.238835,59,0,2,1,3,0,0,0,2,0,7,50,2,4026,4026,1,5,0,3,0,0,0,0
1311443,3,2023,2023,4,6,11,48,27,51,166,0,1,9,-33.253542,151.4936,16,2,2,1,3,0,0,3,0,2,7,50,2,1282,1282,1,5,5,2,0,0,0,0
1311444,3,2023,2023,4,2,4,1,1,126,34609,0,1,1,-33.923336,150.805206,41,0,2,1,3,0,0,0,2,0,7,50,0,9859,9859,8,5,40,1,0,0,0,0
1311446,3,2023,2023,3,0,1,3371,17,32,3342,0,1,2,-29.109793,153.338449,60,1,0,1,3,0,0,0,0,0,7,110,2,475,475,5,29,40,1,0,0,0,0
1311452,3,2023,2023,4,5,7,49,31,70,34609,0,1,9,-32.897177,151.724425,48,0,2,1,3,0,0,0,2,0,7,50,0,14295,14295,3,5,5,2,0,0,0,0
1311453,3,2023,2023,4,5,2,18,27,50,34609,0,1,1,-33.643927,150.862703,29,2,2,1,3,0,3,4,1,0,7,60,0,9859,9859,8,10,40,1,0,0,0,0
1311458,3,2022,2022,9,4,8,193,1,64,34609,1,0,1,-32.942252,151.700821,48,0,2,1,3,0,0,0,2,0,9,50,0,14295,14295,3,10,0,3,0,0,0,0
1311460,3,2023,2023,4,0,3,1,1,105,34609,0,1,1,-32.713669,151.524722,42,2,1,1,3,0,0,0,2,0,7,50,0,9859,9859,1,19,41,2,0,0,0,0
1311478,3,2023,2023,4,3,11,36,27,11,82,0,1,1,-35.161925,147.337444,75,2,1,0,0,0,3,4,0,0,7,80,1,14295,14295,3,5,18,2,0,0,0,0
1311486,3,2022,2022,2,4,4,2261,17,646,2252,1,0,10,-33.907192,151.033418,15,0,2,1,1,0,0,0,2,1,7,60,2,3775,3775,0,0,5,2,0,0,0,0
1311507,3,2022,2022,9,2,10,296,27,187,293,0,1,10,-33.881886,150.977495,15,0,2,1,2,0,0,0,0,2,7,60,2,14295,14295,3,5,5,4,0,0,0,0
1311509,3,2023,2023,4,0,8,11,1,234,34609,0,1,1,-34.28314,146.065606,28,2,1,1,3,0,0,0,2,0,7,50,0,4026,4026,8,5,40,1,0,0,0,0
1311516,3,2023,2023,4,2,6,30,27,9,39,0,1,1,-35.629066,149.485842,58,1,0,0,0,2,0,0,2,0,7,100,1,4552,5151,8,10,40,1,0,0,0,0
1311524,3,2023,2023,4,3,5,1052,14,36,928,0,1,3,-33.443126,151.218565,16,1,2,1,3,0,0,0,2,0,7,110,2,14295,14295,3,10,13,3,0,0,0,0
1311528,3,2022,2022,2,6,8,2209,17,115,2205,0,1,9,-34.026773,151.084598,68,0,2,1,3,0,0,0,2,2,7,70,2,14295,14295,3,5,36,3,0,0,0,0
1311529,3,2023,2023,4,3,8,3,10,79,34609,1,0,10,-34.019213,150.753509,12,0,2,1,1,0,3,4,2,2,15,50,0,2852,2852,4,0,5,3,0,0,0,0
1311530,3,2023,2023,4,5,6,24,31,112,60,0,1,10,-36.052535,146.933525,0,2,1,1,3,0,0,0,2,2,7,60,1,6545,6545,4,0,36,2,0,0,0,0
1311532,3,2023,2023,4,4,9,3371,17,7,3342,0,1,2,-28.483157,153.51326,10,1,0,0,3,0,3,4,3,0,7,110,2,4552,5151,8,5,40,1,0,0,0,0
1311533,3,2023,2023,4,1,5,2209,17,14,2205,0,1,1,-36.924249,149.87588,5,1,0,0,3,0,3,4,2,0,7,100,2,273,957,5,9,40,1,0,0,0,0
1311540,3,2022,2022,9,0,2,1,22,2,34609,0,1,1,-34.185186,142.227913,51,2,1,0,2,0,0,0,0,0,7,50,0,4552,5151,8,5,40,1,0,0,0,0
1311541,3,2023,2023,4,6,8,296,27,283,293,0,1,9,-33.832823,151.002739,21,0,2,1,1,0,0,0,3,2,7,70,2,945,945,5,5,40,1,0,0,0,0
1311544,3,2023,2023,4,3,2,71,36,3,8,0,1,1,-30.711775,145.85388,51,1,0,1,3,0,0,0,1,0,7,110,2,1089,1089,7,0,40,1,0,0,0,0
1311552,3,2022,2022,2,0,8,27,27,294,27,0,1,10,-33.933804,150.953613,41,0,2,1,0,0,0,0,2,2,7,60,1,186,186,1,5,5,2,0,0,0,0
1311575,3,2023,2023,4,1,1,2,23,44,34609,0,1,9,-33.768769,150.620805,8,2,2,1,2,0,0,0,0,0,7,50,0,4026,4026,8,5,40,1,0,0,0,0
1311584,3,2022,2022,11,1,2,3371,17,43,3342,0,1,10,-33.213716,151.512191,16,2,2,1,3,0,3,4,1,2,7,70,2,9859,9859,8,34,40,1,0,0,0,0
1311588,3,2022,2022,9,4,4,33,10,69,34609,0,1,9,-28.560154,153.493794,10,2,1,1,3,0,0,0,2,0,0,50,0,10,10,4,16,0,2,0,0,0,0
1311592,3,2023,2023,4,4,4,71,17,61,71,0,1,9,-35.527562,144.96472,51,2,1,0,3,0,0,0,2,0,7,50,2,1850,1463,5,29,40,1,0,0,0,0
1311594,3,2023,2023,4,4,9,3,27,26,34609,0,1,1,-33.839476,151.147238,51,0,2,1,3,0,2,6,2,0,7,50,0,220,220,8,30,40,1,0,0,0,0
1311597,3,2023,2023,4,1,7,20,31,150,140,0,1,9,-33.924686,151.232349,59,0,2,1,3,0,0,0,2,0,0,50,2,5929,5929,1,0,5,2,0,0,0,0
1311601,3,2022,2022,8,6,9,4,31,609,34609,0,1,1,-33.780854,150.887561,7,0,2,0,2,0,3,4,0,0,7,50,0,2585,4009,8,5,40,1,0,0,0,0
1311602,3,2023,2023,4,1,8,2209,17,176,2205,1,0,9,-33.96132,151.137831,4,0,2,1,3,0,0,3,3,2,7,60,2,1669,1669,3,5,5,2,0,0,0,0
1311623,3,2023,2023,3,4,5,916,17,172,917,0,1,10,-32.746594,151.581528,42,2,1,1,3,0,0,0,2,2,7,60,2,1391,1391,1,0,13,2,0,0,0,0
1311624,3,2023,2023,4,1,2,33,27,27,40,0,1,7,-33.764582,151.29509,50,0,2,1,3,0,3,4,1,0,7,50,1,9859,9859,8,0,40,1,0,0,0,0
1311625,3,2023,2023,4,0,9,36,31,96,34609,0,1,1,-33.37708,148.009111,51,2,1,1,3,0,0,0,0,0,7,50,0,1282,1282,1,8,13,2,0,0,0,0
1311626,3,2022,2022,11,0,6,7,27,54,34609,0,1,1,-28.52868,153.541354,10,2,1,0,3,0,3,3,2,0,7,50,0,1259,5151,1,30,12,2,0,0,0,0
1311627,3,2023,2023,4,1,7,65,31,609,115,0,1,9,-33.770867,150.903633,7,0,2,1,1,0,0,0,2,1,9,60,2,1282,1282,1,33,0,2,0,0,0,0
1311631,3,2023,2023,3,6,8,308,14,243,311,0,1,3,-33.956709,150.876869,41,0,2,1,3,0,0,0,2,0,7,100,2,14295,14295,3,0,5,2,0,0,0,0
1311633,3,2022,2022,2,5,6,22,27,14,26,0,1,1,-34.998163,147.352498,75,1,0,1,3,0,0,0,2,0,7,100,1,9859,9859,8,10,40,1,0,0,0,0
1311635,3,2023,2023,4,1,11,145,31,111,34609,0,1,1,-33.697591,150.869895,7,0,2,0,2,0,3,4,0,0,7,50,0,4552,5151,8,9,40,1,0,0,0,0
1311637,3,2023,2023,3,4,4,33,10,69,34609,0,1,1,-28.535049,153.507487,10,2,1,0,3,0,0,0,2,0,7,50,0,4552,5151,8,5,40,1,0,0,0,0
1311640,3,2023,2023,4,6,2,98,27,128,382,0,1,1,-33.637763,150.782326,29,2,2,1,3,0,0,0,1,0,7,80,2,14295,14295,3,5,13,2,0,0,0,0
1311641,3,2023,2023,4,4,2,63,27,224,605,0,1,2,-33.814026,151.243946,45,0,2,1,1,0,3,4,1,0,7,60,2,9859,9859,8,10,40,1,0,0,0,0
1311650,3,2023,2023,4,3,6,2261,17,35,2252,0,1,2,-34.867422,148.278836,20,1,0,0,3,0,0,3,2,0,7,110,2,1089,1089,7,5,40,1,0,0,0,0
1311660,3,2023,2023,4,3,2,12,27,36,28,0,1,7,-33.795753,150.938699,21,0,2,1,2,0,0,0,0,0,0,60,1,4026,4026,8,5,40,1,0,0,0,0
1311662,3,2023,2023,4,3,10,25,31,646,34609,0,1,1,-33.924132,151.034346,15,0,2,1,0,0,3,4,0,0,7,50,0,4026,4026,1,5,5,3,0,0,0,0
1311667,3,2023,2023,3,6,0,2,7,22,34609,0,1,1,-33.921549,150.881729,41,0,2,0,2,0,0,6,0,0,7,50,0,4552,5151,8,5,40,1,0,0,0,0
1311674,3,2023,2023,3,6,5,348,17,10,232,0,1,1,-32.31434,149.460201,44,1,0,1,3,0,0,0,2,0,7,100,2,9859,9859,8,10,40,1,0,0,0,0
1311675,3,2023,2023,4,5,10,2,1,39,34609,0,1,1,-33.245935,151.484423,16,2,2,1,3,0,3,4,0,0,7,50,0,1945,1945,5,5,40,1,0,0,0,0
1311676,3,2023,2023,4,3,8,18,27,239,33,0,1,6,-34.0387,151.1342,68,0,2,0,3,0,3,4,2,0,7,50,1,1957,4009,8,5,40,1,0,0,0,0
1311678,3,2023,2023,4,5,6,2261,17,30,2252,0,1,2,-34.813828,148.429888,30,1,0,1,3,0,0,0,2,0,7,110,2,9859,9859,8,5,40,1,0,0,0,0