Crash ID,Degree of crash - detailed,Reporting year,Year of crash,Month of crash,Day of week of crash,Two-hour intervals,Street of crash,Street type,Town,Route no.,School zone location,School zone active,Type of location,Latitude,Longitude,LGA,Urbanisation,Conurbation 1,Alignment,Street lighting,Road surface,Surface condition,Weather,Natural lighting,Signals operation,Other traffic control,Speed limit,Road classification,RUM - code,DCA - code,First impact type,Key TU type,Other TU type,No. of traffic units involved,No. killed,No. seriously injured,No. moderately injured,No. minor-other injured
1311680,3,2022,2022,2,2,5,3371,17,108,3342,0,1,9,-33.816319,151.17875,77,0,2,0,3,0,0,0,2,1,7,60,2,2585,4009,8,0,40,1,0,0,0,0
1311683,3,2023,2023,4,6,3,204,31,41,82,0,1,9,-35.128619,147.353836,75,2,1,1,0,0,0,0,2,0,7,60,1,5929,5929,1,5,5,2,0,0,0,0
1311684,3,2023,2023,4,5,11,2126,17,104,2149,0,1,9,-33.834451,151.020798,54,0,2,1,3,0,0,0,0,2,7,60,2,14295,14295,3,5,19,2,0,0,0,0
1311700,3,2023,2023,4,1,6,5,13,463,34609,0,1,1,-30.304319,153.139056,19,2,1,0,0,0,0,0,2,0,7,50,0,2585,4009,8,34,40,1,0,0,0,0
1311705,3,2023,2023,4,2,10,18,31,62,34609,0,1,1,-34.086837,150.816135,13,0,2,0,3,0,0,0,0,0,7,50,0,4552,5151,1,5,5,3,0,0,0,0
1311706,3,2022,2022,2,0,6,2209,17,157,2205,0,1,2,-34.0081,151.105346,68,0,2,0,1,0,0,0,2,0,7,70,2,1383,1383,1,5,5,2,0,0,0,0
1311708,3,2023,2023,4,3,5,1,32,131,34609,0,1,1,-36.064402,146.914703,0,2,1,1,0,0,3,4,2,0,7,50,0,175,188,8,34,40,1,0,0,0,0
1311717,3,2022,2022,2,0,4,485,27,232,769,0,1,2,-33.688007,150.920256,71,0,2,1,3,0,0,0,2,0,7,80,2,14295,14295,3,10,5,4,0,0,0,0
1311719,3,2023,2023,4,6,7,7,31,169,34609,0,1,0,-33.898093,151.213374,69,0,2,1,3,0,0,0,2,0,7,40,0,237,162,8,5,40,1,0,0,0,0
1311720,3,2023,2023,4,3,10,79,27,188,159,0,1,2,-33.935724,151.11149,15,0,2,0,3,0,0,0,0,2,7,60,2,2585,4009,8,5,40,1,0,0,0,0
1311726,3,2023,2023,4,3,8,25,31,10,34609,0,1,1,-31.630486,152.703766,56,2,1,1,1,0,0,0,2,0,7,50,0,4026,4026,1,5,13,4,0,0,0,0
1311727,3,2022,2022,2,3,3,24,31,314,34609,0,1,1,-33.855427,150.925931,24,0,2,1,3,0,0,0,1,0,7,50,0,9859,9859,1,5,13,2,0,0,0,0
1311728,3,2023,2023,4,1,5,2209,17,176,2205,1,0,2,-33.966817,151.136614,25,0,2,1,3,0,0,3,2,0,7,60,2,1391,1391,1,8,5,2,0,0,0,0
1311754,3,2022,2022,2,2,10,67,31,73,34609,1,0,1,-33.870416,151.22116,69,0,2,1,2,0,0,0,0,0,7,40,0,1282,1282,1,33,5,2,0,0,0,0
1311796,3,2023,2023,4,6,7,1052,14,149,928,0,1,3,-33.342006,151.371543,16,1,2,1,1,0,0,0,2,0,7,110,2,1383,1383,1,5,0,2,0,0,0,0
1311800,3,2022,2022,2,5,5,22,31,64,61,0,1,9,-33.883774,151.025314,21,0,2,1,1,0,0,0,2,0,7,50,1,1109,397,1,5,36,2,0,0,0,0
1311808,3,2022,2022,2,4,9,45,1,294,26,0,1,1,-33.936843,150.925907,41,0,2,1,2,0,3,4,3,0,7,60,2,14295,14295,3,33,5,2,0,0,0,0
1311838,3,2022,2022,3,3,3,7,1,337,34609,0,1,1,-33.732371,150.98348,71,0,2,1,3,0,2,6,2,0,7,50,0,9859,9859,8,34,40,1,0,0,0,0
1311881,3,2023,2023,4,6,11,2,31,174,34609,0,1,9,-33.864728,150.914399,24,0,2,1,2,0,0,0,0,0,7,50,0,1282,1282,1,33,0,2,0,0,0,0
1311895,3,2023,2023,4,3,4,118,17,8,118,0,1,9,-31.257794,150.471236,51,1,0,1,3,0,3,4,2,0,7,110,2,945,945,5,5,40,1,0,0,0,0
1311900,3,2023,2023,4,6,6,916,17,104,917,0,1,2,-32.816343,151.678317,48,0,2,1,3,0,0,0,2,0,7,80,2,14295,14295,3,9,10,2,0,0,0,0
1311918,3,2022,2022,2,2,3,74,23,137,54,0,1,10,-34.028339,151.05535,68,0,2,1,1,0,0,0,2,2,7,60,2,4552,985,8,29,40,1,0,0,0,0
1311931,3,2022,2022,2,1,6,158,27,46,207,0,1,9,-33.876834,151.231569,81,0,2,1,3,0,0,0,2,2,7,60,2,1192,1192,1,9,36,2,0,0,0,0
1311932,3,2022,2022,2,4,2,13,10,63,34609,0,1,1,-28.190648,153.505604,72,2,1,1,1,0,0,0,1,0,7,50,0,9859,9859,1,0,41,2,0,0,0,0
1311938,3,2022,2022,2,2,1,84,7,18,34609,0,1,9,-36.071846,146.895904,0,2,1,0,2,0,0,0,0,0,7,50,0,418,714,5,5,40,1,0,0,0,0
1311942,3,2023,2023,4,3,3,153,27,290,147,0,1,9,-33.949604,151.119937,4,0,2,1,2,0,3,0,2,0,7,60,2,9859,9859,8,5,40,1,0,0,0,0
1311943,3,2023,2023,4,1,5,87,31,179,34609,1,0,10,-31.908788,152.464357,43,2,1,1,3,0,3,4,2,0,15,50,0,6545,6545,4,0,0,2,0,0,0,0
1311944,3,2023,2023,3,4,8,22,27,43,228,0,1,1,-33.599997,150.860773,29,2,2,1,3,0,0,0,2,0,7,80,2,14295,14295,3,10,12,3,0,0,0,0
1311947,3,2023,2023,4,3,5,3371,17,16,3342,0,1,2,-28.393496,153.52509,72,1,0,1,3,0,0,0,2,0,7,110,2,1945,1945,5,10,40,1,0,0,0,0
1311949,3,2022,2022,2,0,5,1052,14,207,928,0,1,3,-33.539848,151.198427,31,0,2,1,3,0,0,0,2,0,7,110,2,14295,14295,3,0,5,5,0,0,0,0
1311956,3,2022,2022,9,3,3,26,1,137,34609,0,1,1,-33.911741,151.203845,69,0,2,1,1,0,0,0,2,0,7,40,0,1282,1282,1,5,5,3,0,0,0,0
1311958,3,2022,2022,9,0,5,3371,17,463,3342,0,1,2,-30.293726,153.116244,19,2,1,1,0,0,0,0,2,0,7,60,2,1383,1383,1,0,0,2,0,0,0,0
1311969,3,2022,2022,10,2,5,1052,14,54,928,0,1,3,-33.451126,151.214396,16,1,2,0,3,0,0,0,2,0,7,110,2,14295,14295,3,10,0,4,0,0,0,0
1311979,3,2022,2022,2,0,6,2261,17,38,2252,0,1,3,-34.158367,150.73801,79,1,2,0,3,0,3,3,2,0,7,110,2,14295,14295,3,3,0,3,0,0,0,0
1311985,3,2023,2023,4,1,0,3,31,108,34609,0,1,1,-28.862503,153.554633,2,2,1,1,2,0,0,0,0,0,7,50,0,9859,9859,8,0,40,1,0,0,0,0
1311987,3,2023,2023,4,4,8,149,36,15,113,0,1,1,-32.332488,152.522036,43,2,1,0,3,0,3,4,2,0,7,80,1,2585,4009,8,5,40,1,0,0,0,0
1311999,3,2023,2023,4,3,0,38,27,78,38,1,0,1,-33.413076,151.449566,16,2,2,1,2,0,3,4,0,0,7,60,1,9859,9859,1,5,23,2,0,0,0,0
1312004,3,2022,2022,2,2,5,3,31,44,34609,0,1,1,-33.946408,151.141595,4,0,2,1,3,0,0,0,2,0,7,50,0,220,220,1,5,5,3,0,0,0,0
1312010,3,2023,2023,4,6,5,7,31,90,34609,0,1,1,-33.718941,150.310625,8,2,2,1,3,0,0,0,2,0,7,50,0,175,188,1,19,13,2,0,0,0,0
1312011,3,2022,2022,9,3,0,2,1,29,34609,0,1,1,-33.739794,150.790973,7,0,2,1,2,0,0,0,0,0,7,50,0,9859,9859,1,5,5,3,0,0,0,0
1312055,3,2023,2023,4,2,3,57,27,5,143,0,1,1,-33.889146,149.348018,3,1,0,0,0,0,0,0,2,0,7,100,2,380,714,5,0,40,1,0,0,0,0
1312060,3,2023,2023,4,5,7,3371,17,44,3342,0,1,2,-30.589855,152.99695,47,1,0,1,0,0,3,4,2,0,7,110,2,1391,1391,1,33,13,2,0,0,0,0
1312065,3,2023,2023,4,3,6,67,27,56,68,0,1,9,-33.804198,151.204247,77,0,2,1,1,0,0,0,2,2,7,50,1,5929,5929,1,5,0,2,0,0,0,0
1312069,3,2022,2022,1,4,11,6,31,36,34609,0,1,1,-34.459431,149.465642,74,2,1,1,2,0,0,0,0,0,7,50,0,489,489,8,30,40,1,0,0,0,0
1312077,3,2023,2023,4,0,4,158,27,138,207,0,1,9,-33.871179,151.267297,81,0,2,1,1,0,0,0,2,0,7,50,2,941,941,1,34,0,2,0,0,0,0
1312089,3,2023,2023,4,4,11,515,14,204,518,0,1,3,-33.935176,151.143483,4,0,2,1,2,0,0,0,0,0,7,80,2,1282,1282,1,29,5,2,0,0,0,0
1312106,3,2023,2023,4,5,11,481,17,7,483,0,1,1,-29.871762,149.788661,51,1,0,1,1,0,3,4,0,0,7,110,2,1089,1089,7,3,40,1,0,0,0,0
1312126,3,2023,2023,4,1,10,1052,14,36,928,0,1,3,-33.620698,151.157547,31,0,2,0,3,0,3,4,0,0,7,110,2,1259,5151,8,5,40,1,0,0,0,0
1312128,3,2023,2023,3,5,5,178,27,115,101,0,1,1,-33.960616,151.050649,25,0,2,1,3,0,0,0,2,0,7,50,1,1981,1981,4,0,0,2,0,0,0,0
1312129,3,2023,2023,3,2,7,13,27,2,7,0,1,1,-31.069258,152.859751,34,2,1,0,3,0,0,0,2,0,7,80,1,14295,14295,3,5,0,2,0,0,0,0
1312142,3,2023,2023,3,1,8,74,27,609,163,0,1,2,-33.777208,150.906516,7,0,2,1,3,0,0,0,0,0,7,60,2,1282,1282,1,0,5,2,0,0,0,0
1312145,3,2023,2023,3,0,0,220,14,67,220,0,1,3,-34.424601,150.868363,80,0,2,1,3,0,3,0,0,0,7,90,2,9859,9859,8,10,40,1,0,0,0,0
1312159,3,2023,2023,4,0,5,2,27,36,34609,0,1,9,-32.94059,151.621294,37,0,2,0,3,0,0,3,2,0,7,80,0,4552,5151,8,0,40,1,0,0,0,0
1312161,3,2023,2023,4,1,4,2209,17,14,2205,0,1,1,-36.924249,149.87588,5,1,0,0,3,0,3,4,2,0,7,100,2,2585,4009,8,5,40,1,0,0,0,0
1312164,3,2023,2023,3,5,8,3,27,13,34609,0,1,1,-36.360231,148.676634,65,1,0,1,3,0,0,0,2,0,7,100,0,1945,1945,5,16,40,1,0,0,0,0
1312165,3,2023,2023,4,0,6,168,27,6,34609,0,1,1,-28.643034,153.446627,10,1,0,0,3,0,0,0,2,0,7,100,0,273,957,5,5,40,1,0,0,0,0
1312169,3,2023,2023,4,5,2,234,27,337,217,0,1,9,-33.746277,150.994594,71,0,2,1,3,0,0,0,1,0,7,60,2,2852,2852,4,5,10,2,0,0,0,0
1312171,3,2023,2023,3,1,3,9,27,7,45,0,1,1,-34.501779,148.837922,30,1,0,0,3,0,0,0,1,0,7,100,1,2585,4009,8,10,40,1,0,0,0,0
1312172,3,2023,2023,3,2,6,2261,17,32,2252,0,1,3,-34.245903,150.658561,79,1,2,1,3,0,0,0,2,0,7,110,2,14295,14295,3,30,0,2,0,0,0,0
1312175,3,2023,2023,3,6,3,1104,14,80,962,0,1,3,-33.762663,150.657458,55,0,2,1,1,0,0,0,2,0,7,110,2,1383,1383,1,5,5,2,0,0,0,0
1312180,3,2023,2023,3,6,3,1104,14,104,962,0,1,3,-33.789236,150.796985,55,0,2,1,3,0,3,4,1,0,7,110,2,14295,14295,3,10,0,2,0,0,0,0
1312183,3,2023,2023,3,0,7,50,36,14,43,0,1,1,-36.449389,148.452164,65,2,1,0,3,0,0,0,2,0,7,80,2,1850,1463,5,10,40,1,0,0,0,0
1312186,3,2023,2023,3,2,6,485,27,232,769,0,1,2,-33.678091,150.912926,7,0,2,1,3,0,0,0,2,0,7,80,2,14295,14295,3,0,0,2,0,0,0,0
1312188,3,2023,2023,4,6,9,24,27,12,31,0,1,1,-28.786995,153.128822,60,1,0,1,3,0,3,3,3,0,7,100,1,14295,14295,3,5,13,4,0,0,0,0
1312190,3,2023,2023,3,4,2,30,27,133,34609,0,1,7,-33.931942,151.019851,15,0,2,1,3,0,0,0,1,0,0,50,0,6545,6545,4,0,13,2,0,0,0,0
1312202,3,2023,2023,4,5,10,4,27,67,34609,0,1,1,-33.644974,150.88266,71,0,2,1,3,0,0,0,0,0,7,50,0,9859,9859,1,0,40,2,0,0,0,0
1312203,3,2023,2023,3,5,9,16,27,10,34609,0,1,1,-33.058277,151.573485,37,0,2,0,3,0,0,0,0,0,7,60,0,4552,985,8,16,40,1,0,0,0,0
1312204,3,2023,2023,3,2,2,23,31,90,34609,0,1,1,-32.923209,151.73753,48,0,2,1,3,0,0,0,4,0,7,50,0,248,248,1,9,0,2,0,0,0,0
1312205,3,2023,2023,3,5,7,100,27,68,78,0,1,1,-33.620723,149.787366,51,1,0,1,3,0,0,0,2,0,7,100,2,14295,14295,3,9,13,2,0,0,0,0
1312208,3,2023,2023,3,6,8,2,27,5,34609,1,0,9,-33.279653,151.484359,16,2,2,1,3,0,0,0,3,0,7,50,0,6545,6545,4,5,0,2,0,0,0,0
1312214,3,2022,2022,9,0,1,177,31,77,208,0,1,1,-33.863468,150.949848,24,0,2,1,2,2,0,0,0,0,7,60,1,9859,9859,1,5,12,2,0,0,0,0
1312219,3,2023,2023,3,2,9,30,27,33,41,0,1,10,-33.984683,151.139854,4,0,2,1,3,0,0,0,0,0,15,60,1,5929,5929,1,0,5,2,0,0,0,0
1312220,3,2023,2023,3,6,4,9,27,110,20,1,2,9,-33.766644,151.024472,54,0,2,0,3,0,0,0,2,0,7,40,1,14295,14295,3,0,12,2,0,0,0,0
1312222,3,2023,2023,3,4,9,916,17,18,917,0,1,2,-32.745053,151.572007,42,2,1,0,3,0,0,0,0,0,7,80,2,1383,1383,1,30,10,2,0,0,0,0
1312223,3,2022,2022,2,6,1,2,27,92,34609,0,1,1,-33.736882,150.965108,71,0,2,1,2,0,0,0,0,0,7,50,0,4026,4026,1,5,13,3,0,0,0,0
1312239,3,2022,2022,9,2,8,7,27,10,34609,0,1,10,-34.312305,146.09002,28,2,1,1,0,0,3,0,0,0,0,80,0,4026,4026,8,5,40,1,0,0,0,0
1312245,3,2023,2023,4,6,6,2,4,56,34609,0,1,1,-31.49212,152.731687,56,2,1,0,0,0,0,0,2,0,7,50,0,4552,5151,8,34,40,2,0,0,0,0
1312246,3,2023,2023,3,2,0,1,31,194,34609,0,1,9,-30.503423,151.666967,1,2,1,1,2,0,0,0,0,0,7,50,0,220,220,8,5,40,1,0,0,0,0
1312250,3,2023,2023,3,4,5,22,31,104,34609,0,1,9,-33.738366,150.926834,7,0,2,1,1,0,0,0,2,0,0,50,0,2852,2852,4,5,40,2,0,0,0,0
1312251,3,2023,2023,3,6,3,53,27,155,51,0,1,9,-33.50605,151.319458,16,2,2,1,0,0,0,0,2,0,0,60,1,926,926,4,30,5,2,0,0,0,0
1312269,3,2023,2023,4,3,6,478,17,69,480,0,1,1,-33.357706,151.485637,16,2,2,1,0,0,0,0,2,0,7,50,2,941,941,1,5,13,2,0,0,0,0
1312276,3,2023,2023,3,5,0,165,31,98,34609,0,1,1,-30.988542,150.251427,51,2,1,1,3,0,0,0,0,0,7,50,0,9859,9859,1,34,0,3,0,0,0,0
1312277,3,2023,2023,3,4,6,175,27,609,220,0,1,10,-33.763693,150.913072,7,0,2,1,1,0,0,3,2,2,7,70,2,5929,5929,1,10,5,2,0,0,0,0
1312280,3,2023,2023,4,5,5,1104,14,460,962,0,1,3,-33.822264,150.985595,21,0,2,1,0,0,0,0,2,0,7,90,2,101,101,8,5,10,2,0,0,0,0
1312285,3,2023,2023,3,0,6,43,27,10,118,0,1,9,-30.939494,150.854735,70,1,0,1,3,0,0,0,2,0,7,100,2,945,945,5,5,40,1,0,0,0,0
1312287,3,2023,2023,4,5,8,3371,17,65,3342,0,1,2,-33.372162,151.376322,16,2,2,1,3,0,0,0,2,0,7,60,2,14295,14295,3,0,5,3,0,0,0,0
1312290,3,2023,2023,4,2,11,135,17,93,136,0,1,9,-36.07551,146.928317,0,2,1,1,2,0,0,0,0,2,7,60,2,5929,5929,1,5,5,2,0,0,0,0
1312291,3,2023,2023,3,3,5,225,27,304,140,0,1,9,-33.912947,151.153796,32,0,2,1,3,0,0,0,2,0,7,50,1,623,623,3,5,13,2,0,0,0,0
1312293,3,2023,2023,3,4,4,20,31,204,244,0,1,2,-33.888955,151.117321,32,0,2,1,3,0,0,3,2,0,7,60,2,1383,1383,1,5,10,2,0,0,0,0
1312295,3,2023,2023,4,5,1,7,31,107,157,0,1,10,-29.670785,152.936236,18,2,1,1,2,0,3,3,0,0,0,50,2,4026,4026,8,5,40,1,0,0,0,0
1312298,3,2023,2023,3,0,6,168,17,19,212,0,1,1,-35.547613,149.981282,23,2,1,0,3,0,0,0,2,0,7,70,2,1850,1463,5,16,40,1,0,0,0,0
1312299,3,2023,2023,3,1,3,2209,17,17,2205,0,1,1,-35.536386,150.301963,63,1,0,1,3,0,0,0,2,0,7,100,2,1945,1945,5,8,40,1,0,0,0,0
1312302,3,2023,2023,3,4,4,2261,17,204,2252,0,1,10,-33.889341,151.132333,32,0,2,1,3,0,0,0,2,2,7,60,2,5929,5929,1,5,0,2,0,0,0,0
1312303,3,2023,2023,3,0,7,1104,14,113,962,0,1,3,-33.784583,150.729119,55,0,2,1,3,0,0,0,2,0,7,110,2,14295,14295,3,10,5,2,0,0,0,0
1312305,3,2023,2023,3,5,3,134,10,363,133,0,1,9,-33.81685,151.022125,54,0,2,1,3,0,0,0,2,0,0,70,2,1282,1282,1,29,5,2,0,0,0,0
1312306,3,2023,2023,3,0,7,515,14,202,518,0,1,3,-33.940458,151.035614,15,0,2,1,3,0,0,0,2,0,7,100,2,14295,14295,3,5,5,2,0,0,0,0
1312307,3,2023,2023,3,6,11,47,31,43,34609,0,1,1,-32.172741,152.501573,43,2,1,1,3,0,0,0,0,0,7,50,0,4026,4026,1,0,0,2,0,0,0,0
1312315,3,2023,2023,3,3,10,334,17,98,308,0,1,1,-30.979971,150.257311,51,2,1,1,3,0,0,0,0,0,7,50,2,1089,1089,7,0,40,1,0,0,0,0
1312321,3,2023,2023,3,5,8,2209,17,61,2205,0,1,1,-35.87242,150.109665,23,1,0,1,3,0,3,4,2,0,7,100,2,14295,14295,3,30,0,2,0,0,0,0
1312329,3,2023,2023,4,1,11,1,18,47,34609,0,1,1,-35.666769,147.328705,27,1,0,0,3,2,0,0,0,0,7,100,0,1089,1089,7,10,40,1,0,0,0,0
1312330,3,2023,2023,3,6,6,4,31,78,34609,1,0,1,-34.47536,150.842802,80,0,2,1,3,0,3,4,2,0,7,50,0,4026,4026,8,10,40,1,0,0,0,0
1312332,3,2023,2023,3,4,10,1,10,316,34609,0,1,1,-31.468795,152.867906,56,2,1,0,3,0,0,0,0,0,7,50,0,4552,5151,8,5,40,1,0,0,0,0
1312333,3,2023,2023,3,2,10,232,36,134,331,0,1,10,-33.975943,150.809795,12,0,2,1,3,0,0,0,4,2,7,80,2,14295,14295,3,0,5,2,0,0,0,0
1312350,3,2023,2023,3,1,8,12,27,433,34609,0,1,1,-33.324328,149.092088,52,2,1,1,0,2,0,0,2,0,7,80,0,1282,1282,1,33,0,2,0,0,0,0
1312352,3,2023,2023,3,6,10,24,31,433,34609,0,1,1,-33.263119,149.104014,52,2,1,0,2,0,0,0,0,0,7,50,0,4552,5151,1,0,5,2,0,0,0,0
1312360,3,2023,2023,4,2,2,6,1,18,34609,0,1,1,-33.230824,151.530949,16,2,2,0,2,0,0,0,1,0,7,50,0,4552,5151,1,5,41,2,0,0,0,0
1312363,3,2023,2023,3,3,9,916,17,194,917,0,1,1,-30.464151,151.680931,1,1,0,1,0,0,0,0,3,0,7,100,2,9859,9859,8,5,40,1,0,0,0,0
1312365,3,2023,2023,4,0,8,22,10,69,34609,0,1,1,-33.777052,150.992098,54,0,2,1,3,0,3,4,2,0,7,50,0,9859,9859,8,34,40,1,0,0,0,0
1312366,3,2023,2023,3,0,10,15,31,201,46,0,1,1,-34.888657,150.612264,63,2,1,1,3,0,0,0,4,0,7,60,1,1669,1669,3,0,5,2,0,0,0,0
1312368,3,2023,2023,3,6,7,119,31,143,34609,0,1,1,-33.703699,151.096555,31,0,2,1,3,0,0,0,2,0,7,40,0,1391,1391,1,5,5,2,0,0,0,0
1312378,3,2022,2022,2,0,7,100,27,127,100,0,1,2,-33.84253,150.854032,24,0,2,1,3,0,0,0,2,0,7,70,2,1109,397,1,5,10,2,0,0,0,0
1312380,3,2023,2023,3,0,2,475,10,137,268,0,1,10,-33.902703,150.89674,24,0,2,1,3,0,3,0,1,2,7,60,2,2852,2852,4,0,5,2,0,0,0,0
1312381,3,2023,2023,3,3,0,2,31,293,34609,0,1,1,-33.953039,151.250249,59,0,2,1,0,0,0,0,0,0,7,50,0,1282,1282,1,33,5,2,0,0,0,0
1312382,3,2022,2022,9,2,7,8,1,43,34609,1,0,1,-33.215459,151.515271,16,2,2,1,1,0,0,0,2,2,9,50,0,9859,9859,8,0,40,1,0,0,0,0
1312389,3,2023,2023,4,2,9,6,31,25,34609,0,1,1,-32.389354,150.688838,46,2,1,1,1,0,0,0,3,0,7,50,0,1957,777,8,5,40,2,0,0,0,0
1312393,3,2023,2023,3,3,0,21,27,147,34609,0,1,1,-33.885667,151.000288,15,0,2,1,2,0,0,0,0,0,7,60,0,1981,1981,4,0,0,2,0,0,0,0
1312401,3,2023,2023,3,2,8,1,27,22,34609,0,1,1,-31.343268,150.65426,51,2,1,0,0,0,0,0,2,0,7,60,0,4552,5151,8,30,40,1,0,0,0,0
1312412,3,2022,2022,9,0,0,105,31,69,34609,0,1,1,-33.823246,151.014153,54,0,2,1,2,0,0,0,0,0,7,50,0,4026,4026,1,0,36,2,0,0,0,0
1312415,3,2022,2022,11,1,10,255,27,20,260,0,1,1,-33.084372,151.500839,37,0,2,1,2,0,0,0,0,0,7,60,2,4026,4026,8,5,40,1,0,0,0,0
1312418,3,2023,2023,4,1,6,91,27,119,187,0,1,2,-33.871145,151.172608,32,0,2,1,2,0,0,0,2,0,7,40,2,1383,1383,1,33,10,2,0,0,0,0
1312421,3,2023,2023,3,2,8,17,31,145,34609,0,1,9,-33.922352,151.06514,15,0,2,1,2,0,0,0,2,0,7,50,0,2852,2852,4,0,12,2,0,0,0,0
1312423,3,2023,2023,4,5,11,47,27,119,34609,0,1,1,-33.86602,151.157701,32,0,2,0,2,0,0,0,0,0,7,50,0,4552,5151,8,5,40,1,0,0,0,0
1312429,3,2022,2022,2,6,8,6,1,53,34609,0,1,1,-33.734477,151.299954,50,0,2,1,2,0,0,0,2,0,7,50,0,237,162,8,5,40,1,0,0,0,0
1312436,3,2023,2023,4,1,8,5,27,70,34609,0,1,1,-34.548051,150.306723,78,1,0,1,0,0,0,0,2,0,7,90,0,3775,3775,0,10,0,2,0,0,0,0
1312441,3,2023,2023,4,0,0,2261,17,204,2252,0,1,1,-33.889794,151.131179,32,0,2,1,2,0,0,0,0,0,7,60,2,9859,9859,8,10,40,1,0,0,0,0
1312443,3,2022,2022,2,5,6,1,31,44,34609,0,1,10,-30.709954,152.917635,47,2,1,1,1,0,0,0,2,0,15,50,0,6545,6545,4,5,0,2,0,0,0,0
1312474,3,2023,2023,4,1,7,59,27,26,53,0,1,1,-34.117202,150.741485,13,0,2,1,1,0,0,3,2,0,7,80,2,4026,4026,8,5,40,1,0,0,0,0
1312483,3,2022,2022,2,3,7,220,14,27,220,0,1,3,-34.537149,150.784164,80,0,2,1,3,0,0,0,2,0,7,100,2,4026,4026,8,10,40,1,0,0,0,0
1312504,3,2022,2022,2,6,4,49,27,232,62,0,1,2,-33.693649,150.908788,7,0,2,1,1,0,0,0,2,0,7,70,2,1192,1192,1,8,5,2,0,0,0,0
1312507,3,2022,2022,2,4,11,11,7,72,34609,0,1,1,-34.011601,151.017861,68,0,2,1,3,0,0,0,0,0,7,50,0,9859,9859,1,0,0,2,0,0,0,0
1312513,3,2022,2022,2,0,8,7,31,176,34609,0,1,9,-33.966292,151.131571,25,0,2,1,1,0,0,0,2,0,7,40,0,6545,6545,4,10,5,2,0,0,0,0
1312517,3,2023,2023,4,1,8,161,17,3,161,0,1,1,-35.274926,147.957542,66,1,0,0,3,0,0,0,2,0,7,100,2,4552,5151,8,5,40,1,0,0,0,0
1312525,3,2023,2023,4,4,6,59,31,237,34609,0,1,1,-33.871891,150.947804,24,0,2,1,3,0,0,0,2,0,7,50,0,4026,4026,1,5,5,2,0,0,0,0
1312526,3,2023,2023,4,5,6,11,1,166,35,0,1,10,-33.891474,151.182711,69,0,2,1,1,0,0,0,2,2,7,50,1,515,515,1,5,5,2,0,0,0,0
1312543,3,2022,2022,2,2,1,22,31,82,34609,0,1,1,-33.823817,151.199328,49,0,2,1,2,0,0,0,0,0,7,50,0,9859,9859,1,5,5,3,0,0,0,0
1312553,3,2022,2022,9,5,9,63,10,19,34609,0,1,1,-28.20601,153.488765,72,2,1,0,3,0,0,0,2,0,7,60,0,2585,4009,8,5,40,1,0,0,0,0
1312570,3,2023,2023,4,0,1,15,27,103,34609,0,1,1,-28.830487,153.325086,39,2,1,0,0,0,0,0,0,0,7,50,0,4552,5151,8,0,40,1,0,0,0,0
1312582,3,2023,2023,4,2,2,2,31,11,43,0,1,1,-35.691815,146.722113,27,2,1,1,1,0,0,0,0,0,7,50,1,4026,4026,1,0,9,2,0,0,0,0
1312584,3,2023,2023,3,5,9,2126,17,60,2149,0,1,1,-33.634386,150.284767,8,2,2,1,1,0,0,3,2,0,7,60,2,387,387,1,29,0,2,0,0,0,0
1312587,3,2023,2023,3,4,6,2261,17,35,2252,0,1,2,-34.981934,148.12619,20,1,0,0,3,0,3,4,2,0,7,110,2,380,714,5,0,40,1,0,0,0,0
1312593,3,2023,2023,4,0,7,1,1,337,34609,0,1,9,-33.732959,150.999882,71,0,2,1,1,0,0,0,2,0,7,50,0,237,162,8,5,40,1,0,0,0,0
1312594,3,2023,2023,3,2,9,44,27,202,563,0,1,10,-33.96238,151.036913,15,0,2,1,3,0,0,0,2,2,7,70,2,9859,9859,8,5,40,1,0,0,0,0
1312604,3,2023,2023,3,1,10,3,27,8,4,0,1,1,-32.050575,148.347274,51,1,0,1,0,0,0,0,0,0,7,100,1,1089,1089,7,3,40,1,0,0,0,0
1312617,3,2023,2023,3,4,0,1,31,304,34609,0,1,1,-33.919558,151.1464,32,0,2,1,2,0,3,4,0,0,7,50,0,3775,3775,0,30,12,2,0,0,0,0
1312624,3,2023,2023,3,2,0,2261,17,204,2252,0,1,2,-33.898486,150.949401,24,0,2,1,2,0,0,0,0,0,7,70,2,1383,1383,1,5,40,3,0,0,0,0
1312625,3,2023,2023,3,1,11,56,27,84,34609,0,1,9,-33.76664,151.10322,61,0,2,1,2,0,0,0,0,0,7,50,0,9859,9859,1,5,13,4,0,0,0,0
1312628,3,2023,2023,3,0,8,19,27,22,122,0,1,2,-34.511529,150.874033,80,0,2,1,3,0,0,0,2,0,7,80,2,9859,9859,8,21,40,1,0,0,0,0
1312638,3,2023,2023,4,6,7,46,1,646,34609,0,1,1,-33.922648,151.048067,15,0,2,1,3,0,0,0,2,0,7,50,0,9859,9859,1,5,5,4,0,0,0,0
1312639,3,2023,2023,3,0,7,36,27,11,36,0,1,9,-34.027079,150.816421,13,0,2,1,3,0,0,0,2,0,15,70,1,1383,1383,1,0,5,2,0,0,0,0
1312640,3,2023,2023,4,6,10,19,27,72,34609,1,0,7,-34.0175,151.019563,68,0,2,0,3,0,0,0,4,0,0,60,0,1850,985,5,0,40,1,0,0,0,0
1312643,3,2023,2023,3,5,5,1,31,60,34609,0,1,1,-33.640772,150.286974,8,2,2,1,3,0,3,1,2,0,7,50,0,9859,9859,8,8,40,1,0,0,0,0