Crash ID,Degree of crash - detailed,Reporting year,Year of crash,Month of crash,Day of week of crash,Two-hour intervals,Street of crash,Street type,Town,Route no.,School zone location,School zone active,Type of location,Latitude,Longitude,LGA,Urbanisation,Conurbation 1,Alignment,Street lighting,Road surface,Surface condition,Weather,Natural lighting,Signals operation,Other traffic control,Speed limit,Road classification,RUM - code,DCA - code,First impact type,Key TU type,Other TU type,No. of traffic units involved,No. killed,No. seriously injured,No. moderately injured,No. minor-other injured
1312644,3,2023,2023,3,0,3,26,27,53,34609,0,1,1,-35.132553,147.342285,75,2,1,1,3,0,0,0,2,0,7,70,0,14295,14295,3,10,36,4,0,0,0,0
1312647,3,2023,2023,3,2,0,916,17,172,917,0,1,10,-32.762347,151.5961,42,2,1,1,3,0,0,0,0,2,7,60,2,5929,5929,1,5,12,2,0,0,0,0
1312649,3,2023,2023,3,0,3,18,1,143,115,0,1,9,-33.706032,151.103652,31,0,2,1,3,0,0,0,2,2,7,50,1,2852,2852,4,5,5,2,0,0,0,0
1312654,3,2023,2023,3,0,7,475,10,78,268,0,1,9,-33.880592,150.792772,41,0,2,1,3,0,0,0,2,0,0,60,2,2852,2852,4,8,2,2,0,0,0,0
1312655,3,2023,2023,4,0,8,348,17,12,232,0,1,1,-33.025995,149.887246,44,1,0,0,3,0,3,3,4,0,7,100,2,782,957,5,10,40,1,0,0,0,0
1312657,3,2023,2023,3,5,9,3371,17,19,3342,0,1,2,-28.827428,153.528855,2,1,0,0,3,0,3,4,2,0,7,100,2,1850,1463,5,9,40,1,0,0,0,0
1312660,3,2023,2023,3,0,3,114,27,34,228,0,1,1,-33.468776,150.982623,71,0,2,0,3,0,3,1,1,0,7,80,2,14295,14295,3,5,40,2,0,0,0,0
1312662,3,2022,2022,9,2,5,4,31,136,34609,0,1,1,-33.923424,151.082293,15,0,2,1,3,0,0,0,2,0,7,50,0,1282,1282,1,5,5,2,0,0,0,0
1312665,3,2023,2023,3,6,7,1104,14,149,962,0,1,3,-33.816572,150.96514,21,0,2,1,3,0,0,0,2,0,7,90,2,14295,14295,3,30,13,4,0,0,0,0
1312674,3,2023,2023,3,6,7,38,27,56,70,0,1,9,-33.751661,150.776481,55,0,2,1,1,0,0,0,2,0,7,60,1,5929,5929,1,5,0,3,0,0,0,0
1312675,3,2023,2023,3,2,6,3371,17,21,3342,0,1,2,-28.584109,153.544649,10,1,0,1,0,0,0,0,2,0,7,110,2,475,475,5,10,40,1,0,0,0,0
1312687,3,2023,2023,3,0,8,30,31,169,769,0,1,10,-33.598046,150.749448,29,2,2,1,0,0,0,0,2,0,15,60,2,6545,6545,4,5,36,2,0,0,0,0
1312715,3,2023,2023,3,3,7,5,31,169,34609,0,1,10,-28.645461,153.614571,10,2,1,1,3,0,0,0,2,0,0,50,0,2852,2852,4,0,5,2,0,0,0,0
1312717,3,2023,2023,3,3,5,103,27,34,98,0,1,1,-32.773568,150.920756,64,2,1,0,3,0,0,0,2,0,7,80,2,4552,5151,8,16,40,1,0,0,0,0
1312718,3,2023,2023,3,6,3,194,31,157,769,1,0,2,-33.794885,151.000848,54,0,2,1,3,0,3,0,1,0,7,60,2,9859,9859,8,5,40,5,0,0,0,0
1312720,3,2022,2022,10,5,8,8,27,52,34609,0,1,9,-33.272841,151.46493,16,2,2,1,3,0,0,0,2,0,15,60,0,926,926,4,9,13,2,0,0,0,0
1312722,3,2023,2023,3,2,7,104,27,137,140,0,1,1,-33.923109,151.208108,69,0,2,1,3,0,0,0,2,0,7,60,2,1391,1391,1,9,0,2,0,0,0,0
1312733,3,2023,2023,3,3,11,14,27,78,34609,0,1,1,-28.332406,153.373223,72,2,1,1,2,0,0,0,0,0,7,50,0,4026,4026,8,5,40,2,0,0,0,0
1312734,3,2023,2023,3,1,1,21,36,35,34609,0,1,1,-31.05481,152.85027,34,1,0,1,2,0,0,1,0,0,7,100,0,1089,1089,7,10,40,1,0,0,0,0
1312738,3,2023,2023,3,5,11,294,17,215,288,1,0,10,-35.118468,147.365873,75,2,1,1,2,0,0,0,0,2,7,60,2,6545,6545,4,5,0,2,0,0,0,0
1312744,3,2023,2023,4,6,7,8,27,34,12,0,1,1,-33.857151,151.203375,69,0,2,1,1,0,0,0,2,0,7,40,1,237,162,8,5,40,1,0,0,0,0
1312758,3,2022,2022,2,2,7,6,31,204,34609,0,1,9,-33.897897,150.933575,24,0,2,1,0,0,0,0,2,0,7,50,0,4552,985,1,0,0,2,0,0,0,0
1312759,3,2023,2023,3,2,2,1,31,65,34609,0,1,1,-33.869607,150.902233,24,0,2,1,2,0,0,0,0,0,7,50,0,9859,9859,1,5,5,3,0,0,0,0
1312773,3,2023,2023,3,5,5,135,17,18,136,0,1,9,-36.081265,146.897879,0,2,1,1,1,0,0,0,2,0,7,60,2,1669,1669,3,21,13,2,0,0,0,0
1312776,3,2023,2023,4,1,9,6,27,4,34609,0,1,7,-35.994431,146.976071,0,2,1,1,1,0,0,0,3,0,0,80,0,9859,9859,8,8,40,1,0,0,0,0
1312783,3,2023,2023,3,6,5,28,31,523,34609,0,1,1,-33.926058,150.926033,41,0,2,0,1,0,0,3,2,0,7,50,0,84,84,8,29,40,1,0,0,0,0
1312791,3,2023,2023,4,0,4,10,31,169,34609,0,1,2,-28.643124,153.61084,10,2,1,1,1,0,0,3,2,0,7,50,0,4026,4026,8,5,40,1,0,0,0,0
1312792,3,2023,2023,4,6,7,26,17,9,13,0,1,1,-29.048552,149.160943,51,1,0,1,0,0,0,0,2,0,7,100,2,3775,3775,0,8,35,2,0,0,0,0
1312796,3,2023,2023,4,4,2,2261,17,64,2252,0,1,10,-33.887703,151.09147,67,0,2,1,1,0,0,0,1,1,7,60,2,4026,4026,8,5,40,1,0,0,0,0
1312797,3,2023,2023,4,3,7,74,27,609,163,0,1,2,-33.778163,150.911711,7,0,2,1,1,0,3,4,2,0,7,60,2,9859,9859,8,5,40,1,0,0,0,0
1312799,3,2023,2023,3,1,8,105,27,67,109,0,1,9,-33.876225,150.895508,24,0,2,1,1,0,0,0,2,0,7,60,1,1282,1282,1,9,5,2,0,0,0,0
1312806,3,2023,2023,3,4,3,2,27,57,34609,0,1,1,-33.450322,151.374698,16,2,2,1,1,0,0,0,2,0,7,50,0,4026,4026,1,5,5,2,0,0,0,0
1312816,3,2023,2023,3,3,9,61,10,56,174,0,1,1,-32.995632,151.491929,37,0,2,0,0,0,0,0,2,0,7,90,2,4552,5151,8,0,40,1,0,0,0,0
1312827,3,2023,2023,4,1,7,23,1,179,34609,0,1,1,-33.764579,150.731367,55,0,2,0,1,0,0,0,2,0,7,50,0,1282,1282,1,5,40,1,0,0,0,0
1312834,3,2023,2023,4,6,8,26,1,137,34609,0,1,1,-33.912731,151.203506,69,0,2,1,0,0,0,0,2,0,7,40,0,9859,9859,1,10,5,7,0,0,0,0
1312843,3,2023,2023,3,1,4,3371,17,41,3342,0,1,2,-32.817418,151.694558,57,2,1,1,0,0,0,0,2,0,7,80,2,101,101,8,5,40,2,0,0,0,0
1312844,3,2023,2023,3,5,4,72,14,73,71,0,1,3,-33.870786,151.218295,69,0,2,1,3,0,3,4,2,0,7,80,2,1383,1383,1,29,5,2,0,0,0,0
1312845,3,2023,2023,3,0,4,57,1,253,34609,0,1,10,-33.97158,151.109053,25,0,2,1,3,0,0,0,2,0,15,50,0,6545,6545,4,5,5,2,0,0,0,0
1312846,3,2023,2023,3,1,9,4,27,26,34609,0,1,7,-34.577844,150.850856,62,0,2,1,3,0,0,0,3,0,0,60,0,6545,6545,4,0,0,2,0,0,0,0
1312849,3,2023,2023,3,0,7,916,17,70,917,0,1,7,-32.7393,151.551988,42,2,1,1,3,0,0,0,2,0,0,60,2,515,515,1,8,36,2,0,0,0,0
1312850,3,2023,2023,3,4,3,34,27,73,799,1,0,9,-33.896596,151.163427,32,0,2,1,3,0,0,0,2,0,15,60,2,2852,2852,4,5,0,2,0,0,0,0
1312851,3,2023,2023,3,5,3,153,27,290,147,0,1,10,-33.949244,151.114593,4,0,2,1,3,0,0,3,2,2,7,60,2,1391,1391,1,29,0,2,0,0,0,0
1312852,3,2023,2023,3,5,7,42,27,33,56,0,1,2,-33.897429,151.242403,76,0,2,0,3,0,3,0,2,0,7,50,1,1259,5151,8,10,40,1,0,0,0,0
1312856,3,2023,2023,3,4,8,11,1,166,35,1,0,1,-33.891377,151.184544,69,0,2,1,3,0,0,3,3,0,7,50,1,14295,14295,3,5,19,3,0,0,0,0
1312857,3,2023,2023,3,4,8,5,31,523,34609,0,1,10,-33.926682,150.924487,41,0,2,1,3,0,0,0,2,2,7,50,0,5929,5929,1,5,5,2,0,0,0,0
1312859,3,2023,2023,4,5,9,28,31,523,34609,1,0,10,-33.920623,150.927302,41,0,2,1,3,0,0,0,3,2,7,30,0,1383,1383,1,0,5,2,0,0,0,0
1312861,3,2023,2023,3,2,5,1052,14,87,928,0,1,3,-33.042462,151.473643,37,0,2,0,3,0,0,0,2,0,7,110,2,1957,4009,8,9,40,1,0,0,0,0
1312862,3,2022,2022,5,3,8,177,22,70,176,0,1,10,-34.032628,151.085539,68,0,2,1,3,0,0,0,4,2,7,60,2,5929,5929,1,5,0,2,0,0,0,0
1312864,3,2023,2023,3,2,9,866,17,157,793,0,1,2,-33.792802,151.008407,54,0,2,0,3,0,0,0,2,0,7,90,2,14295,14295,3,5,5,2,0,0,0,0
1312867,3,2023,2023,3,2,10,45,27,304,96,1,0,9,-33.904113,151.15585,32,0,2,1,3,0,0,0,4,0,0,60,2,926,926,4,5,5,2,0,0,0,0
1312871,3,2023,2023,3,5,7,133,27,316,34609,0,1,1,-31.448255,152.8829,56,2,1,1,3,0,0,3,2,0,7,50,0,1282,1282,1,5,13,2,0,0,0,0
1312873,3,2023,2023,3,2,7,162,31,29,28,0,1,9,-33.935867,150.783867,41,0,2,1,3,0,0,0,2,0,7,70,1,395,395,1,5,5,2,0,0,0,0
1312874,3,2023,2023,3,1,5,3,31,54,34609,0,1,10,-33.089428,151.637055,37,0,2,1,3,0,3,4,2,0,15,40,0,14295,14295,3,0,36,2,0,0,0,0
1312875,3,2023,2023,3,6,7,108,31,133,34609,0,1,1,-34.491639,150.793405,80,0,2,1,0,0,0,0,2,0,7,50,0,9859,9859,1,0,0,2,0,0,0,0
1312877,3,2023,2023,3,4,8,515,14,294,518,0,1,3,-33.94725,150.9627,41,0,2,1,3,0,0,0,2,0,7,100,2,14295,14295,3,30,0,3,0,0,0,0
1312878,3,2023,2023,3,4,5,77,31,445,563,0,1,9,-33.878149,151.041256,21,0,2,1,3,0,0,3,2,2,7,80,2,1282,1282,1,5,40,1,0,0,0,0
1312881,3,2023,2023,4,2,8,916,17,77,917,0,1,9,-32.569044,151.180072,64,2,1,1,3,0,0,0,2,2,7,50,2,926,926,4,5,22,2,0,0,0,0
1312885,3,2023,2023,3,3,9,60,27,239,167,0,1,9,-34.028365,151.119996,68,0,2,1,3,0,0,0,2,2,7,70,2,515,515,1,0,5,2,0,0,0,0
1312886,3,2022,2022,3,1,3,194,31,139,34609,1,0,9,-33.834433,151.205777,49,0,2,1,3,0,0,0,1,0,9,40,0,1957,777,1,5,5,2,0,0,0,0
1312887,3,2023,2023,3,4,8,2261,17,243,2252,0,1,2,-33.957554,150.888246,41,0,2,1,3,0,3,0,2,0,7,70,2,14295,14295,3,5,5,2,0,0,0,0
1312889,3,2023,2023,3,0,5,2126,17,80,2149,0,1,1,-33.756044,150.652906,55,0,2,1,3,0,0,0,2,0,7,60,2,14295,14295,3,30,13,2,0,0,0,0
1312890,3,2023,2023,3,4,6,31,27,4,78,0,1,1,-33.796556,149.937721,51,1,0,0,3,0,3,4,2,0,7,100,1,380,714,5,9,40,1,0,0,0,0
1312893,3,2023,2023,3,6,8,17,27,31,17,0,1,1,-35.161244,148.117836,20,1,0,0,3,0,0,0,2,0,7,100,2,1850,1463,5,0,40,1,0,0,0,0
1312894,3,2023,2023,3,1,6,29,31,88,9,0,1,9,-33.752081,150.845676,7,0,2,1,3,0,0,0,2,2,7,60,2,5929,5929,1,5,5,2,0,0,0,0
1312897,3,2023,2023,3,2,10,387,27,115,331,0,1,9,-33.95819,151.069089,25,0,2,1,3,0,0,0,0,2,7,60,2,395,395,1,5,0,2,0,0,0,0
1312899,3,2023,2023,3,6,4,1104,14,104,962,0,1,3,-33.832136,151.021854,54,0,2,1,3,0,0,3,2,0,7,90,2,14295,14295,3,5,5,2,0,0,0,0
1312902,3,2023,2023,4,1,7,109,27,169,382,0,1,10,-33.777236,150.848196,7,0,2,1,3,0,0,0,2,2,7,60,2,14295,14295,3,5,13,2,0,0,0,0
1312905,3,2023,2023,3,5,3,3371,17,18,3342,0,1,2,-30.817324,152.876655,47,1,0,1,3,0,0,3,1,0,7,100,2,475,475,5,5,40,1,0,0,0,0
1312911,3,2023,2023,3,5,7,20,27,17,34609,0,1,7,-31.876429,152.651131,43,2,1,1,3,0,3,4,2,0,0,60,0,14295,14295,3,10,13,2,0,0,0,0
1312912,3,2023,2023,3,6,1,3371,17,32,3342,0,1,2,-31.936331,152.484981,43,1,0,1,3,0,0,1,0,0,7,110,2,14295,14295,3,30,35,2,0,0,0,0
1312914,3,2023,2023,3,4,8,866,17,77,793,0,1,10,-33.727967,151.084087,31,0,2,1,3,0,0,0,2,3,7,70,2,1391,1391,1,5,5,2,0,0,0,0
1312915,3,2023,2023,4,5,2,149,36,32,113,0,1,1,-32.406053,152.29838,43,2,1,0,3,0,3,4,1,0,7,80,1,418,714,5,5,40,1,0,0,0,0
1312919,3,2023,2023,3,1,8,29,31,88,9,0,1,9,-33.752069,150.845673,7,0,2,1,3,0,0,3,2,2,7,60,2,5929,5929,1,0,13,2,0,0,0,0
1312921,3,2023,2023,3,4,8,1104,14,323,962,0,1,3,-33.800243,150.863771,7,0,2,1,3,0,0,0,2,0,7,100,2,14295,14295,3,30,5,2,0,0,0,0
1312924,3,2023,2023,3,2,7,3371,17,19,3342,0,1,2,-31.85647,152.601484,43,1,0,1,3,0,0,0,2,0,7,100,2,14295,14295,3,5,0,2,0,0,0,0
1312934,3,2023,2023,3,0,7,123,1,71,34609,0,1,10,-33.971364,151.083866,25,0,2,1,3,0,0,0,2,0,0,50,0,6545,6545,4,5,5,2,0,0,0,0
1312935,3,2023,2023,3,5,8,346,17,44,332,0,1,1,-28.863317,153.5114,2,2,1,1,3,0,3,4,2,0,7,80,2,14295,14295,3,5,13,2,0,0,0,0
1312941,3,2023,2023,4,1,5,1052,14,60,928,0,1,3,-33.432429,151.253875,16,1,2,1,3,0,3,3,2,0,7,110,2,1945,1945,5,0,40,1,0,0,0,0
1312946,3,2023,2023,4,3,0,475,31,204,11,0,1,7,-33.8855,151.123182,32,0,2,1,2,0,0,6,0,0,7,50,1,4026,4026,1,5,5,2,0,0,0,0
1312955,3,2023,2023,4,0,7,1052,14,160,928,0,1,3,-33.122623,151.468051,37,0,2,1,1,0,0,0,2,0,7,110,2,14295,14295,3,30,12,2,0,0,0,0
1312970,3,2022,2022,2,5,5,283,27,129,702,0,1,9,-33.937645,151.074645,15,0,2,1,1,0,0,0,2,0,2,60,2,2585,777,1,5,5,2,0,0,0,0
1312972,3,2023,2023,4,5,1,119,31,283,34609,0,1,10,-33.836405,151.013422,21,0,2,1,2,0,0,0,0,0,7,50,0,9859,9859,1,5,13,3,0,0,0,0
1312981,3,2023,2023,3,4,9,2,10,89,34609,0,1,9,-33.379845,151.458023,16,2,2,1,1,0,0,0,2,0,7,50,0,4026,4026,8,10,40,1,0,0,0,0
1312986,3,2023,2023,3,6,8,13,31,49,34609,0,1,10,-32.990708,151.681201,37,0,2,1,1,0,0,0,2,0,0,60,0,6545,6545,4,15,22,2,0,0,0,0
1313004,3,2023,2023,4,2,4,68,27,175,208,0,1,4,-33.773916,151.082406,54,0,2,0,1,0,0,0,2,0,7,60,2,1192,1192,1,29,0,2,0,0,0,0
1313048,3,2023,2023,3,5,7,2,31,215,34609,0,1,9,-35.118482,147.344882,75,2,1,1,3,0,0,0,2,0,0,60,0,775,775,4,5,0,4,0,0,0,0
1313054,3,2023,2023,3,6,8,5,27,3,34609,0,1,9,-32.610572,151.436436,64,1,0,0,3,0,3,4,2,0,7,100,0,1850,1463,5,5,40,1,0,0,0,0
1313056,3,2023,2023,3,1,3,2261,17,243,2252,0,1,2,-33.956615,150.891173,41,0,2,1,3,0,0,0,2,0,7,70,2,14295,14295,3,10,41,2,0,0,0,0
1313058,3,2023,2023,3,3,7,2261,17,31,2252,0,1,2,-35.087072,148.086699,20,1,0,1,3,0,0,0,2,0,7,110,2,1945,1945,5,5,40,1,0,0,0,0
1313062,3,2023,2023,3,5,7,36,27,70,34609,0,1,9,-33.874443,150.876852,24,0,2,1,3,0,0,0,2,0,7,50,0,9859,9859,1,19,5,2,0,0,0,0
1313063,3,2023,2023,3,4,7,224,27,246,321,0,1,9,-33.902276,151.201524,69,0,2,1,3,0,3,3,2,0,7,50,2,926,926,4,0,5,3,0,0,0,0
1313064,3,2023,2023,3,2,7,154,27,293,244,0,1,1,-33.922887,151.058702,15,0,2,1,3,0,0,0,2,0,7,60,2,1192,1192,1,5,19,2,0,0,0,0
1313065,3,2023,2023,3,5,8,46,27,62,13,0,1,1,-32.918954,151.623072,37,0,2,1,3,0,0,0,2,0,7,60,1,9859,9859,1,0,25,2,0,0,0,0
1313067,3,2023,2023,3,5,6,29,31,139,51,0,1,1,-33.880253,151.138652,32,0,2,1,3,0,0,0,2,0,7,50,1,186,186,1,0,5,2,0,0,0,0
1313069,3,2023,2023,3,5,9,251,27,62,212,0,1,2,-33.753019,151.255787,50,0,2,1,3,0,0,6,0,0,7,70,2,1383,1383,1,0,13,2,0,0,0,0
1313073,3,2023,2023,3,0,2,92,27,129,29,0,1,1,-33.896381,151.099844,9,0,2,1,3,0,0,0,0,0,7,50,1,9859,9859,1,9,5,2,0,0,0,0
1313074,3,2022,2022,11,3,6,39,27,7,29,0,1,9,-32.24382,149.770343,44,1,0,1,3,0,0,0,2,0,0,100,1,1391,1391,1,29,0,2,0,0,0,0
1313076,3,2023,2023,3,1,6,9,27,6,103,0,1,1,-28.556169,153.195817,39,2,1,0,3,0,0,0,2,2,8,80,1,3775,3775,0,5,12,2,0,0,0,0
1313077,3,2023,2023,3,0,6,12,27,60,41,1,0,1,-33.766709,150.758217,55,0,2,1,3,0,0,0,2,0,9,60,1,14295,14295,3,5,36,2,0,0,0,0
1313079,3,2023,2023,3,4,7,308,14,42,311,0,1,3,-33.732696,150.869006,7,0,2,1,3,0,0,0,2,0,7,100,2,1945,1945,5,0,40,1,0,0,0,0
1313080,3,2023,2023,3,2,10,45,27,134,40,1,0,9,-33.67469,150.870509,7,0,2,1,3,0,3,4,0,0,7,50,2,4026,4026,8,5,40,1,0,0,0,0
1313081,3,2023,2023,3,4,8,34,27,13,31,0,1,9,-35.934388,149.583151,58,1,0,1,3,2,0,0,2,0,7,100,1,1945,1945,5,5,40,1,0,0,0,0
1313082,3,2023,2023,3,0,7,194,31,309,702,0,1,2,-33.822316,151.096679,61,0,2,1,3,0,0,0,2,0,7,70,2,14295,14295,3,10,0,2,0,0,0,0
1313083,3,2023,2023,3,6,7,330,27,147,605,0,1,10,-33.758712,151.280556,50,0,2,1,3,0,0,0,2,2,7,60,2,3775,3775,0,5,5,3,0,0,0,0
1313085,3,2023,2023,3,3,3,30,27,646,34609,1,0,1,-33.932065,151.022626,15,0,2,1,3,0,0,0,1,0,7,50,0,14295,14295,3,5,0,2,0,0,0,0
1313087,3,2022,2022,10,1,8,1052,27,104,262,0,1,2,-32.909463,151.703865,48,0,2,0,3,0,0,0,2,0,0,60,2,14295,14295,3,0,0,3,0,0,0,0
1313089,3,2023,2023,3,1,6,280,10,127,311,0,1,9,-33.841908,150.855524,24,0,2,1,3,0,0,0,2,2,7,70,2,5929,5929,1,5,12,2,0,0,0,0
1313090,3,2023,2023,3,3,7,78,31,57,34609,0,1,10,-32.819323,151.481267,17,2,1,1,3,0,3,3,2,0,0,50,0,6545,6545,4,30,0,2,0,0,0,0
1313092,3,2023,2023,3,2,5,1,31,12,34609,0,1,1,-32.928148,151.787955,48,0,2,1,3,0,0,0,2,0,7,40,0,14295,14295,3,0,5,2,0,0,0,0
1313095,3,2023,2023,3,0,10,515,14,166,518,0,1,3,-33.944451,150.983609,15,0,2,1,3,0,0,0,0,0,7,100,2,1945,1945,5,5,40,1,0,0,0,0
1313096,3,2023,2023,3,4,5,7,36,8,103,0,1,1,-32.024599,152.197064,43,1,0,0,3,0,3,4,2,0,7,90,1,1850,1463,5,5,40,1,0,0,0,0
1313099,3,2023,2023,3,0,6,204,31,562,34609,0,1,10,-32.252145,148.608496,22,2,1,1,3,0,0,0,2,0,15,50,0,6545,6545,4,0,5,2,0,0,0,0
1313100,3,2023,2023,3,6,6,103,36,14,103,0,1,1,-32.442033,151.969989,43,1,0,1,3,0,0,0,2,0,7,90,1,14295,14295,3,5,41,3,0,0,0,0
1313101,3,2023,2023,3,4,3,866,17,247,793,0,1,9,-33.833266,150.959257,21,0,2,1,3,0,0,0,4,0,0,70,2,14295,14295,3,5,5,3,0,0,0,0
1313104,3,2023,2023,3,6,5,42,27,67,231,0,1,9,-33.402203,151.342878,16,2,2,0,3,0,3,4,2,0,15,50,2,14295,14295,3,0,0,2,0,0,0,0
1313105,3,2023,2023,3,1,11,72,31,204,331,0,1,9,-33.939555,151.151385,4,0,2,1,3,0,0,0,0,2,7,60,2,926,926,4,10,5,3,0,0,0,0
1313106,3,2023,2023,3,0,10,3,27,18,34609,0,1,1,-33.317956,149.03178,11,2,1,0,3,0,0,0,0,0,7,80,0,4552,5151,8,5,40,1,0,0,0,0
1313108,3,2023,2023,3,1,5,2209,17,61,2205,0,1,1,-35.867977,150.115163,23,1,0,1,3,0,0,0,2,0,7,100,2,9859,9859,8,10,40,1,0,0,0,0
1313109,3,2023,2023,3,4,11,2261,17,140,2252,0,1,2,-33.900197,150.997616,15,0,2,1,3,0,0,0,0,0,7,70,2,14295,14295,3,5,13,2,0,0,0,0
1313110,3,2023,2023,3,5,6,3,31,161,34609,0,1,9,-33.886977,151.152638,32,0,2,1,3,0,3,3,2,0,7,50,0,2852,2852,4,0,5,2,0,0,0,0
1313111,3,2023,2023,3,2,6,6,27,224,21,0,1,1,-33.833396,151.24504,45,0,2,1,3,0,0,0,2,0,7,50,1,14295,14295,3,0,36,2,0,0,0,0
1313112,3,2023,2023,3,2,11,99,31,84,105,0,1,10,-33.87964,150.94123,24,0,2,1,3,0,0,0,0,2,15,60,1,5929,5929,1,5,13,2,0,0,0,0
1313114,3,2023,2023,3,1,7,3371,17,29,3342,0,1,2,-32.191245,152.325142,43,1,0,0,3,0,0,0,2,0,7,100,2,1957,4009,8,30,40,1,0,0,0,0
1313115,3,2023,2023,3,5,8,149,10,346,702,0,1,9,-33.875349,151.067121,67,0,2,1,3,0,0,0,2,2,7,80,2,5929,5929,1,0,0,2,0,0,0,0
1313117,3,2023,2023,3,6,9,98,27,609,136,0,1,9,-33.777077,150.920161,7,0,2,1,3,0,0,0,4,0,0,60,2,395,395,1,0,5,2,0,0,0,0
1313119,3,2023,2023,3,4,6,49,22,41,96,0,1,9,-32.970724,151.638057,37,0,2,1,3,0,0,0,2,2,7,60,2,1669,1669,3,5,13,2,0,0,0,0
1313121,3,2023,2023,3,5,8,7,10,96,49,0,1,2,-34.049602,150.836553,13,0,2,1,1,0,0,0,2,0,7,60,1,9859,9859,1,9,12,2,0,0,0,0
1313124,3,2023,2023,3,5,8,53,27,134,51,0,1,9,-33.514199,151.317932,16,2,2,1,3,0,3,4,2,0,9,60,1,14295,14295,3,9,36,2,0,0,0,0
1313125,3,2023,2023,3,1,7,87,31,179,34609,1,0,7,-31.910103,152.462498,43,2,1,1,3,0,0,0,2,0,0,50,0,14295,14295,3,10,0,2,0,0,0,0
1313127,3,2023,2023,3,2,9,2126,17,283,2149,0,1,2,-33.832437,151.016408,54,0,2,1,3,0,3,4,3,0,7,60,2,14295,14295,3,5,5,2,0,0,0,0
1313128,3,2023,2023,3,0,6,99,31,237,105,0,1,9,-33.870908,150.946716,24,0,2,1,3,0,0,0,2,0,7,60,1,775,775,4,5,5,2,0,0,0,0
1313133,3,2023,2023,3,5,4,204,27,387,13,0,1,10,-33.924339,151.187176,4,0,2,1,3,0,0,0,2,2,7,50,2,1383,1383,1,5,0,2,0,0,0,0
1313134,3,2023,2023,3,4,8,70,27,17,100,0,1,1,-33.665044,150.64926,8,2,2,0,3,0,3,4,2,0,7,60,2,1957,4009,8,5,40,1,0,0,0,0
1313135,3,2022,2022,9,0,7,11,27,115,34609,0,1,1,-33.741701,151.212143,50,0,2,0,3,0,0,0,2,0,7,50,0,4552,5151,8,5,40,1,0,0,0,0
1313136,3,2023,2023,3,0,6,41,31,150,34609,0,1,10,-33.923178,151.232651,59,0,2,1,3,0,0,0,2,0,15,50,0,6545,6545,4,0,5,2,0,0,0,0
1313137,3,2023,2023,3,2,4,42,31,532,34609,0,1,0,-33.868167,151.205969,69,0,2,1,3,0,0,0,2,0,7,40,0,1981,1981,4,0,25,2,0,0,0,0
1313138,3,2023,2023,3,6,3,3371,17,104,3342,0,1,2,-32.832941,151.686279,48,0,2,1,3,0,3,4,2,0,7,80,2,14295,14295,3,5,0,3,0,0,0,0
1313141,3,2023,2023,3,0,9,40,31,55,34609,0,1,10,-36.239937,149.128365,65,2,1,1,3,0,0,0,2,0,0,50,0,6545,6545,4,0,0,2,0,0,0,0
1313147,3,2023,2023,3,0,5,16,27,13,118,0,1,1,-29.349337,150.650604,51,1,0,0,3,0,0,0,2,0,7,100,1,1282,1282,1,8,40,1,0,0,0,0
1313149,3,2023,2023,3,0,0,3371,17,39,3342,0,1,2,-29.784142,153.031994,18,1,0,1,0,0,3,4,0,0,7,100,2,9859,9859,8,30,40,1,0,0,0,0
1313156,3,2023,2023,3,1,5,1052,14,56,928,0,1,3,-32.992928,151.515778,37,0,2,1,3,0,0,0,2,0,7,110,2,475,475,5,21,40,1,0,0,0,0
1313159,3,2023,2023,3,5,3,18,27,13,20,0,1,1,-33.711728,149.991384,40,1,0,0,3,0,0,0,1,0,7,100,2,1089,1089,7,10,40,1,0,0,0,0
1313161,3,2023,2023,3,0,8,2209,17,74,2205,0,1,9,-34.435719,150.861267,80,0,2,1,3,0,0,0,2,2,7,60,2,5929,5929,1,30,5,2,0,0,0,0
1313164,3,2023,2023,3,5,4,61,27,232,70,0,1,1,-33.668374,150.916264,71,0,2,1,3,0,0,0,2,0,7,70,1,14295,14295,3,8,13,3,0,0,0,0
1313166,3,2023,2023,3,1,7,1,27,1,34609,0,1,1,-32.806775,149.724554,44,1,0,1,3,0,0,0,2,0,7,100,0,217,217,1,10,13,2,0,0,0,0
1313167,3,2023,2023,3,1,5,44,31,157,34609,0,1,10,-33.801671,151.008353,54,0,2,1,3,0,0,0,2,0,15,50,0,6545,6545,4,0,13,2,0,0,0,0
1313168,3,2023,2023,3,0,0,1,10,337,34609,0,1,1,-33.736749,150.985266,71,0,2,1,3,0,3,3,0,0,7,50,0,4026,4026,8,0,40,1,0,0,0,0
1313169,3,2023,2023,3,1,4,4,31,70,34609,0,1,9,-34.853241,150.609558,63,2,1,1,3,0,0,0,2,0,0,50,0,150,150,4,0,0,2,0,0,0,0
1313172,3,2023,2023,3,0,7,104,27,63,140,0,1,2,-33.923771,151.211679,4,0,2,1,3,0,0,0,2,0,7,60,2,14295,14295,3,5,25,4,0,0,0,0
1313175,3,2023,2023,3,4,2,5,27,96,34609,0,1,1,-33.32076,148.017487,51,1,0,1,3,0,0,0,1,0,7,100,0,1089,1089,7,0,40,1,0,0,0,0