Crash ID,Degree of crash - detailed,Reporting year,Year of crash,Month of crash,Day of week of crash,Two-hour intervals,Street of crash,Street type,Town,Route no.,School zone location,School zone active,Type of location,Latitude,Longitude,LGA,Urbanisation,Conurbation 1,Alignment,Street lighting,Road surface,Surface condition,Weather,Natural lighting,Signals operation,Other traffic control,Speed limit,Road classification,RUM - code,DCA - code,First impact type,Key TU type,Other TU type,No. of traffic units involved,No. killed,No. seriously injured,No. moderately injured,No. minor-other injured
1313176,3,2023,2023,3,1,9,265,17,17,193,0,1,9,-35.662028,147.039309,27,2,1,1,3,0,0,0,0,0,7,50,2,9859,9859,1,0,40,2,0,0,0,0
1313177,3,2023,2023,3,1,7,3371,17,463,3342,0,1,7,-30.320717,153.086288,19,2,1,1,3,0,0,0,2,0,0,60,2,623,623,3,8,5,2,0,0,0,0
1313178,3,2023,2023,3,1,7,100,31,363,769,0,1,9,-33.808203,151.001693,54,0,2,1,3,0,0,0,2,2,7,60,2,926,926,4,5,25,2,0,0,0,0
1313180,3,2023,2023,3,6,10,916,17,23,917,0,1,1,-31.629169,150.729097,51,1,0,1,3,0,0,0,4,0,7,100,2,4026,4026,8,9,40,1,0,0,0,0
1313182,3,2023,2023,3,6,0,515,14,294,518,0,1,6,-33.939433,150.925726,41,0,2,0,3,0,3,4,0,0,7,60,2,4552,5151,8,5,40,1,0,0,0,0
1313184,3,2022,2022,9,6,8,118,27,646,118,0,1,10,-33.925304,151.030594,15,0,2,1,3,0,0,0,3,0,0,60,1,6545,6545,4,5,0,2,0,0,0,0
1313185,3,2023,2023,3,4,7,916,17,70,917,0,1,7,-32.739319,151.551984,42,2,1,1,3,0,0,0,2,0,7,60,2,301,301,4,10,35,2,0,0,0,0
1313193,3,2023,2023,3,3,11,6,31,161,51,0,1,1,-33.883285,151.16083,32,0,2,1,3,0,0,0,0,0,7,50,1,9859,9859,1,5,5,3,0,0,0,0
1313198,3,2022,2022,2,2,0,10,27,346,144,0,1,1,-33.870003,151.092894,14,0,2,1,2,0,0,0,0,0,7,60,2,3775,3775,0,0,0,2,0,0,0,0
1313200,3,2022,2022,9,3,1,91,27,139,187,0,1,10,-33.870878,151.141936,32,0,2,1,2,0,3,4,0,2,7,60,2,14295,14295,3,0,36,2,0,0,0,0
1313244,3,2022,2022,2,1,4,1,31,247,34609,0,1,1,-33.827652,150.938313,21,0,2,1,1,0,0,0,2,0,7,50,0,9859,9859,1,21,12,2,0,0,0,0
1313245,3,2022,2022,2,6,7,12,1,134,34609,0,1,1,-33.892451,151.251936,76,0,2,0,1,0,0,0,2,0,7,50,0,4552,5151,1,5,18,2,0,0,0,0
1313246,3,2022,2022,9,3,8,344,27,346,59,0,1,9,-33.867512,151.063672,67,0,2,1,1,0,0,0,2,2,7,60,1,14295,14295,3,10,5,4,0,0,0,0
1313255,3,2022,2022,9,3,9,916,17,66,917,0,1,9,-32.81255,151.656339,48,0,2,1,1,0,0,0,2,0,0,80,2,2585,777,8,5,40,1,0,0,0,0
1313265,3,2022,2022,2,0,0,80,27,111,34609,0,1,1,-33.91475,151.250939,59,0,2,1,2,0,0,0,0,0,7,50,0,4026,4026,1,5,13,5,0,0,0,0
1313269,3,2022,2022,9,1,8,105,17,251,136,0,1,2,-33.771236,150.938611,7,0,2,0,0,0,0,0,2,0,7,60,2,3,3,1,3,4,2,0,0,0,0
1313288,3,2023,2023,3,1,5,18,27,87,100,0,1,9,-34.461042,150.4239,78,2,1,0,0,0,0,0,2,0,0,70,2,2852,2852,4,34,25,2,0,0,0,0
1313291,3,2023,2023,3,2,11,4,27,438,34609,0,1,1,-33.858367,151.036947,21,0,2,1,2,0,0,0,0,0,7,50,0,9859,9859,1,5,5,4,0,0,0,0
1313297,3,2023,2023,3,6,5,213,17,13,213,0,1,9,-29.488604,152.331185,51,1,0,0,0,0,0,3,2,0,7,100,2,1669,1669,3,0,13,2,0,0,0,0
1313298,3,2023,2023,4,6,7,85,10,73,702,0,1,9,-33.83523,151.088107,14,0,2,0,1,0,0,0,2,2,7,70,2,1192,1192,1,8,5,2,0,0,0,0
1313303,3,2023,2023,4,4,0,8,27,73,331,0,1,9,-34.171018,150.610268,79,2,2,1,2,0,0,0,0,0,15,50,1,1957,777,8,0,40,1,0,0,0,0
1313310,3,2023,2023,4,4,11,1052,14,17,928,0,1,3,-32.953566,151.544914,37,0,2,1,0,0,0,0,0,0,14,110,2,14295,14295,3,5,13,2,0,0,0,0
1313322,3,2023,2023,3,0,10,2261,17,284,2252,0,1,9,-33.905996,151.015752,15,0,2,1,2,0,2,6,3,3,7,70,2,3775,3775,0,5,12,3,0,0,0,0
1313334,3,2023,2023,3,2,9,2261,17,64,2252,0,1,9,-33.887132,151.072677,67,0,2,1,2,0,3,4,0,0,0,60,2,5929,5929,1,5,36,2,0,0,0,0
1313345,3,2023,2023,3,1,1,161,17,9,161,0,1,1,-35.797245,148.499436,65,1,0,0,0,0,0,0,0,0,7,100,2,1089,1089,7,10,40,1,0,0,0,0
1313353,3,2023,2023,3,2,2,11,3,23,54,0,1,2,-34.021991,151.035405,68,0,2,1,2,0,0,0,1,0,7,80,2,945,945,5,10,40,1,0,0,0,0
1313363,3,2023,2023,3,0,9,33,27,96,34609,0,1,1,-35.359589,149.22235,58,2,1,1,2,0,0,0,3,0,7,50,0,9859,9859,1,10,5,3,0,0,0,0
1313378,3,2023,2023,3,0,0,1,1,314,34609,0,1,1,-33.862163,150.943221,24,0,2,1,2,0,0,0,0,0,7,50,0,9859,9859,1,5,0,4,0,0,0,0
1313385,3,2022,2022,2,1,10,1,6,44,34609,0,1,1,-33.210495,151.512418,16,2,2,1,2,0,0,0,0,0,7,50,0,9859,9859,1,5,5,3,0,0,0,0
1313389,3,2023,2023,4,3,8,123,36,20,49,0,1,1,-30.597868,151.469727,51,1,0,1,0,0,0,0,3,0,7,100,1,1945,1945,5,9,40,1,0,0,0,0
1313403,3,2023,2023,3,3,10,3,31,106,34609,0,1,1,-34.560289,150.798987,62,0,2,1,2,0,3,4,0,0,7,50,0,9859,9859,8,0,40,1,0,0,0,0
1313405,3,2023,2023,3,6,8,225,17,85,180,0,1,9,-34.569357,150.774276,62,0,2,1,1,0,3,4,2,0,15,60,2,775,775,4,34,13,2,0,0,0,0
1313429,3,2023,2023,4,2,8,163,27,24,165,0,1,9,-33.735284,150.836106,7,0,2,1,0,0,0,0,2,3,7,60,1,9859,9859,8,5,40,1,0,0,0,0
1313431,3,2023,2023,3,6,8,334,17,316,308,0,1,2,-31.446404,152.880085,56,2,1,1,1,0,0,0,2,0,7,70,2,14295,14295,3,10,0,2,0,0,0,0
1313460,3,2023,2023,3,5,11,30,27,32,41,0,1,9,-33.982763,151.129095,25,0,2,0,2,0,0,0,0,0,7,60,1,2585,4009,8,0,40,1,0,0,0,0
1313483,3,2023,2023,3,6,11,27,27,4,35,0,1,1,-28.414966,152.329213,51,2,1,0,0,0,0,0,0,0,7,40,2,1850,1463,5,29,40,1,0,0,0,0
1313492,3,2023,2023,3,4,0,149,36,40,113,0,1,1,-32.069813,152.481797,43,2,1,1,0,0,0,0,0,0,7,80,1,9859,9859,8,21,40,1,0,0,0,0
1313494,3,2023,2023,3,2,7,5,31,64,34609,0,1,1,-33.964814,150.998234,15,0,2,1,1,0,0,0,2,0,7,50,0,1282,1282,1,33,5,2,0,0,0,0
1313512,3,2023,2023,3,6,9,4,31,234,34609,0,1,7,-34.284435,146.045548,28,2,1,1,1,0,0,0,2,0,0,50,0,775,775,4,5,0,2,0,0,0,0
1313513,3,2023,2023,3,6,3,361,23,80,34609,0,1,1,-33.873154,151.170481,32,0,2,1,0,0,2,6,2,0,7,50,0,9859,9859,1,33,0,2,0,0,0,0
1313518,3,2023,2023,3,3,1,224,27,246,321,0,1,10,-33.901572,151.201179,69,0,2,1,2,0,0,0,0,2,7,50,2,14295,14295,3,5,5,3,0,0,0,0
1313527,3,2023,2023,4,6,3,39,18,26,34609,0,1,10,-33.91257,151.201056,69,0,2,1,1,0,0,0,2,0,7,50,0,186,186,1,8,13,2,0,0,0,0
1313534,3,2023,2023,3,1,8,1052,14,54,928,0,1,3,-33.469725,151.193723,16,1,2,1,0,0,0,0,2,0,7,110,2,14295,14295,3,10,5,2,0,0,0,0
1313551,3,2022,2022,1,5,7,2,27,6,34609,0,1,1,-35.487683,146.186243,51,1,0,1,0,0,0,0,2,0,7,100,0,4026,4026,8,3,40,1,0,0,0,0
1313562,3,2022,2022,9,1,10,24,27,8,31,0,1,1,-28.701701,153.040577,51,1,0,0,0,0,0,0,0,0,7,100,1,404,404,8,0,40,1,0,0,0,0
1313566,3,2023,2023,4,6,7,1,27,50,34609,0,1,1,-33.64242,150.84111,29,2,2,1,3,2,0,0,2,0,7,60,0,1109,787,1,16,5,2,0,0,0,0
1313573,3,2022,2022,2,4,1,11,23,139,34609,0,1,1,-33.884351,151.143966,32,0,2,1,2,0,0,0,0,0,7,50,0,4026,4026,1,5,0,2,0,0,0,0
1313607,3,2023,2023,4,1,9,147,27,104,605,0,1,2,-33.8294,151.216929,49,0,2,1,1,0,0,0,2,0,7,60,2,14295,14295,3,5,0,3,0,0,0,0
1313622,3,2022,2022,2,0,7,36,31,41,34609,0,1,0,-33.902045,151.181532,69,0,2,1,1,0,0,0,2,0,7,40,0,9859,9859,1,9,41,2,0,0,0,0
1313635,3,2023,2023,7,4,4,6,27,438,563,0,1,9,-33.849289,151.03883,21,0,2,1,3,0,0,0,2,2,7,70,2,5929,5929,1,9,13,2,0,0,0,0
1313637,3,2023,2023,3,4,7,16,31,166,34609,1,2,1,-33.89603,151.177901,32,0,2,1,3,0,3,4,2,0,7,40,0,9859,9859,1,5,5,3,0,0,0,0
1313638,3,2023,2023,3,6,4,205,27,106,415,0,1,7,-33.676103,151.289608,50,0,2,0,3,0,0,0,2,0,0,60,2,301,301,4,8,5,2,0,0,0,0
1313639,3,2023,2023,7,6,4,16,27,39,34609,1,2,1,-32.912352,151.582433,37,0,2,1,3,0,0,0,2,0,7,40,0,9859,9859,1,30,5,2,0,0,0,0
1313640,3,2023,2023,3,4,0,481,17,10,483,0,1,1,-32.750945,148.207167,53,1,0,1,3,0,0,0,0,0,7,110,2,4026,4026,8,5,40,1,0,0,0,0
1313641,3,2023,2023,7,6,9,330,27,147,605,0,1,9,-33.755271,151.283589,50,0,2,1,3,0,0,0,0,2,7,60,2,5929,5929,1,0,40,2,0,0,0,0
1313645,3,2023,2023,3,3,6,7,27,218,34609,0,1,7,-33.780409,150.784139,55,0,2,1,3,0,0,0,2,0,0,50,0,14295,14295,3,5,5,2,0,0,0,0
1313646,3,2023,2023,7,4,5,21,27,148,60,0,1,2,-36.047725,146.939716,0,2,1,1,3,0,0,0,2,0,7,50,1,1981,1981,4,30,5,2,0,0,0,0
1313651,3,2023,2023,3,0,7,916,17,10,917,0,1,10,-32.700805,151.463953,42,2,1,1,3,0,0,0,2,2,7,80,2,2852,2852,4,0,0,2,0,0,0,0
1313654,3,2023,2023,7,0,8,475,10,523,268,0,1,9,-33.917855,150.912788,41,0,2,1,3,0,0,3,3,0,0,70,2,1192,1192,1,5,5,2,0,0,0,0
1313658,3,2023,2023,3,5,11,127,27,135,103,0,1,1,-32.893518,151.731396,48,0,2,1,3,0,0,0,0,0,7,60,1,9859,9859,1,0,0,2,0,0,0,0
1313660,3,2023,2023,3,2,9,2,27,4,34609,0,1,1,-32.519973,149.488896,44,1,0,0,3,2,0,0,2,0,7,100,0,1089,1089,7,10,40,1,0,0,0,0
1313662,3,2023,2023,3,2,5,3,10,42,34609,0,1,1,-35.349809,149.246141,58,2,1,1,3,0,0,0,2,0,7,50,0,14295,14295,3,5,13,3,0,0,0,0
1313663,3,2023,2023,3,2,6,109,27,137,105,0,1,9,-33.895763,150.909767,24,0,2,1,3,0,0,0,2,0,15,60,2,14295,14295,3,0,5,2,0,0,0,0
1313664,3,2023,2023,3,0,8,361,31,36,34609,0,1,1,-32.959667,151.606453,37,0,2,0,3,0,0,0,2,0,7,50,0,1957,4009,8,0,40,1,0,0,0,0
1313669,3,2023,2023,3,2,3,56,31,119,34609,0,1,1,-32.777285,151.739021,57,2,1,1,3,0,0,0,2,0,7,70,0,1945,1945,5,0,40,1,0,0,0,0
1313673,3,2023,2023,3,2,6,829,27,125,770,0,1,9,-33.83663,151.129451,51,0,2,1,3,0,0,0,2,0,0,60,2,14295,14295,3,30,25,2,0,0,0,0
1313674,3,2023,2023,7,0,6,12,31,41,19,0,1,9,-31.093074,150.898164,70,2,1,1,3,0,0,0,2,0,0,60,1,2852,2852,4,5,13,2,0,0,0,0
1313675,3,2023,2023,3,1,7,126,27,74,168,0,1,2,-34.054379,150.774659,12,0,2,0,3,0,0,0,2,0,7,80,2,1192,1192,1,5,5,2,0,0,0,0
1313676,3,2023,2023,3,1,3,213,17,10,213,0,1,1,-29.564524,153.106344,18,1,0,0,3,0,0,0,2,0,7,100,2,4552,5151,8,5,40,1,0,0,0,0
1313677,3,2023,2023,3,2,6,117,27,73,702,0,1,2,-33.828166,151.089421,14,0,2,1,3,0,0,0,2,0,7,70,2,14295,14295,3,5,5,3,0,0,0,0
1313678,3,2023,2023,3,5,4,293,31,128,369,0,1,1,-33.617121,150.809702,29,2,2,1,3,0,0,0,2,0,7,60,2,1391,1391,1,8,5,2,0,0,0,0
1313684,3,2023,2023,3,5,3,1104,14,445,962,0,1,3,-33.846682,151.049978,54,0,2,1,3,0,0,0,2,0,7,90,2,14295,14295,3,29,35,4,0,0,0,0
1313695,3,2023,2023,3,5,4,11,27,87,34609,1,2,1,-33.692006,150.955505,71,0,2,1,3,0,0,3,2,0,7,40,0,9859,9859,1,19,5,2,0,0,0,0
1313697,3,2023,2023,3,6,7,191,17,15,189,0,1,1,-32.07092,149.667254,51,1,0,1,3,0,0,0,2,0,7,100,2,1945,1945,5,10,40,1,0,0,0,0
1313722,3,2023,2023,3,5,7,18,27,8,14,0,1,9,-28.69941,153.30267,39,2,1,1,0,0,0,0,2,0,15,80,1,2852,2852,4,5,5,2,0,0,0,0
1313737,3,2023,2023,3,0,10,3371,17,21,3342,0,1,7,-28.583706,153.543185,10,2,1,0,2,0,3,3,0,0,0,60,2,2585,4009,8,0,40,1,0,0,0,0
1313740,3,2023,2023,3,3,7,125,27,21,144,0,1,2,-32.769768,152.011916,57,2,1,1,0,0,0,0,2,0,7,60,2,14295,14295,3,0,36,2,0,0,0,0
1313763,3,2023,2023,4,4,1,108,27,251,93,0,1,1,-33.777957,150.945336,7,0,2,0,2,0,0,0,0,0,7,60,1,1957,4009,8,21,40,1,0,0,0,0
1313764,3,2023,2023,3,4,11,47,31,51,34609,0,1,9,-34.194929,150.975705,80,0,2,1,2,0,0,0,0,0,7,50,0,9859,9859,1,5,13,2,0,0,0,0
1313767,3,2023,2023,3,4,6,5,10,44,34609,0,1,1,-33.797406,150.878239,7,0,2,1,0,0,0,0,2,0,7,60,0,1981,1981,4,0,5,2,0,0,0,0
1313769,3,2023,2023,4,0,5,1052,14,56,928,0,1,3,-32.986691,151.519784,37,0,2,1,3,0,0,0,2,0,7,110,2,4026,4026,8,0,40,1,0,0,0,0
1313772,3,2023,2023,3,0,8,48,10,463,32,0,1,1,-30.302232,153.12447,19,2,1,1,0,0,0,0,2,0,7,60,1,14295,14295,3,0,36,4,0,0,0,0
1313795,3,2023,2023,3,0,9,16,27,202,34609,0,1,7,-33.953874,151.028233,15,0,2,1,3,0,0,0,3,0,0,60,0,14295,14295,3,5,5,2,0,0,0,0
1313796,3,2023,2023,3,5,4,38,27,154,35,0,1,2,-33.708248,150.973556,71,0,2,1,3,0,0,0,2,0,7,60,1,9859,9859,8,0,40,1,0,0,0,0
1313798,3,2023,2023,3,6,8,16,10,65,22,0,1,9,-33.382667,151.364007,16,2,2,1,3,0,0,0,2,0,7,60,1,1669,1669,3,5,5,2,0,0,0,0
1313801,3,2023,2023,3,5,4,125,27,22,144,0,1,1,-32.855507,151.807933,57,1,0,1,3,0,0,0,2,0,7,100,2,14295,14295,3,10,36,2,0,0,0,0
1313804,3,2023,2023,3,5,3,51,31,47,34609,0,1,1,-33.777614,151.289855,50,0,2,1,3,0,0,0,2,0,7,50,0,96,96,0,0,41,3,0,0,0,0
1313805,3,2023,2023,3,0,6,3371,17,54,3342,0,1,9,-33.089603,151.638246,37,0,2,1,3,0,0,0,2,2,9,60,2,5929,5929,1,0,5,2,0,0,0,0
1313808,3,2023,2023,3,3,0,2261,17,204,2252,0,1,1,-33.889416,151.125712,32,0,2,1,2,0,0,0,0,0,7,60,2,4026,4026,8,9,40,1,0,0,0,0
1313812,3,2022,2022,9,3,4,3371,17,6,3342,0,1,2,-31.667658,152.739132,56,1,0,0,3,0,0,0,2,0,7,110,2,4552,5151,8,10,40,1,0,0,0,0
1313813,3,2023,2023,4,6,11,1,27,16,34609,0,1,1,-32.909098,151.713062,48,0,2,1,2,0,3,0,0,0,7,50,0,9859,9859,1,5,36,2,0,0,0,0
1313815,3,2023,2023,3,3,6,76,27,25,148,0,1,9,-32.938828,151.764945,48,0,2,0,3,0,0,0,2,0,0,60,1,775,775,4,0,0,2,0,0,0,0
1313817,3,2023,2023,3,3,11,5,10,18,41,0,1,9,-28.990853,153.282233,60,2,1,1,2,0,0,0,0,0,7,80,1,9859,9859,8,5,40,1,0,0,0,0
1313822,3,2023,2023,3,0,11,387,36,86,69,0,1,9,-33.728391,151.220695,50,0,2,1,2,0,0,0,0,0,7,80,2,775,775,4,10,5,2,0,0,0,0
1313826,3,2023,2023,3,3,7,346,17,16,332,0,1,1,-28.903271,152.271935,51,1,0,0,0,0,0,0,2,0,7,100,2,1850,1463,5,29,40,1,0,0,0,0
1313828,3,2022,2022,9,4,8,19,31,131,34609,0,1,2,-33.780537,151.185409,36,0,2,1,0,0,3,0,2,0,7,50,0,9859,9859,1,5,5,2,0,0,0,0
1313840,3,2023,2023,3,4,9,14,31,36,34609,0,1,1,-36.099014,146.91349,0,2,1,0,3,0,0,0,3,0,7,60,0,3775,3775,0,5,0,2,0,0,0,0
1313847,3,2023,2023,7,6,7,3371,17,58,3342,0,1,2,-28.566197,153.541378,10,1,0,1,0,0,0,0,2,0,7,110,2,475,475,5,5,40,1,0,0,0,0
1313876,3,2023,2023,4,6,4,44,1,129,34609,0,1,1,-33.898041,151.110725,15,0,2,1,0,0,0,0,2,0,7,50,0,43,43,3,5,12,4,0,0,0,0
1313887,3,2023,2023,3,1,9,6,31,16,34609,0,1,1,-32.901876,151.698219,48,0,2,1,2,0,0,0,0,0,7,50,0,9859,9859,1,5,0,2,0,0,0,0
1313892,3,2023,2023,3,2,5,43,27,316,38,0,1,1,-33.903232,151.247532,59,0,2,1,1,0,0,0,2,0,7,50,1,14295,14295,3,0,0,3,0,0,0,0
1313898,3,2023,2023,3,4,7,512,17,53,441,0,1,1,-32.237955,148.367529,22,1,0,1,0,0,0,0,2,0,7,110,2,14295,14295,3,5,0,2,0,0,0,0
1313918,3,2023,2023,3,1,3,103,27,176,167,0,1,9,-33.973561,151.136433,4,0,2,1,3,0,0,0,2,0,7,60,2,1957,777,1,5,5,2,0,0,0,0
1313924,3,2023,2023,3,3,7,8,31,134,34609,0,1,10,-33.893351,151.247109,76,0,2,1,3,0,0,0,2,2,7,50,0,83,83,1,10,5,2,0,0,0,0
1313926,3,2023,2023,7,4,6,2,27,48,34609,0,1,9,-36.68508,149.837043,5,2,1,0,3,0,0,0,2,0,0,50,0,4552,5151,8,5,40,1,0,0,0,0
1313927,3,2023,2023,3,5,7,293,31,112,369,0,1,10,-33.614066,150.813146,29,2,2,1,3,0,0,0,2,0,15,60,2,515,515,1,5,36,2,0,0,0,0
1313933,3,2023,2023,7,4,5,100,27,323,100,0,1,9,-33.817008,150.851329,7,0,2,1,3,0,0,0,2,2,7,70,2,14295,14295,3,0,13,2,0,0,0,0
1313935,3,2023,2023,3,5,10,1,1,67,34609,0,1,1,-33.875312,150.886505,24,0,2,0,3,0,0,0,0,0,7,50,0,4552,5151,1,5,5,2,0,0,0,0
1313937,3,2023,2023,3,2,3,127,27,31,34609,0,1,1,-33.432841,151.361737,16,2,2,1,3,0,0,0,2,0,7,50,0,9859,9859,1,30,12,2,0,0,0,0
1313939,3,2023,2023,3,5,6,59,27,252,21,0,1,7,-33.934382,150.86868,41,0,2,0,3,0,0,0,2,0,0,60,2,623,623,3,5,5,2,0,0,0,0
1313940,3,2023,2023,3,4,5,1,27,1,34609,0,1,1,-34.898782,148.093407,20,1,0,0,0,2,2,2,2,0,7,100,0,4552,5151,8,10,40,1,0,0,0,0
1313942,3,2023,2023,3,5,8,500,27,129,799,0,1,9,-33.93076,151.066127,15,0,2,1,3,0,0,0,2,2,7,60,2,5929,5929,1,5,0,2,0,0,0,0
1313943,3,2023,2023,3,2,9,2261,17,646,2252,1,0,10,-33.906389,151.035999,15,0,2,1,3,0,0,0,3,2,7,60,2,5929,5929,1,0,5,2,0,0,0,0
1313945,3,2023,2023,3,3,5,478,17,128,480,0,1,9,-33.427207,151.329651,16,2,2,1,3,0,0,0,2,0,7,70,2,1383,1383,1,0,13,2,0,0,0,0
1313947,3,2023,2023,3,5,8,829,27,124,770,0,1,9,-33.813715,151.051326,54,0,2,1,3,0,0,0,2,0,7,70,2,1391,1391,1,5,22,2,0,0,0,0
1313948,3,2023,2023,4,6,4,229,14,36,237,0,1,3,-33.764111,151.084043,31,0,2,1,3,0,0,0,2,0,7,100,2,1383,1383,1,5,5,2,0,0,0,0
1313949,3,2023,2023,3,5,1,16,31,246,12,0,1,1,-33.903655,151.200897,69,0,2,1,3,0,0,0,0,0,7,50,1,9859,9859,1,5,13,3,0,0,0,0
1313950,3,2023,2023,3,6,2,74,27,609,48,0,1,10,-33.775762,150.895304,7,0,2,1,3,0,0,0,0,2,7,60,1,6545,6545,4,0,5,2,0,0,0,0
1313952,3,2023,2023,3,0,7,9,27,42,29,0,1,7,-33.740361,151.278591,50,0,2,1,3,0,0,0,2,0,0,50,1,6545,6545,4,10,5,2,0,0,0,0
1313955,3,2023,2023,3,0,9,12,27,278,34609,0,1,1,-33.788964,151.044301,54,0,2,1,3,0,0,0,2,0,7,50,0,941,941,1,5,5,2,0,0,0,0
1313960,3,2023,2023,3,3,7,1,27,16,34609,0,1,1,-31.208954,152.823401,34,1,0,1,3,0,0,0,2,0,7,100,0,941,941,1,5,5,2,0,0,0,0
1313961,3,2023,2023,3,5,3,109,36,28,108,0,1,1,-28.326169,153.40999,72,2,1,1,3,0,0,0,2,0,7,60,1,9859,9859,8,5,40,1,0,0,0,0
1313974,3,2023,2023,7,4,8,68,27,39,34609,0,1,10,-33.550464,150.842199,29,2,2,1,3,0,0,0,2,0,0,50,0,6545,6545,4,10,5,2,0,0,0,0
1313975,3,2023,2023,7,4,10,1,27,106,34609,0,1,1,-33.685441,151.302843,50,0,2,1,3,0,0,0,0,0,7,50,0,4026,4026,1,21,13,2,0,0,0,0
1313978,3,2023,2023,3,3,2,1052,14,60,928,0,1,3,-33.426514,151.237306,16,1,2,0,3,0,0,0,0,0,7,110,2,1259,5151,8,5,40,1,0,0,0,0
1313986,3,2023,2023,3,1,0,22,4,40,34609,0,1,1,-33.78738,151.238274,50,0,2,0,2,0,0,0,0,0,7,50,0,2585,4009,8,0,40,1,0,0,0,0
1313994,3,2023,2023,3,6,3,280,10,237,240,1,0,9,-33.867604,150.957061,24,0,2,1,0,0,0,0,2,3,7,60,2,1383,1383,1,33,5,2,0,0,0,0
1313997,3,2023,2023,3,2,10,162,31,65,34609,0,1,1,-32.927788,151.774681,48,0,2,0,2,0,3,4,0,0,7,40,0,175,188,1,9,5,3,0,0,0,0
1313998,3,2023,2023,3,3,7,33,1,22,34609,0,1,9,-33.915599,150.878202,41,0,2,1,0,0,0,0,2,0,7,50,0,4026,4026,1,16,5,2,0,0,0,0
1314009,3,2022,2022,7,2,11,500,27,145,799,0,1,2,-33.928977,151.074751,15,0,2,1,3,0,3,4,0,0,7,60,2,9859,9859,8,5,40,1,0,0,0,0
1314010,3,2023,2023,3,5,4,12,31,110,34609,0,1,9,-33.773074,151.026504,54,0,2,1,3,0,0,0,2,0,7,50,0,14295,14295,3,5,12,2,0,0,0,0
1314011,3,2023,2023,3,0,6,3371,17,40,3342,0,1,2,-31.477213,152.814384,56,1,0,1,3,0,0,0,2,0,7,110,2,14295,14295,3,5,5,2,0,0,0,0
1314028,3,2023,2023,3,6,2,1052,14,149,928,0,1,3,-33.35603,151.352894,16,1,2,0,3,0,3,4,1,0,7,110,2,1259,5151,8,34,40,3,0,0,0,0
1314031,3,2023,2023,3,2,6,232,36,40,331,0,1,2,-33.951115,150.847215,41,0,2,1,3,0,0,0,2,0,7,70,2,1391,1391,1,5,0,2,0,0,0,0
1314033,3,2023,2023,3,2,5,2,27,11,34609,0,1,1,-34.517733,149.017582,74,1,0,0,3,2,0,0,2,0,7,100,0,4552,5151,8,9,40,1,0,0,0,0
1314037,3,2023,2023,3,6,11,3,10,65,34609,0,1,1,-33.377837,151.369766,16,2,2,1,3,0,0,0,0,0,7,50,0,9859,9859,1,10,0,2,0,0,0,0
1314038,3,2023,2023,3,4,8,4,1,64,34609,0,1,9,-32.942085,151.704983,48,0,2,1,3,0,0,0,3,0,7,60,0,1669,1669,3,0,5,2,0,0,0,0
1314039,3,2023,2023,3,1,3,280,10,237,240,0,1,9,-33.876958,150.965672,24,0,2,1,3,2,0,0,2,2,7,60,2,5929,5929,1,5,0,2,0,0,0,0
1314044,3,2023,2023,3,3,8,27,27,290,34609,0,1,9,-33.855196,150.992081,21,0,2,1,3,0,0,3,2,0,0,50,0,14295,14295,3,30,5,2,0,0,0,0
1314061,3,2023,2023,7,0,5,38,31,246,64,0,1,2,-33.917432,151.193849,69,0,2,1,3,0,3,4,2,0,7,50,2,1981,1981,4,8,5,2,0,0,0,0
1314064,3,2023,2023,4,2,10,4,31,47,34609,0,1,9,-33.775548,151.289568,50,0,2,1,2,0,3,4,0,0,7,50,0,1109,397,1,0,5,2,0,0,0,0
1314073,3,2022,2022,2,1,8,29,27,147,69,0,1,9,-33.871058,151.131977,14,0,2,1,3,0,0,0,2,0,7,60,2,1669,1669,3,5,0,2,0,0,0,0
1314077,3,2023,2023,3,6,9,7,27,10,81,0,1,1,-32.084932,152.426473,43,2,1,0,3,0,0,0,2,0,7,60,2,1259,5151,8,5,40,1,0,0,0,0
1314078,3,2023,2023,7,4,3,6,18,7,34609,0,1,1,-34.611315,150.534495,78,2,1,0,3,2,3,4,2,0,7,60,0,2585,4009,8,5,40,1,0,0,0,0
1314081,3,2023,2023,7,5,7,3371,17,90,3342,0,1,7,-28.244729,153.553179,72,2,1,1,3,0,0,0,2,0,0,60,2,1945,1945,5,3,40,1,0,0,0,0
1314083,3,2023,2023,3,4,10,3371,17,44,3342,0,1,2,-30.741167,152.919974,47,1,0,1,3,0,3,4,0,0,7,110,2,9859,9859,8,5,40,1,0,0,0,0
1314084,3,2023,2023,7,6,9,4,1,147,34609,0,1,10,-33.871174,151.135787,14,0,2,1,3,0,0,0,3,0,15,50,0,256,256,4,5,0,2,0,0,0,0
1314087,3,2023,2023,3,1,8,6,31,9,34609,0,1,1,-32.910362,151.752531,48,0,2,1,3,0,0,0,2,0,7,40,0,9859,9859,1,5,36,2,0,0,0,0
1314089,3,2023,2023,7,5,8,1,31,443,34609,0,1,9,-33.898544,151.068959,67,0,2,1,3,0,0,0,2,0,7,50,0,9859,9859,1,5,0,2,0,0,0,0
1314092,3,2023,2023,7,3,6,3371,17,44,3342,0,1,2,-30.554185,153.004636,6,1,0,1,3,0,0,0,2,0,7,110,2,4026,4026,8,21,40,1,0,0,0,0
1314094,3,2023,2023,7,6,8,866,17,278,793,0,1,1,-33.780559,151.05156,54,0,2,1,3,0,0,0,4,0,7,60,2,14295,14295,3,5,19,2,0,0,0,0