Crash ID,Degree of crash - detailed,Reporting year,Year of crash,Month of crash,Day of week of crash,Two-hour intervals,Street of crash,Street type,Town,Route no.,School zone location,School zone active,Type of location,Latitude,Longitude,LGA,Urbanisation,Conurbation 1,Alignment,Street lighting,Road surface,Surface condition,Weather,Natural lighting,Signals operation,Other traffic control,Speed limit,Road classification,RUM - code,DCA - code,First impact type,Key TU type,Other TU type,No. of traffic units involved,No. killed,No. seriously injured,No. moderately injured,No. minor-other injured
1314097,3,2023,2023,3,0,8,115,27,113,173,0,1,9,-34.375087,150.831061,80,0,2,1,3,0,0,0,2,0,7,100,2,14295,14295,3,34,5,3,0,0,0,0
1314098,3,2023,2023,7,1,0,3,27,5,34609,0,1,1,-28.777712,153.336385,39,1,0,1,3,0,0,0,0,0,7,100,0,945,945,5,5,40,1,0,0,0,0
1314102,3,2023,2023,7,6,8,71,27,8,69,0,1,1,-36.255582,149.032033,65,2,1,1,3,0,0,0,2,0,7,60,2,14295,14295,3,10,13,3,0,0,0,0
1314103,3,2023,2023,7,3,10,137,27,1,39,0,1,1,-31.981177,151.136029,73,1,0,1,3,0,0,0,0,0,7,100,1,1089,1089,7,10,40,1,0,0,0,0
1314109,3,2023,2023,3,1,3,2261,17,70,2252,0,1,6,-34.70627,150.012858,26,1,0,1,3,0,0,0,2,0,7,100,2,1945,1945,5,10,40,1,0,0,0,0
1314110,3,2023,2023,7,4,4,16,31,463,34609,0,1,1,-30.308143,153.136097,19,2,1,1,3,0,0,0,2,0,7,50,0,248,248,1,0,13,2,0,0,0,0
1314115,3,2023,2023,7,5,2,95,27,17,605,0,1,9,-33.594747,151.319959,50,0,2,1,3,0,0,0,1,0,7,40,2,9859,9859,8,9,40,1,0,0,0,0
1314116,3,2023,2023,3,4,6,53,36,28,95,0,1,9,-33.23274,148.841215,11,1,0,1,3,0,0,0,2,0,0,100,2,6545,6545,4,8,5,2,0,0,0,0
1314119,3,2023,2023,3,3,6,74,27,609,48,0,1,2,-33.776063,150.897339,7,0,2,1,3,0,0,0,2,0,7,60,1,9859,9859,1,5,35,2,0,0,0,0
1314120,3,2023,2023,7,0,5,1104,14,323,962,0,1,3,-33.801662,150.875626,7,0,2,1,3,0,0,0,2,0,7,100,2,1391,1391,1,9,5,2,0,0,0,0
1314121,3,2023,2023,3,5,7,2,27,6,34609,0,1,1,-34.052023,151.027822,68,0,2,0,3,0,0,0,2,0,7,50,0,175,188,8,10,40,1,0,0,0,0
1314123,3,2023,2023,7,4,9,2209,17,10,2205,0,1,1,-35.21816,150.434831,63,1,0,1,3,0,0,0,3,0,7,100,2,14295,14295,3,5,10,2,0,0,0,0
1314126,3,2023,2023,7,3,2,6,36,11,34609,0,1,1,-30.646632,150.680994,70,1,0,0,3,0,0,0,1,0,7,100,0,1850,1463,5,10,40,1,0,0,0,0
1314127,3,2023,2023,4,5,10,81,31,646,80,0,1,1,-33.913409,151.014245,15,0,2,1,3,0,3,4,0,0,7,60,1,9859,9859,1,5,5,2,0,0,0,0
1314128,3,2023,2023,7,0,5,485,27,50,769,0,1,9,-33.622876,150.837297,29,2,2,1,3,0,0,0,2,0,15,80,2,2852,2852,4,0,5,2,0,0,0,0
1314131,3,2023,2023,3,5,3,97,31,363,92,0,1,1,-33.826272,150.994389,54,0,2,1,3,0,0,0,2,0,7,60,1,14295,14295,3,5,5,3,0,0,0,0
1314132,3,2023,2023,7,0,4,3371,17,43,3342,0,1,2,-30.464571,153.001938,6,1,0,1,3,0,0,0,2,0,7,110,2,9859,9859,8,0,40,1,0,0,0,0
1314133,3,2023,2023,7,2,10,10,31,62,34609,0,1,1,-33.897917,151.133848,32,0,2,1,3,0,0,0,0,0,7,50,0,9859,9859,1,5,0,3,0,0,0,0
1314134,3,2023,2023,7,1,7,145,18,84,34609,0,1,9,-31.093967,150.917985,70,2,1,1,3,0,0,0,2,0,7,50,0,1669,1669,3,5,5,2,0,0,0,0
1314135,3,2023,2023,4,6,8,5,18,201,34609,0,1,9,-34.86893,150.611661,63,2,1,0,3,0,0,0,2,0,7,50,0,6545,6545,4,0,5,2,0,0,0,0
1314136,3,2023,2023,7,4,1,3371,17,18,3342,0,1,2,-28.783013,153.52716,2,1,0,0,3,0,3,0,0,0,7,110,2,2585,4009,8,5,40,1,0,0,0,0
1314137,3,2023,2023,7,3,6,2209,17,24,2205,0,1,9,-36.211773,150.122665,23,2,1,1,3,0,0,0,2,0,0,50,2,926,926,4,10,5,2,0,0,0,0
1314139,3,2023,2023,3,4,2,1,18,562,34609,0,1,1,-32.221298,148.620866,22,2,1,1,3,0,0,3,1,0,7,80,0,515,515,1,29,13,2,0,0,0,0
1314143,3,2023,2023,7,4,4,59,27,12,69,0,1,1,-33.842397,149.749439,51,2,1,0,3,0,0,0,2,0,7,60,1,4552,5151,8,10,40,1,0,0,0,0
1314144,3,2022,2022,6,4,11,132,31,252,126,0,1,10,-33.891544,151.21272,69,0,2,1,3,0,0,0,0,2,7,50,2,5929,5929,1,5,5,2,0,0,0,0
1314145,3,2023,2023,7,1,8,82,31,363,369,0,1,9,-33.758942,150.711374,55,0,2,1,3,0,0,0,2,0,0,70,2,775,775,4,5,5,2,0,0,0,0
1314148,3,2023,2023,7,2,6,58,31,77,34609,0,1,1,-33.731909,151.081476,31,0,2,1,3,0,0,0,2,0,7,50,0,387,387,1,0,0,2,0,0,0,0
1314152,3,2022,2022,2,3,6,515,14,252,518,0,1,3,-33.951274,150.88042,41,0,2,0,3,0,0,0,2,0,7,100,2,1282,1282,1,5,5,2,0,0,0,0
1314154,3,2023,2023,7,4,8,16,31,150,34609,0,1,7,-33.922784,151.229784,59,0,2,1,3,0,0,0,2,0,0,50,0,6545,6545,4,5,13,2,0,0,0,0
1314155,3,2023,2023,7,4,3,2261,17,14,2252,0,1,3,-34.445055,150.395174,78,1,0,1,3,0,0,0,1,0,7,110,2,9859,9859,8,5,40,1,0,0,0,0
1314156,3,2023,2023,3,1,10,7,27,144,34609,0,1,1,-34.043256,151.019273,68,0,2,1,3,0,0,0,0,0,7,50,0,9859,9859,1,33,5,2,0,0,0,0
1314161,3,2023,2023,7,1,4,330,27,65,605,0,1,9,-33.698162,151.300639,50,0,2,1,3,0,0,0,2,0,7,70,2,623,623,3,16,0,2,0,0,0,0
1314162,3,2023,2023,7,5,3,168,17,47,212,0,1,1,-35.315422,149.398613,58,1,0,0,3,0,0,0,2,0,7,100,2,14295,14295,3,10,5,2,0,0,0,0
1314163,3,2023,2023,7,1,3,2261,17,243,2252,0,1,2,-33.939514,150.912755,41,0,2,1,3,0,0,0,2,0,7,60,2,14295,14295,3,5,0,3,0,0,0,0
1314165,3,2023,2023,7,6,3,1052,14,149,928,0,1,3,-33.351392,151.361716,16,1,2,0,3,0,0,0,2,0,7,110,2,1957,4009,8,0,40,1,0,0,0,0
1314170,3,2023,2023,7,0,2,104,27,137,140,0,1,9,-33.922199,151.201691,4,0,2,1,3,0,0,0,1,0,6,60,2,418,777,5,5,40,1,0,0,0,0
1314171,3,2023,2023,7,0,8,133,31,96,212,0,1,2,-35.356854,149.223404,58,2,1,1,3,0,0,0,3,0,7,60,2,14295,14295,3,5,13,2,0,0,0,0
1314173,3,2023,2023,7,0,9,39,27,8,29,0,1,1,-32.090055,149.876563,73,1,0,1,3,0,0,0,2,0,7,100,1,9859,9859,8,0,40,1,0,0,0,0
1314174,3,2023,2023,4,0,8,512,17,433,441,0,1,1,-33.262677,149.077277,52,2,1,1,3,0,0,0,2,0,7,50,2,1109,787,1,5,0,2,0,0,0,0
1314178,3,2023,2023,7,1,4,3371,10,316,34609,0,1,1,-31.454267,152.929597,56,2,1,1,3,0,0,0,2,0,7,50,0,1981,1981,4,5,0,2,0,0,0,0
1314180,3,2023,2023,7,6,8,1052,14,83,928,0,1,3,-33.495657,151.186994,16,1,2,1,3,0,0,0,2,0,7,100,2,14295,14295,3,0,13,3,0,0,0,0
1314181,3,2023,2023,3,5,5,7,31,90,34609,0,1,1,-33.720479,150.310322,8,2,2,1,3,0,0,0,2,0,7,50,0,175,188,1,9,12,2,0,0,0,0
1314182,3,2023,2023,7,4,3,485,27,187,769,0,1,9,-33.770622,151.000837,54,0,2,1,3,0,0,0,2,0,7,60,2,14295,14295,3,10,5,3,0,0,0,0
1314183,3,2023,2023,3,1,6,2126,17,60,2149,0,1,1,-33.636482,150.28498,8,2,2,1,3,0,0,0,2,0,7,60,2,387,387,1,9,5,2,0,0,0,0
1314187,3,2023,2023,3,0,4,334,31,370,256,0,1,9,-34.074072,150.808675,13,0,2,1,1,0,0,0,2,0,0,60,2,2852,2852,4,5,13,3,0,0,0,0
1314190,3,2023,2023,7,1,4,2126,17,323,2149,0,1,9,-33.789402,150.856324,7,0,2,1,3,0,0,0,2,2,7,80,2,1669,1669,3,5,5,2,0,0,0,0
1314192,3,2023,2023,3,5,7,113,27,218,111,0,1,2,-33.77035,150.773487,55,0,2,1,3,0,0,0,2,0,7,60,2,84,84,8,29,40,1,0,0,0,0
1314196,3,2023,2023,3,5,4,1,31,284,34609,1,2,1,-33.910606,151.027634,15,0,2,1,3,0,0,0,2,0,7,40,0,1981,1981,4,0,5,2,0,0,0,0
1314197,3,2023,2023,7,6,6,43,27,136,148,0,1,10,-32.919428,151.712776,48,0,2,1,3,0,0,0,2,0,15,60,1,14295,14295,3,5,13,2,0,0,0,0
1314199,3,2023,2023,7,2,7,31,23,139,187,0,1,2,-33.873675,151.136661,32,0,2,1,3,0,0,0,2,0,7,60,2,1383,1383,1,0,5,2,0,0,0,0
1314201,3,2023,2023,7,1,8,10,27,74,12,0,1,1,-34.732803,148.072735,20,1,0,1,3,0,0,0,2,0,7,100,1,623,623,3,10,13,2,0,0,0,0
1314206,3,2023,2023,7,5,9,5,27,15,41,0,1,1,-28.923642,153.158692,60,1,0,0,3,0,0,0,3,0,7,100,1,1259,5151,8,0,40,1,0,0,0,0
1314207,3,2023,2023,7,1,4,9,27,24,6,0,1,7,-32.80168,151.466502,17,2,1,0,3,0,0,0,2,0,0,60,1,6545,6545,4,5,0,2,0,0,0,0
1314208,3,2023,2023,7,4,9,44,27,23,126,0,1,9,-32.76665,151.813979,57,2,1,1,3,0,0,0,3,0,15,80,2,2852,2852,4,9,13,2,0,0,0,0
1314211,3,2023,2023,3,1,6,171,31,363,34609,0,1,10,-33.818371,151.000545,54,0,2,1,3,0,0,0,2,2,7,50,0,14295,14295,3,5,13,2,0,0,0,0
1314212,3,2023,2023,7,4,8,1,27,197,34609,0,1,10,-33.943801,151.080395,25,0,2,1,3,0,0,0,2,0,15,50,0,5929,5929,1,5,13,2,0,0,0,0
1314218,3,2023,2023,4,0,1,916,17,10,917,0,1,2,-32.521059,151.129896,64,1,0,1,0,0,3,4,0,0,7,100,2,4026,4026,8,10,40,1,0,0,0,0
1314224,3,2023,2023,3,1,7,95,31,24,34609,0,1,1,-32.005983,151.958967,43,2,1,1,3,0,0,0,2,0,7,50,0,9859,9859,8,0,40,1,0,0,0,0
1314254,3,2023,2023,4,6,11,1,31,126,34609,0,1,1,-33.946239,150.808462,41,0,2,1,2,0,3,4,0,0,7,50,0,4026,4026,1,5,5,8,0,0,0,0
1314269,3,2022,2022,2,6,9,2,27,14,34609,0,1,1,-33.055124,151.641799,37,0,2,0,1,0,0,3,3,0,7,50,0,1957,4009,1,34,41,4,0,0,0,0
1314278,3,2023,2023,3,2,11,2126,17,147,2149,0,1,10,-33.869869,151.113255,14,0,2,1,2,0,0,0,0,2,7,60,2,14295,14295,3,30,5,5,0,0,0,0
1314281,3,2023,2023,3,4,3,1052,27,219,262,0,1,2,-32.904052,151.685268,48,0,2,1,1,0,0,0,1,0,7,60,2,14295,14295,3,0,0,2,0,0,0,0
1314287,3,2023,2023,3,4,6,175,27,24,220,0,1,2,-33.729498,150.922169,7,0,2,1,1,0,3,4,2,0,7,70,2,14295,14295,3,5,5,2,0,0,0,0
1314296,3,2023,2023,3,6,7,11,25,137,34609,0,1,9,-33.902977,150.890182,24,0,2,1,1,0,0,3,2,0,7,50,0,9859,9859,8,10,40,1,0,0,0,0
1314299,3,2023,2023,4,2,11,5,27,12,34609,0,1,9,-33.416088,148.807444,11,2,1,1,0,0,0,0,0,0,7,80,0,9859,9859,8,34,40,1,0,0,0,0
1314337,3,2023,2023,4,5,6,2,31,47,34609,0,1,1,-33.811325,151.161186,38,0,2,1,1,0,0,0,2,0,7,50,0,1282,1282,1,0,5,2,0,0,0,0
1314341,3,2023,2023,3,0,2,36,27,71,55,0,1,10,-33.838226,150.975952,21,0,2,1,2,0,0,0,1,0,0,50,1,6545,6545,4,5,19,2,0,0,0,0
1314343,3,2023,2023,7,3,2,3,27,136,34609,0,1,1,-33.914019,151.080164,15,0,2,1,2,0,0,0,0,0,7,40,0,4026,4026,1,5,5,2,0,0,0,0
1314362,3,2023,2023,3,4,2,100,27,323,100,0,1,2,-33.798351,150.853172,7,0,2,1,2,0,0,3,1,0,7,70,2,14295,14295,3,0,40,3,0,0,0,0
1314366,3,2023,2023,3,4,7,12,31,11,34609,0,1,1,-34.657272,150.302237,78,2,1,1,0,0,0,0,2,0,7,50,0,1282,1282,1,33,5,2,0,0,0,0
1314371,3,2023,2023,7,4,4,512,17,28,441,0,1,1,-33.088482,148.862135,11,2,1,0,0,0,0,0,2,0,7,60,2,3775,3775,0,29,35,2,0,0,0,0
1314375,3,2023,2023,7,0,11,171,27,85,369,0,1,2,-33.787734,150.701666,55,0,2,1,2,0,0,3,0,0,7,70,2,4026,4026,8,5,40,1,0,0,0,0
1314384,3,2023,2023,7,3,4,4,27,12,34609,0,1,1,-28.712655,153.579066,10,2,1,1,0,0,0,0,2,0,7,80,0,4026,4026,8,0,40,1,0,0,0,0
1314401,3,2023,2023,7,0,6,1104,14,460,962,0,1,3,-33.825468,150.99087,54,0,2,1,1,0,0,0,2,0,7,90,2,101,101,8,10,10,2,0,0,0,0
1314413,3,2023,2023,3,5,9,44,31,228,34609,1,0,10,-34.758998,149.711629,26,2,1,1,1,0,0,0,2,0,0,50,0,6545,6545,4,0,5,2,0,0,0,0
1314425,3,2023,2023,3,2,8,3371,17,25,3342,0,1,2,-32.746548,151.769912,57,1,0,0,0,0,0,0,2,0,7,110,2,1282,1282,1,0,12,2,0,0,0,0
1314447,3,2023,2023,3,6,9,3,10,24,34609,0,1,1,-33.7256,150.922023,7,0,2,1,1,0,0,0,2,0,7,50,0,9859,9859,1,0,0,2,0,0,0,0
1314456,3,2023,2023,3,4,8,133,31,363,34609,0,1,10,-33.822328,151.005576,54,0,2,1,0,0,0,0,2,0,7,50,0,387,387,1,33,5,2,0,0,0,0
1314467,3,2023,2023,3,2,11,16,31,182,34609,0,1,1,-32.842117,151.339063,17,2,1,1,2,0,0,0,0,0,7,50,0,1669,1669,3,16,5,2,0,0,0,0
1314475,3,2022,2022,2,2,9,5,31,111,34609,0,1,1,-33.918944,151.257481,59,0,2,1,1,0,2,6,3,0,7,50,0,9859,9859,1,5,0,3,0,0,0,0
1314495,3,2023,2023,3,3,0,31,31,13,34609,0,1,1,-32.896789,151.749757,48,0,2,1,2,0,0,0,0,0,7,50,0,9859,9859,1,5,36,3,0,0,0,0
1314512,3,2023,2023,7,4,9,3,31,119,34609,0,1,1,-32.773661,151.737424,57,2,1,0,0,0,0,0,3,0,7,50,0,4552,5151,8,10,40,1,0,0,0,0
1314543,3,2023,2023,7,1,5,334,17,25,308,0,1,9,-31.710305,148.652366,51,2,1,1,0,0,0,0,2,0,0,60,2,926,926,4,5,13,2,0,0,0,0
1314574,3,2023,2023,4,0,7,110,27,113,173,0,1,2,-34.374063,150.861145,80,0,2,0,1,0,0,0,2,0,7,80,2,14295,14295,3,9,41,2,0,0,0,0
1314578,3,2023,2023,3,4,0,15,31,273,34609,0,1,1,-34.422399,150.887434,80,0,2,1,2,0,0,3,0,0,7,50,0,9859,9859,1,10,5,3,0,0,0,0
1314619,3,2022,2022,2,2,2,90,36,8,102,0,1,1,-34.344524,147.083761,51,1,0,0,3,0,0,0,0,0,7,100,2,4552,5151,8,5,40,1,0,0,0,0
1314625,3,2022,2022,10,1,4,46,31,201,34609,1,2,10,-34.87364,150.595876,63,2,1,1,3,0,3,4,2,0,15,40,0,6545,6545,4,10,0,2,0,0,0,0
1314640,3,2023,2023,4,6,4,515,14,60,518,0,1,3,-33.943515,150.947124,41,0,2,1,1,0,0,0,2,0,7,100,2,1945,1945,5,10,40,1,0,0,0,0
1314658,3,2022,2022,2,3,5,7,27,3,48,0,1,1,-32.641465,151.590779,42,1,0,0,3,0,0,0,2,0,7,100,1,1957,4009,8,0,40,1,0,0,0,0
1314700,3,2023,2023,3,0,5,1,10,251,34609,0,1,1,-33.772952,150.952349,7,0,2,0,3,0,0,0,2,0,7,50,0,2585,4009,1,5,0,4,0,0,0,0
1314701,3,2023,2023,3,5,7,515,14,294,518,0,1,3,-33.93918,150.92097,41,0,2,1,1,0,0,0,2,0,7,100,2,1282,1282,1,5,35,2,0,0,0,0
1314707,3,2023,2023,7,1,8,53,31,147,125,0,1,10,-33.883708,151.006723,15,0,2,1,3,0,0,0,3,2,7,60,1,217,217,1,0,5,2,0,0,0,0
1314709,3,2023,2023,7,1,4,2,31,107,34609,0,1,9,-29.695243,152.941886,18,2,1,1,3,0,0,0,2,0,7,50,0,14295,14295,3,5,25,2,0,0,0,0
1314712,3,2023,2023,7,2,8,56,27,115,80,0,1,9,-33.875655,151.189898,69,0,2,1,3,0,0,0,2,0,0,40,2,775,775,4,5,5,2,0,0,0,0
1314713,3,2023,2023,7,4,8,28,3,29,117,0,1,2,-32.873598,151.699935,48,0,2,1,3,0,0,0,4,0,7,90,2,14295,14295,3,5,5,3,0,0,0,0
1314714,3,2023,2023,7,6,7,10,27,21,34609,0,1,1,-35.436953,148.119845,66,2,1,0,3,0,0,0,2,0,7,80,0,380,714,5,9,40,1,0,0,0,0
1314715,3,2023,2023,7,6,5,161,17,23,161,0,1,1,-36.638493,149.578482,5,1,0,0,3,0,0,0,2,0,7,100,2,1850,1463,5,30,40,1,0,0,0,0
1314716,3,2023,2023,7,5,7,38,27,53,38,0,1,9,-33.379395,151.449605,16,2,2,1,3,0,0,0,2,0,15,70,1,926,926,4,0,22,2,0,0,0,0
1314718,3,2023,2023,7,3,1,171,27,55,34609,0,1,1,-33.857326,151.27181,81,0,2,0,3,0,0,0,0,0,7,50,0,1957,4009,1,5,5,4,0,0,0,0
1314720,3,2023,2023,7,0,11,18,27,7,41,0,1,1,-33.29853,148.958285,11,2,1,1,3,0,0,0,0,0,7,80,1,14295,14295,3,21,5,2,0,0,0,0
1314730,3,2023,2023,7,3,2,6,10,9,34609,0,1,1,-33.773127,150.729062,55,0,2,0,3,0,0,0,1,0,7,50,0,1957,4009,1,0,36,2,0,0,0,0
1314738,3,2023,2023,3,0,8,15,27,201,34609,0,1,1,-33.997013,150.865498,13,0,2,1,1,0,0,0,2,0,7,40,0,248,248,1,33,5,2,0,0,0,0
1314747,3,2023,2023,7,6,6,13,27,1,4,0,1,1,-35.338322,148.078034,66,1,0,0,3,0,0,0,2,0,7,100,1,4552,5151,8,0,40,1,0,0,0,0
1314749,3,2023,2023,7,0,8,5,27,84,34609,0,1,1,-33.776685,151.101978,61,0,2,1,3,0,0,0,4,0,7,50,0,237,162,8,0,40,1,0,0,0,0
1314752,3,2023,2023,7,2,3,2209,17,115,2205,0,1,2,-34.032318,151.075253,68,0,2,1,3,0,0,3,2,0,7,70,2,9859,9859,8,5,40,1,0,0,0,0
1314754,3,2023,2023,7,3,9,8,31,117,34609,0,1,1,-28.185759,153.526348,72,2,1,1,3,0,0,0,0,0,7,50,0,1981,1981,4,0,0,2,0,0,0,0
1314758,3,2023,2023,7,4,11,42,31,82,118,0,1,7,-31.078519,150.918596,70,2,1,0,3,0,0,0,0,0,0,60,2,6545,6545,4,5,5,2,0,0,0,0
1314763,3,2023,2023,7,0,2,916,17,165,917,0,1,1,-32.341387,150.958132,46,1,0,0,3,0,0,0,1,0,7,100,2,2585,4009,8,10,40,1,0,0,0,0
1314764,3,2023,2023,7,3,9,7,27,45,34609,0,1,2,-34.307885,150.598469,79,2,2,1,3,0,3,4,0,0,7,60,0,3775,3775,0,5,0,2,0,0,0,0
1314766,3,2023,2023,3,2,8,19,31,161,96,0,1,10,-33.8842,151.147612,32,0,2,1,3,0,0,0,2,2,7,50,2,5929,5929,1,0,5,2,0,0,0,0
1314770,3,2023,2023,7,2,7,46,31,82,34609,1,0,7,-33.792673,151.269574,50,0,2,0,3,0,0,0,2,0,0,50,0,775,775,4,10,5,2,0,0,0,0
1314785,3,2023,2023,7,6,7,19,27,55,34609,0,1,7,-33.790034,150.89047,7,0,2,1,1,0,0,0,2,0,0,60,0,1282,1282,1,33,0,2,0,0,0,0
1314798,3,2023,2023,3,2,2,330,27,49,605,0,1,2,-33.716417,151.297371,50,0,2,1,2,0,0,0,0,0,7,60,2,9859,9859,1,33,5,2,0,0,0,0
1314808,3,2023,2023,7,5,9,225,27,304,140,0,1,1,-33.914435,151.152625,32,0,2,1,3,0,3,4,3,0,7,50,1,248,248,1,19,5,2,0,0,0,0
1314810,3,2023,2023,3,4,8,19,27,137,49,1,2,9,-33.8991,150.899653,24,0,2,1,3,0,0,3,2,0,7,40,1,1391,1391,1,5,5,3,0,0,0,0
1314821,3,2023,2023,3,2,8,500,27,271,799,0,1,2,-33.935664,151.02355,15,0,2,1,3,0,0,0,2,0,7,70,2,14295,14295,3,5,5,2,0,0,0,0
1314823,3,2023,2023,7,5,3,2126,17,226,2149,0,1,2,-33.779091,150.813966,7,0,2,1,3,0,0,0,1,0,7,80,2,1282,1282,1,5,40,2,0,0,0,0
1314827,3,2023,2023,7,3,6,916,17,20,917,0,1,1,-30.942012,151.110113,70,2,1,1,3,0,3,4,2,0,7,80,2,9859,9859,8,5,40,1,0,0,0,0
1314828,3,2023,2023,3,2,6,177,22,49,176,0,1,2,-34.045705,151.133101,68,0,2,1,3,0,0,0,2,0,7,70,2,9859,9859,1,5,13,2,0,0,0,0
1314830,3,2023,2023,7,1,7,2261,17,11,2252,0,1,9,-34.831854,148.307114,30,1,0,0,3,0,0,0,2,0,0,110,2,4552,985,8,5,40,1,0,0,0,0
1314832,3,2023,2023,7,5,6,73,24,40,88,0,1,9,-33.786904,151.240058,50,0,2,1,3,0,3,3,2,0,7,60,2,5929,5929,1,0,5,2,0,0,0,0
1314842,3,2023,2023,7,6,10,2209,17,40,2205,0,1,1,-35.043187,150.578492,63,1,0,0,3,0,0,0,0,0,7,100,2,1957,4009,8,5,40,1,0,0,0,0
1314868,3,2023,2023,3,2,1,102,31,107,53,0,1,0,-33.878939,151.195654,69,0,2,1,2,0,0,0,0,0,7,50,2,4026,4026,8,10,40,1,0,0,0,0
1314870,3,2023,2023,3,4,3,229,14,323,237,0,1,3,-33.770804,150.986437,71,0,2,0,1,0,0,0,2,0,7,100,2,14295,14295,3,29,5,2,0,0,0,0
1314889,3,2023,2023,7,5,6,15,27,112,70,0,1,1,-33.69282,151.020523,71,0,2,1,3,0,0,0,2,0,7,50,1,9859,9859,8,5,40,1,0,0,0,0
1314890,3,2023,2023,7,0,5,2,27,58,34609,0,1,1,-33.43461,151.294032,16,2,2,1,3,0,0,0,2,0,7,50,0,9859,9859,1,5,5,3,0,0,0,0
1314895,3,2023,2023,4,3,11,15,27,88,34609,1,0,9,-33.979725,151.111255,25,0,2,1,3,0,0,0,0,0,7,50,0,4026,4026,1,5,5,2,0,0,0,0
1314902,3,2023,2023,7,0,2,3371,17,73,3342,0,1,2,-33.782672,151.171953,36,0,2,0,3,0,0,0,0,0,7,60,2,4552,5151,1,0,13,2,0,0,0,0
1314904,3,2023,2023,7,4,5,13,1,29,34609,1,0,7,-33.919745,150.895163,41,0,2,1,3,0,0,0,2,0,0,50,0,5929,5929,1,5,5,2,0,0,0,0
1314907,3,2023,2023,3,2,11,255,27,66,172,0,1,1,-32.927696,151.638458,37,0,2,1,3,0,0,0,0,0,7,60,2,1391,1391,1,5,5,2,0,0,0,0
1314910,3,2023,2023,3,3,10,56,27,130,80,0,1,2,-33.872853,151.193602,69,0,2,0,2,0,0,0,0,2,7,40,2,782,957,5,5,40,1,0,0,0,0
1314912,3,2023,2023,7,4,4,115,27,138,114,0,1,1,-33.873027,151.273832,81,0,2,1,1,0,0,0,2,0,7,50,2,1109,787,1,5,12,2,0,0,0,0
1314914,3,2023,2023,7,6,4,62,27,63,166,0,1,9,-33.24422,151.472148,16,2,2,1,3,0,0,0,2,0,0,70,2,2852,2852,4,0,36,2,0,0,0,0
1314916,3,2023,2023,7,0,3,110,27,113,48,0,1,2,-34.345658,150.87264,80,0,2,0,3,2,0,0,1,0,7,100,2,4552,5151,1,5,34,2,0,0,0,0
1314923,3,2023,2023,7,4,8,2261,17,44,2252,0,1,2,-35.258933,147.752426,75,1,0,1,3,0,0,0,2,0,7,110,2,4026,4026,8,0,40,1,0,0,0,0
1314924,3,2023,2023,7,1,0,8,31,290,34609,0,1,1,-33.955246,151.126434,4,0,2,1,3,0,0,0,0,0,7,50,0,1945,1945,5,5,40,1,0,0,0,0
1314933,3,2023,2023,7,4,5,31,22,11,34609,0,1,1,-34.43935,150.869814,80,0,2,1,0,0,0,0,2,0,7,40,0,4026,4026,1,10,25,3,0,0,0,0
1314939,3,2023,2023,7,6,6,41,27,228,69,0,1,1,-34.728335,149.740347,26,2,1,1,3,0,0,0,2,0,7,60,1,9859,9859,1,5,5,2,0,0,0,0
1314940,3,2023,2023,7,3,11,3371,17,19,3342,0,1,2,-31.856879,152.60131,43,1,0,0,3,0,3,4,0,0,7,100,2,2585,4009,8,3,40,1,0,0,0,0
1314941,3,2023,2023,7,1,3,77,27,17,58,0,1,1,-34.681559,150.511243,63,2,1,0,3,0,3,4,0,0,7,60,2,3775,3775,0,10,10,2,0,0,0,0
1314948,3,2023,2023,7,1,6,11,10,179,34609,1,0,1,-31.894383,152.478964,43,2,1,0,3,0,3,4,2,0,7,50,0,4552,5151,8,21,40,1,0,0,0,0
1314952,3,2023,2023,7,1,7,3,1,73,34609,1,0,9,-35.143989,147.379956,75,2,1,1,3,0,0,0,2,0,0,50,0,926,926,4,5,36,2,0,0,0,0
1314953,3,2023,2023,7,3,8,31,27,21,33,0,1,9,-33.582053,150.660589,29,2,2,0,3,0,3,4,2,0,0,60,1,1259,5151,8,5,40,1,0,0,0,0
1314956,3,2023,2023,7,0,7,36,27,43,38,0,1,9,-33.759789,151.245357,50,0,2,1,3,0,0,0,2,0,7,60,1,14295,14295,3,5,0,3,0,0,0,0
1314959,3,2023,2023,3,5,2,16,31,165,34609,0,1,10,-32.270958,150.886378,46,2,1,1,2,0,0,0,0,0,7,50,0,475,475,5,0,40,1,0,0,0,0
1314960,3,2023,2023,7,0,8,2261,17,26,2252,0,1,7,-34.404637,150.505562,78,2,1,1,3,0,0,0,2,0,0,60,2,14295,14295,3,10,5,2,0,0,0,0
1314962,3,2023,2023,7,1,5,119,31,8,34609,0,1,1,-33.548548,151.227119,31,0,2,1,3,0,0,0,2,0,7,50,0,4026,4026,8,5,40,1,0,0,0,0
1314964,3,2023,2023,7,2,3,8,27,36,7,0,1,1,-33.795265,151.026969,54,0,2,1,3,0,0,0,2,0,7,50,1,9859,9859,1,5,0,2,0,0,0,0
1314968,3,2023,2023,7,3,7,128,27,85,133,0,1,7,-33.776151,150.664154,55,0,2,0,3,0,3,4,2,0,0,60,2,623,623,3,5,5,2,0,0,0,0
1314969,3,2023,2023,7,5,8,1104,14,142,962,0,1,6,-33.827458,151.003741,54,0,2,1,3,0,0,0,2,0,7,90,2,14295,14295,3,5,35,2,0,0,0,0
1314972,3,2023,2023,7,5,7,11,31,122,34609,0,1,1,-33.423596,151.343732,16,2,2,1,3,0,3,4,2,0,7,40,0,1981,1981,4,0,5,2,0,0,0,0