Crash ID,Degree of crash - detailed,Reporting year,Year of crash,Month of crash,Day of week of crash,Two-hour intervals,Street of crash,Street type,Town,Route no.,School zone location,School zone active,Type of location,Latitude,Longitude,LGA,Urbanisation,Conurbation 1,Alignment,Street lighting,Road surface,Surface condition,Weather,Natural lighting,Signals operation,Other traffic control,Speed limit,Road classification,RUM - code,DCA - code,First impact type,Key TU type,Other TU type,No. of traffic units involved,No. killed,No. seriously injured,No. moderately injured,No. minor-other injured
1314973,3,2023,2023,7,2,11,1,31,132,34609,0,1,4,-29.785826,151.106108,33,2,1,0,3,0,3,4,0,0,7,50,0,3775,3775,0,21,13,2,0,0,0,0
1314974,3,2023,2023,3,4,8,3,27,2,34609,0,1,1,-31.094745,152.634464,34,1,0,0,3,0,3,4,3,0,7,100,0,3775,3775,0,10,0,2,0,0,0,0
1314975,3,2023,2023,3,5,8,2,27,5,34609,0,1,1,-28.190585,153.55914,72,2,1,0,3,2,0,0,2,0,7,50,0,4552,5151,8,10,40,1,0,0,0,0
1314976,3,2023,2023,7,1,6,485,27,40,769,0,1,9,-33.726122,150.97291,71,0,2,0,3,0,0,3,2,2,7,60,2,1282,1282,1,5,5,2,0,0,0,0
1314982,3,2023,2023,7,3,9,7,27,11,34609,0,1,9,-33.055741,151.581312,37,0,2,0,2,0,3,4,0,0,15,60,0,418,777,5,10,40,1,0,0,0,0
1314993,3,2023,2023,3,6,4,40,31,228,34609,0,1,1,-34.749069,149.722303,26,2,1,1,1,0,0,0,2,0,7,50,0,220,220,8,30,40,2,0,0,0,0
1315001,3,2023,2023,7,1,11,2,31,31,34609,0,1,1,-31.083525,150.876843,70,2,1,1,2,0,3,4,0,0,7,50,0,4026,4026,1,5,5,2,0,0,0,0
1315006,3,2023,2023,3,0,3,157,17,4,158,0,1,1,-33.856086,147.849941,51,1,0,0,0,0,0,0,1,0,7,100,2,418,714,5,3,40,1,0,0,0,0
1315020,3,2023,2023,3,5,3,23,31,134,23,0,1,10,-33.895522,151.246658,76,0,2,1,3,0,0,0,2,2,7,50,1,6545,6545,4,10,5,2,0,0,0,0
1315028,3,2023,2023,4,0,5,2126,17,9,2149,0,1,2,-33.715433,150.504914,8,2,2,1,0,0,0,0,2,0,7,80,2,14295,14295,3,8,2,4,0,0,0,0
1315029,3,2023,2023,4,5,5,225,17,76,180,0,1,1,-34.566811,150.422301,78,1,0,1,0,0,0,0,2,0,7,100,2,3775,3775,0,5,12,2,0,0,0,0
1315035,3,2023,2023,7,4,8,21,27,148,60,0,1,10,-36.048682,146.938314,0,2,1,1,3,0,0,0,2,2,7,50,1,2852,2852,4,5,5,2,0,0,0,0
1315038,3,2023,2023,7,5,3,916,17,12,917,0,1,1,-31.897187,150.880742,73,2,1,1,3,0,3,0,2,0,7,80,2,4026,4026,8,29,40,1,0,0,0,0
1315039,3,2023,2023,7,5,7,829,27,9,770,0,1,2,-33.840172,151.136574,51,0,2,0,3,0,3,3,2,0,7,70,2,1192,1192,1,9,0,3,0,0,0,0
1315042,3,2023,2023,3,2,6,1,31,79,34609,0,1,9,-34.013859,150.745443,12,0,2,1,3,0,0,0,2,0,7,50,0,6545,6545,4,5,0,2,0,0,0,0
1315043,3,2023,2023,3,2,0,2209,17,25,2205,0,1,2,-34.141314,150.993533,68,0,2,1,3,0,0,0,0,0,7,80,2,4026,4026,8,5,40,1,0,0,0,0
1315049,3,2023,2023,3,4,11,194,31,363,34609,0,1,10,-33.813555,151.003425,54,0,2,1,2,0,3,4,0,2,7,40,0,9859,9859,8,5,40,1,0,0,0,0
1315051,3,2023,2023,4,1,7,108,31,204,34609,0,1,1,-33.935993,151.145073,4,0,2,1,0,0,0,0,2,0,7,50,0,9859,9859,1,0,5,2,0,0,0,0
1315056,3,2023,2023,3,5,3,361,32,460,42,0,1,1,-33.837515,150.991847,21,0,2,0,1,0,0,0,2,0,7,50,1,2585,4009,1,5,5,2,0,0,0,0
1315060,3,2022,2022,5,2,10,3371,17,29,3342,0,1,1,-28.996903,153.452085,60,1,0,1,0,0,0,0,0,0,7,100,2,9859,9859,8,5,40,1,0,0,0,0
1315064,3,2023,2023,4,0,1,10,27,70,97,0,1,1,-33.913745,150.990546,15,0,2,1,2,0,0,0,0,0,7,50,1,9859,9859,1,5,5,2,0,0,0,0
1315091,3,2023,2023,7,2,10,20,31,50,34609,0,1,1,-33.520964,151.325089,16,2,2,1,2,0,0,0,0,0,7,50,0,9859,9859,1,10,13,2,0,0,0,0
1315101,3,2023,2023,7,1,0,2209,17,201,2205,0,1,1,-34.867151,150.602355,63,2,1,0,2,0,3,4,0,0,7,60,2,1957,4009,8,0,40,1,0,0,0,0
1315114,3,2023,2023,7,6,7,3371,17,44,3342,0,1,2,-30.730744,152.921957,47,1,0,0,0,0,0,0,2,0,7,110,2,1259,5151,8,5,40,1,0,0,0,0
1315117,3,2023,2023,7,6,7,330,27,147,605,0,1,2,-33.746365,151.291904,50,0,2,1,1,0,0,0,2,0,7,60,2,14295,14295,3,5,0,4,0,0,0,0
1315119,3,2023,2023,7,1,8,4,1,20,34609,0,1,1,-33.799199,151.100929,61,0,2,1,0,0,0,3,2,0,7,50,0,1981,1981,4,0,13,2,0,0,0,0
1315136,3,2023,2023,4,6,5,13,31,44,34609,0,1,1,-30.714192,152.912191,47,2,1,0,1,0,0,0,2,0,7,50,0,14295,14295,3,0,5,2,0,0,0,0
1315139,3,2023,2023,7,2,6,6,31,39,42,0,1,1,-31.080102,152.829648,34,2,1,1,1,0,0,0,2,0,7,40,1,248,248,1,0,36,2,0,0,0,0
1315140,3,2023,2023,7,6,4,3371,17,225,3342,0,1,2,-33.793685,151.179474,77,0,2,1,1,0,0,0,2,0,7,60,2,14295,14295,3,0,0,2,0,0,0,0
1315161,3,2022,2022,2,0,6,3371,17,108,3342,0,1,9,-33.812263,151.175464,38,0,2,1,3,0,0,0,2,2,7,60,2,6545,6545,4,0,5,2,0,0,0,0
1315165,3,2023,2023,4,0,2,916,17,12,917,0,1,2,-32.656332,151.305374,64,1,0,1,3,0,0,0,0,0,7,100,2,14295,14295,3,8,35,2,0,0,0,0
1315166,3,2022,2022,2,4,7,2261,17,68,2252,0,1,2,-34.772667,148.812227,82,1,0,0,3,0,0,3,2,0,7,110,2,1957,4009,8,29,40,1,0,0,0,0
1315168,3,2023,2023,3,6,7,3371,17,53,3342,0,1,2,-32.926939,151.75803,48,0,2,1,3,0,0,0,2,0,0,50,2,1383,1383,1,5,5,2,0,0,0,0
1315171,3,2023,2023,7,4,0,478,17,22,480,0,1,1,-33.327031,151.50476,16,2,2,0,3,0,0,0,0,0,7,70,2,1850,1463,5,5,40,1,0,0,0,0
1315173,3,2023,2023,7,4,7,35,27,47,36,0,1,1,-35.222322,149.397707,58,2,1,0,3,0,3,4,2,0,7,80,1,1957,4009,8,5,40,1,0,0,0,0
1315175,3,2023,2023,7,2,8,177,22,239,176,0,1,2,-34.044503,151.130492,68,0,2,1,3,0,0,0,4,0,7,70,2,14295,14295,3,5,0,2,0,0,0,0
1315177,3,2023,2023,7,2,3,2,27,32,34609,0,1,1,-32.198869,150.331741,73,1,0,1,3,0,0,0,2,0,7,100,0,9859,9859,8,10,40,1,0,0,0,0
1315179,3,2023,2023,7,0,7,26,27,92,25,0,1,9,-33.973586,150.828508,41,0,2,1,1,0,0,0,2,0,15,70,1,2852,2852,4,5,5,2,0,0,0,0
1315182,3,2023,2023,7,4,3,98,27,128,382,0,1,7,-33.639735,150.784059,29,2,2,0,3,0,0,0,2,0,7,80,2,5929,5929,1,5,5,2,0,0,0,0
1315186,3,2023,2023,7,6,3,171,1,80,104,0,1,2,-33.939971,151.214927,4,0,2,1,3,0,0,0,2,0,7,70,2,1391,1391,1,16,5,2,0,0,0,0
1315187,3,2023,2023,7,5,9,10,27,460,34609,0,1,1,-33.843544,150.980249,21,0,2,1,3,0,0,0,3,0,7,50,0,77,77,1,5,5,2,0,0,0,0
1315191,3,2023,2023,7,4,9,5,18,3,34609,0,1,9,-34.962218,147.753684,51,1,0,0,3,0,0,0,4,0,7,100,0,273,957,5,0,40,1,0,0,0,0
1315192,3,2023,2023,7,2,4,64,27,278,284,0,1,9,-33.77658,151.057115,54,0,2,1,3,0,0,0,2,0,0,60,2,301,301,4,5,0,2,0,0,0,0
1315193,3,2023,2023,4,1,8,1,27,12,34609,0,1,1,-34.318712,145.954282,28,1,0,1,3,2,3,0,2,0,7,100,0,945,945,5,9,40,1,0,0,0,0
1315195,3,2023,2023,7,1,4,2209,17,77,2205,0,1,1,-33.928822,151.157044,32,0,2,1,3,0,0,3,2,0,7,60,2,1383,1383,1,8,0,2,0,0,0,0
1315206,3,2023,2023,7,4,8,123,36,24,90,0,1,1,-31.988552,151.9471,43,2,1,1,3,0,0,0,4,0,7,80,1,9859,9859,8,5,40,1,0,0,0,0
1315207,3,2023,2023,3,6,0,296,27,290,293,0,1,2,-33.851612,150.996388,21,0,2,1,2,0,3,4,0,0,7,70,2,9859,9859,8,34,40,1,0,0,0,0
1315208,3,2023,2023,7,6,8,2261,17,140,2252,0,1,10,-33.896302,150.99092,15,0,2,1,3,0,0,0,2,2,7,70,2,1391,1391,1,10,5,2,0,0,0,0
1315215,3,2023,2023,7,3,1,44,31,82,34609,0,1,1,-33.795506,151.264612,50,0,2,1,3,0,0,0,0,0,7,50,0,4026,4026,1,9,0,3,0,0,0,0
1315216,3,2023,2023,7,5,3,145,27,115,80,0,1,9,-33.876681,151.188203,69,0,2,1,3,0,0,0,1,2,7,40,2,14295,14295,3,5,0,2,0,0,0,0
1315217,3,2023,2023,7,2,6,916,17,44,917,0,1,2,-32.061201,150.87161,73,1,0,1,3,0,0,0,2,0,7,100,2,1109,787,1,10,10,2,0,0,0,0
1315218,3,2023,2023,7,5,4,3,27,60,34609,0,1,1,-33.652551,150.268638,8,2,2,0,3,0,3,4,2,0,7,50,0,2585,4009,8,0,40,1,0,0,0,0
1315219,3,2023,2023,3,0,10,3371,17,21,3342,0,1,2,-28.608287,153.546349,10,1,0,1,3,0,0,0,0,0,7,100,2,1282,1282,1,29,5,2,0,0,0,0
1315226,3,2023,2023,7,5,2,866,17,98,793,0,1,2,-33.738568,151.073296,31,0,2,0,3,0,3,0,0,0,7,70,2,1957,4009,8,10,40,1,0,0,0,0
1315227,3,2023,2023,7,1,4,829,27,149,770,0,1,9,-33.862577,151.168153,32,0,2,1,3,0,0,0,2,0,7,60,2,14295,14295,3,0,12,2,0,0,0,0
1315229,3,2023,2023,7,2,3,30,10,24,26,0,1,1,-35.988263,146.085218,51,1,0,0,3,0,0,0,1,0,7,100,2,1089,1089,7,5,40,1,0,0,0,0
1315230,3,2023,2023,7,4,6,2261,17,140,2252,0,1,2,-33.90223,150.999933,15,0,2,1,3,0,0,3,2,0,7,70,2,1981,1981,4,0,5,2,0,0,0,0
1315231,3,2023,2023,7,1,5,1052,14,57,928,0,1,3,-33.678788,151.120272,31,0,2,1,3,0,3,4,2,0,7,110,2,14295,14295,3,5,0,2,0,0,0,0
1315232,3,2023,2023,7,4,3,158,27,138,207,0,1,1,-33.868427,151.270681,81,0,2,1,3,0,0,0,2,0,7,50,2,1391,1391,1,0,0,2,0,0,0,0
1315236,3,2023,2023,7,6,5,500,27,136,799,0,1,9,-33.926265,151.083975,15,0,2,1,3,0,0,0,2,0,7,60,2,5929,5929,1,0,5,2,0,0,0,0
1315238,3,2023,2023,7,4,5,2209,17,82,2205,0,1,2,-34.366929,150.904,80,0,2,1,3,0,0,0,2,0,7,80,2,9859,9859,8,0,40,1,0,0,0,0
1315239,3,2023,2023,7,5,8,2,27,21,34609,0,1,1,-31.990108,152.474539,43,1,0,0,3,0,3,4,2,0,7,90,0,4552,5151,8,5,40,1,0,0,0,0
1315241,3,2023,2023,7,2,8,8,31,166,34609,0,1,0,-33.896554,151.184012,69,0,2,1,3,0,0,0,2,0,7,40,0,1981,1981,4,5,18,2,0,0,0,0
1315242,3,2022,2022,7,2,8,86,27,5,65,0,1,1,-30.235415,152.499033,18,1,0,1,3,0,3,4,2,0,7,100,1,9859,9859,8,9,40,1,0,0,0,0
1315243,3,2023,2023,7,0,5,2,10,73,34609,0,1,9,-33.719012,150.70365,55,0,2,1,3,0,0,0,2,0,7,50,0,150,150,4,0,5,2,0,0,0,0
1315246,3,2023,2023,7,0,7,49,27,109,34609,0,1,7,-33.969276,150.856194,41,0,2,0,3,0,0,0,2,0,0,40,0,1192,1192,1,5,22,2,0,0,0,0
1315248,3,2023,2023,3,2,11,149,10,346,702,0,1,2,-33.876259,151.067553,67,0,2,1,2,0,0,0,0,0,7,80,2,1383,1383,1,21,5,2,0,0,0,0
1315249,3,2023,2023,7,1,3,4,31,92,34609,0,1,7,-33.873107,150.976804,24,0,2,1,3,0,0,0,2,0,0,50,0,6545,6545,4,0,0,2,0,0,0,0
1315257,3,2023,2023,7,3,11,80,27,83,34609,1,0,7,-33.895005,150.850208,41,0,2,0,3,0,0,0,0,0,0,50,0,1850,1463,5,0,40,1,0,0,0,0
1315258,3,2023,2023,7,3,7,1,27,39,34609,0,1,1,-33.756792,150.933531,7,0,2,0,3,0,0,0,2,0,7,50,0,2585,4009,8,5,40,1,0,0,0,0
1315262,3,2023,2023,7,0,0,17,10,39,34609,0,1,1,-32.87217,151.654321,48,0,2,1,3,0,0,0,0,0,7,50,0,945,945,5,16,40,1,0,0,0,0
1315264,3,2023,2023,7,5,7,98,31,115,34609,0,1,9,-33.882891,151.194894,69,0,2,1,3,0,0,0,2,1,7,40,0,1981,1981,4,0,36,2,0,0,0,0
1315266,3,2023,2023,7,5,7,265,17,215,193,0,1,7,-35.100673,147.34911,75,2,1,1,3,0,3,4,2,0,0,80,2,9859,9859,8,0,40,1,0,0,0,0
1315270,3,2023,2023,7,1,8,193,27,438,103,0,1,1,-33.863745,151.027555,21,0,2,1,3,0,0,3,2,0,7,60,1,1981,1981,4,5,0,2,0,0,0,0
1315275,3,2023,2023,7,2,8,234,27,337,34609,0,1,1,-33.732425,151.005458,71,0,2,0,3,0,0,0,2,0,7,40,0,1391,1391,1,0,13,2,0,0,0,0
1315276,3,2023,2023,7,1,7,1,27,1,34609,0,1,1,-35.60763,149.838462,58,1,0,1,3,2,0,0,2,0,7,100,0,9859,9859,8,0,40,1,0,0,0,0
1315277,3,2023,2023,7,2,6,3,31,25,34609,0,1,9,-35.045299,150.671183,63,2,1,1,3,0,0,0,2,0,7,50,0,623,623,3,0,13,2,0,0,0,0
1315279,3,2023,2023,4,2,7,3,31,284,34609,0,1,1,-33.899285,151.007774,15,0,2,1,3,0,0,0,2,0,7,50,0,14295,14295,3,0,13,2,0,0,0,0
1315281,3,2023,2023,7,4,9,294,17,215,288,1,0,10,-35.118418,147.365851,75,2,1,1,3,0,0,0,3,2,7,60,2,5929,5929,1,0,13,2,0,0,0,0
1315284,3,2023,2023,7,4,4,133,17,22,121,0,1,9,-36.901102,149.238508,65,2,1,1,3,0,0,0,2,0,7,60,2,9859,9859,1,9,0,2,0,0,0,0
1315288,3,2023,2023,7,5,4,2261,17,64,2252,0,1,2,-33.890977,151.089403,67,0,2,1,1,0,3,4,2,0,7,60,2,9859,9859,8,5,40,2,0,0,0,0
1315289,3,2023,2023,7,2,8,230,27,175,284,0,1,1,-33.770773,151.090692,54,0,2,1,3,0,0,0,2,0,7,60,2,1192,1192,1,5,5,2,0,0,0,0
1315290,3,2023,2023,7,4,4,51,10,104,34609,0,1,9,-33.800235,150.786513,55,0,2,1,3,0,0,0,2,0,7,50,0,941,941,1,21,36,2,0,0,0,0
1315293,3,2023,2023,7,0,5,1,18,5,34609,0,1,1,-32.694702,149.921148,44,1,0,1,3,2,3,0,2,0,7,100,0,475,475,5,19,40,1,0,0,0,0
1315294,3,2023,2023,7,1,6,119,31,73,207,0,1,10,-33.874393,151.217212,69,0,2,1,3,0,0,3,2,2,7,50,2,5929,5929,1,5,12,2,0,0,0,0
1315295,3,2023,2023,7,6,5,50,36,1,43,0,1,1,-36.450065,148.411621,65,1,0,0,3,0,3,4,2,0,7,100,2,4552,5151,8,8,40,1,0,0,0,0
1315296,3,2023,2023,7,0,4,1104,14,143,962,0,1,3,-33.868817,151.10404,9,0,2,1,3,0,0,0,2,0,7,80,2,14295,14295,3,30,5,2,0,0,0,0
1315299,3,2023,2023,7,0,7,205,27,161,415,0,1,10,-33.731871,151.1565,36,0,2,1,3,0,0,0,2,2,7,60,2,14295,14295,3,9,10,3,0,0,0,0
1315302,3,2023,2023,7,5,7,6,1,13,34609,0,1,10,-35.147827,147.457704,75,2,1,1,3,0,3,4,2,0,0,50,0,9859,9859,8,21,40,1,0,0,0,0
1315309,3,2023,2023,7,4,5,512,17,433,441,0,1,7,-33.278589,149.129487,52,2,1,0,3,0,0,0,2,0,0,80,2,5929,5929,1,5,12,2,0,0,0,0
1315313,3,2023,2023,7,0,2,177,22,239,176,0,1,2,-34.041037,151.12114,68,0,2,1,3,0,0,0,1,0,7,60,2,14295,14295,3,21,13,3,0,0,0,0
1315316,3,2023,2023,7,3,7,3371,17,463,3342,0,1,2,-30.312157,153.09547,19,2,1,1,3,0,0,0,2,0,7,60,2,1282,1282,1,30,5,2,0,0,0,0
1315319,3,2023,2023,4,3,6,5,27,69,34609,0,1,7,-33.357929,151.495932,16,2,2,1,1,0,0,0,2,0,0,50,0,6545,6545,4,10,0,2,0,0,0,0
1315322,3,2022,2022,2,6,1,105,17,251,136,0,1,10,-33.776838,150.933274,7,0,2,1,2,0,3,0,0,2,7,60,2,2852,2852,4,0,35,2,0,0,0,0
1315350,3,2023,2023,7,0,10,5,31,234,61,0,1,1,-34.288532,146.055684,28,2,1,1,2,0,0,0,0,0,7,50,1,9859,9859,8,0,40,1,0,0,0,0
1315361,3,2023,2023,3,0,0,1,31,290,34609,0,1,9,-33.852047,150.982407,21,0,2,1,0,0,0,0,0,0,7,50,0,4026,4026,1,5,5,2,0,0,0,0
1315371,3,2023,2023,4,2,2,1,6,120,34609,0,1,9,-32.19866,152.529184,43,2,1,1,2,0,3,4,1,0,7,50,0,489,489,8,9,40,1,0,0,0,0
1315375,3,2023,2023,3,2,10,9,27,27,34609,0,1,1,-33.721388,150.455568,8,2,2,1,2,0,3,0,0,0,7,50,0,9859,9859,8,5,40,1,0,0,0,0
1315390,3,2023,2023,4,5,7,3,23,69,34609,0,1,9,-33.358071,151.482725,16,2,2,1,1,0,0,0,2,0,7,50,0,5929,5929,1,5,36,2,0,0,0,0
1315395,3,2023,2023,7,0,2,7,31,194,34609,0,1,9,-30.5168,151.673267,1,2,1,1,0,0,3,4,1,0,7,50,0,4552,985,1,30,13,2,0,0,0,0
1315407,3,2023,2023,7,0,8,21,31,110,34609,1,0,2,-33.752263,151.025507,71,0,2,1,1,0,0,0,2,0,7,50,0,9859,9859,1,30,5,2,0,0,0,0
1315409,3,2023,2023,7,3,5,8,27,54,34609,0,1,10,-33.622621,150.854054,29,2,2,0,0,0,0,0,2,0,0,70,0,6545,6545,4,0,0,2,0,0,0,0
1315417,3,2023,2023,7,4,3,1104,14,323,962,0,1,3,-33.797301,150.851041,7,0,2,1,1,0,3,4,2,0,7,100,2,1391,1391,1,33,5,2,0,0,0,0
1315418,3,2023,2023,7,2,6,387,27,115,331,0,1,10,-33.958972,151.063975,25,0,2,1,3,0,2,6,2,3,7,60,2,1669,1669,3,0,19,2,0,0,0,0
1315419,3,2023,2023,7,4,10,157,17,10,158,0,1,1,-33.928299,145.904784,51,1,0,1,0,0,0,0,0,0,7,110,2,475,475,5,10,40,1,0,0,0,0
1315433,3,2023,2023,7,4,3,2126,17,27,2149,0,1,2,-33.723079,150.453888,8,2,2,1,1,0,0,0,2,0,7,70,2,1282,1282,1,8,5,2,0,0,0,0
1315436,3,2023,2023,3,1,7,6,31,96,34609,0,1,10,-33.382165,148.004453,51,2,1,1,0,0,0,0,2,0,7,50,0,9859,9859,1,10,13,2,0,0,0,0
1315437,3,2023,2023,3,0,9,14,31,131,34609,0,1,2,-36.08232,146.915342,0,2,1,1,2,0,0,0,0,0,7,50,0,9859,9859,1,5,5,3,0,0,0,0
1315463,3,2023,2023,7,1,5,829,31,162,15,0,1,7,-33.844406,150.893158,24,0,2,1,0,0,0,0,2,0,0,60,1,1850,985,5,29,40,1,0,0,0,0
1315479,3,2023,2023,7,5,10,53,10,23,34609,0,1,1,-34.57693,150.85488,62,0,2,1,2,0,0,0,0,0,7,50,0,9859,9859,1,10,4,3,0,0,0,0
1315485,3,2023,2023,7,6,3,54,27,38,563,0,1,1,-34.05258,150.972263,68,0,2,1,1,0,0,0,1,0,7,80,2,1383,1383,1,0,5,2,0,0,0,0
1315487,3,2023,2023,7,0,8,512,17,562,441,0,1,9,-32.217592,148.556968,22,1,0,1,0,0,0,0,3,0,0,110,2,1669,1669,3,10,13,2,0,0,0,0
1315495,3,2023,2023,7,6,4,8,27,36,24,0,1,1,-33.623685,151.150714,31,0,2,1,1,0,0,0,2,0,7,50,1,9859,9859,1,5,13,3,0,0,0,0
1315499,3,2023,2023,3,2,3,7,27,61,34609,1,0,1,-33.750049,150.88891,7,0,2,1,1,0,0,0,2,0,7,50,0,4026,4026,8,5,40,2,0,0,0,0
1315501,3,2023,2023,7,5,7,2126,17,438,2149,0,1,10,-33.844998,151.042103,21,0,2,1,1,0,0,0,2,2,7,60,2,1850,985,5,8,40,1,0,0,0,0
1315505,3,2023,2023,7,6,3,7,31,74,12,0,1,1,-34.626529,148.020998,20,1,0,1,0,0,3,4,0,0,7,100,1,9859,9859,8,0,40,1,0,0,0,0
1315513,3,2023,2023,3,6,3,3371,17,44,3342,0,1,2,-30.589741,152.997353,47,1,0,1,0,0,3,4,2,0,7,110,2,4026,4026,8,5,40,1,0,0,0,0
1315540,3,2023,2023,7,5,11,81,31,133,80,0,1,7,-33.922156,151.013004,15,0,2,1,2,0,3,0,0,0,0,60,1,6545,6545,4,5,5,2,0,0,0,0
1315545,3,2023,2023,7,0,6,9,31,30,34609,0,1,9,-35.360848,149.205442,58,2,1,1,0,0,0,0,2,0,0,50,0,217,217,1,33,13,2,0,0,0,0
1315553,3,2023,2023,7,6,3,163,27,226,165,0,1,9,-33.76454,150.826581,7,0,2,1,0,0,0,0,2,0,0,60,1,2852,2852,4,33,0,2,0,0,0,0
1315554,3,2023,2023,7,6,2,18,27,13,34609,0,1,1,-32.475221,152.049787,43,1,0,0,0,0,0,1,0,0,7,100,0,1089,1089,7,10,40,1,0,0,0,0
1315558,3,2023,2023,3,5,5,33,4,218,34609,0,1,1,-33.746076,150.77497,55,0,2,0,1,0,3,0,2,0,7,60,0,1957,4009,8,9,40,1,0,0,0,0
1315560,3,2023,2023,3,4,4,191,17,562,189,0,1,1,-32.244357,148.613448,22,2,1,1,1,0,0,0,2,0,7,60,2,14295,14295,3,10,5,2,0,0,0,0
1315574,3,2023,2023,7,5,4,22,31,59,47,0,1,9,-32.893891,151.722255,48,0,2,1,1,0,0,0,2,3,7,60,2,1981,1981,4,0,36,2,0,0,0,0
1315581,3,2023,2023,3,6,0,128,27,363,133,0,1,2,-33.751072,150.687618,55,0,2,0,2,0,3,3,0,0,7,60,2,2585,4009,8,10,40,1,0,0,0,0
1315595,3,2023,2023,7,2,9,2261,17,148,2252,0,1,9,-36.052088,146.958608,0,2,1,1,1,0,0,0,2,0,0,60,2,489,489,8,0,40,1,0,0,0,0
1315610,3,2023,2023,7,6,0,475,31,162,240,0,1,9,-33.851021,150.899145,24,0,2,1,2,0,0,0,0,2,7,70,2,1282,1282,1,3,0,2,0,0,0,0
1315615,3,2023,2023,7,0,4,20,31,176,34609,0,1,1,-33.968186,151.134138,25,0,2,1,0,0,0,0,2,0,7,50,0,9859,9859,1,33,5,2,0,0,0,0
1315618,3,2023,2023,7,4,11,115,27,96,173,0,1,2,-34.27559,150.715147,79,1,2,0,2,0,0,0,0,0,7,100,2,404,404,8,0,40,1,0,0,0,0
1315630,3,2023,2023,7,3,0,177,22,210,176,0,1,10,-34.033279,151.09247,68,0,2,1,2,0,0,0,0,2,7,60,2,256,256,4,5,5,2,0,0,0,0
1315634,3,2023,2023,7,4,8,2,23,46,34609,0,1,9,-32.914917,151.675427,48,0,2,0,1,0,0,0,2,0,7,50,0,3775,3775,0,5,5,2,0,0,0,0
1315637,3,2023,2023,3,4,1,37,27,24,34609,0,1,7,-33.904979,150.884445,41,0,2,1,2,0,0,0,0,0,0,50,0,489,489,8,5,40,2,0,0,0,0
1315684,3,2023,2023,4,1,8,42,31,145,34609,0,1,9,-33.92223,151.07045,15,0,2,1,1,0,3,4,2,0,7,50,0,150,150,4,0,13,2,0,0,0,0
1315685,3,2023,2023,4,1,6,12,27,65,19,0,1,9,-33.702569,151.291719,50,0,2,1,0,0,0,0,2,0,7,50,1,323,323,1,9,5,2,0,0,0,0
1315729,3,2023,2023,4,5,6,105,17,22,34609,0,1,2,-33.824348,150.918071,21,0,2,1,3,0,0,0,2,0,7,60,0,204,204,1,10,35,2,0,0,0,0
1315730,3,2023,2023,3,5,7,10,31,93,34609,0,1,10,-36.074927,146.936701,0,2,1,1,3,0,0,0,2,0,0,50,0,6545,6545,4,9,0,2,0,0,0,0
1315731,3,2022,2022,2,1,8,866,17,278,793,0,1,10,-33.78299,151.047553,54,0,2,1,3,0,0,0,2,2,7,60,2,3775,3775,0,5,5,3,0,0,0,0
1315737,3,2022,2022,2,6,5,9,27,115,140,0,1,10,-33.919644,151.178401,32,0,2,1,3,0,0,0,2,2,7,60,2,256,256,4,5,10,2,0,0,0,0
1315738,3,2022,2022,2,6,3,229,14,278,237,0,1,3,-33.760575,151.037658,71,0,2,0,3,0,0,0,2,0,7,100,2,1850,1463,5,10,40,1,0,0,0,0
1315739,3,2023,2023,7,1,4,33,27,55,154,0,1,10,-33.787281,150.872064,7,0,2,1,3,0,3,4,2,1,7,70,1,14295,14295,3,5,0,2,0,0,0,0
1315740,3,2022,2022,9,5,8,387,27,290,331,1,0,9,-33.946136,151.127989,4,0,2,0,3,0,0,0,3,0,7,60,2,3775,3775,0,0,5,2,0,0,0,0
1315741,3,2023,2023,7,0,8,512,1,57,169,0,1,10,-32.813135,151.480853,17,2,1,1,1,0,0,0,2,2,7,60,2,4552,985,8,10,40,1,0,0,0,0
1315744,3,2023,2023,3,2,0,46,36,3,46,0,1,1,-33.058277,149.069456,11,1,0,0,3,0,0,0,0,0,7,100,1,1957,4009,8,10,40,1,0,0,0,0
1315745,3,2023,2023,7,0,11,3371,17,20,3342,0,1,2,-32.286817,152.340564,43,1,0,0,3,0,0,0,0,0,7,110,2,2585,4009,8,10,40,1,0,0,0,0
1315747,3,2023,2023,7,4,6,192,31,316,56,0,1,10,-33.902835,151.244823,59,0,2,1,3,0,0,0,2,3,7,50,1,2852,2852,4,5,0,2,0,0,0,0
1315750,3,2023,2023,0,5,9,512,17,433,441,1,0,7,-33.281579,149.086371,52,2,1,1,3,0,0,0,0,0,0,50,2,1192,1192,1,33,35,2,0,0,0,0
1315751,3,2023,2023,0,5,8,5,31,61,34609,0,1,10,-35.539387,144.962534,51,2,1,1,3,0,0,0,3,0,0,50,0,6545,6545,4,10,36,2,0,0,0,0
1315759,3,2023,2023,7,5,8,2126,17,78,2149,0,1,9,-33.698361,150.553333,8,2,2,1,3,0,3,4,3,0,15,80,2,1383,1383,1,10,13,4,0,0,0,0
1315761,3,2023,2023,3,0,4,81,31,91,34609,0,1,9,-33.983944,150.886737,13,0,2,1,1,0,0,0,2,0,7,50,0,2585,777,8,5,40,1,0,0,0,0
1315763,3,2023,2023,0,0,5,76,27,85,148,0,1,10,-32.933495,151.720901,48,0,2,0,3,0,3,3,2,0,6,60,1,5929,5929,1,5,5,2,0,0,0,0
1315771,3,2023,2023,7,1,7,2126,17,78,2149,0,1,2,-33.699421,150.572991,8,2,2,0,3,0,3,4,2,0,7,80,2,2585,4009,8,30,40,1,0,0,0,0