Crash ID,Degree of crash - detailed,Reporting year,Year of crash,Month of crash,Day of week of crash,Two-hour intervals,Street of crash,Street type,Town,Route no.,School zone location,School zone active,Type of location,Latitude,Longitude,LGA,Urbanisation,Conurbation 1,Alignment,Street lighting,Road surface,Surface condition,Weather,Natural lighting,Signals operation,Other traffic control,Speed limit,Road classification,RUM - code,DCA - code,First impact type,Key TU type,Other TU type,No. of traffic units involved,No. killed,No. seriously injured,No. moderately injured,No. minor-other injured
1315773,3,2023,2023,7,1,7,55,31,562,34609,0,1,2,-32.246562,148.603955,22,2,1,1,3,0,0,0,2,0,7,50,0,941,941,1,9,12,2,0,0,0,0
1315776,3,2023,2023,0,3,10,4,31,148,34609,0,1,1,-36.041444,146.947965,0,2,1,1,3,0,0,6,2,0,7,50,0,404,404,8,0,40,1,0,0,0,0
1315779,3,2023,2023,0,2,9,1,1,155,34609,0,1,1,-33.137732,148.184961,53,2,1,1,3,0,0,0,2,0,7,20,0,220,220,1,5,5,2,0,0,0,0
1315780,3,2023,2023,7,4,9,19,27,132,34609,0,1,1,-29.800015,151.140329,33,1,0,1,3,2,3,0,0,0,7,100,0,1945,1945,5,10,40,1,0,0,0,0
1315781,3,2023,2023,7,0,11,1,31,103,34609,0,1,1,-32.935546,151.663446,37,0,2,1,3,0,0,0,0,0,7,50,0,220,220,1,5,13,2,0,0,0,0
1315785,3,2023,2023,0,4,0,125,27,38,144,0,1,1,-32.786994,151.932992,57,2,1,1,3,0,0,0,0,0,7,80,2,1089,1089,7,5,40,1,0,0,0,0
1315790,3,2023,2023,7,5,8,1,1,137,34609,0,1,1,-33.920857,151.199511,69,0,2,1,3,0,0,0,2,0,7,40,0,9859,9859,1,0,25,4,0,0,0,0
1315791,3,2023,2023,7,5,8,2126,17,346,2149,0,1,2,-33.867885,151.098459,9,0,2,1,3,0,0,0,3,0,7,60,2,1282,1282,1,5,5,2,0,0,0,0
1315792,3,2023,2023,0,5,6,232,36,40,331,0,1,2,-34.003514,150.77715,12,0,2,1,1,0,0,0,2,0,7,80,2,14295,14295,3,5,0,3,0,0,0,0
1315793,3,2023,2023,0,5,8,2126,17,90,2149,0,1,10,-33.711297,150.312736,8,2,2,1,3,0,0,0,3,2,7,70,2,14295,14295,3,0,5,2,0,0,0,0
1315794,3,2023,2023,0,2,6,114,27,24,228,0,1,1,-33.538782,150.922746,71,0,2,0,3,0,3,4,2,0,7,80,2,2585,4009,8,10,40,1,0,0,0,0
1315795,3,2023,2023,7,2,10,103,36,2,66,0,1,1,-32.002287,152.263987,43,2,1,0,3,0,3,4,0,0,7,80,1,782,957,5,10,40,1,0,0,0,0
1315796,3,2023,2023,7,6,5,1104,14,323,962,0,1,3,-33.796235,150.847382,7,0,2,1,3,0,0,3,2,0,7,100,2,4026,4026,8,10,40,1,0,0,0,0
1315800,3,2023,2023,7,3,6,9,27,12,38,0,1,10,-33.840444,150.960448,21,0,2,1,3,0,0,0,2,0,15,60,1,6545,6545,4,5,36,2,0,0,0,0
1315802,3,2023,2023,7,6,4,33,27,89,34609,0,1,1,-33.891153,151.232762,69,0,2,1,3,0,0,0,2,0,7,40,0,14295,14295,3,0,0,2,0,0,0,0
1315803,3,2023,2023,7,0,10,2126,17,44,2149,0,1,2,-33.764457,150.62816,8,2,2,1,3,0,3,3,0,0,7,70,2,1945,1945,5,5,40,1,0,0,0,0
1315805,3,2023,2023,7,6,6,54,27,646,30,0,1,9,-33.914598,151.040054,15,0,2,1,3,0,0,3,2,2,7,60,1,14295,14295,3,10,5,2,0,0,0,0
1315806,3,2023,2023,7,0,5,1,27,6,34609,0,1,1,-35.626304,149.791353,58,1,0,1,3,2,0,0,2,0,7,100,0,1089,1089,7,10,40,1,0,0,0,0
1315808,3,2023,2023,7,4,4,3,25,47,34609,0,1,1,-33.808658,151.14594,38,0,2,1,3,0,0,0,2,0,7,50,0,1981,1981,4,28,0,2,0,0,0,0
1315809,3,2023,2023,0,2,5,89,27,5,34609,0,1,1,-32.869305,151.079078,64,2,1,1,3,0,0,0,2,0,7,80,0,9859,9859,8,16,40,1,0,0,0,0
1315810,3,2023,2023,7,6,4,11,3,22,122,0,1,2,-34.501911,150.887478,80,0,2,1,1,0,0,0,2,0,7,80,2,1192,1192,1,5,13,3,0,0,0,0
1315811,3,2023,2023,7,6,7,21,31,179,66,0,1,7,-31.913937,152.456229,43,2,1,0,3,0,0,0,2,0,0,60,1,395,395,1,9,5,2,0,0,0,0
1315812,3,2023,2023,7,1,3,1104,14,140,962,0,1,3,-33.797518,150.852716,7,0,2,1,3,0,3,4,2,0,7,100,2,14295,14295,3,5,12,2,0,0,0,0
1315813,3,2023,2023,7,0,8,1,27,3,34609,0,1,1,-31.016769,150.814475,70,1,0,1,3,2,3,0,2,0,7,100,0,9859,9859,8,0,40,1,0,0,0,0
1315814,3,2023,2023,0,1,9,27,31,562,34609,0,1,9,-32.244688,148.600463,22,2,1,1,3,0,0,0,3,0,15,50,0,217,217,1,0,5,2,0,0,0,0
1315815,3,2023,2023,7,0,7,1,1,323,34609,0,1,1,-33.761788,150.98904,71,0,2,1,3,0,0,0,2,0,7,50,0,941,941,1,9,0,2,0,0,0,0
1315818,3,2023,2023,0,5,7,133,31,646,97,0,1,9,-33.916631,151.017475,15,0,2,1,3,0,0,6,2,0,0,60,1,1669,1669,3,9,5,2,0,0,0,0
1315822,3,2023,2023,0,4,9,2,1,92,34609,0,1,10,-33.983333,150.821928,13,0,2,1,3,0,0,0,3,0,15,50,0,6545,6545,4,0,0,2,0,0,0,0
1315828,3,2023,2023,7,2,7,7,27,201,34609,0,1,9,-34.006643,150.846029,13,0,2,1,3,0,0,0,2,0,0,60,0,2852,2852,4,5,5,2,0,0,0,0
1315830,3,2023,2023,0,4,8,346,17,24,332,0,1,1,-28.812904,153.384323,39,2,1,1,3,0,0,0,3,0,7,80,2,14295,14295,3,5,5,2,0,0,0,0
1315831,3,2023,2023,7,5,4,19,31,172,126,0,1,7,-32.748781,151.593618,42,2,1,1,3,0,0,0,2,0,0,50,2,5929,5929,1,5,5,3,0,0,0,0
1315835,3,2023,2023,7,1,3,916,17,23,917,0,1,9,-31.636283,150.722902,51,1,0,0,3,0,0,0,2,0,0,100,2,4552,985,8,5,40,1,0,0,0,0
1315845,3,2023,2023,7,3,6,7,27,77,172,0,1,2,-33.020686,151.647286,37,0,2,0,3,0,0,0,2,0,7,60,2,1850,1463,5,9,40,1,0,0,0,0
1315846,3,2023,2023,7,4,6,512,17,433,441,0,1,7,-33.258237,149.084968,52,2,1,1,0,0,0,3,2,0,7,70,2,14295,14295,3,10,13,2,0,0,0,0
1315848,3,2023,2023,7,1,6,60,27,10,34609,0,1,1,-34.316486,146.109522,28,1,0,1,3,0,0,0,2,0,13,100,0,19,19,10,10,38,2,0,0,0,0
1315849,3,2023,2023,7,5,7,293,1,154,34609,0,1,1,-33.709929,150.937468,71,0,2,1,3,0,0,0,2,0,7,50,0,1282,1282,1,0,40,1,0,0,0,0
1315851,3,2023,2023,7,1,4,2126,17,136,2149,0,1,9,-33.858111,151.068684,67,0,2,1,3,0,3,4,2,2,7,60,2,380,777,5,0,40,1,0,0,0,0
1315852,3,2023,2023,7,0,10,19,27,22,122,0,1,2,-34.530847,150.869081,80,0,2,1,3,0,0,0,0,0,7,60,2,9859,9859,1,5,5,3,0,0,0,0
1315858,3,2023,2023,0,1,3,7,27,16,36,0,1,1,-32.744722,151.734197,57,1,0,0,3,0,3,1,1,0,7,100,1,3775,3775,0,8,0,2,0,0,0,0
1315859,3,2023,2023,7,3,2,3,31,6,41,0,1,1,-34.794216,147.038964,51,2,1,1,0,0,0,0,1,0,7,50,1,4026,4026,8,5,40,1,0,0,0,0
1315865,3,2023,2023,0,6,4,1,31,139,34609,0,1,1,-33.884533,151.135799,32,0,2,1,3,0,0,0,2,0,7,60,0,217,217,1,5,5,2,0,0,0,0
1315870,3,2023,2023,0,3,6,6,27,34,34609,0,1,1,-33.513249,151.370485,16,2,2,0,3,0,3,4,2,0,7,60,0,4552,5151,8,0,40,1,0,0,0,0
1315871,3,2023,2023,7,4,7,14,10,67,34609,0,1,10,-33.63899,150.9044,71,0,2,1,3,0,0,0,2,0,15,70,0,6545,6545,4,5,13,2,0,0,0,0
1315872,3,2023,2023,0,1,8,13,31,46,34609,0,1,1,-33.938154,151.113644,4,0,2,1,3,0,0,0,2,0,7,50,0,9859,9859,1,0,36,2,0,0,0,0
1315875,3,2023,2023,0,5,3,18,10,73,18,0,1,7,-33.777707,151.150699,36,0,2,0,3,0,0,3,2,0,0,60,1,5929,5929,1,0,0,2,0,0,0,0
1315877,3,2023,2023,7,1,4,1,27,33,34609,0,1,10,-33.968663,151.039827,15,0,2,1,3,0,3,4,2,0,0,50,0,9859,9859,8,5,40,1,0,0,0,0
1315878,3,2023,2023,0,6,3,92,27,129,244,0,1,1,-33.899308,151.09214,9,0,2,1,3,0,0,0,1,0,7,60,2,14295,14295,3,5,0,2,0,0,0,0
1315880,3,2023,2023,0,3,4,6,31,90,34609,0,1,1,-33.717841,150.312367,8,2,2,1,3,0,3,4,2,0,7,50,0,4026,4026,1,5,5,3,0,0,0,0
1315884,3,2023,2023,7,6,8,153,27,188,147,1,0,1,-33.950101,151.099191,25,0,2,1,3,0,0,0,2,0,7,60,2,1391,1391,1,5,5,2,0,0,0,0
1315886,3,2022,2022,2,6,11,2,18,131,34609,0,1,9,-33.786118,151.177712,36,0,2,1,3,0,0,0,0,0,7,50,0,1945,1945,5,5,40,1,0,0,0,0
1315888,3,2023,2023,7,1,5,3371,17,27,3342,0,1,2,-30.151199,153.192644,19,1,0,1,3,0,3,4,2,0,7,110,2,4026,4026,8,9,40,1,0,0,0,0
1315890,3,2023,2023,7,6,8,50,36,4,7,0,1,1,-36.167905,148.071796,66,1,0,0,3,0,0,0,2,0,7,100,1,2585,4009,8,5,40,1,0,0,0,0
1315892,3,2023,2023,7,0,10,224,27,246,321,0,1,10,-33.901489,151.201136,69,0,2,1,3,0,0,0,0,2,7,50,2,6545,6545,4,5,5,2,0,0,0,0
1315898,3,2023,2023,7,2,5,1,27,10,34609,0,1,9,-32.78921,148.136538,53,1,0,1,3,0,0,3,2,0,16,100,0,775,775,4,9,0,2,0,0,0,0
1315899,3,2023,2023,7,2,6,97,17,17,88,0,1,2,-34.857843,149.551159,26,1,0,1,3,0,3,4,2,0,7,110,2,1945,1945,5,0,40,1,0,0,0,0
1315900,3,2023,2023,7,3,9,8,27,72,34609,0,1,2,-34.007112,151.011471,68,0,2,1,3,0,3,4,0,0,7,60,0,4026,4026,8,0,40,1,0,0,0,0
1315903,3,2023,2023,7,4,8,3371,17,23,3342,0,1,2,-32.080361,152.430476,43,1,0,0,3,0,3,4,2,0,7,90,2,1957,4009,8,5,40,1,0,0,0,0
1315904,3,2023,2023,7,0,8,500,10,5,34609,0,1,9,-32.732758,151.61834,42,2,1,0,3,0,0,0,2,0,0,50,0,2585,777,8,0,40,1,0,0,0,0
1315905,3,2023,2023,3,1,7,50,27,125,51,0,1,7,-33.854284,151.077249,67,0,2,1,3,0,0,3,2,3,0,60,1,14295,14295,3,0,5,2,0,0,0,0
1315910,3,2023,2023,7,4,10,50,27,125,51,0,1,10,-33.859579,151.081792,67,0,2,1,3,0,0,0,0,3,7,50,1,1383,1383,1,5,25,2,0,0,0,0
1315911,3,2023,2023,0,4,3,25,10,93,34609,0,1,1,-33.397947,149.604373,3,2,1,1,3,0,0,0,1,0,7,50,0,175,188,8,5,40,1,0,0,0,0
1315913,3,2023,2023,0,1,3,3,31,131,34609,0,1,1,-33.784733,151.194749,77,0,2,1,3,0,3,0,2,0,7,50,0,323,323,1,5,5,2,0,0,0,0
1315914,3,2023,2023,7,3,8,4,31,70,34609,0,1,1,-33.260731,151.500414,16,2,2,1,3,0,0,0,3,0,7,50,0,9859,9859,1,10,5,3,0,0,0,0
1315918,3,2023,2023,0,2,4,916,17,37,917,0,1,7,-32.668705,151.361291,17,2,1,0,3,0,0,0,2,0,0,80,2,1192,1192,1,30,12,2,0,0,0,0
1315928,3,2023,2023,0,2,7,79,31,56,18,0,1,9,-33.857392,151.180652,32,0,2,1,3,0,3,4,2,0,7,40,1,14295,14295,3,5,5,3,0,0,0,0
1315931,3,2023,2023,0,1,3,308,14,83,311,0,1,3,-33.884735,150.837513,41,0,2,1,3,0,3,4,1,0,7,100,2,14295,14295,3,8,12,2,0,0,0,0
1315935,3,2023,2023,7,1,4,2,31,201,34609,0,1,1,-34.896841,150.620349,63,2,1,0,3,0,3,3,2,0,7,50,0,14295,14295,3,0,5,2,0,0,0,0
1315938,3,2023,2023,7,1,5,19,27,147,12,0,1,10,-33.752104,151.285073,50,0,2,1,3,0,3,0,2,2,7,50,1,1945,1945,5,15,40,1,0,0,0,0
1315939,3,2023,2023,7,2,4,14,27,8,17,0,1,1,-30.045461,150.297417,51,2,1,1,3,0,3,4,2,0,7,60,1,4026,4026,8,10,40,1,0,0,0,0
1315940,3,2023,2023,7,0,4,12,27,6,48,0,1,9,-32.708033,151.575281,42,2,1,1,3,0,0,0,2,0,7,60,1,14295,14295,3,5,5,2,0,0,0,0
1315941,3,2023,2023,7,2,7,3371,17,44,3342,0,1,2,-32.395355,152.218154,43,1,0,1,3,0,3,4,2,0,7,100,2,4026,4026,8,0,40,1,0,0,0,0
1315947,3,2023,2023,7,1,2,6,27,39,34609,0,1,1,-34.030811,150.756778,12,0,2,1,3,0,0,3,1,0,7,60,0,9859,9859,1,10,0,2,0,0,0,0
1315950,3,2023,2023,0,5,10,154,27,136,244,0,1,1,-33.916512,151.06636,15,0,2,1,3,0,0,0,0,0,7,60,2,1391,1391,1,5,13,2,0,0,0,0
1315951,3,2023,2023,7,6,7,117,27,72,144,0,1,9,-33.837541,151.08763,14,0,2,0,3,0,0,0,2,2,7,60,2,1957,4009,8,5,40,1,0,0,0,0
1315952,3,2023,2023,7,6,5,59,31,107,321,0,1,10,-33.877873,151.198658,69,0,2,1,3,0,3,0,2,3,7,50,2,186,186,1,5,5,2,0,0,0,0
1315959,3,2023,2023,0,1,4,4,1,168,34609,0,1,1,-33.699396,150.819359,7,0,2,1,3,0,0,0,2,0,7,50,0,387,387,1,0,0,2,0,0,0,0
1315964,3,2023,2023,7,0,8,29,1,64,52,0,1,7,-33.712613,150.756138,55,0,2,1,3,0,0,0,2,0,0,60,1,301,301,4,0,5,2,0,0,0,0
1315967,3,2023,2023,7,6,8,46,27,173,115,0,1,1,-33.709211,151.123396,36,0,2,1,3,0,0,0,3,0,7,60,1,14295,14295,3,0,5,3,0,0,0,0
1315970,3,2023,2023,3,4,11,128,27,61,133,0,1,1,-33.817606,150.651256,55,0,2,0,3,0,0,0,0,0,7,80,2,1957,4009,8,5,40,1,0,0,0,0
1315971,3,2023,2023,0,0,8,6,27,3,6,0,1,9,-30.269729,152.621995,6,1,0,1,3,0,3,4,2,0,7,100,1,1669,1669,3,5,0,2,0,0,0,0
1315972,3,2023,2023,0,6,9,169,31,37,83,0,1,9,-29.45428,153.197207,18,2,1,1,3,0,0,0,0,0,7,40,1,1109,787,1,5,13,2,0,0,0,0
1315973,3,2023,2023,0,2,4,1052,14,33,928,0,1,3,-33.661947,151.126836,31,0,2,1,3,0,0,0,2,0,7,110,2,14295,14295,3,5,35,2,0,0,0,0
1315974,3,2023,2023,0,6,3,19,27,25,34609,0,1,9,-32.891882,151.685485,48,0,2,0,3,0,3,4,2,0,15,60,0,2585,4009,8,5,40,1,0,0,0,0
1315975,3,2023,2023,7,4,3,296,27,187,293,0,1,10,-33.881886,150.977495,15,0,2,1,3,0,0,0,2,2,7,60,2,14295,14295,3,5,5,3,0,0,0,0
1315976,3,2023,2023,0,5,6,61,31,32,45,0,1,9,-33.869036,150.964683,24,0,2,1,3,0,0,0,2,0,7,60,1,1192,1192,1,10,0,2,0,0,0,0
1315977,3,2023,2023,7,5,4,8,18,52,34609,0,1,9,-33.907197,151.26344,76,0,2,1,3,0,0,0,2,0,7,50,0,237,162,8,5,40,2,0,0,0,0
1315982,3,2023,2023,0,5,5,74,27,130,59,0,1,10,-34.455548,150.858634,80,0,2,1,3,0,0,0,2,2,7,80,2,926,926,4,0,5,2,0,0,0,0
1315988,3,2023,2023,3,1,6,2261,17,14,2252,0,1,2,-34.807279,149.518149,26,1,0,0,3,0,0,0,2,0,7,110,2,1850,1463,5,0,40,1,0,0,0,0
1315989,3,2023,2023,7,0,6,178,27,13,48,0,1,1,-32.72923,151.555713,42,2,1,1,3,0,0,0,2,0,7,50,1,3775,3775,0,10,12,2,0,0,0,0
1315991,3,2023,2023,7,5,10,11,27,112,34609,0,1,10,-36.057432,146.929836,0,2,1,1,3,0,3,3,0,0,0,50,0,9859,9859,8,5,40,1,0,0,0,0
1315993,3,2023,2023,7,2,11,21,1,123,25,1,0,1,-33.910189,151.224762,59,0,2,1,3,0,0,0,0,0,7,50,1,9859,9859,1,34,5,3,0,0,0,0
1315995,3,2022,2022,10,1,4,10,31,239,34609,0,1,1,-34.043009,151.123623,68,0,2,1,3,0,3,4,2,0,7,50,0,9859,9859,1,0,0,3,0,0,0,0
1315996,3,2023,2023,7,5,7,107,22,210,17,0,1,10,-34.028415,151.094833,68,0,2,1,3,0,3,4,2,0,0,60,1,5929,5929,1,5,5,2,0,0,0,0
1315998,3,2023,2023,7,2,6,222,27,54,40,0,1,1,-33.638586,150.886016,29,2,2,1,3,0,3,3,2,0,7,80,1,14295,14295,3,5,13,3,0,0,0,0
1316000,3,2023,2023,7,2,8,2209,17,176,2205,0,1,10,-33.969931,151.134999,25,0,2,1,3,0,3,4,2,2,7,60,2,5929,5929,1,5,5,2,0,0,0,0
1316002,3,2023,2023,7,4,4,2261,17,243,2252,0,1,9,-33.957723,150.884303,41,0,2,1,3,0,0,0,2,0,7,70,2,395,395,1,0,5,2,0,0,0,0
1316005,3,2023,2023,7,3,9,8,31,234,34609,0,1,1,-34.285262,146.04114,28,2,1,1,3,0,0,3,3,0,7,50,0,3775,3775,0,0,25,2,0,0,0,0
1316006,3,2023,2023,7,0,8,9,23,55,34609,0,1,1,-33.887012,151.282013,76,0,2,1,3,0,2,2,2,0,7,50,0,1981,1981,4,5,0,2,0,0,0,0
1316008,3,2023,2023,7,2,6,2209,17,11,2205,0,1,9,-36.201803,150.117868,23,2,1,0,3,0,3,4,2,0,7,50,2,1383,1383,1,5,5,2,0,0,0,0
1316010,3,2023,2023,7,1,8,10,10,39,34609,0,1,1,-35.305873,148.239614,66,2,1,0,3,2,3,4,3,0,7,50,0,4552,5151,8,5,40,1,0,0,0,0
1316011,3,2023,2023,3,5,5,44,31,138,34609,0,1,1,-33.874635,151.275306,76,0,2,1,3,0,0,0,2,0,7,50,0,4552,5151,1,5,13,5,0,0,0,0
1316016,3,2023,2023,7,5,5,3,27,8,39,0,1,1,-32.452352,149.493979,44,1,0,1,3,0,0,0,2,0,7,100,2,4026,4026,8,9,40,1,0,0,0,0
1316017,3,2023,2023,7,0,10,512,17,433,441,0,1,10,-33.284165,149.103632,52,2,1,1,3,0,0,0,2,2,7,50,2,5929,5929,1,5,13,2,0,0,0,0
1316018,3,2023,2023,7,2,5,15,10,121,34609,0,1,1,-28.205641,153.536313,72,2,1,0,3,0,0,0,2,0,7,50,0,1981,1981,4,0,5,2,0,0,0,0
1316019,3,2023,2023,7,5,7,24,36,11,56,0,1,1,-33.942326,147.261641,51,1,0,1,3,2,0,0,2,0,7,100,2,4026,4026,8,9,40,1,0,0,0,0
1316024,3,2023,2023,7,4,9,3371,17,23,3342,0,1,2,-33.321745,151.400801,16,2,2,0,3,0,3,4,3,0,7,60,2,3775,3775,0,10,5,2,0,0,0,0
1316026,3,2023,2023,7,2,10,127,27,135,103,0,1,1,-32.89769,151.736959,48,0,2,1,3,0,3,4,0,0,7,50,1,9859,9859,1,0,5,2,0,0,0,0
1316029,3,2023,2023,0,1,8,12,27,19,34609,0,1,1,-28.571073,153.493187,10,2,1,1,3,0,0,0,2,0,7,80,0,4026,4026,1,0,37,2,0,0,0,0
1316032,3,2023,2023,0,1,3,32,27,19,34609,0,1,1,-33.407408,149.971544,40,1,0,0,3,0,0,3,2,0,7,100,0,1089,1089,7,5,40,1,0,0,0,0
1316036,3,2023,2023,3,1,5,916,17,32,917,0,1,9,-32.642644,151.233711,64,1,0,0,3,0,0,0,2,0,15,100,2,2852,2852,4,10,2,2,0,0,0,0
1316038,3,2023,2023,7,0,8,7,4,40,34609,0,1,9,-34.02028,150.766399,12,0,2,1,3,0,0,0,2,0,0,50,0,775,775,4,0,5,2,0,0,0,0
1316040,3,2023,2023,0,2,8,478,17,20,480,0,1,9,-33.405759,151.465062,16,2,2,1,3,0,3,4,2,0,0,70,2,2852,2852,4,0,22,2,0,0,0,0
1316041,3,2023,2023,7,0,8,2209,17,130,2205,0,1,1,-34.45205,150.847284,80,0,2,1,3,0,0,0,2,0,7,60,1,5929,5929,1,0,5,2,0,0,0,0
1316042,3,2023,2023,7,4,7,78,27,23,228,0,1,1,-32.985295,151.128675,17,2,1,0,3,0,0,0,2,0,7,70,1,4552,5151,8,5,40,1,0,0,0,0
1316118,3,2023,2023,4,6,5,330,23,150,233,0,1,10,-33.922849,151.22708,59,0,2,1,1,0,0,0,2,3,7,50,2,1282,1282,1,19,5,2,0,0,0,0
1316146,3,2023,2023,7,2,10,75,10,63,165,0,1,2,-33.932258,151.211847,4,0,2,1,2,0,0,0,0,0,7,80,2,9859,9859,8,5,40,1,0,0,0,0
1316373,3,2022,2022,2,3,0,28,1,609,34609,0,1,10,-33.764439,150.91128,7,0,2,1,2,0,0,0,0,2,7,50,0,9859,9859,1,5,5,3,0,0,0,0
1316374,3,2022,2022,2,4,8,4,10,70,34609,0,1,1,-33.255429,151.515072,16,2,2,1,3,0,2,6,2,0,7,50,0,4026,4026,8,5,40,1,0,0,0,0
1316433,3,2023,2023,4,1,8,10,27,8,34609,0,1,1,-34.526263,150.578262,78,2,1,0,0,0,0,0,2,0,7,80,0,4552,5151,8,5,40,1,0,0,0,0
1316439,3,2023,2023,0,5,4,135,17,93,136,0,1,7,-36.076962,146.940333,0,2,1,1,3,0,0,0,2,0,0,60,2,14295,14295,3,0,5,4,0,0,0,0
1316447,3,2023,2023,0,2,7,81,31,133,80,0,1,9,-33.920083,151.013386,15,0,2,1,3,0,0,0,2,0,15,60,1,6545,6545,4,33,5,2,0,0,0,0
1316448,3,2023,2023,7,0,7,1,4,39,34609,0,1,1,-32.737074,152.10727,57,2,1,1,1,0,0,0,2,0,7,40,0,248,248,1,5,5,2,0,0,0,0
1316450,3,2023,2023,0,0,7,125,31,175,34609,0,1,1,-33.773419,151.080969,54,0,2,1,3,0,0,0,2,0,9,50,0,941,941,1,5,5,2,0,0,0,0
1316451,3,2023,2023,0,5,6,296,27,290,293,0,1,9,-33.861073,150.992876,21,0,2,1,3,0,0,0,2,2,7,70,2,1383,1383,1,10,5,3,0,0,0,0
1316452,3,2023,2023,0,4,6,2,7,323,34609,0,1,1,-33.76334,150.993159,71,0,2,0,3,0,3,4,2,0,0,50,0,1259,5151,8,5,40,1,0,0,0,0
1316457,3,2023,2023,0,1,7,1,27,1,34609,0,1,1,-31.716248,150.63595,51,1,0,0,3,2,0,0,2,0,7,100,0,4552,5151,8,10,40,1,0,0,0,0
1316458,3,2023,2023,0,6,8,1052,14,160,928,0,1,3,-33.093509,151.468068,37,0,2,1,3,0,0,0,2,0,7,110,2,1391,1391,1,5,35,2,0,0,0,0
1316462,3,2023,2023,0,3,6,1052,14,77,928,0,1,3,-33.534825,151.199761,16,1,2,1,3,0,0,0,2,0,7,110,2,14295,14295,3,21,0,2,0,0,0,0
1316464,3,2023,2023,0,4,11,916,17,12,917,0,1,1,-31.880312,150.879992,73,1,0,0,3,0,3,4,0,0,7,100,2,1957,4009,8,0,40,1,0,0,0,0
1316465,3,2023,2023,0,0,7,2126,17,62,2149,0,1,2,-33.746043,150.612769,8,2,2,0,3,0,0,0,2,0,7,60,2,14295,14295,3,30,5,2,0,0,0,0
1316467,3,2023,2023,0,2,3,76,31,76,34609,0,1,7,-35.351678,150.472754,63,2,1,1,3,0,0,0,2,0,0,50,0,6545,6545,4,10,0,2,0,0,0,0
1316468,3,2023,2023,7,4,10,16,27,337,9,0,1,10,-33.722244,150.987302,71,0,2,1,2,0,0,0,0,3,7,60,1,14295,14295,3,5,0,3,0,0,0,0
1316472,3,2023,2023,0,6,5,22,31,134,34609,0,1,2,-33.890815,151.251271,76,0,2,1,3,0,0,0,2,0,7,50,0,1981,1981,4,0,0,4,0,0,0,0
1316476,3,2023,2023,0,0,4,1,25,5,34609,0,1,9,-31.805474,152.396742,43,1,0,0,3,2,0,0,2,0,7,100,0,1282,1282,1,0,40,1,0,0,0,0
1316477,3,2023,2023,0,3,1,4,27,49,605,0,1,2,-33.712905,151.297305,50,0,2,1,3,0,0,0,0,0,7,60,2,4026,4026,8,0,40,1,0,0,0,0
1316478,3,2023,2023,0,0,6,916,17,77,917,0,1,10,-32.561079,151.174561,64,2,1,1,3,0,0,0,2,0,7,50,2,1109,787,1,10,5,2,0,0,0,0
1316479,3,2023,2023,0,5,6,3371,17,69,3342,0,1,2,-32.936023,151.749221,48,0,2,1,3,0,0,0,2,0,7,60,2,14295,14295,3,5,5,2,0,0,0,0
1316480,3,2023,2023,0,1,6,53,31,45,34609,0,1,10,-33.88904,151.197423,69,0,2,1,3,0,0,0,2,0,15,40,0,6545,6545,4,5,5,2,0,0,0,0
1316482,3,2023,2023,0,1,6,168,17,36,212,0,1,1,-35.449867,149.812021,58,2,1,1,3,0,0,0,2,0,7,80,2,14295,14295,3,10,36,3,0,0,0,0
1316483,3,2023,2023,0,3,7,1,7,1,34609,0,1,1,-33.980286,150.9933,68,0,2,0,3,0,3,4,2,0,7,50,0,1957,4009,8,5,40,1,0,0,0,0
1316486,3,2023,2023,0,6,10,21,31,9,34609,0,1,4,-33.92893,151.148088,4,0,2,0,3,0,0,0,0,0,7,50,0,1957,4009,8,5,40,1,0,0,0,0
1316487,3,2023,2023,0,3,5,344,27,168,382,0,1,10,-33.696702,150.831026,7,0,2,1,3,0,0,0,2,2,7,80,2,14295,14295,3,5,0,2,0,0,0,0
1316489,3,2023,2023,0,0,6,11,31,23,34609,1,0,9,-31.501613,145.830006,51,2,1,1,3,0,0,0,2,0,0,50,0,2585,777,8,0,40,1,0,0,0,0
1316491,3,2023,2023,0,0,8,2209,17,40,2205,0,1,9,-34.983305,150.58775,63,1,0,1,3,0,3,3,2,0,15,100,2,2852,2852,4,0,13,2,0,0,0,0
1316492,3,2023,2023,0,5,8,38,27,32,35,0,1,1,-34.607611,150.788231,35,2,1,0,3,0,0,0,3,0,7,80,1,4552,5151,1,5,40,2,0,0,0,0
1316493,3,2023,2023,0,1,4,2209,17,157,2205,0,1,2,-34.008911,151.110337,68,0,2,0,3,0,3,4,2,0,7,70,2,2585,4009,8,21,40,1,0,0,0,0
1316494,3,2023,2023,0,2,5,2209,17,201,2205,0,1,2,-34.87457,150.60551,63,2,1,1,3,0,0,0,2,0,7,70,2,84,84,8,5,40,1,0,0,0,0
1316497,3,2023,2023,0,6,9,99,27,9,39,1,0,1,-33.532342,150.876862,29,2,2,1,3,0,0,3,0,0,7,60,1,4026,4026,8,5,40,1,0,0,0,0
1316499,3,2023,2023,0,0,0,24,27,77,52,0,1,9,-33.918803,151.163151,32,0,2,1,3,0,0,0,0,0,7,50,1,9859,9859,8,5,40,1,0,0,0,0
1316503,3,2023,2023,0,0,6,112,17,207,112,0,1,7,-31.951502,141.45414,51,2,1,1,3,0,0,0,2,0,0,50,2,6545,6545,4,0,5,2,0,0,0,0
1316504,3,2023,2023,0,0,6,95,31,107,34609,0,1,10,-29.680114,152.947749,18,2,1,1,3,0,0,0,2,0,0,50,0,14295,14295,3,0,40,2,0,0,0,0
1316505,3,2023,2023,0,3,3,71,36,3,11,0,1,1,-33.130084,145.874829,51,1,0,1,3,0,0,0,2,0,7,110,2,1089,1089,7,0,40,1,0,0,0,0