Crash ID,Degree of crash - detailed,Reporting year,Year of crash,Month of crash,Day of week of crash,Two-hour intervals,Street of crash,Street type,Town,Route no.,School zone location,School zone active,Type of location,Latitude,Longitude,LGA,Urbanisation,Conurbation 1,Alignment,Street lighting,Road surface,Surface condition,Weather,Natural lighting,Signals operation,Other traffic control,Speed limit,Road classification,RUM - code,DCA - code,First impact type,Key TU type,Other TU type,No. of traffic units involved,No. killed,No. seriously injured,No. moderately injured,No. minor-other injured
1316508,3,2023,2023,0,4,2,2261,17,38,2252,0,1,6,-34.157209,150.738755,79,1,2,1,3,0,0,0,1,0,7,110,2,175,188,8,3,40,1,0,0,0,0
1316512,3,2023,2023,0,5,5,916,17,66,917,0,1,2,-32.810525,151.67156,48,0,2,1,3,0,0,0,2,0,7,80,2,14295,14295,3,5,5,4,0,0,0,0
1316517,3,2023,2023,7,0,1,90,36,68,102,0,1,1,-34.752165,148.755197,82,1,0,0,3,0,0,0,0,0,7,100,2,4552,5151,8,29,40,1,0,0,0,0
1316518,3,2023,2023,0,6,4,125,27,55,123,1,2,2,-33.364063,151.454684,16,2,2,1,3,0,0,0,2,0,7,40,2,14295,14295,3,5,0,2,0,0,0,0
1316520,3,2023,2023,0,6,3,485,27,323,769,0,1,2,-33.764039,150.995185,71,0,2,1,3,0,0,0,2,0,7,60,2,14295,14295,3,5,36,2,0,0,0,0
1316521,3,2023,2023,0,0,4,1,27,9,34609,0,1,1,-32.405021,151.951293,43,2,1,1,3,0,3,3,2,0,7,60,0,945,945,5,10,40,1,0,0,0,0
1316522,3,2023,2023,0,3,5,87,31,77,34609,0,1,10,-33.031078,151.658165,37,0,2,1,3,0,0,0,2,0,0,50,0,301,301,4,0,5,2,0,0,0,0
1316525,3,2023,2023,7,2,8,85,10,136,702,0,1,9,-33.856692,151.071009,67,0,2,0,3,0,3,4,2,2,7,80,2,1850,1463,5,5,40,1,0,0,0,0
1316528,3,2023,2023,0,4,11,4,31,72,34609,0,1,1,-33.829328,151.226495,49,0,2,1,3,0,0,0,0,0,7,40,0,1282,1282,1,0,5,2,0,0,0,0
1316530,3,2023,2023,0,2,8,100,27,127,100,0,1,10,-33.836497,150.854167,24,0,2,1,3,0,0,0,2,0,15,70,2,14295,14295,3,5,5,2,0,0,0,0
1316534,3,2023,2023,7,4,8,5,31,78,34609,0,1,9,-34.473452,150.833898,80,0,2,1,3,0,0,0,2,0,7,50,0,14295,14295,3,0,13,3,0,0,0,0
1316535,3,2023,2023,0,3,8,2209,17,25,2205,0,1,2,-34.127655,150.99305,68,0,2,1,3,0,0,0,2,0,7,100,2,1391,1391,1,5,0,2,0,0,0,0
1316544,3,2023,2023,0,4,11,125,27,108,123,0,1,7,-33.307001,151.415635,16,2,2,0,3,0,3,3,0,0,0,70,2,14295,14295,3,5,13,2,0,0,0,0
1316545,3,2023,2023,0,4,8,515,14,243,518,0,1,3,-33.956774,150.87674,41,0,2,1,3,0,0,3,2,0,7,100,2,1383,1383,1,10,5,2,0,0,0,0
1316552,3,2023,2023,0,4,9,26,10,10,26,0,1,1,-36.770091,149.920115,5,2,1,1,3,0,0,0,0,0,7,80,1,1089,1089,7,5,40,1,0,0,0,0
1316555,3,2023,2023,0,4,9,387,27,290,331,0,1,9,-33.945714,151.128092,4,0,2,1,3,0,3,4,0,0,7,60,2,926,926,4,5,0,2,0,0,0,0
1316556,3,2023,2023,0,2,9,1,27,89,34609,0,1,1,-33.866526,150.87555,24,0,2,1,3,0,0,0,3,0,7,50,0,9859,9859,1,5,0,2,0,0,0,0
1316561,3,2023,2023,7,4,7,204,31,33,34609,0,1,9,-33.899582,151.248847,76,0,2,1,3,0,0,0,2,0,0,50,0,926,926,4,0,0,2,0,0,0,0
1316562,3,2023,2023,0,4,7,3371,17,19,3342,0,1,2,-28.287676,153.514548,72,1,0,0,3,0,0,0,2,0,7,110,2,1850,1463,5,5,40,1,0,0,0,0
1316567,3,2023,2023,7,3,3,2261,17,70,2252,0,1,2,-34.685316,150.047509,26,1,0,1,3,0,0,0,2,0,7,110,2,1945,1945,5,10,40,1,0,0,0,0
1316568,3,2023,2023,0,6,8,3,27,19,34609,0,1,1,-33.757791,151.091718,31,0,2,1,3,0,0,0,2,0,7,50,0,1981,1981,4,5,5,2,0,0,0,0
1316570,3,2023,2023,0,2,5,2209,17,130,2205,0,1,9,-34.45618,150.843619,80,0,2,1,3,0,0,0,2,2,7,60,1,14295,14295,3,0,5,2,0,0,0,0
1316571,3,2023,2023,0,0,8,2209,17,9,2205,0,1,9,-35.085231,150.531411,63,2,1,0,3,0,3,0,2,0,0,80,2,3775,3775,0,5,5,2,0,0,0,0
1316572,3,2023,2023,0,0,4,1,31,18,34609,0,1,1,-36.08083,146.899065,0,2,1,1,1,0,3,4,2,0,7,50,0,175,188,1,5,0,2,0,0,0,0
1316573,3,2023,2023,7,4,10,6,27,41,34609,0,1,1,-34.047904,150.69602,12,0,2,1,3,0,0,0,0,0,7,70,0,9859,9859,8,0,40,1,0,0,0,0
1316574,3,2023,2023,0,0,9,2261,17,47,2252,0,1,2,-35.706324,147.31168,27,1,0,0,3,0,3,3,0,0,7,110,2,1259,5151,8,0,40,1,0,0,0,0
1316596,3,2023,2023,4,6,8,1,27,1,34609,0,1,1,-33.489415,149.758962,3,1,0,0,0,0,0,0,2,0,7,100,0,418,714,5,10,40,1,0,0,0,0
1316601,3,2023,2023,4,4,2,2,1,112,34609,0,1,1,-36.053703,146.922372,0,2,1,0,2,0,3,0,0,0,7,50,0,4552,5151,8,5,40,1,0,0,0,0
1316626,3,2023,2023,7,2,7,137,31,65,18,0,1,9,-32.926668,151.774742,48,0,2,1,1,0,0,0,2,2,7,50,2,395,395,1,21,39,2,0,0,0,0
1316653,3,2023,2023,0,5,9,2,31,443,34609,0,1,9,-33.889907,151.064186,15,0,2,1,2,0,0,0,0,0,7,50,0,9859,9859,1,0,25,3,0,0,0,0
1316683,3,2023,2023,7,6,10,2,27,218,34609,0,1,10,-33.772543,150.767941,55,0,2,0,2,0,0,0,0,0,7,50,0,2585,777,8,0,40,1,0,0,0,0
1316686,3,2023,2023,0,6,8,1,10,22,34609,0,1,1,-33.815838,150.925364,21,0,2,0,1,0,0,0,3,0,7,50,0,4552,5151,1,5,5,3,0,0,0,0
1316699,3,2023,2023,0,1,9,18,27,251,13,0,1,7,-33.777718,150.937443,7,0,2,1,0,0,0,0,2,0,0,60,1,6545,6545,4,5,0,2,0,0,0,0
1316703,3,2023,2023,0,6,4,2,31,134,34609,0,1,10,-33.68227,150.877503,7,0,2,1,0,0,0,0,2,0,0,50,0,6545,6545,4,5,5,2,0,0,0,0
1316705,3,2023,2023,7,4,10,154,27,293,244,0,1,9,-33.925652,151.054714,15,0,2,1,2,0,0,0,0,2,7,60,2,2852,2852,4,5,0,2,0,0,0,0
1316706,3,2023,2023,3,2,4,9,31,251,34609,0,1,7,-33.767927,150.931286,7,0,2,1,0,0,0,0,2,0,0,50,0,4026,4026,8,9,40,1,0,0,0,0
1316760,3,2023,2023,7,5,3,361,23,91,34609,0,1,9,-33.986336,150.877527,13,0,2,1,1,2,3,0,2,0,7,50,0,4026,4026,1,33,25,2,0,0,0,0
1316769,3,2023,2023,7,6,2,10,31,19,34609,0,1,1,-33.43147,149.575952,3,2,1,1,2,0,3,0,0,0,7,50,0,9859,9859,1,5,5,2,0,0,0,0
1316774,3,2023,2023,7,1,3,8,31,463,34609,1,0,1,-30.281651,153.113082,19,2,1,1,1,0,0,0,2,0,7,50,0,9859,9859,1,10,13,2,0,0,0,0
1316778,3,2023,2023,3,4,4,829,27,165,770,0,1,10,-33.851035,151.154582,14,0,2,1,1,0,0,3,2,1,7,60,2,1282,1282,1,0,5,2,0,0,0,0
1316781,3,2023,2023,7,4,8,2,31,179,34609,0,1,10,-31.895831,152.461221,43,2,1,1,0,0,0,0,2,0,0,50,0,945,945,5,5,40,1,0,0,0,0
1316783,3,2023,2023,7,0,7,2126,17,23,2149,0,1,1,-33.456356,149.984373,40,1,0,0,0,0,0,0,2,0,7,100,2,52,52,6,9,40,1,0,0,0,0
1316806,3,2023,2023,7,1,9,2261,17,30,2252,0,1,3,-34.454589,150.365004,78,1,0,0,0,0,0,0,3,0,7,110,2,14295,14295,3,10,5,2,0,0,0,0
1316808,3,2023,2023,7,0,8,3,31,463,34609,0,1,9,-30.307544,153.105042,19,2,1,1,0,0,0,0,2,0,7,50,0,237,162,8,0,40,1,0,0,0,0
1316809,3,2023,2023,7,6,9,192,10,84,114,0,1,1,-33.468531,151.38651,16,2,2,1,2,0,0,0,0,0,7,60,2,9859,9859,8,5,40,1,0,0,0,0
1316829,3,2023,2023,3,4,2,308,14,164,311,0,1,3,-33.734932,150.891962,7,0,2,1,1,0,0,0,1,0,7,100,2,1282,1282,1,3,5,2,0,0,0,0
1316869,3,2023,2023,7,2,0,46,27,104,262,0,1,10,-32.911999,151.720754,48,0,2,0,2,0,0,0,0,2,7,60,2,2585,4009,8,0,40,1,0,0,0,0
1316887,3,2023,2023,7,1,11,3371,17,30,3342,0,1,2,-32.610893,152.087968,43,1,0,1,0,0,0,0,0,0,7,110,2,9859,9859,8,0,40,1,0,0,0,0
1316896,3,2023,2023,3,0,11,2,31,187,34609,0,1,1,-33.893005,150.988213,15,0,2,1,2,0,0,0,0,0,7,50,0,4026,4026,1,5,0,4,0,0,0,0
1316903,3,2023,2023,7,3,10,10,31,27,34609,0,1,1,-33.714621,150.334878,8,2,2,1,2,0,3,3,0,0,7,50,0,14295,14295,3,5,36,2,0,0,0,0
1316911,3,2023,2023,3,5,3,45,31,125,34609,0,1,1,-33.820156,151.121344,61,0,2,1,0,0,0,0,2,0,7,50,0,220,220,1,33,0,2,0,0,0,0
1316914,3,2023,2023,7,4,5,157,17,123,158,0,1,9,-33.834699,148.681177,51,2,1,1,1,0,3,4,2,0,0,50,2,775,775,4,34,35,2,0,0,0,0
1316915,3,2023,2023,7,3,6,16,31,194,148,0,1,10,-30.517399,151.667802,1,2,1,1,1,0,3,4,2,2,7,50,2,5929,5929,1,5,5,2,0,0,0,0
1316916,3,2023,2023,7,0,9,191,17,24,189,0,1,9,-32.059073,149.908506,73,1,0,1,0,0,0,0,0,0,7,100,2,14295,14295,3,34,0,2,0,0,0,0
1316921,3,2023,2023,7,1,7,4,27,337,34609,0,1,1,-33.73734,150.999633,71,0,2,1,1,0,0,0,2,0,7,50,0,96,96,0,5,12,2,0,0,0,0
1316924,3,2023,2023,4,6,7,1,25,14,34609,0,1,1,-33.951384,151.229339,4,0,2,1,0,0,0,0,2,0,7,50,0,1981,1981,4,5,5,2,0,0,0,0
1316936,3,2023,2023,7,0,11,10,31,29,34609,0,1,9,-31.821938,149.717984,51,2,1,1,0,0,0,0,0,0,7,50,0,256,256,4,34,36,3,0,0,0,0
1316939,3,2023,2023,3,1,3,57,31,44,34609,0,1,10,-32.805146,151.426387,17,2,1,1,1,0,0,0,2,0,0,50,0,6545,6545,4,10,5,2,0,0,0,0
1316940,3,2023,2023,4,6,2,6,1,28,34609,0,1,1,-34.017253,151.064448,68,0,2,1,1,0,0,0,1,0,7,50,0,9859,9859,1,5,5,3,0,0,0,0
1316944,3,2023,2023,4,5,8,7,27,11,34609,0,1,10,-33.048485,151.579343,37,0,2,1,0,0,0,0,2,0,0,50,0,6545,6545,4,10,0,2,0,0,0,0
1316949,3,2023,2023,7,5,11,296,27,290,293,0,1,2,-33.860683,150.993142,21,0,2,1,2,0,0,0,0,0,7,70,2,623,623,3,0,5,2,0,0,0,0
1316969,3,2023,2023,3,4,3,79,31,149,96,0,1,9,-33.865422,151.167571,32,0,2,1,1,0,0,0,2,0,7,50,2,9859,9859,1,5,0,2,0,0,0,0
1316985,3,2023,2023,3,5,7,46,27,104,262,0,1,10,-32.915017,151.725583,48,0,2,1,1,0,0,0,2,2,7,60,2,1669,1669,3,5,36,2,0,0,0,0
1317007,3,2023,2023,4,2,0,48,10,56,34609,0,1,1,-31.125721,152.829931,34,2,1,1,0,0,0,0,0,0,7,50,0,1109,397,1,29,0,2,0,0,0,0
1317009,3,2023,2023,7,4,11,17,31,290,33,0,1,10,-33.958927,151.128275,4,0,2,1,2,0,0,0,0,0,0,50,1,9859,9859,1,0,5,2,0,0,0,0
1317012,3,2023,2023,7,1,3,515,14,243,518,0,1,3,-33.938127,150.912827,41,0,2,1,2,0,3,4,0,0,7,100,2,1192,1192,1,33,5,2,0,0,0,0
1317018,3,2023,2023,7,1,2,20,24,60,34609,0,1,2,-34.017856,150.744654,12,0,2,0,2,0,0,0,0,0,7,50,0,2585,4009,8,10,40,1,0,0,0,0
1317024,3,2023,2023,7,1,6,294,17,5,288,0,1,1,-34.273458,142.266286,51,1,0,0,0,0,0,0,2,0,7,100,2,380,714,5,26,40,1,0,0,0,0
1317025,3,2023,2023,7,4,7,1104,14,609,962,0,1,3,-33.803019,150.897149,7,0,2,1,0,0,0,0,2,0,7,100,2,1282,1282,1,33,5,2,0,0,0,0
1317027,3,2023,2023,7,1,11,3371,17,108,3342,0,1,9,-33.812175,151.17556,77,0,2,1,2,0,3,4,0,2,7,60,2,14295,14295,3,0,5,2,0,0,0,0
1317028,3,2023,2023,7,4,7,145,31,147,3342,0,1,9,-33.749235,151.145931,36,0,2,1,1,0,0,0,2,2,7,60,2,1850,985,5,10,40,1,0,0,0,0
1317033,3,2023,2023,7,6,8,251,14,139,124,0,1,3,-33.842443,151.211147,49,0,2,1,1,0,0,0,2,0,7,70,2,1383,1383,1,5,22,2,0,0,0,0
1317036,3,2023,2023,7,0,6,91,27,147,187,0,1,10,-33.870763,151.141854,32,0,2,1,2,0,0,0,2,2,7,60,2,14295,14295,3,33,13,4,0,0,0,0
1317039,3,2023,2023,7,4,1,1,7,26,34609,0,1,1,-33.751253,150.879143,7,0,2,1,2,0,0,0,0,0,7,50,0,9859,9859,1,5,0,2,0,0,0,0
1317042,3,2023,2023,7,2,11,13,1,54,34609,0,1,1,-33.235374,151.508356,16,2,2,1,2,0,0,0,0,0,7,50,0,4026,4026,1,5,5,2,0,0,0,0
1317043,3,2023,2023,7,0,4,30,27,120,154,0,1,2,-33.762932,150.86319,7,0,2,1,1,0,0,3,2,0,7,60,1,14295,14295,3,5,5,2,0,0,0,0
1317044,3,2023,2023,7,0,7,1,27,13,34609,0,1,1,-28.847585,153.29858,39,2,1,1,0,0,0,0,2,0,7,80,0,4026,4026,8,5,40,1,0,0,0,0
1317047,3,2023,2023,7,0,4,220,14,58,220,0,1,3,-34.405492,150.883839,80,0,2,0,0,0,0,0,2,0,7,80,2,1282,1282,1,8,10,2,0,0,0,0
1317048,3,2023,2023,7,4,6,4,31,92,34609,0,1,1,-33.873811,150.976688,24,0,2,1,1,0,0,3,2,0,7,50,0,9859,9859,1,5,10,2,0,0,0,0
1317058,3,2023,2023,3,6,6,196,10,115,168,0,1,2,-33.961834,151.056536,25,0,2,0,0,0,0,0,2,0,7,60,2,4552,5151,8,10,40,1,0,0,0,0
1317061,3,2023,2023,7,6,9,178,31,84,34609,0,1,1,-31.102738,150.920148,70,2,1,1,1,0,0,0,2,0,7,50,0,1282,1282,1,5,40,2,0,0,0,0
1317064,3,2023,2023,7,2,1,3,27,1,34609,0,1,1,-33.425765,151.02582,31,0,2,0,0,0,3,1,0,0,7,60,0,4552,5151,8,0,40,1,0,0,0,0
1317066,3,2023,2023,7,5,6,1104,14,223,962,0,1,3,-33.806276,150.923518,7,0,2,1,2,0,0,0,2,0,7,100,2,1383,1383,1,10,2,2,0,0,0,0
1317067,3,2023,2023,7,6,9,3,23,64,34609,0,1,7,-33.764318,151.213705,50,0,2,1,1,0,0,0,2,0,0,50,0,6545,6545,4,5,5,2,0,0,0,0
1317077,3,2023,2023,0,4,8,125,27,55,123,0,1,2,-33.363373,151.451843,16,2,2,0,1,0,0,0,2,0,7,60,2,4552,5151,8,0,40,1,0,0,0,0
1317085,3,2023,2023,7,3,10,33,27,16,41,0,1,9,-33.74623,150.741341,55,0,2,1,2,0,0,0,0,2,7,50,1,515,515,1,5,0,2,0,0,0,0
1317096,3,2023,2023,0,6,6,512,17,562,441,0,1,9,-32.253509,148.603166,22,2,1,1,1,0,0,0,2,0,0,60,2,5929,5929,1,5,5,2,0,0,0,0
1317111,3,2023,2023,7,0,11,13,1,42,34609,0,1,1,-33.913964,150.903483,41,0,2,1,2,0,3,0,0,0,7,50,0,3775,3775,0,5,5,3,0,0,0,0
1317125,3,2023,2023,7,4,6,90,31,112,165,0,1,10,-33.903911,151.214125,69,0,2,1,1,0,0,0,2,2,7,60,2,1282,1282,1,0,0,4,0,0,0,0
1317146,3,2023,2023,7,4,5,3371,17,41,3342,0,1,7,-31.462558,152.819815,56,2,1,0,0,0,0,0,2,0,0,60,2,14295,14295,3,5,5,2,0,0,0,0
1317152,3,2023,2023,3,3,1,105,17,223,136,0,1,10,-33.806649,150.916503,7,0,2,1,2,0,0,0,0,2,7,60,2,395,395,1,5,13,2,0,0,0,0
1317156,3,2023,2023,0,2,8,3,24,29,34609,0,1,1,-33.73117,150.743206,55,0,2,1,0,0,0,0,3,0,7,50,0,3775,3775,0,10,0,2,0,0,0,0
1317163,3,2023,2023,0,4,9,5,31,62,34609,0,1,1,-33.891224,151.142418,32,0,2,1,0,0,0,0,0,0,7,50,0,9859,9859,1,0,5,2,0,0,0,0
1317169,3,2023,2023,7,0,4,35,27,13,34,0,1,9,-29.949025,151.207502,33,2,1,1,0,0,3,3,2,0,7,60,1,2852,2852,4,5,40,2,0,0,0,0
1317173,3,2023,2023,7,5,10,1,27,115,34609,0,1,9,-33.953765,151.061798,25,0,2,1,1,0,0,0,0,0,7,50,0,1282,1282,1,33,5,2,0,0,0,0
1317176,3,2023,2023,0,4,11,44,1,126,34609,0,1,2,-33.948726,150.808921,41,0,2,1,2,0,0,0,0,0,7,60,0,14295,14295,3,5,40,2,0,0,0,0
1317186,3,2023,2023,7,5,3,31,23,139,187,0,1,10,-33.873375,151.13707,32,0,2,1,1,0,0,0,1,2,7,60,2,1282,1282,1,10,5,2,0,0,0,0
1317187,3,2023,2023,0,4,8,56,31,119,126,0,1,9,-32.755626,151.756659,57,2,1,1,1,0,3,3,2,2,7,60,2,14295,14295,3,0,13,2,0,0,0,0
1317191,3,2023,2023,3,2,6,1,31,71,34609,0,1,1,-33.968527,151.076556,25,0,2,1,1,0,0,0,2,0,7,50,0,9859,9859,8,0,40,4,0,0,0,0
1317215,3,2023,2023,0,3,0,147,27,25,34609,0,1,10,-33.864949,151.280821,76,0,2,1,0,0,0,0,0,0,7,50,0,945,945,5,0,40,1,0,0,0,0
1317244,3,2023,2023,7,3,1,10,31,74,34609,0,1,9,-33.767697,150.683412,55,0,2,1,1,0,0,0,0,0,7,50,0,14295,14295,3,0,5,2,0,0,0,0
1317254,3,2023,2023,4,6,10,51,31,137,34609,0,1,1,-33.901714,150.90597,24,0,2,1,0,0,0,0,0,0,7,50,0,4026,4026,1,16,5,2,0,0,0,0
1317260,3,2023,2023,4,0,4,133,27,20,260,0,1,1,-32.934602,151.631515,37,0,2,1,1,0,3,4,2,0,7,60,2,9859,9859,1,34,23,2,0,0,0,0
1317266,3,2023,2023,7,0,4,24,31,166,34609,1,2,1,-33.906981,151.174873,32,0,2,1,2,0,0,0,2,0,7,40,0,9859,9859,1,8,36,2,0,0,0,0
1317272,3,2023,2023,4,5,1,230,27,197,284,0,1,2,-33.794996,151.135458,61,0,2,1,2,0,0,0,0,0,7,70,2,4026,4026,8,34,40,1,0,0,0,0
1317275,3,2023,2023,0,4,0,829,27,26,770,0,1,2,-33.838907,151.145551,51,0,2,0,2,0,3,3,0,0,7,70,2,4552,5151,8,5,40,1,0,0,0,0
1317312,3,2023,2023,7,6,4,10,27,271,18,0,1,1,-33.955423,151.017025,15,0,2,1,0,0,0,0,2,0,7,60,1,9859,9859,1,5,36,2,0,0,0,0
1317319,3,2023,2023,7,2,5,1,18,165,34609,0,1,9,-32.262847,150.862704,46,2,1,1,0,0,3,0,2,0,14,40,0,475,475,5,10,40,1,0,0,0,0
1317325,3,2023,2023,7,2,2,5,36,8,34609,0,1,9,-35.757171,150.208434,23,2,1,1,2,0,0,0,0,0,0,50,0,489,489,8,5,40,1,0,0,0,0
1317328,3,2023,2023,3,6,6,178,27,189,101,0,1,9,-33.951633,151.052734,25,0,2,0,1,0,0,0,2,2,9,50,1,395,395,1,10,5,2,0,0,0,0
1317336,3,2023,2023,0,3,0,19,1,28,34609,0,1,1,-34.551825,150.842883,62,0,2,1,2,0,3,4,0,0,7,50,0,4026,4026,1,34,5,2,0,0,0,0
1317339,3,2023,2023,7,3,11,55,27,179,34609,0,1,9,-33.765268,150.719343,55,0,2,1,2,0,0,0,0,0,15,50,0,489,489,8,5,40,1,0,0,0,0
1317346,3,2023,2023,0,2,0,2209,17,88,2205,0,1,2,-33.991225,151.113785,25,0,2,1,2,0,3,0,0,0,7,70,2,3775,3775,0,0,0,2,0,0,0,0
1317355,3,2023,2023,7,1,4,158,27,46,207,0,1,2,-33.878984,151.237403,81,0,2,1,1,0,3,0,2,0,7,60,2,14295,14295,3,5,40,2,0,0,0,0
1317369,3,2023,2023,7,1,4,4,10,148,34609,1,2,1,-36.049251,146.947303,0,2,1,0,1,0,0,3,2,0,9,40,0,4552,5151,8,30,40,1,0,0,0,0
1317371,3,2023,2023,7,1,4,44,27,202,563,0,1,10,-33.953918,151.038212,15,0,2,1,1,0,3,3,2,2,7,70,2,1669,1669,3,5,13,2,0,0,0,0
1317376,3,2023,2023,3,0,9,2,27,6,34609,0,1,9,-33.606875,150.689577,29,2,2,1,2,0,3,3,0,0,15,80,0,489,489,8,5,40,2,0,0,0,0
1317380,3,2023,2023,7,5,8,57,27,11,75,0,1,1,-33.493269,151.298978,16,2,2,0,1,0,3,4,3,0,7,60,1,4552,5151,8,0,40,1,0,0,0,0
1317383,3,2023,2023,4,0,8,1,31,49,34609,0,1,1,-34.045547,151.141705,68,0,2,1,0,0,3,4,2,0,7,50,0,4026,4026,1,10,13,3,0,0,0,0
1317385,3,2023,2023,0,5,2,33,1,29,34609,1,0,2,-33.920327,150.887481,41,0,2,0,1,0,0,0,0,0,7,50,0,4552,5151,1,33,4,3,0,0,0,0
1317397,3,2023,2023,7,2,7,12,6,89,34609,0,1,1,-33.380461,151.457036,16,2,2,0,1,0,0,0,2,0,7,50,0,4552,5151,8,34,40,1,0,0,0,0
1317406,3,2023,2023,7,6,6,14,31,165,34609,0,1,1,-33.853854,151.151861,14,0,2,1,1,0,3,3,2,0,7,50,0,4026,4026,1,9,5,2,0,0,0,0
1317407,3,2023,2023,0,6,2,1,27,25,34609,0,1,1,-31.564253,152.849822,56,2,1,1,0,2,0,0,0,0,7,40,0,1282,1282,1,33,5,2,0,0,0,0
1317412,3,2023,2023,7,5,9,2209,17,76,2205,0,1,7,-35.364439,150.472772,63,2,1,1,2,0,3,4,0,0,0,60,2,4026,4026,8,30,40,1,0,0,0,0
1317416,3,2023,2023,3,4,3,2209,17,144,2205,0,1,9,-34.062664,151.021773,68,0,2,1,1,0,0,0,2,0,0,70,2,775,775,4,0,13,2,0,0,0,0
1317419,3,2023,2023,7,4,1,3371,17,40,3342,0,1,2,-31.50103,152.803913,56,1,0,1,0,0,0,0,0,0,7,110,2,4026,4026,8,29,40,1,0,0,0,0
1317423,3,2023,2023,7,1,2,6,1,45,34609,0,1,1,-33.347789,151.494328,16,2,2,1,2,0,0,0,1,0,7,50,0,9859,9859,1,5,5,2,0,0,0,0
1317424,3,2023,2023,7,1,7,6,31,149,34609,0,1,1,-34.001421,151.12969,4,0,2,1,1,0,0,0,2,0,7,50,0,9859,9859,1,0,0,2,0,0,0,0
1317425,3,2023,2023,7,2,1,1,10,104,34609,1,0,1,-33.796672,150.787844,55,0,2,0,2,0,0,0,0,0,7,50,0,4552,5151,8,5,40,1,0,0,0,0
1317435,3,2023,2023,0,4,4,49,31,30,34609,0,1,2,-33.979475,151.146905,4,0,2,1,1,0,0,0,2,0,7,50,0,9859,9859,1,5,0,2,0,0,0,0
1317441,3,2023,2023,0,5,6,13,27,131,212,0,1,9,-33.780258,151.195706,36,0,2,0,0,0,0,0,2,0,7,60,2,1192,1192,1,33,0,2,0,0,0,0
1317461,3,2023,2023,7,3,11,21,31,65,18,0,1,10,-32.927059,151.784514,48,0,2,1,2,0,0,0,0,2,7,40,2,4552,985,8,5,40,1,0,0,0,0
1317470,3,2023,2023,0,4,10,478,17,89,480,1,0,7,-33.372707,151.474823,16,2,2,1,2,0,3,4,0,0,0,60,2,9859,9859,8,0,40,1,0,0,0,0
1317475,3,2023,2023,0,2,1,2261,17,243,2252,0,1,9,-33.938503,150.91341,41,0,2,1,2,0,3,0,0,2,7,60,2,395,395,1,0,5,2,0,0,0,0
1317493,3,2023,2023,7,4,3,4,31,115,34609,0,1,1,-34.037264,151.071276,68,0,2,1,1,0,0,0,2,0,7,50,0,4026,4026,1,5,12,3,0,0,0,0
1317501,3,2023,2023,0,2,0,1,1,27,34609,0,1,1,-33.760398,151.288081,50,0,2,1,2,0,0,0,0,0,7,50,0,4026,4026,1,5,5,2,0,0,0,0
1317502,3,2023,2023,0,3,1,25,27,13,34609,0,1,1,-33.639612,150.906427,71,0,2,1,0,0,3,3,0,0,7,70,0,9859,9859,8,5,40,1,0,0,0,0
1317503,3,2023,2023,0,1,7,17,27,78,30,1,2,10,-28.323244,153.394283,72,2,1,1,0,0,3,4,2,0,15,40,1,6545,6545,4,5,36,2,0,0,0,0
1317513,3,2023,2023,3,6,0,20,27,112,34609,0,1,1,-33.910374,151.203792,69,0,2,1,2,0,3,4,0,0,7,50,0,9859,9859,1,5,0,2,0,0,0,0
1317518,3,2023,2023,0,3,1,14,31,29,34609,0,1,7,-32.931537,151.765288,48,0,2,1,2,0,3,0,0,0,0,60,0,9859,9859,8,30,40,1,0,0,0,0
1317529,3,2023,2023,7,4,8,829,27,159,770,0,1,2,-33.807201,151.085251,61,0,2,1,0,0,3,3,2,0,7,60,2,14295,14295,3,5,22,3,0,0,0,0
1317556,3,2023,2023,3,3,5,1,1,52,34609,0,1,1,-33.901354,151.26863,76,0,2,0,1,0,0,0,2,0,7,50,0,220,220,1,10,5,2,0,0,0,0
1317561,3,2023,2023,3,3,8,21,27,43,34609,0,1,1,-33.558189,150.806074,29,2,2,0,0,0,0,0,2,0,7,60,0,4552,5151,8,0,40,1,0,0,0,0
1317572,3,2023,2023,4,3,3,10,31,387,34609,0,1,1,-33.931255,151.190365,4,0,2,1,1,0,0,0,1,0,7,50,0,9859,9859,1,33,0,2,0,0,0,0
1317574,3,2023,2023,4,3,4,74,23,100,260,0,1,2,-33.959302,151.157084,4,0,2,1,1,0,3,4,2,0,7,60,2,9859,9859,1,33,0,2,0,0,0,0
1317576,3,2023,2023,3,3,1,15,31,293,34609,0,1,1,-33.932607,151.054892,15,0,2,0,2,0,0,0,0,0,7,50,0,4552,5151,1,5,5,2,0,0,0,0
1317579,3,2023,2023,7,3,1,3371,17,16,3342,0,1,2,-33.173191,151.609104,37,0,2,1,2,0,0,0,0,0,7,80,2,4026,4026,8,5,40,1,0,0,0,0
1317587,3,2023,2023,7,5,11,475,1,13,34609,0,1,9,-35.163499,147.453689,75,1,0,1,0,0,0,0,0,0,0,100,0,2585,777,8,5,40,1,0,0,0,0
1317588,3,2023,2023,7,2,0,481,17,22,483,0,1,10,-28.601122,150.359853,51,2,1,1,2,0,0,0,0,0,0,50,2,945,945,5,0,40,1,0,0,0,0
1317601,3,2023,2023,0,2,11,163,27,41,165,0,1,9,-33.729102,150.819876,7,0,2,1,2,0,3,4,0,0,7,60,1,475,475,5,30,40,1,0,0,0,0
1317611,3,2023,2023,0,1,9,1,7,251,34609,0,1,1,-33.774471,150.935132,7,0,2,1,0,0,0,0,2,0,7,50,0,14295,14295,3,5,0,2,0,0,0,0