Crash ID,Degree of crash - detailed,Reporting year,Year of crash,Month of crash,Day of week of crash,Two-hour intervals,Street of crash,Street type,Town,Route no.,School zone location,School zone active,Type of location,Latitude,Longitude,LGA,Urbanisation,Conurbation 1,Alignment,Street lighting,Road surface,Surface condition,Weather,Natural lighting,Signals operation,Other traffic control,Speed limit,Road classification,RUM - code,DCA - code,First impact type,Key TU type,Other TU type,No. of traffic units involved,No. killed,No. seriously injured,No. moderately injured,No. minor-other injured
1317620,3,2023,2023,4,4,5,3371,17,44,3342,0,1,2,-32.423464,152.203431,43,1,0,0,0,0,3,4,2,0,7,110,2,4552,5151,8,0,40,2,0,0,0,0
1317636,3,2023,2023,0,2,10,84,10,51,80,0,1,1,-34.207143,150.97326,80,0,2,0,3,0,0,0,0,0,7,80,2,404,404,8,5,40,1,0,0,0,0
1317637,3,2023,2023,0,4,10,220,14,85,220,0,1,3,-34.569293,150.78163,62,0,2,1,3,0,0,0,0,0,7,100,2,1192,1192,1,5,5,2,0,0,0,0
1317642,3,2023,2023,4,6,4,154,27,136,244,0,1,10,-33.911509,151.072883,15,0,2,1,3,0,0,0,2,2,7,60,2,3775,3775,0,10,0,2,0,0,0,0
1317643,3,2023,2023,0,1,7,10,27,13,31,0,1,1,-35.961711,149.581333,58,1,0,0,3,2,0,0,2,0,7,100,1,2585,4009,8,9,40,1,0,0,0,0
1317645,3,2022,2022,2,1,8,3371,17,63,3342,0,1,7,-33.238745,151.499247,16,2,2,1,3,0,0,0,2,0,0,60,2,6545,6545,4,0,13,2,0,0,0,0
1317647,3,2023,2023,0,3,4,153,27,290,147,0,1,1,-33.949958,151.125209,4,0,2,1,3,0,0,0,2,0,7,60,2,1391,1391,1,0,40,2,0,0,0,0
1317649,3,2023,2023,0,3,7,59,27,35,53,0,1,1,-34.160343,150.720381,79,2,2,0,3,0,0,0,2,0,7,80,1,14295,14295,3,5,5,3,0,0,0,0
1317650,3,2023,2023,0,2,9,283,27,197,702,1,0,2,-33.950611,151.081738,25,0,2,1,3,0,0,0,0,0,7,60,2,14295,14295,3,5,0,3,0,0,0,0
1317653,3,2023,2023,0,0,6,128,27,74,133,0,1,10,-33.760726,150.684027,55,0,2,1,3,0,0,0,2,2,9,60,2,623,623,3,8,0,2,0,0,0,0
1317659,3,2023,2023,0,4,6,1,36,370,34609,0,1,10,-34.070947,150.782595,13,0,2,1,3,0,0,0,2,0,0,50,0,6545,6545,4,5,13,3,0,0,0,0
1317662,3,2023,2023,0,2,6,4,31,175,34609,0,1,10,-33.777874,151.072454,54,0,2,1,3,0,0,0,2,0,15,50,0,217,217,1,0,5,2,0,0,0,0
1317663,3,2023,2023,0,1,6,2209,17,23,2205,0,1,9,-35.61199,150.255416,23,1,0,1,3,0,0,0,2,0,0,100,2,237,162,8,30,40,1,0,0,0,0
1317664,3,2023,2023,0,1,8,6,27,8,34609,0,1,1,-34.59273,146.471049,51,1,0,0,3,0,0,0,3,0,7,100,0,418,714,5,5,40,1,0,0,0,0
1317665,3,2023,2023,0,3,8,31,27,5,78,0,1,1,-33.831344,149.97763,51,1,0,0,3,0,3,4,3,0,7,100,1,782,957,5,0,40,1,0,0,0,0
1317672,3,2023,2023,0,0,4,481,17,2,483,0,1,10,-35.464575,145.671542,51,1,0,1,3,0,3,0,2,0,7,110,2,4026,4026,8,5,40,1,0,0,0,0
1317675,3,2023,2023,0,5,9,36,27,7,39,0,1,1,-32.438225,149.08434,22,1,0,0,3,0,0,0,0,0,7,100,2,1089,1089,7,0,40,1,0,0,0,0
1317679,3,2023,2023,0,6,9,71,17,5,71,0,1,1,-35.254649,144.834649,51,1,0,0,3,0,3,4,0,0,7,110,2,1089,1089,7,29,40,1,0,0,0,0
1317683,3,2023,2023,0,0,11,90,31,174,126,0,1,10,-33.892235,151.21693,69,0,2,1,3,0,3,4,0,2,7,60,2,782,985,5,5,40,1,0,0,0,0
1317686,3,2023,2023,0,4,3,6,31,105,34609,0,1,9,-32.720336,151.517356,42,2,1,1,3,0,0,0,2,0,7,50,0,150,150,4,10,5,2,0,0,0,0
1317690,3,2023,2023,0,4,9,147,27,224,605,0,1,2,-33.827165,151.231715,45,0,2,1,3,0,0,0,0,0,7,60,2,9859,9859,1,19,19,4,0,0,0,0
1317692,3,2023,2023,0,0,9,41,27,58,80,0,1,9,-32.976604,151.67125,37,0,2,1,3,0,0,0,0,0,15,60,1,775,775,4,5,40,2,0,0,0,0
1317695,3,2023,2023,0,2,5,3371,17,65,3342,0,1,7,-33.384906,151.366221,16,2,2,1,3,0,0,0,2,0,0,60,2,926,926,4,5,13,2,0,0,0,0
1317702,3,2023,2023,0,3,5,1,27,5,34609,0,1,1,-28.6769,153.414498,39,1,0,0,3,2,0,0,2,0,7,100,0,3775,3775,0,5,0,2,0,0,0,0
1317703,3,2023,2023,0,0,7,171,27,73,369,0,1,2,-33.734817,150.717483,55,0,2,1,3,0,0,0,2,0,7,70,2,14295,14295,3,5,5,2,0,0,0,0
1317704,3,2023,2023,0,3,9,1,27,4,34609,0,1,1,-28.501838,153.432613,10,1,0,1,3,2,0,6,0,0,7,100,0,9859,9859,8,10,40,1,0,0,0,0
1317705,3,2023,2023,0,4,4,3,31,20,34609,0,1,10,-33.974775,151.092551,25,0,2,1,3,0,3,4,2,0,0,50,0,6545,6545,4,10,5,2,0,0,0,0
1317710,3,2023,2023,0,6,6,2,27,4,34609,0,1,1,-35.579275,149.636288,58,1,0,1,3,2,0,0,2,0,7,100,0,9859,9859,8,0,40,1,0,0,0,0
1317712,3,2023,2023,0,0,2,85,27,53,145,0,1,9,-33.798835,151.046463,54,0,2,1,3,0,0,0,1,2,7,70,2,5929,5929,1,5,0,2,0,0,0,0
1317714,3,2023,2023,0,4,8,26,27,239,34609,0,1,9,-34.041932,151.123828,68,0,2,1,3,0,3,3,2,0,7,50,0,1669,1669,3,10,36,2,0,0,0,0
1317716,3,2023,2023,0,2,10,344,27,88,163,0,1,2,-33.740157,150.862113,7,0,2,1,3,0,0,0,0,0,7,70,2,14295,14295,3,5,13,2,0,0,0,0
1317718,3,2023,2023,7,6,7,22,22,532,22,0,1,3,-33.861015,151.21372,69,0,2,1,3,0,0,0,2,0,7,80,2,14295,14295,3,10,13,2,0,0,0,0
1317720,3,2023,2023,0,2,5,3371,17,104,3342,0,1,2,-32.82519,151.683878,48,0,2,1,3,0,0,0,2,0,7,80,2,14295,14295,3,5,25,3,0,0,0,0
1317721,3,2023,2023,3,3,8,46,27,69,34609,0,1,9,-33.770452,150.989589,54,0,2,1,3,0,0,0,2,0,7,50,0,14295,14295,3,5,36,2,0,0,0,0
1317722,3,2023,2023,0,6,5,29,27,137,30,0,1,1,-33.904845,150.890049,24,0,2,1,3,0,0,0,2,0,7,60,1,9859,9859,1,5,0,3,0,0,0,0
1317723,3,2023,2023,7,2,1,5,27,55,34609,1,0,9,-36.215566,149.131687,65,2,1,1,2,0,0,0,0,0,4,60,0,4026,4026,8,5,40,1,0,0,0,0
1317724,3,2023,2023,0,6,6,6,27,64,13,0,1,9,-33.697627,150.758889,55,0,2,1,3,0,0,0,2,0,0,70,1,475,475,5,5,40,1,0,0,0,0
1317726,3,2023,2023,7,0,5,68,31,363,34609,0,1,10,-33.816485,151.001157,54,0,2,1,3,0,0,0,2,2,7,50,0,515,515,1,0,12,2,0,0,0,0
1317730,3,2023,2023,0,5,3,13,27,151,34609,0,1,1,-34.029933,150.848994,13,0,2,1,3,0,0,0,1,0,9,50,0,14295,14295,3,30,36,2,0,0,0,0
1317734,3,2023,2023,0,2,7,6,10,104,34609,0,1,9,-33.729111,150.928784,7,0,2,1,0,0,0,0,2,0,7,50,0,14295,14295,3,5,5,2,0,0,0,0
1317735,3,2023,2023,0,3,7,15,31,47,34609,0,1,1,-35.714386,147.318712,27,2,1,1,3,0,2,6,2,0,7,50,0,1282,1282,1,0,40,1,0,0,0,0
1317736,3,2023,2023,0,2,7,1,27,12,34609,0,1,9,-33.862705,149.694099,51,1,0,1,3,0,0,3,2,0,7,100,0,2585,777,8,5,40,1,0,0,0,0
1317739,3,2023,2023,0,3,8,149,36,120,81,0,1,7,-32.194214,152.51442,43,2,1,1,3,0,0,3,2,0,0,60,2,6545,6545,4,0,5,2,0,0,0,0
1317740,3,2023,2023,0,6,11,866,17,247,793,0,1,2,-33.823592,150.962301,21,0,2,1,3,0,0,0,0,0,7,70,2,14295,14295,3,5,5,2,0,0,0,0
1317743,3,2023,2023,0,5,5,31,27,6,78,0,1,1,-33.833748,149.991825,51,1,0,0,3,0,0,0,2,0,7,100,1,2585,4009,8,5,40,1,0,0,0,0
1317745,3,2022,2022,2,2,6,37,27,173,115,0,1,10,-33.715114,151.131874,36,0,2,1,3,0,0,0,2,2,7,60,1,14295,14295,3,10,5,3,0,0,0,0
1317746,3,2023,2023,0,0,8,4,27,3,26,0,1,1,-34.59855,147.005497,51,1,0,0,3,0,0,0,3,0,7,100,1,1089,1089,7,5,40,1,0,0,0,0
1317748,3,2023,2023,0,5,8,15,31,62,34609,0,1,1,-33.744956,150.609316,8,2,2,1,3,0,0,0,3,0,7,50,0,14295,14295,3,5,13,2,0,0,0,0
1317749,3,2023,2023,0,3,2,35,27,53,34609,0,1,1,-35.147506,149.336234,58,1,0,1,3,0,3,4,0,0,7,100,0,9859,9859,8,21,40,1,0,0,0,0
1317754,3,2023,2023,0,5,8,73,7,28,34609,0,1,9,-35.368208,149.223151,58,2,1,1,3,0,0,0,4,0,7,50,0,1669,1669,3,10,13,2,0,0,0,0
1317756,3,2023,2023,3,3,11,1,31,80,34609,0,1,1,-34.548857,146.376718,51,2,1,1,0,0,0,0,0,0,7,50,0,220,220,1,10,41,2,0,0,0,0
1317757,3,2023,2023,0,4,4,125,27,55,123,0,1,7,-33.367576,151.466456,16,2,2,1,3,0,3,4,2,0,0,60,2,14295,14295,3,5,5,2,0,0,0,0
1317758,3,2023,2023,0,0,3,98,27,609,136,0,1,9,-33.777122,150.920029,7,0,2,1,3,0,0,0,2,0,0,60,2,5929,5929,1,0,5,2,0,0,0,0
1317759,3,2023,2023,0,2,7,74,23,30,260,0,1,9,-33.985824,151.14729,4,0,2,1,3,0,0,0,2,2,7,60,2,1391,1391,1,5,0,2,0,0,0,0
1317761,3,2023,2023,7,5,8,916,17,23,917,0,1,1,-31.685322,150.766301,51,1,0,0,3,0,3,4,2,0,7,100,2,1259,5151,8,29,40,1,0,0,0,0
1317765,3,2023,2023,0,2,11,8,31,35,34609,1,0,10,-35.347281,149.214708,58,2,1,1,3,0,0,0,0,0,0,50,0,217,217,1,5,5,2,0,0,0,0
1317766,3,2023,2023,0,4,7,23,27,53,36,0,1,1,-35.181729,149.281261,58,1,0,1,3,0,0,0,2,0,7,90,1,4026,4026,8,5,40,1,0,0,0,0
1317767,3,2023,2023,0,5,5,112,17,27,112,1,0,1,-31.558254,143.3776,51,2,1,1,3,0,0,0,2,0,7,50,2,1282,1282,1,5,40,1,0,0,0,0
1317774,3,2023,2023,0,1,9,32,27,52,88,0,1,1,-33.676159,150.730259,55,0,2,1,0,0,0,0,3,0,7,80,2,1089,1089,7,0,40,1,0,0,0,0
1317777,3,2023,2023,0,6,8,97,17,61,34609,0,1,9,-35.189965,149.226304,58,1,0,1,0,0,0,0,2,0,15,100,0,775,775,4,34,13,2,0,0,0,0
1317782,3,2023,2023,0,5,9,194,31,134,65,0,1,1,-33.674527,150.861048,7,0,2,1,3,0,0,0,0,0,7,50,1,9859,9859,1,5,13,2,0,0,0,0
1317783,3,2023,2023,0,2,2,2126,17,609,2149,0,1,10,-33.798002,150.897025,7,0,2,1,3,0,0,0,1,2,7,80,2,14295,14295,3,5,10,2,0,0,0,0
1317793,3,2023,2023,0,2,8,1,27,50,34609,0,1,9,-33.627466,151.336145,50,0,2,1,3,0,0,0,2,0,7,50,0,1282,1282,1,0,5,2,0,0,0,0
1317796,3,2023,2023,0,6,8,234,27,112,217,0,1,1,-33.664228,151.026252,31,0,2,0,3,0,0,0,2,0,7,70,2,2585,4009,8,10,40,1,0,0,0,0
1317797,3,2023,2023,0,0,9,344,27,88,163,0,1,2,-33.737366,150.853638,7,0,2,0,3,0,0,0,0,0,7,70,2,1981,1981,4,5,5,2,0,0,0,0
1317799,3,2023,2023,0,1,5,18,31,62,34609,0,1,1,-34.08705,150.817151,13,0,2,1,3,0,0,0,2,0,7,50,0,1981,1981,4,0,0,2,0,0,0,0
1317822,3,2023,2023,3,1,9,330,1,144,34609,0,1,1,-34.060808,151.010114,68,0,2,1,1,0,0,0,2,0,7,50,0,323,323,1,10,5,2,0,0,0,0
1317830,3,2023,2023,0,6,4,104,27,443,702,0,1,9,-33.897527,151.065676,15,0,2,1,0,0,0,0,2,0,0,70,2,775,775,4,33,5,2,0,0,0,0
1317838,3,2023,2023,0,0,0,23,27,61,91,0,1,1,-35.199038,149.26396,58,2,1,1,0,0,3,0,0,0,7,80,2,9859,9859,8,10,40,1,0,0,0,0
1317846,3,2023,2023,7,1,5,74,27,41,260,0,1,2,-32.958484,151.615869,37,0,2,1,1,0,3,4,2,0,7,80,2,9859,9859,8,5,40,1,0,0,0,0
1317847,3,2023,2023,0,0,11,32,27,10,34609,0,1,1,-34.739684,149.682894,26,1,0,0,0,0,3,4,0,0,7,100,0,2585,4009,8,5,40,1,0,0,0,0
1317854,3,2023,2023,0,1,10,149,10,346,702,0,1,10,-33.867909,151.064212,67,0,2,1,2,0,0,0,0,2,7,80,2,1192,1192,1,33,19,2,0,0,0,0
1317858,3,2023,2023,7,2,5,3371,17,28,3342,0,1,2,-32.641183,151.930102,57,1,0,1,0,0,3,4,2,0,7,110,2,1383,1383,1,10,0,2,0,0,0,0
1317859,3,2023,2023,0,2,7,56,31,113,34609,0,1,10,-29.47615,149.852289,51,2,1,1,1,0,0,0,2,0,7,50,0,1850,985,5,16,40,1,0,0,0,0
1317863,3,2023,2023,0,2,10,1,1,110,34609,0,1,1,-33.754202,151.037791,71,0,2,1,2,0,0,0,0,0,7,50,0,9859,9859,1,0,5,2,0,0,0,0
1317874,3,2023,2023,7,1,11,220,27,104,222,0,1,10,-33.725355,150.939898,7,0,2,1,2,0,3,4,0,2,7,80,2,14295,14295,3,0,5,2,0,0,0,0
1317879,3,2023,2023,7,2,5,2,27,15,34609,0,1,1,-31.664087,147.808083,51,1,0,1,0,0,0,0,2,0,7,100,0,1282,1282,1,5,40,1,0,0,0,0
1317890,3,2023,2023,0,6,9,2126,17,80,2149,0,1,10,-33.756117,150.652893,55,0,2,1,2,0,0,0,0,0,7,60,2,5929,5929,1,10,36,2,0,0,0,0
1317950,3,2023,2023,7,6,7,2,31,53,34609,0,1,9,-30.643443,152.995871,47,2,1,1,0,0,0,0,2,0,7,50,0,9859,9859,8,5,40,1,0,0,0,0
1317954,3,2023,2023,0,2,10,10,4,104,34609,0,1,9,-33.808329,150.776252,55,0,2,0,2,0,0,3,0,0,7,50,0,4552,985,8,34,40,1,0,0,0,0
1317994,3,2023,2023,7,0,6,93,10,283,125,0,1,1,-33.83295,151.011584,21,0,2,1,1,0,0,0,2,0,7,60,1,9859,9859,1,5,36,4,0,0,0,0
1318006,3,2023,2023,7,0,3,9,31,14,34609,0,1,1,-33.953279,151.226731,4,0,2,1,0,0,0,0,2,0,7,50,0,1282,1282,1,33,13,2,0,0,0,0
1318009,3,2023,2023,0,2,0,84,10,9,80,0,1,1,-34.222502,150.99315,80,0,2,0,0,0,3,3,0,0,7,60,2,2585,4009,8,5,40,1,0,0,0,0
1318032,3,2023,2023,0,5,10,191,27,20,208,0,1,1,-33.792802,151.090069,61,0,2,1,2,0,0,0,0,0,7,60,2,1282,1282,1,5,5,2,0,0,0,0
1318035,3,2023,2023,0,0,8,23,27,136,101,0,1,2,-32.933509,151.71336,48,0,2,1,1,0,0,0,2,0,7,60,2,9859,9859,1,5,13,3,0,0,0,0
1318038,3,2023,2023,7,3,7,3371,17,35,3342,0,1,2,-32.127311,152.357998,43,1,0,1,0,0,0,0,2,0,7,100,2,1282,1282,1,3,5,2,0,0,0,0
1318045,3,2023,2023,0,1,1,12,27,15,34609,0,1,9,-33.797747,151.03987,54,0,2,1,2,0,0,0,0,0,0,50,0,9859,9859,8,21,40,1,0,0,0,0
1318046,3,2023,2023,3,0,8,3371,17,54,3342,0,1,9,-33.08766,151.639027,37,0,2,1,1,0,0,0,2,0,7,60,2,1383,1383,1,5,0,2,0,0,0,0
1318067,3,2023,2023,7,3,10,165,31,174,34609,0,1,1,-33.892369,151.202214,69,0,2,1,2,0,0,0,0,0,7,40,0,1282,1282,1,33,5,3,0,0,0,0
1318076,3,2023,2023,0,4,9,85,31,66,34609,0,1,1,-34.486424,150.896392,80,0,2,1,2,0,0,0,0,0,7,50,0,9859,9859,1,10,0,3,0,0,0,0
1318083,3,2023,2023,0,3,11,59,31,41,34609,0,1,9,-33.821785,151.010853,54,0,2,1,2,0,0,0,0,0,7,50,0,237,397,1,5,12,4,0,0,0,0
1318084,3,2023,2023,3,2,9,1104,14,223,962,0,1,3,-33.806456,150.926712,7,0,2,1,1,0,0,0,2,0,7,100,2,14295,14295,3,5,5,4,0,0,0,0
1318092,3,2023,2023,0,0,10,23,23,169,34609,0,1,1,-28.635592,153.635671,10,2,1,0,2,0,0,0,0,0,7,50,0,4552,5151,8,5,40,1,0,0,0,0
1318102,3,2023,2023,0,2,10,3371,17,90,3342,0,1,2,-28.243744,153.555015,72,1,0,1,2,0,0,0,0,0,7,110,2,4026,4026,8,3,40,1,0,0,0,0
1318112,3,2023,2023,0,3,10,171,1,80,104,0,1,9,-33.936304,151.209145,4,0,2,1,2,0,3,4,0,2,7,70,2,6545,6545,4,5,5,3,0,0,0,0
1318160,3,2023,2023,4,4,5,2261,17,59,2252,0,1,3,-33.979147,150.867631,13,0,2,0,1,0,0,0,2,0,7,110,2,404,404,8,0,40,1,0,0,0,0
1318161,3,2023,2023,4,4,5,2261,17,59,2252,0,1,3,-33.979147,150.867631,13,0,2,0,1,0,0,0,2,0,7,110,2,404,404,8,30,40,1,0,0,0,0
1318169,3,2023,2023,4,4,5,2261,17,59,2252,0,1,3,-33.979147,150.867631,13,0,2,0,1,0,0,0,2,0,7,110,2,404,404,8,5,40,1,0,0,0,0
1318172,3,2023,2023,4,4,5,2261,17,59,2252,0,1,3,-33.979147,150.867631,13,0,2,0,1,0,0,0,2,0,7,110,2,404,404,8,0,40,1,0,0,0,0
1318191,3,2023,2023,0,0,10,18,36,9,8,0,1,1,-35.591827,146.301479,51,1,0,1,3,0,0,0,0,0,7,100,1,1089,1089,7,0,40,1,0,0,0,0
1318195,3,2023,2023,4,6,10,293,31,363,34609,0,1,10,-33.814781,151.001717,54,0,2,1,2,0,0,0,0,2,5,40,0,515,515,1,0,5,2,0,0,0,0
1318204,3,2023,2023,0,0,0,17,31,18,58,0,1,9,-32.922948,151.760584,48,0,2,1,3,0,0,0,0,0,7,60,2,2585,777,8,30,40,1,0,0,0,0
1318208,3,2023,2023,0,2,6,84,27,61,415,0,1,2,-33.771182,151.135789,36,0,2,1,3,0,3,4,2,0,7,70,2,14295,14295,3,5,13,2,0,0,0,0
1318209,3,2023,2023,0,1,9,1,7,64,34609,0,1,1,-34.382417,150.902999,80,0,2,1,3,0,3,4,4,0,7,50,0,4026,4026,1,5,5,3,0,0,0,0
1318210,3,2023,2023,7,2,4,829,27,363,4,1,0,10,-33.80849,151.003814,54,0,2,1,1,0,0,0,2,2,7,60,1,6545,6545,4,5,0,3,0,0,0,0
1318211,3,2023,2023,0,5,4,102,27,44,34609,0,1,2,-34.562985,150.844035,62,0,2,0,3,0,0,0,2,0,7,60,0,1259,5151,8,5,40,1,0,0,0,0
1318213,3,2023,2023,0,0,11,293,27,247,34609,0,1,1,-33.83386,150.947583,21,0,2,0,3,0,0,0,0,0,7,50,0,1957,4009,8,5,40,1,0,0,0,0
1318214,3,2023,2023,0,3,9,103,27,438,563,0,1,2,-33.843501,151.043514,21,0,2,1,3,0,0,0,0,0,0,70,2,14295,14295,3,0,5,2,0,0,0,0
1318218,3,2023,2023,0,2,5,39,22,65,34609,0,1,1,-33.397472,151.398514,16,2,2,0,3,0,3,4,2,0,7,60,0,3775,3775,0,0,13,2,0,0,0,0
1318219,3,2023,2023,0,4,8,1104,14,460,962,0,1,3,-33.821839,150.985333,21,0,2,1,1,0,0,3,2,0,7,90,2,14295,14295,3,33,5,3,0,0,0,0
1318223,3,2023,2023,0,5,8,109,27,323,382,1,0,9,-33.785897,150.853182,7,0,2,1,3,0,0,0,2,2,7,60,2,5929,5929,1,0,0,2,0,0,0,0
1318226,3,2023,2023,0,1,9,9,23,22,34609,0,1,1,-34.500141,150.875746,80,0,2,1,2,0,0,3,3,0,7,50,0,9859,9859,1,5,5,2,0,0,0,0
1318228,3,2023,2023,0,2,3,13,31,71,34609,0,1,1,-33.775225,150.708497,55,0,2,1,0,0,0,0,2,0,7,50,0,3775,3775,0,10,5,2,0,0,0,0
1318235,3,2023,2023,0,3,6,3371,17,77,3342,0,1,2,-33.037416,151.659783,37,0,2,1,0,0,0,0,2,0,7,50,2,387,387,1,34,0,2,0,0,0,0
1318250,3,2023,2023,0,5,5,1,31,104,34609,0,1,1,-33.830008,151.215128,49,0,2,1,3,0,0,0,2,0,7,50,0,14295,14295,3,30,13,2,0,0,0,0
1318257,3,2023,2023,7,6,6,293,31,532,55,0,1,9,-33.866553,151.212409,69,0,2,1,1,0,0,3,2,2,9,40,1,1282,1282,1,30,5,3,0,0,0,0
1318261,3,2023,2023,0,5,2,33,27,304,34609,0,1,1,-33.903844,151.167072,32,0,2,1,3,0,0,0,0,0,7,50,0,9859,9859,8,5,40,1,0,0,0,0
1318269,3,2023,2023,0,4,2,104,27,443,702,0,1,2,-33.889197,151.067298,15,0,2,1,2,0,3,4,1,0,7,70,2,4026,4026,8,29,40,1,0,0,0,0
1318277,3,2023,2023,7,5,8,43,22,225,34609,0,1,1,-33.794653,151.175428,77,0,2,0,3,0,3,4,2,0,7,50,0,4552,5151,8,5,40,1,0,0,0,0
1318281,3,2023,2023,0,3,0,8,27,252,21,0,1,2,-33.928113,150.873756,41,0,2,1,3,0,0,0,0,2,9,60,2,1383,1383,1,5,5,2,0,0,0,0
1318282,3,2023,2023,0,4,9,5,10,11,34609,0,1,1,-33.487763,151.431878,16,2,2,0,3,0,3,4,4,0,7,50,0,1957,4009,8,0,40,1,0,0,0,0
1318284,3,2023,2023,0,0,7,296,27,460,293,0,1,9,-33.839824,150.999401,21,0,2,0,3,0,0,0,2,2,7,70,2,2852,2852,4,0,5,2,0,0,0,0
1318285,3,2023,2023,0,6,3,3371,17,100,3342,0,1,9,-33.809806,151.177821,38,0,2,1,3,0,0,0,2,2,7,60,2,395,395,1,5,13,2,0,0,0,0
1318286,3,2023,2023,0,4,8,1104,14,223,962,0,1,3,-33.806326,150.92535,7,0,2,1,3,0,0,0,3,0,7,100,2,14295,14295,3,0,0,2,0,0,0,0
1318289,3,2023,2023,0,0,5,60,27,40,167,0,1,2,-34.015912,151.123601,68,0,2,1,3,0,0,0,2,0,7,80,2,1192,1192,1,0,10,2,0,0,0,0
1318291,3,2023,2023,0,1,7,3371,17,21,3342,0,1,2,-31.976688,152.466653,43,1,0,0,3,0,3,3,2,0,7,110,2,1957,4009,8,10,40,1,0,0,0,0
1318294,3,2023,2023,0,2,7,109,27,38,169,0,1,10,-32.814891,151.458806,17,2,1,1,3,0,0,3,2,2,7,60,2,5929,5929,1,5,5,2,0,0,0,0
1318304,3,2023,2023,0,3,7,2209,17,106,2205,0,1,2,-33.886376,151.193943,69,0,2,1,2,0,0,0,2,0,7,50,2,9859,9859,1,33,0,2,0,0,0,0
1318308,3,2023,2023,0,2,11,6,4,74,34609,0,1,9,-34.029895,150.783642,12,0,2,1,2,0,0,0,0,0,7,50,0,9859,9859,1,0,13,2,0,0,0,0
1318334,3,2023,2023,0,6,8,1052,14,21,928,0,1,3,-32.9184,151.553433,37,0,2,0,0,0,0,0,2,0,7,110,2,101,101,8,21,40,2,0,0,0,0
1318348,3,2023,2023,0,6,8,9,31,77,34609,0,1,9,-32.567368,151.165054,64,2,1,1,3,0,0,0,3,0,7,40,0,237,162,8,0,40,1,0,0,0,0
1318350,3,2023,2023,7,5,5,6,31,173,34609,0,1,9,-33.880179,151.222168,69,0,2,1,3,0,0,3,2,0,7,50,0,9859,9859,1,8,13,3,0,0,0,0
1318351,3,2023,2023,0,2,4,36,27,8,72,0,1,1,-28.711184,153.450171,10,2,1,0,3,0,3,4,2,0,7,80,2,1850,1463,5,10,40,1,0,0,0,0
1318359,3,2023,2023,0,1,2,9,27,10,34609,1,0,9,-33.934488,151.125221,4,0,2,1,3,0,3,4,1,0,0,50,0,4552,985,1,5,0,2,0,0,0,0
1318361,3,2023,2023,0,2,4,17,36,57,72,0,1,1,-28.637554,153.546736,10,2,1,0,3,0,3,4,2,0,7,60,2,4552,5151,8,0,40,1,0,0,0,0
1318365,3,2023,2023,0,4,5,56,31,119,126,0,1,9,-32.755626,151.756659,57,2,1,1,3,0,3,4,2,2,7,60,2,14295,14295,3,5,0,3,0,0,0,0
1318367,3,2023,2023,0,2,9,8,31,290,34609,0,1,7,-33.959606,151.11857,4,0,2,1,3,0,0,0,0,0,0,50,0,926,926,4,5,0,2,0,0,0,0
1318368,3,2023,2023,0,4,3,133,27,20,260,0,1,2,-32.932652,151.637704,37,0,2,1,3,0,0,0,1,0,7,60,2,1391,1391,1,5,36,2,0,0,0,0
1318374,3,2023,2023,0,2,11,2126,17,247,2149,0,1,9,-33.808467,150.937199,21,0,2,1,3,0,3,2,0,2,7,80,2,775,775,4,5,5,2,0,0,0,0
1318376,3,2023,2023,0,3,9,133,31,646,97,0,1,9,-33.917289,151.021925,15,0,2,1,1,0,0,0,2,0,15,60,1,256,256,4,0,0,2,0,0,0,0
1318378,3,2023,2023,0,3,7,2,27,6,34609,0,1,9,-30.605117,152.843242,47,1,0,0,0,0,0,0,2,0,7,100,0,418,777,5,0,40,1,0,0,0,0
1318384,3,2023,2023,0,4,8,12,31,58,43,0,1,10,-28.538991,153.548254,10,2,1,1,1,0,0,0,3,0,0,50,1,1282,1282,1,33,0,2,0,0,0,0
1318401,3,2023,2023,7,3,4,9,27,4,39,0,1,1,-31.45262,149.874376,51,1,0,1,3,0,3,4,2,0,7,100,1,1089,1089,7,8,40,1,0,0,0,0
1318422,3,2023,2023,0,2,5,234,27,34,228,0,1,1,-33.423616,150.975976,31,0,2,0,3,0,0,0,2,0,7,80,2,1850,1463,5,5,40,1,0,0,0,0
1318423,3,2023,2023,0,4,6,27,27,54,65,0,1,1,-33.693597,150.972246,71,0,2,1,3,0,3,4,2,0,7,60,1,9859,9859,8,0,40,1,0,0,0,0
1318424,3,2023,2023,0,0,7,27,31,562,34609,0,1,1,-32.247279,148.599958,22,2,1,1,3,0,0,0,2,0,7,50,0,1669,1669,3,0,5,2,0,0,0,0
1318425,3,2023,2023,0,3,9,45,1,16,34609,0,1,10,-34.564152,150.836636,62,0,2,1,3,0,3,4,0,2,7,50,0,6545,6545,4,0,5,2,0,0,0,0
1318426,3,2023,2023,0,0,9,25,27,5,143,1,0,1,-33.141193,149.693531,3,2,1,1,3,0,1,4,3,0,7,50,2,9859,9859,1,0,13,2,0,0,0,0
1318428,3,2023,2023,0,1,4,17,27,252,34609,0,1,1,-33.93073,150.88199,41,0,2,1,0,0,0,0,2,0,7,60,0,9859,9859,8,9,40,1,0,0,0,0
1318432,3,2023,2023,0,2,11,80,31,66,172,0,1,1,-32.927534,151.636748,37,0,2,1,2,0,0,0,0,0,7,50,2,9859,9859,8,5,40,1,0,0,0,0
1318435,3,2023,2023,0,2,1,119,31,145,140,0,1,1,-33.927104,151.122212,15,0,2,1,3,0,0,0,0,0,7,50,1,9859,9859,1,5,5,2,0,0,0,0