Crash ID,Degree of crash - detailed,Reporting year,Year of crash,Month of crash,Day of week of crash,Two-hour intervals,Street of crash,Street type,Town,Route no.,School zone location,School zone active,Type of location,Latitude,Longitude,LGA,Urbanisation,Conurbation 1,Alignment,Street lighting,Road surface,Surface condition,Weather,Natural lighting,Signals operation,Other traffic control,Speed limit,Road classification,RUM - code,DCA - code,First impact type,Key TU type,Other TU type,No. of traffic units involved,No. killed,No. seriously injured,No. moderately injured,No. minor-other injured
1318437,3,2023,2023,0,1,0,109,27,204,105,1,0,1,-33.895155,150.940999,24,0,2,0,3,0,3,3,0,0,7,60,2,4552,5151,8,5,40,1,0,0,0,0
1318441,3,2023,2023,0,1,9,15,1,134,36,1,0,1,-33.523815,151.313782,16,2,2,1,3,0,0,0,0,0,7,50,1,9859,9859,8,5,40,1,0,0,0,0
1318442,3,2023,2023,0,3,2,4,7,41,34609,0,1,1,-30.35248,153.089791,19,2,1,0,2,0,3,4,0,0,7,50,0,1957,4009,8,0,40,1,0,0,0,0
1318452,3,2023,2023,0,1,6,3371,17,9,3342,0,1,2,-29.174118,153.278818,60,1,0,0,0,0,3,4,2,0,7,110,2,4552,5151,8,0,40,1,0,0,0,0
1318471,3,2023,2023,3,6,0,153,27,188,147,0,1,9,-33.950502,151.096518,25,0,2,1,2,0,0,0,0,0,7,60,2,9859,9859,8,30,40,1,0,0,0,0
1318474,3,2023,2023,0,3,1,35,31,15,262,0,1,10,-32.918192,151.738474,48,0,2,1,2,0,3,2,0,0,15,60,2,1282,1282,1,5,40,1,0,0,0,0
1318480,3,2023,2023,0,4,10,35,1,14,52,0,1,7,-33.719602,150.781904,7,0,2,1,3,0,0,0,0,0,0,70,1,14295,14295,3,5,5,2,0,0,0,0
1318486,3,2023,2023,0,5,6,171,31,13,34609,0,1,1,-33.868613,151.251535,81,0,2,1,3,0,0,0,2,0,7,50,0,9859,9859,1,9,13,4,0,0,0,0
1318487,3,2023,2023,0,3,6,829,27,149,770,0,1,2,-33.864458,151.171019,32,0,2,1,3,0,0,3,2,0,7,60,2,14295,14295,3,5,0,2,0,0,0,0
1318488,3,2023,2023,0,1,2,1,27,12,34609,0,1,1,-34.838973,149.13042,74,1,0,1,3,2,0,0,0,0,7,100,0,9859,9859,8,10,40,1,0,0,0,0
1318492,3,2023,2023,0,0,5,515,14,243,518,0,1,3,-33.965906,150.87505,41,0,2,1,3,0,0,0,2,0,7,100,2,14295,14295,3,0,5,4,0,0,0,0
1318494,3,2023,2023,7,4,5,13,27,95,34609,0,1,9,-34.395564,150.898849,80,0,2,1,3,0,0,0,2,0,7,50,0,926,926,4,30,5,2,0,0,0,0
1318498,3,2023,2023,0,3,9,2,1,337,34609,0,1,1,-33.725778,150.981016,71,0,2,0,3,0,3,3,0,0,7,50,0,380,714,5,5,40,1,0,0,0,0
1318499,3,2023,2023,0,4,9,2,10,74,34609,0,1,1,-33.732512,151.04716,31,0,2,0,3,0,0,0,3,0,7,50,0,4552,5151,8,30,40,1,0,0,0,0
1318501,3,2023,2023,0,6,9,33,31,224,34609,0,1,1,-33.822338,151.234852,45,0,2,1,3,0,0,0,0,0,7,50,0,9859,9859,1,5,3,2,0,0,0,0
1318503,3,2023,2023,0,2,9,34,31,28,25,0,1,10,-35.373926,149.233473,58,2,1,1,2,0,0,0,3,2,7,60,1,9859,9859,8,5,40,1,0,0,0,0
1318510,3,2023,2023,0,6,0,213,17,113,213,0,1,1,-29.461026,149.815554,51,2,1,1,2,0,0,0,0,0,7,50,2,9859,9859,8,0,40,1,0,0,0,0
1318531,3,2023,2023,0,3,10,13,27,11,34609,1,0,1,-33.983803,151.099851,25,0,2,1,2,0,0,0,0,0,7,50,0,9859,9859,1,10,13,2,0,0,0,0
1318535,3,2023,2023,0,0,7,28,10,179,70,0,1,1,-31.897016,152.497493,43,2,1,1,0,0,3,3,2,0,7,60,1,14295,14295,3,5,40,4,0,0,0,0
1318549,3,2023,2023,7,4,2,25,1,55,34609,0,1,1,-33.939373,150.895981,41,0,2,1,1,0,0,0,1,0,7,50,0,9859,9859,1,33,0,2,0,0,0,0
1318559,3,2023,2023,0,4,7,1052,14,83,928,0,1,3,-33.504257,151.188838,16,1,2,0,3,0,0,0,2,0,7,100,2,4552,5151,8,8,40,1,0,0,0,0
1318567,3,2023,2023,0,6,3,2209,17,48,2205,0,1,7,-36.665039,149.826602,5,2,1,1,3,0,0,0,2,0,0,80,2,945,945,5,5,40,1,0,0,0,0
1318568,3,2023,2023,0,5,8,5,27,18,34609,0,1,1,-30.690594,152.938961,47,2,1,0,3,0,0,0,2,0,7,80,0,2585,4009,8,5,40,1,0,0,0,0
1318569,3,2023,2023,0,4,6,1,31,42,34609,0,1,1,-35.339274,149.241821,58,2,1,1,1,0,0,0,2,0,7,50,0,1109,397,1,10,13,2,0,0,0,0
1318572,3,2023,2023,7,0,7,71,17,43,71,0,1,10,-36.106332,144.751829,51,2,1,1,3,0,0,0,2,2,7,50,2,6545,6545,4,0,5,2,0,0,0,0
1318574,3,2023,2023,0,6,6,1104,14,136,962,0,1,3,-33.856922,151.07021,54,0,2,1,3,0,0,3,2,0,7,90,2,14295,14295,3,5,36,2,0,0,0,0
1318582,3,2023,2023,0,2,9,171,27,115,6,0,1,10,-33.91534,151.184183,69,0,2,1,2,0,0,3,0,2,7,60,2,1282,1282,1,33,5,2,0,0,0,0
1318585,3,2023,2023,0,2,11,27,27,47,49,0,1,9,-33.777747,151.280325,50,0,2,0,2,0,0,0,0,0,15,60,1,4552,5151,1,5,5,3,0,0,0,0
1318598,3,2023,2023,0,1,8,3371,17,7,3342,0,1,2,-28.480706,153.51365,10,1,0,1,0,0,2,6,2,0,7,110,2,9859,9859,8,29,40,1,0,0,0,0
1318601,3,2023,2023,0,2,9,38,27,53,38,0,1,9,-33.364645,151.448472,16,2,2,1,2,0,0,0,0,0,7,50,1,6545,6545,4,5,5,2,0,0,0,0
1318611,3,2023,2023,7,0,8,1104,14,460,962,0,1,3,-33.826613,150.993315,54,0,2,1,3,0,0,0,2,0,7,90,2,14295,14295,3,5,0,3,0,0,0,0
1318616,3,2023,2023,4,0,8,21,27,98,174,0,1,2,-33.004874,151.574912,37,0,2,0,3,0,3,4,2,0,7,60,2,273,957,5,5,40,1,0,0,0,0
1318620,3,2023,2023,7,1,8,95,31,463,32,0,1,2,-30.280483,153.131767,19,2,1,0,1,0,3,4,2,0,7,60,1,1957,4009,8,0,40,1,0,0,0,0
1318621,3,2023,2023,0,2,4,6,27,3,34609,0,1,9,-28.854396,153.386739,2,2,1,1,3,0,3,3,2,0,0,60,0,5929,5929,1,0,5,2,0,0,0,0
1318653,3,2023,2023,0,4,9,39,31,271,21,0,1,1,-33.943383,151.006007,15,0,2,1,3,0,0,0,4,0,7,60,1,1981,1981,4,10,0,2,0,0,0,0
1318654,3,2023,2023,0,1,3,348,17,32,232,0,1,1,-32.35179,149.500625,44,1,0,0,3,0,0,1,1,0,7,100,2,14295,14295,3,33,5,2,0,0,0,0
1318655,3,2023,2023,0,0,3,55,1,167,34609,0,1,10,-33.849819,151.07391,54,0,2,1,3,0,0,0,2,2,7,60,0,5929,5929,1,0,0,2,0,0,0,0
1318657,3,2023,2023,0,0,4,10,27,60,34609,0,1,1,-33.64212,150.278881,8,2,2,0,0,0,3,4,2,0,7,60,0,4552,5151,8,30,40,1,0,0,0,0
1318660,3,2023,2023,7,1,8,3371,17,29,3342,0,1,2,-32.186378,152.326016,43,1,0,0,1,0,3,4,0,0,7,100,2,2585,4009,8,8,40,1,0,0,0,0
1318665,3,2023,2023,0,0,4,27,25,84,34609,0,1,1,-33.768872,151.107319,61,0,2,0,2,0,0,0,2,0,7,50,0,1282,1282,1,33,5,2,0,0,0,0
1318670,3,2023,2023,7,6,3,1,27,5,34609,0,1,1,-33.280646,141.806369,51,1,0,1,3,2,3,0,2,0,7,100,0,4026,4026,8,0,40,1,0,0,0,0
1318677,3,2023,2023,0,3,7,123,36,6,90,0,1,1,-31.732692,151.869487,43,2,1,0,3,0,3,3,2,0,7,80,1,1259,5151,8,10,40,1,0,0,0,0
1318678,3,2023,2023,0,6,3,23,27,45,144,0,1,9,-33.809974,150.787436,55,0,2,1,3,0,0,1,1,0,0,70,2,2852,2852,4,10,12,2,0,0,0,0
1318679,3,2023,2023,0,0,9,5,1,85,34609,0,1,1,-33.903467,150.878952,41,0,2,1,3,0,0,0,3,0,7,50,0,1981,1981,4,30,5,2,0,0,0,0
1318680,3,2023,2023,0,5,8,2,27,14,3,0,1,1,-34.592818,146.140821,51,1,0,1,3,0,0,0,2,0,7,100,1,323,323,1,5,37,2,0,0,0,0
1318686,3,2023,2023,7,2,1,34,1,293,34609,0,1,9,-33.920427,151.057522,15,0,2,1,0,0,0,0,0,0,7,50,0,9859,9859,1,5,5,3,0,0,0,0
1318688,3,2023,2023,7,4,0,48,31,10,34609,0,1,9,-32.99924,151.582757,37,0,2,1,2,0,0,0,0,0,7,50,0,489,489,8,5,40,1,0,0,0,0
1318715,3,2022,2022,2,2,0,15,23,646,34609,0,1,1,-33.919363,151.034002,15,0,2,1,2,0,3,0,0,0,7,40,0,9859,9859,1,0,36,4,0,0,0,0
1318725,3,2023,2023,0,0,4,361,23,17,34609,0,1,1,-32.731928,151.535822,42,2,1,1,3,2,0,0,2,0,7,50,0,4026,4026,8,5,40,1,0,0,0,0
1318727,3,2023,2023,0,6,3,161,17,23,161,0,1,1,-36.60511,149.433115,5,2,1,0,0,0,0,0,2,0,7,80,2,1850,1463,5,8,40,1,0,0,0,0
1318735,3,2023,2023,0,4,7,3,27,32,34609,0,1,1,-32.343062,149.563699,44,1,0,1,3,2,0,0,2,0,7,100,0,3775,3775,0,10,13,2,0,0,0,0
1318754,3,2023,2023,4,3,5,17,31,119,34609,0,1,7,-32.761126,151.742541,57,2,1,1,3,0,0,0,2,0,0,40,0,6545,6545,4,0,5,2,0,0,0,0
1318755,3,2023,2023,0,3,6,162,31,53,148,0,1,1,-32.927723,151.763165,48,0,2,1,3,0,0,0,2,0,7,60,1,2585,777,8,5,40,1,0,0,0,0
1318756,3,2023,2023,0,6,8,8,10,165,34609,0,1,1,-32.329041,150.89614,46,1,0,0,3,0,0,0,2,0,0,100,0,623,623,3,0,0,2,0,0,0,0
1318758,3,2023,2023,0,2,10,6,27,66,34609,0,1,7,-33.717709,150.917448,7,0,2,0,3,0,3,4,0,0,0,60,0,782,957,5,5,40,1,0,0,0,0
1318759,3,2023,2023,0,4,8,13,27,239,34609,0,1,1,-34.031125,151.125763,68,0,2,1,3,0,0,0,2,0,7,50,0,5929,5929,1,5,5,2,0,0,0,0
1318761,3,2023,2023,0,2,7,63,27,224,605,0,1,2,-33.806387,151.246678,45,0,2,1,3,0,3,4,2,0,7,60,2,14295,14295,3,10,36,3,0,0,0,0
1318767,3,2023,2023,8,1,8,1104,14,113,962,0,1,3,-33.785933,150.705824,55,0,2,1,3,0,0,0,2,0,7,110,2,14295,14295,3,5,5,2,0,0,0,0
1318772,3,2023,2023,8,1,11,82,31,41,34609,0,1,1,-33.862568,150.984383,24,0,2,1,3,0,0,0,0,0,7,50,0,4026,4026,1,5,13,2,0,0,0,0
1318773,3,2023,2023,0,3,8,2126,17,15,2149,0,1,2,-33.50395,150.125471,40,2,1,1,3,0,3,3,4,0,7,70,2,515,515,1,0,5,2,0,0,0,0
1318774,3,2023,2023,0,5,8,68,27,110,67,0,1,9,-33.769019,151.031218,54,0,2,1,3,0,0,0,2,2,7,60,1,1192,1192,1,0,0,2,0,0,0,0
1318776,3,2023,2023,0,3,10,3,31,80,34609,0,1,9,-33.755412,150.663937,55,0,2,1,3,0,3,3,0,0,7,50,0,9859,9859,8,10,40,1,0,0,0,0
1318777,3,2023,2023,8,6,3,36,27,70,34609,0,1,1,-33.871669,150.880715,24,0,2,0,3,0,0,0,2,0,7,50,0,1259,5151,1,5,5,4,0,0,0,0
1318778,3,2023,2023,0,3,7,265,17,6,193,0,1,1,-35.195898,147.240943,75,2,1,1,3,0,3,4,2,0,7,50,2,9859,9859,8,5,40,1,0,0,0,0
1318781,3,2023,2023,0,2,7,35,27,12,34609,0,1,1,-34.077271,150.534716,79,2,2,0,3,0,3,4,2,0,7,80,0,1850,1463,5,10,40,1,0,0,0,0
1318782,3,2023,2023,0,2,6,27,27,54,65,0,1,1,-33.695556,150.984064,71,0,2,1,3,0,3,3,2,0,7,60,1,14295,14295,3,10,0,2,0,0,0,0
1318784,3,2023,2023,7,5,4,12,27,2,34609,0,1,9,-34.430802,150.823855,80,0,2,1,3,0,0,0,2,0,7,60,0,1282,1282,1,30,5,3,0,0,0,0
1318785,3,2023,2023,8,6,11,7,36,53,10,0,1,1,-32.461921,147.961667,51,1,0,1,3,0,0,0,0,0,7,100,1,1089,1089,7,34,40,1,0,0,0,0
1318788,3,2023,2023,0,0,8,11,1,337,30,0,1,10,-33.730035,151.008712,71,0,2,1,3,0,0,0,2,2,7,60,2,5929,5929,1,10,5,2,0,0,0,0
1318789,3,2023,2023,0,0,7,1,7,74,34609,0,1,1,-34.637251,148.015466,20,2,1,1,3,0,3,2,2,0,7,50,0,9859,9859,1,0,36,2,0,0,0,0
1318790,3,2023,2023,8,6,9,1052,27,104,117,0,1,10,-32.909186,151.70522,48,0,2,1,3,0,0,0,0,2,7,60,2,6545,6545,4,0,5,2,0,0,0,0
1318799,3,2023,2023,0,5,10,1052,14,77,928,0,1,3,-33.52347,151.196363,16,1,2,0,3,0,0,0,0,0,7,90,2,14295,14295,3,29,13,2,0,0,0,0
1318800,3,2023,2023,0,2,7,60,27,239,167,1,0,10,-34.031818,151.119458,68,0,2,1,3,0,3,3,2,2,7,70,2,301,301,4,34,5,2,0,0,0,0
1318801,3,2023,2023,8,4,9,2,10,165,34609,0,1,9,-32.288104,150.91096,46,2,1,1,3,0,0,0,0,0,7,50,0,2852,2852,4,9,0,2,0,0,0,0
1318804,3,2023,2023,0,4,4,25,31,87,100,0,1,7,-34.48171,150.417261,78,2,1,1,3,0,0,0,2,0,0,50,2,6545,6545,4,0,0,2,0,0,0,0
1318805,3,2023,2023,0,6,0,1,31,30,34609,0,1,1,-33.860461,151.144237,14,0,2,1,3,0,0,0,0,0,7,50,0,237,397,1,5,40,2,0,0,0,0
1318809,3,2023,2023,0,2,10,232,36,109,331,0,1,2,-33.954368,150.861183,41,0,2,1,3,0,3,4,0,0,7,70,2,1192,1192,1,5,0,2,0,0,0,0
1318810,3,2023,2023,0,1,2,916,17,12,917,0,1,9,-32.653732,151.27515,64,1,0,1,3,0,0,0,0,0,2,100,2,775,775,4,8,0,2,0,0,0,0
1318814,3,2023,2023,0,0,6,29,27,79,34609,0,1,1,-34.906132,150.581554,63,2,1,1,3,0,0,0,2,0,7,80,0,1109,787,1,10,0,2,0,0,0,0
1318818,3,2023,2023,8,6,8,17,31,215,34609,0,1,7,-35.114344,147.372561,75,2,1,1,3,0,0,0,3,0,0,50,0,6545,6545,4,10,36,2,0,0,0,0
1318823,3,2023,2023,8,6,6,13,31,119,34609,0,1,10,-33.877151,151.167591,32,0,2,1,3,0,0,0,2,0,15,50,0,6545,6545,4,5,5,2,0,0,0,0
1318824,3,2023,2023,0,6,9,13,31,43,34609,0,1,1,-32.558572,148.948899,22,2,1,1,3,0,3,2,2,0,7,50,0,1945,1945,5,10,40,1,0,0,0,0
1318828,3,2023,2023,0,2,7,1,31,30,34609,0,1,1,-34.040307,150.817473,13,0,2,0,3,0,3,4,2,0,7,50,0,4552,5151,1,5,5,2,0,0,0,0
1318829,3,2023,2023,3,1,7,2,27,44,18,0,1,1,-32.04522,150.846602,73,2,1,1,3,0,0,0,2,0,7,60,1,4026,4026,8,5,40,1,0,0,0,0
1318830,3,2023,2023,0,6,11,512,31,55,34609,0,1,10,-33.883984,151.276273,76,0,2,1,3,0,0,3,0,0,0,50,0,9859,9859,1,5,5,4,0,0,0,0
1318831,3,2023,2023,8,1,9,25,27,147,94,0,1,1,-33.883035,151.000312,15,0,2,1,3,0,0,0,0,0,7,50,1,941,941,1,10,0,2,0,0,0,0
1318835,3,2023,2023,0,4,5,3,27,7,34609,0,1,9,-33.166416,151.577934,16,2,2,1,3,0,0,0,2,0,7,80,0,2852,2852,4,0,13,2,0,0,0,0
1318841,3,2023,2023,0,0,3,104,27,387,140,0,1,10,-33.920322,151.187922,4,0,2,1,3,0,3,3,2,2,7,60,2,101,101,8,5,10,2,0,0,0,0
1318854,3,2023,2023,8,5,7,2209,17,10,2205,0,1,2,-35.210916,150.436674,63,1,0,1,3,0,0,0,2,0,7,100,2,9859,9859,8,5,40,1,0,0,0,0
1318855,3,2023,2023,0,6,5,40,31,273,18,0,1,1,-34.42103,150.888652,80,0,2,0,3,0,0,0,2,0,7,50,1,1282,1282,1,5,0,2,0,0,0,0
1318857,3,2023,2023,0,4,3,478,17,43,480,0,1,2,-33.434542,151.30241,16,2,2,0,3,0,0,0,2,0,7,60,2,2585,4009,8,30,40,1,0,0,0,0
1318858,3,2023,2023,0,5,8,33,1,234,139,0,1,10,-34.285486,146.027394,28,2,1,1,3,0,0,0,2,0,0,60,2,6545,6545,4,30,5,2,0,0,0,0
1318859,3,2023,2023,8,6,6,17,27,78,30,1,0,10,-28.323244,153.394283,72,2,1,1,3,0,0,0,2,0,0,50,1,623,623,3,10,0,2,0,0,0,0
1318862,3,2023,2023,0,4,2,485,27,323,769,0,1,9,-33.736315,150.981724,71,0,2,1,3,0,0,0,1,3,7,70,2,14295,14295,3,5,13,4,0,0,0,0
1318864,3,2023,2023,8,1,8,346,17,106,332,0,1,7,-28.858434,153.047064,60,2,1,1,3,0,0,0,3,0,0,50,2,6545,6545,4,0,5,2,0,0,0,0
1318866,3,2023,2023,0,2,4,3,10,64,34609,0,1,9,-34.039477,150.743783,12,0,2,1,3,0,2,6,2,0,0,50,0,186,186,1,8,5,2,0,0,0,0
1318870,3,2023,2023,0,0,8,1104,14,167,962,0,1,3,-33.856873,151.070518,54,0,2,1,3,0,0,0,2,0,7,90,2,1282,1282,1,9,5,2,0,0,0,0
1318873,3,2023,2023,7,5,5,330,23,293,112,0,1,10,-33.94003,151.238741,59,0,2,1,3,0,0,0,2,3,7,50,2,6545,6545,4,5,5,2,0,0,0,0
1318874,3,2023,2023,8,0,10,16,27,53,19,0,1,9,-33.691752,151.108871,31,0,2,1,3,0,0,0,0,0,7,60,1,775,775,4,30,0,2,0,0,0,0
1318880,3,2023,2023,8,4,11,100,27,62,799,1,0,1,-33.897838,151.146839,32,0,2,1,3,0,0,0,0,0,7,60,2,1383,1383,1,5,0,2,0,0,0,0
1318881,3,2023,2023,7,2,1,361,31,41,42,0,1,1,-33.859681,150.980387,24,0,2,0,3,0,0,0,0,0,7,60,1,2585,4009,8,5,40,1,0,0,0,0
1318882,3,2023,2023,0,3,9,43,1,169,16,0,1,9,-33.760567,150.846797,7,0,2,1,2,0,0,0,0,2,15,60,2,2852,2852,4,21,5,2,0,0,0,0
1318883,3,2023,2023,8,5,5,106,27,523,106,0,1,2,-33.927677,150.907789,41,0,2,1,3,0,0,0,2,0,7,60,2,14295,14295,3,5,13,3,0,0,0,0
1318884,3,2023,2023,0,6,3,101,10,239,35,0,1,9,-34.033473,151.130117,68,0,2,0,3,0,0,0,2,0,0,60,2,150,150,4,5,5,2,0,0,0,0
1318888,3,2023,2023,0,5,0,2,27,337,34609,0,1,9,-33.72941,151.001062,71,0,2,1,3,0,3,0,0,0,7,50,0,4026,4026,8,5,40,1,0,0,0,0
1318889,3,2023,2023,0,4,6,1052,14,87,928,0,1,3,-33.043365,151.473723,37,0,2,1,3,0,0,0,2,0,7,110,2,1945,1945,5,10,40,1,0,0,0,0
1318890,3,2023,2023,0,3,11,5,31,77,34609,0,1,1,-33.862134,150.934321,24,0,2,1,3,0,0,0,0,0,7,50,0,9859,9859,1,0,0,2,0,0,0,0
1318891,3,2023,2023,8,5,9,2,7,55,34609,0,1,1,-33.741587,150.904074,7,0,2,1,3,0,0,0,3,0,7,50,0,248,248,1,5,5,2,0,0,0,0
1318892,3,2023,2023,0,3,5,2,31,159,34609,1,0,1,-33.8122,151.088458,61,0,2,1,3,0,0,0,2,0,7,50,0,1282,1282,1,5,40,1,0,0,0,0
1318902,3,2023,2023,0,0,11,1,27,66,59,0,1,1,-34.474409,150.901516,80,0,2,1,3,0,0,0,0,0,7,60,2,4026,4026,8,5,40,1,0,0,0,0
1318903,3,2023,2023,0,6,3,1,31,39,34609,0,1,1,-35.297052,148.2116,66,2,1,1,3,0,0,0,2,0,7,50,0,9859,9859,8,10,40,1,0,0,0,0
1318905,3,2023,2023,0,5,0,2261,17,201,2252,0,1,3,-33.985325,150.857846,13,0,2,0,2,0,0,0,0,0,7,110,2,2585,4009,8,5,40,1,0,0,0,0
1318906,3,2023,2023,0,3,7,2,22,293,34609,0,1,1,-33.940622,151.257189,59,0,2,1,3,0,0,0,2,0,7,50,0,9859,9859,8,0,40,2,0,0,0,0
1318916,3,2023,2023,8,4,10,3371,17,20,3342,0,1,2,-32.279843,152.333079,43,1,0,1,3,0,0,0,0,0,7,110,2,4026,4026,8,10,40,1,0,0,0,0
1318919,3,2023,2023,0,5,8,283,27,88,702,0,1,2,-33.980941,151.10794,25,0,2,1,3,0,0,0,3,0,7,70,2,14295,14295,3,0,13,2,0,0,0,0
1318920,3,2023,2023,0,5,8,24,31,112,60,1,0,10,-36.062976,146.931488,0,2,1,1,1,0,0,0,4,2,7,60,1,5929,5929,1,5,5,2,0,0,0,0
1318921,3,2023,2023,0,3,1,2209,17,106,2205,0,1,9,-34.556419,150.791865,62,0,2,1,3,0,3,4,0,2,7,70,2,9859,9859,8,5,40,1,0,0,0,0
1318922,3,2023,2023,0,3,0,91,27,161,187,0,1,10,-33.875033,151.160843,32,0,2,1,3,0,3,4,0,2,7,70,2,5929,5929,1,0,5,2,0,0,0,0
1318923,3,2023,2023,8,5,9,296,27,290,293,0,1,10,-33.85575,150.995008,21,0,2,1,3,0,0,0,0,2,7,70,2,926,926,4,5,5,2,0,0,0,0
1318927,3,2023,2023,8,5,4,2261,17,26,2252,0,1,3,-34.085473,150.769597,13,0,2,1,3,0,0,0,2,0,7,110,2,14295,14295,3,0,12,2,0,0,0,0
1318928,3,2023,2023,0,4,4,1,31,43,34609,0,1,1,-36.110496,144.754026,51,2,1,1,3,0,0,0,2,0,7,50,0,9859,9859,1,0,5,3,0,0,0,0
1318930,3,2023,2023,7,3,10,3,31,39,34609,0,1,9,-31.058213,152.828647,34,2,1,1,2,0,0,0,2,0,7,50,0,256,256,4,21,5,2,0,0,0,0
1318935,3,2023,2022,0,0,4,1,31,193,34609,0,1,1,-33.789224,151.09325,61,0,2,1,3,0,0,0,2,0,7,50,0,623,623,3,0,0,2,0,0,0,0
1318936,3,2023,2023,0,2,6,74,23,100,260,0,1,1,-33.959587,151.157026,4,0,2,1,3,0,3,4,2,0,7,60,2,14295,14295,3,5,5,3,0,0,0,0
1318939,3,2023,2023,0,2,6,15,27,151,160,0,1,9,-34.019263,150.852284,13,0,2,1,0,0,3,4,2,0,15,60,2,1259,985,8,21,40,1,0,0,0,0
1318940,3,2023,2023,0,6,9,866,27,438,34609,0,1,10,-33.849668,151.0256,21,0,2,1,3,0,0,0,3,0,15,50,0,6545,6545,4,5,19,2,0,0,0,0
1318941,3,2023,2023,0,2,10,8,1,243,34609,0,1,1,-33.955127,150.88162,41,0,2,1,3,0,3,4,0,0,7,50,0,9859,9859,1,5,0,2,0,0,0,0
1318942,3,2023,2023,0,2,11,866,17,98,793,0,1,2,-33.755028,151.048052,31,0,2,1,3,0,3,4,0,0,7,70,2,1391,1391,1,5,0,2,0,0,0,0
1318944,3,2023,2023,0,2,5,232,36,60,331,0,1,10,-34.02016,150.760949,12,0,2,1,3,0,3,4,2,2,7,80,2,14295,14295,3,5,36,2,0,0,0,0
1318945,3,2023,2023,0,0,6,1,27,3,34609,0,1,1,-29.920692,151.865902,51,1,0,1,3,2,0,0,2,0,7,100,0,945,945,5,10,40,1,0,0,0,0
1318965,3,2023,2023,0,3,0,14,27,11,34609,0,1,1,-34.544894,150.746303,80,0,2,1,2,0,0,0,0,0,7,80,0,4026,4026,8,10,40,1,0,0,0,0
1318977,3,2023,2023,0,3,9,2261,17,44,2252,0,1,2,-35.217044,147.796066,75,1,0,0,0,0,3,4,2,0,7,110,2,1259,5151,8,5,40,1,0,0,0,0
1318980,3,2023,2023,8,1,4,55,27,151,160,1,2,9,-34.027468,150.849264,13,0,2,1,0,0,0,0,2,0,0,40,2,6545,6545,4,0,0,3,0,0,0,0
1318981,3,2023,2023,0,2,7,65,31,609,115,0,1,9,-33.770877,150.903664,7,0,2,1,1,0,0,0,2,2,7,60,2,9859,9859,8,0,40,1,0,0,0,0
1318999,3,2023,2023,0,2,9,50,27,304,140,0,1,1,-33.905526,151.167555,32,0,2,0,2,0,3,3,0,0,7,60,1,3775,3775,0,0,0,2,0,0,0,0
1319010,3,2023,2023,0,3,5,39,27,143,51,0,1,9,-33.691462,151.099087,31,0,2,1,1,0,0,0,2,2,7,60,2,5929,5929,1,5,5,2,0,0,0,0
1319012,3,2023,2023,0,5,10,8,10,112,114,0,1,1,-33.447866,151.429585,16,2,2,1,2,0,0,0,0,0,7,60,2,3775,3775,0,10,0,2,0,0,0,0
1319015,3,2023,2023,0,3,10,82,27,10,103,0,1,1,-28.43383,153.295771,72,2,1,0,0,0,0,0,0,0,7,80,1,3775,3775,0,0,36,2,0,0,0,0
1319039,3,2023,2023,0,2,11,5,23,115,34609,0,1,1,-34.03437,151.078065,68,0,2,1,2,0,0,3,0,0,7,50,0,9859,9859,1,10,0,4,0,0,0,0
1319055,3,2023,2023,0,2,6,154,27,64,244,0,1,1,-33.901438,151.084788,67,0,2,1,1,0,3,0,2,0,7,60,2,1192,1192,1,33,5,2,0,0,0,0
1319061,3,2023,2023,0,0,7,4,2,54,34609,0,1,2,-28.497107,153.539858,10,2,1,1,2,0,0,6,2,0,7,50,0,9859,9859,1,5,25,2,0,0,0,0
1319065,3,2023,2023,0,4,10,9,27,8,34609,1,0,1,-33.547676,151.216469,31,0,2,1,2,0,3,4,0,0,7,50,0,9859,9859,1,5,0,2,0,0,0,0
1319069,3,2023,2023,0,0,4,3,31,148,34609,0,1,1,-36.047449,146.934695,0,2,1,1,1,0,3,4,2,0,7,50,0,4552,5151,8,5,40,1,0,0,0,0
1319077,3,2023,2023,8,1,2,21,31,69,34609,0,1,9,-33.357159,151.483593,16,2,2,1,3,0,2,6,0,0,7,50,0,4026,4026,8,5,40,1,0,0,0,0
1319079,3,2023,2023,8,1,8,2261,17,64,2252,0,1,9,-33.887133,151.072677,67,0,2,1,2,0,0,0,0,0,7,60,2,515,515,1,29,5,2,0,0,0,0
1319085,3,2023,2023,7,3,2,40,27,94,40,0,1,1,-33.882488,150.91561,24,0,2,1,0,0,0,0,0,0,7,60,1,9859,9859,1,5,5,2,0,0,0,0
1319090,3,2023,2023,0,3,10,13,27,24,12,0,1,1,-29.759212,153.116676,18,1,0,0,0,0,0,0,0,0,7,100,1,1259,5151,8,5,40,1,0,0,0,0
1319122,3,2023,2023,0,4,0,3,27,562,34609,0,1,1,-32.25797,148.646627,22,2,1,1,2,0,0,0,0,0,7,60,0,1109,787,1,10,5,2,0,0,0,0
1319145,3,2023,2023,3,6,10,82,31,179,369,0,1,10,-33.747007,150.714452,55,0,2,1,2,0,3,0,0,2,7,70,2,1192,1192,1,5,5,3,0,0,0,0
1319146,3,2023,2023,3,0,2,48,4,85,34609,0,1,7,-33.906727,150.871643,41,0,2,1,2,0,0,0,0,0,0,50,0,1282,1282,1,0,40,1,0,0,0,0
1319153,3,2023,2023,3,3,7,2261,17,96,2252,0,1,3,-34.218978,150.679028,79,1,2,1,1,0,0,0,2,0,7,110,2,1282,1282,1,33,5,2,0,0,0,0