Crash ID,Degree of crash - detailed,Reporting year,Year of crash,Month of crash,Day of week of crash,Two-hour intervals,Street of crash,Street type,Town,Route no.,School zone location,School zone active,Type of location,Latitude,Longitude,LGA,Urbanisation,Conurbation 1,Alignment,Street lighting,Road surface,Surface condition,Weather,Natural lighting,Signals operation,Other traffic control,Speed limit,Road classification,RUM - code,DCA - code,First impact type,Key TU type,Other TU type,No. of traffic units involved,No. killed,No. seriously injured,No. moderately injured,No. minor-other injured
1319188,3,2023,2023,0,5,8,36,27,6,39,0,1,1,-32.396277,149.141698,22,1,0,0,0,0,0,0,0,0,7,100,2,3775,3775,0,5,35,2,0,0,0,0
1319193,3,2023,2023,3,2,10,2,31,46,34609,0,1,1,-33.884854,150.967204,24,0,2,1,2,0,3,3,0,0,7,50,0,9859,9859,1,0,5,2,0,0,0,0
1319194,3,2023,2023,7,0,4,45,31,43,81,0,1,9,-32.177184,152.500559,43,2,1,1,1,0,0,0,2,0,0,50,2,775,775,4,0,35,2,0,0,0,0
1319219,3,2023,2023,0,1,7,2,31,140,125,0,1,1,-33.899918,151.003274,15,0,2,1,1,0,0,0,2,0,7,50,1,9859,9859,1,5,0,2,0,0,0,0
1319222,3,2023,2023,0,3,11,20,31,135,101,0,1,10,-32.897387,151.736483,48,0,2,1,2,0,0,0,0,2,7,60,2,14295,14295,3,0,5,2,0,0,0,0
1319225,3,2023,2023,0,3,11,3371,17,19,3342,0,1,2,-28.836333,153.527481,2,1,0,1,0,0,3,4,0,0,7,110,2,1089,1089,7,10,40,1,0,0,0,0
1319226,3,2023,2023,7,6,5,103,36,3,157,0,1,1,-28.498825,152.95118,51,1,0,0,1,0,0,0,2,0,7,100,2,1957,4009,8,8,40,1,0,0,0,0
1319243,3,2023,2023,7,6,11,6,27,21,34609,0,1,1,-33.247333,151.449153,16,2,2,0,2,0,0,0,0,0,7,50,0,4552,5151,8,5,40,1,0,0,0,0
1319255,3,2023,2023,0,6,10,147,27,25,34609,0,1,1,-33.879446,151.280237,76,0,2,1,2,0,0,0,0,0,7,50,0,9859,9859,1,9,0,2,0,0,0,0
1319258,3,2023,2022,2,0,1,15,31,225,34609,0,1,1,-33.795091,151.190434,77,0,2,0,0,0,0,0,0,0,7,50,0,4552,5151,8,5,40,1,0,0,0,0
1319276,3,2023,2023,0,0,10,22,31,463,34609,0,1,7,-30.301183,153.116542,19,2,1,1,2,0,0,0,0,0,0,50,0,6545,6545,4,5,5,2,0,0,0,0
1319282,3,2023,2023,0,3,3,4,27,179,66,0,1,9,-31.882379,152.437719,43,2,1,1,0,0,0,0,2,0,0,60,1,9859,9859,8,0,40,1,0,0,0,0
1319301,3,2023,2023,0,0,1,4,31,68,34609,0,1,1,-34.842762,148.905888,82,2,1,1,2,0,1,0,0,0,7,50,0,9859,9859,8,5,40,1,0,0,0,0
1319312,3,2023,2023,0,1,11,1,27,251,34609,0,1,9,-33.792381,150.932246,7,0,2,1,2,0,0,0,0,0,7,50,0,4026,4026,8,5,40,1,0,0,0,0
1319318,3,2023,2023,3,6,10,2,31,9,34609,0,1,9,-33.42832,149.589386,3,2,1,1,0,0,0,0,0,0,0,60,0,14295,14295,3,5,5,2,0,0,0,0
1319336,3,2023,2023,0,0,11,3,1,131,34609,0,1,1,-36.070746,146.918448,0,2,1,1,2,0,0,0,0,0,7,50,0,9859,9859,8,5,40,1,0,0,0,0
1319357,3,2023,2023,4,4,0,22,27,132,26,0,1,9,-29.759221,151.124665,33,2,1,1,3,0,0,0,0,0,7,60,1,9859,9859,8,0,40,1,0,0,0,0
1319358,3,2023,2023,8,0,7,224,27,387,321,1,2,10,-33.92146,151.196417,4,0,2,1,3,0,0,0,2,2,7,40,2,14295,14295,3,5,0,2,0,0,0,0
1319360,3,2023,2023,8,6,2,82,27,6,103,0,1,1,-28.467122,153.260995,72,2,1,0,3,0,0,0,1,0,7,80,1,1089,1089,7,0,40,1,0,0,0,0
1319365,3,2023,2023,8,3,11,103,27,14,98,0,1,1,-33.417926,150.805338,29,2,2,1,3,0,3,4,0,0,7,80,2,4026,4026,8,0,40,1,0,0,0,0
1319367,3,2023,2023,8,4,7,3,27,89,34609,0,1,1,-33.867292,150.884268,24,0,2,1,3,0,0,0,2,0,7,50,0,1109,787,1,5,0,2,0,0,0,0
1319371,3,2023,2023,8,4,4,344,27,44,34609,0,1,10,-33.750332,150.716992,55,0,2,1,3,0,0,0,2,0,0,50,0,14295,14295,3,10,5,2,0,0,0,0
1319373,3,2023,2023,0,1,8,36,27,9,72,0,1,1,-28.717166,153.440246,10,1,0,1,3,0,3,4,3,0,7,100,2,9859,9859,8,29,40,1,0,0,0,0
1319375,3,2023,2023,8,6,6,1,7,124,34609,0,1,9,-33.813546,151.042556,54,0,2,1,3,0,0,0,2,0,7,50,0,1282,1282,1,0,0,2,0,0,0,0
1319376,3,2023,2023,8,1,4,161,17,7,161,0,1,1,-36.1563,148.87905,65,1,0,0,3,0,1,5,2,0,7,100,2,14295,14295,3,10,0,2,0,0,0,0
1319377,3,2023,2023,8,2,7,54,27,38,563,0,1,1,-34.053092,150.971673,68,0,2,1,3,0,0,0,2,0,7,70,2,14295,14295,3,16,5,2,0,0,0,0
1319380,3,2023,2023,8,6,7,195,27,162,15,0,1,9,-33.849222,150.877017,24,0,2,1,3,0,0,0,2,0,7,50,1,1282,1282,1,5,10,2,0,0,0,0
1319383,3,2023,2023,0,4,4,2,31,11,34609,0,1,1,-33.843585,151.213074,49,0,2,1,3,0,3,4,2,0,7,50,0,9859,9859,1,5,5,3,0,0,0,0
1319384,3,2023,2023,8,2,5,3371,17,85,3342,0,1,2,-33.732758,151.126575,36,0,2,1,3,0,0,0,2,0,7,60,2,14295,14295,3,0,0,3,0,0,0,0
1319386,3,2023,2023,0,6,7,20,31,150,140,0,1,9,-33.924686,151.232349,59,0,2,1,3,0,0,0,2,0,0,50,2,6545,6545,4,9,0,2,0,0,0,0
1319390,3,2023,2023,0,0,5,2209,17,35,2205,0,1,2,-34.056491,151.041023,68,0,2,1,3,0,0,0,2,0,7,80,2,404,404,8,5,40,1,0,0,0,0
1319394,3,2023,2023,8,4,8,2126,17,94,2149,0,1,9,-33.774085,150.79029,55,0,2,1,3,0,0,0,3,0,7,60,2,1391,1391,1,5,13,2,0,0,0,0
1319395,3,2023,2023,8,1,11,3,31,225,34609,0,1,10,-33.795593,151.180343,77,0,2,1,3,0,0,0,0,2,7,40,0,4552,985,8,21,40,1,0,0,0,0
1319396,3,2023,2023,8,1,8,36,27,39,83,0,1,1,-29.429741,153.329002,18,2,1,1,3,0,0,0,2,0,7,50,1,9859,9859,1,5,40,2,0,0,0,0
1319397,3,2023,2023,8,1,4,234,27,112,217,0,1,1,-33.664524,151.026163,71,0,2,1,3,0,0,0,2,0,7,70,2,1981,1981,4,5,5,2,0,0,0,0
1319398,3,2023,2023,0,6,6,1,27,239,34609,0,1,1,-34.043041,151.130087,68,0,2,1,3,0,0,0,2,0,7,50,0,9859,9859,1,19,5,2,0,0,0,0
1319399,3,2023,2023,8,4,10,1,18,6,34609,0,1,1,-31.195453,151.057634,70,1,0,0,3,2,0,0,0,0,7,100,0,1850,1463,5,5,40,1,0,0,0,0
1319401,3,2023,2023,8,6,8,171,27,11,369,0,1,2,-33.913937,150.705276,41,0,2,1,3,0,0,0,2,2,7,80,2,14295,14295,3,9,5,2,0,0,0,0
1319403,3,2023,2023,8,0,8,515,14,271,518,0,1,3,-33.939922,151.012346,15,0,2,1,3,0,0,0,3,0,7,100,2,14295,14295,3,0,0,3,0,0,0,0
1319404,3,2023,2023,0,0,6,43,27,316,38,0,1,9,-33.903201,151.247319,59,0,2,1,0,0,0,0,2,0,7,50,1,14295,14295,3,0,5,3,0,0,0,0
1319408,3,2023,2023,8,1,3,65,27,202,563,0,1,10,-33.941377,151.035262,15,0,2,1,3,0,0,0,0,0,15,70,2,150,150,4,5,12,2,0,0,0,0
1319409,3,2023,2023,8,0,4,230,27,175,284,0,1,1,-33.770773,151.093759,54,0,2,1,3,0,0,0,2,0,7,70,2,14295,14295,3,5,0,2,0,0,0,0
1319411,3,2023,2023,8,4,2,51,27,85,34609,0,1,10,-33.910862,150.875157,41,0,2,1,3,0,0,0,0,2,7,50,0,5929,5929,1,5,5,2,0,0,0,0
1319413,3,2023,2023,8,2,6,348,17,3,232,0,1,1,-30.617755,148.223441,51,1,0,1,3,0,0,0,2,0,7,100,2,1945,1945,5,33,40,1,0,0,0,0
1319415,3,2023,2023,7,0,7,22,27,42,34609,0,1,1,-33.867652,150.832204,24,0,2,1,3,0,0,0,2,0,7,60,0,4026,4026,8,5,40,1,0,0,0,0
1319418,3,2023,2023,0,2,5,232,36,34,331,0,1,2,-33.99731,150.784139,12,0,2,1,0,0,3,4,2,0,7,80,2,14295,14295,3,5,13,2,0,0,0,0
1319419,3,2023,2023,8,6,8,229,14,278,237,0,1,3,-33.758963,151.047853,54,0,2,1,3,0,0,0,2,0,7,100,2,14295,14295,3,30,5,2,0,0,0,0
1319420,3,2023,2023,8,6,8,1104,14,323,962,0,1,3,-33.795206,150.844761,7,0,2,1,3,0,0,0,2,0,7,100,2,1391,1391,1,9,0,3,0,0,0,0
1319422,3,2023,2023,8,3,7,126,27,74,168,0,1,2,-34.053558,150.77219,12,0,2,1,3,0,0,0,2,0,7,80,2,1391,1391,1,0,5,2,0,0,0,0
1319424,3,2023,2023,8,4,4,82,27,2,31,0,1,1,-28.797995,153.225261,39,1,0,0,3,0,0,0,2,0,7,100,1,1259,5151,8,5,40,1,0,0,0,0
1319426,3,2023,2023,0,0,9,82,31,370,49,0,1,10,-34.063657,150.816999,13,0,2,1,2,0,0,0,0,2,7,60,1,5929,5929,1,0,5,2,0,0,0,0
1319428,3,2023,2023,8,5,8,90,36,12,102,0,1,1,-34.401005,147.246609,51,1,0,0,3,0,0,0,3,0,7,100,2,2585,4009,8,3,40,1,0,0,0,0
1319429,3,2023,2023,8,3,7,56,23,31,144,0,1,9,-33.893161,151.090575,9,0,2,1,3,0,0,0,2,0,7,60,2,2852,2852,4,5,0,2,0,0,0,0
1319431,3,2023,2023,8,2,6,296,27,290,293,0,1,10,-33.855762,150.995112,21,0,2,1,1,0,0,0,2,2,7,70,2,4552,985,8,5,40,1,0,0,0,0
1319432,3,2023,2023,8,6,4,46,36,11,46,0,1,9,-32.941351,149.095899,22,2,1,1,3,0,0,0,2,0,7,60,1,5929,5929,1,10,0,2,0,0,0,0
1319433,3,2023,2023,8,4,3,32,27,147,34609,0,1,9,-33.742874,151.133296,36,0,2,1,3,0,0,6,2,0,7,50,0,9859,9859,1,5,13,2,0,0,0,0
1319435,3,2023,2023,0,6,1,2261,17,39,2252,0,1,2,-35.919264,147.096296,27,1,0,0,3,0,3,1,0,0,7,110,2,2585,4009,8,8,40,1,0,0,0,0
1319437,3,2023,2023,8,2,0,229,14,36,237,0,1,3,-33.761086,151.068981,54,0,2,0,3,0,0,0,0,0,7,100,2,1391,1391,1,9,5,2,0,0,0,0
1319439,3,2023,2023,8,3,9,916,17,37,917,0,1,2,-32.668565,151.376472,17,2,1,1,3,0,0,3,3,0,7,80,2,1192,1192,1,5,13,2,0,0,0,0
1319441,3,2023,2023,8,2,8,1104,14,609,962,0,1,3,-33.803303,150.900336,7,0,2,1,3,0,0,0,3,0,7,100,2,14295,14295,3,5,5,4,0,0,0,0
1319442,3,2023,2023,8,3,5,97,17,14,88,0,1,2,-35.064951,149.373649,58,1,0,1,3,0,1,4,2,0,7,110,2,9859,9859,8,5,40,1,0,0,0,0
1319444,3,2023,2023,0,3,9,265,17,17,193,0,1,1,-35.638453,147.04435,27,1,0,1,3,0,3,0,0,0,7,100,2,945,945,5,3,40,1,0,0,0,0
1319446,3,2023,2023,8,1,8,126,27,370,168,0,1,10,-34.06522,150.793885,13,0,2,1,3,0,0,0,2,2,7,80,2,14295,14295,3,5,5,2,0,0,0,0
1319447,3,2023,2023,8,4,8,8,27,64,34609,0,1,9,-33.946665,151.004337,15,0,2,1,3,0,0,0,0,0,15,60,0,63,63,4,0,5,2,0,0,0,0
1319448,3,2023,2023,8,1,3,6,27,232,34609,1,0,7,-33.685509,150.910424,7,0,2,0,3,0,0,0,1,0,0,60,0,1391,1391,1,5,36,2,0,0,0,0
1319449,3,2023,2023,8,1,9,3,27,89,27,0,1,1,-33.670215,150.798991,55,0,2,1,3,0,0,0,3,0,7,80,1,1391,1391,1,0,10,2,0,0,0,0
1319451,3,2023,2023,8,0,5,18,27,433,41,0,1,9,-33.28308,149.068564,52,2,1,1,3,0,0,0,2,0,0,50,1,2852,2852,4,5,13,2,0,0,0,0
1319455,3,2023,2023,0,6,11,40,27,160,39,0,1,1,-33.126034,151.475335,37,0,2,0,3,0,3,4,0,0,7,90,1,77,77,1,10,40,1,0,0,0,0
1319457,3,2023,2023,8,1,4,19,27,232,34609,0,1,1,-33.677614,150.924034,71,0,2,1,3,0,0,0,2,0,7,60,0,14295,14295,3,5,0,3,0,0,0,0
1319458,3,2023,2023,8,1,7,14,27,24,34609,1,2,9,-33.958529,150.992555,15,0,2,1,3,0,0,3,2,0,7,40,0,9859,9859,1,0,5,2,0,0,0,0
1319459,3,2023,2023,8,0,9,162,31,22,122,0,1,9,-34.498132,150.888642,80,0,2,1,3,0,0,0,3,2,7,80,2,9859,9859,8,0,40,1,0,0,0,0
1319460,3,2023,2023,0,1,9,485,27,187,769,0,1,9,-33.791678,150.998111,54,0,2,0,3,0,0,0,0,3,16,60,2,14295,14295,3,5,5,2,0,0,0,0
1319462,3,2023,2023,8,2,7,36,36,9,139,0,1,10,-34.519907,146.283452,51,1,0,1,3,0,3,3,2,0,0,100,2,6545,6545,4,29,25,2,0,0,0,0
1319464,3,2023,2023,8,2,5,23,27,53,36,0,1,9,-35.202334,149.347617,58,1,0,1,3,0,0,0,2,0,7,90,1,1282,1282,1,5,5,2,0,0,0,0
1319465,3,2023,2023,8,1,10,220,14,133,220,0,1,3,-34.523109,150.788162,80,0,2,1,3,0,0,0,0,0,7,100,2,9859,9859,1,10,10,2,0,0,0,0
1319466,3,2023,2023,0,0,4,25,27,13,34609,0,1,10,-33.63899,150.9044,71,0,2,1,3,0,0,0,2,0,15,70,0,6545,6545,4,0,13,3,0,0,0,0
1319467,3,2023,2023,8,5,3,1052,14,173,928,0,1,3,-33.714883,151.112975,36,0,2,1,3,0,0,0,2,0,7,80,2,14295,14295,3,5,0,2,0,0,0,0
1319468,3,2023,2023,8,3,8,11,27,6,34609,0,1,1,-35.530915,149.22848,58,1,0,1,3,2,3,4,3,0,7,100,0,14295,14295,3,0,5,2,0,0,0,0
1319473,3,2023,2023,7,6,8,2261,17,20,2252,0,1,2,-35.502951,147.563982,75,1,0,1,3,0,0,0,2,0,7,110,2,1192,1192,1,5,35,2,0,0,0,0
1319476,3,2023,2023,8,3,6,1,31,218,34609,0,1,1,-33.770523,150.767158,55,0,2,1,3,0,0,0,2,0,7,50,0,1981,1981,4,5,41,2,0,0,0,0
1319479,3,2023,2023,8,6,7,2,31,55,34609,0,1,9,-33.740089,150.916593,7,0,2,1,3,0,0,0,2,0,7,50,0,14295,14295,3,10,41,2,0,0,0,0
1319482,3,2023,2023,8,2,1,26,31,79,34609,0,1,1,-33.969604,151.12052,25,0,2,1,3,0,0,0,0,0,7,50,0,9859,9859,1,5,5,2,0,0,0,0
1319483,3,2023,2023,8,4,7,1,27,6,34609,0,1,1,-35.978798,148.233503,66,1,0,0,3,0,0,1,2,0,7,100,0,1089,1089,7,0,40,1,0,0,0,0
1319486,3,2023,2023,8,6,8,13,27,278,24,0,1,7,-33.763565,151.042201,54,0,2,1,3,0,0,0,3,0,0,50,1,256,256,4,0,5,2,0,0,0,0
1319487,3,2023,2023,8,1,4,220,14,12,220,0,1,3,-34.436995,150.86781,80,0,2,0,3,0,0,0,2,0,7,100,2,14295,14295,3,0,5,2,0,0,0,0
1319488,3,2023,2023,8,3,5,348,27,169,100,0,1,1,-33.608133,150.719535,29,2,2,1,0,0,0,3,2,0,7,80,2,9859,9859,8,5,40,1,0,0,0,0
1319489,3,2023,2023,8,2,8,27,17,143,51,0,1,9,-33.691462,151.099087,31,0,2,1,3,0,0,0,2,2,7,60,2,5929,5929,1,5,5,2,0,0,0,0
1319490,3,2023,2023,8,1,9,9,7,42,34609,0,1,1,-33.914637,150.896128,41,0,2,1,3,0,0,0,0,0,7,50,0,9859,9859,8,5,40,1,0,0,0,0
1319493,3,2023,2023,8,4,9,2126,17,166,2149,0,1,9,-33.41119,149.578696,3,2,1,1,3,0,0,0,3,2,7,60,2,14295,14295,3,0,0,2,0,0,0,0
1319494,3,2023,2023,0,2,6,2,27,27,34609,0,1,1,-33.718098,150.344929,8,2,2,1,3,0,3,4,2,0,7,50,0,4026,4026,8,0,40,1,0,0,0,0
1319498,3,2023,2023,8,1,3,48,31,139,605,1,0,10,-33.82892,151.208956,49,0,2,1,3,0,0,0,2,2,7,60,2,1391,1391,1,30,10,3,0,0,0,0
1319506,3,2023,2023,8,2,4,52,27,31,7,0,1,1,-33.886397,151.01748,15,0,2,0,3,0,0,0,2,0,7,50,1,941,941,1,5,5,3,0,0,0,0
1319512,3,2023,2023,8,6,7,205,27,50,415,0,1,1,-33.685674,151.25289,50,0,2,1,3,0,0,0,2,0,7,70,2,14295,14295,3,5,13,2,0,0,0,0
1319514,3,2023,2023,8,3,5,229,14,197,237,0,1,3,-33.794012,151.135999,61,0,2,1,3,0,3,4,2,0,7,100,2,1391,1391,1,10,5,2,0,0,0,0
1319515,3,2023,2023,0,3,6,2,27,3,34609,0,1,1,-29.941421,151.055429,33,1,0,0,3,0,0,0,2,0,7,100,0,4552,5151,8,0,40,1,0,0,0,0
1319516,3,2023,2023,7,6,7,294,17,14,288,0,1,1,-34.762979,146.543301,51,2,1,0,3,0,0,0,2,0,7,60,2,4552,5151,8,9,40,1,0,0,0,0
1319518,3,2023,2023,8,6,8,1104,14,149,962,0,1,3,-33.816683,150.965582,21,0,2,1,3,0,0,0,0,0,7,90,2,14295,14295,3,0,5,2,0,0,0,0
1319522,3,2023,2023,8,3,5,171,1,387,104,0,1,9,-33.933967,151.199251,4,0,2,1,3,0,3,4,2,2,7,60,2,1391,1391,1,30,0,2,0,0,0,0
1319526,3,2023,2023,0,2,4,13,31,91,34609,0,1,10,-32.803968,151.65575,48,0,2,1,3,0,3,3,2,0,0,50,0,6545,6545,4,0,0,2,0,0,0,0
1319528,3,2023,2023,8,0,5,22,31,59,47,0,1,9,-32.890546,151.725518,48,0,2,1,3,0,0,0,2,0,0,60,2,2852,2852,4,5,0,2,0,0,0,0
1319535,3,2023,2023,8,4,8,12,27,60,41,1,0,1,-33.766396,150.758203,55,0,2,0,3,0,0,0,2,0,7,60,1,14295,14295,3,5,13,2,0,0,0,0
1319536,3,2023,2023,8,3,2,2261,17,34,2252,0,1,2,-34.787501,149.640088,26,1,0,1,3,0,3,4,1,0,7,110,2,475,475,5,5,40,1,0,0,0,0
1319538,3,2023,2023,8,3,5,97,17,14,88,0,1,2,-35.06766,149.373465,82,1,0,1,3,0,1,6,2,0,0,110,2,14295,14295,3,0,5,2,0,0,0,0
1319539,3,2023,2023,8,6,3,12,31,18,34609,0,1,1,-36.073772,146.88569,0,2,1,1,3,0,0,0,2,0,7,60,0,9859,9859,1,10,5,2,0,0,0,0
1319543,3,2023,2023,8,5,4,123,36,11,90,0,1,1,-31.728574,151.869112,43,1,0,0,3,0,0,0,2,0,7,100,1,4552,5151,8,9,40,1,0,0,0,0
1319545,3,2023,2023,8,4,4,14,31,445,34609,0,1,10,-33.858192,151.055053,21,0,2,1,3,0,0,0,2,0,15,50,0,6545,6545,4,0,5,3,0,0,0,0
1319546,3,2023,2023,8,5,6,78,31,168,62,0,1,2,-33.706848,150.840135,7,0,2,1,3,0,0,0,2,0,7,70,2,204,204,1,5,5,2,0,0,0,0
1319548,3,2023,2023,8,5,8,126,27,370,168,0,1,2,-34.069545,150.803787,13,0,2,1,3,0,0,0,3,0,7,60,2,1391,1391,1,5,5,2,0,0,0,0
1319552,3,2023,2023,8,6,3,100,27,109,799,0,1,2,-33.902299,151.144525,32,0,2,0,3,0,0,0,2,0,7,60,2,1282,1282,1,5,5,2,0,0,0,0
1319553,3,2023,2023,8,0,6,1,31,253,34609,0,1,1,-33.962721,151.095196,25,0,2,1,3,0,0,0,2,0,7,50,0,941,941,1,0,5,2,0,0,0,0
1319575,3,2023,2023,7,0,4,38,27,218,70,0,1,9,-33.751572,150.776496,55,0,2,1,1,0,0,0,2,0,7,60,1,3775,3775,0,5,0,3,0,0,0,0
1319577,3,2023,2023,0,3,1,387,27,115,331,0,1,1,-33.959512,151.070935,25,0,2,1,2,0,3,4,0,0,7,60,2,9859,9859,1,5,5,4,0,0,0,0
1319581,3,2023,2023,7,1,3,2,31,104,34609,0,1,0,-33.839039,151.218268,49,0,2,1,0,0,0,0,2,0,7,50,0,9859,9859,1,8,0,2,0,0,0,0
1319599,3,2023,2023,8,4,9,485,27,187,769,0,1,10,-33.78641,150.995437,54,0,2,1,2,0,0,0,3,2,6,60,2,5929,5929,1,5,5,2,0,0,0,0
1319634,3,2023,2023,0,4,2,866,17,171,793,0,1,9,-33.80595,150.970263,54,0,2,1,2,0,0,6,1,2,7,70,2,395,395,1,5,12,2,0,0,0,0
1319658,3,2023,2023,8,5,5,1104,14,142,962,0,1,3,-33.827832,151.000462,21,0,2,1,1,0,0,0,2,0,7,90,2,1192,1192,1,33,0,3,0,0,0,0
1319664,3,2023,2023,8,2,9,2126,17,106,2149,0,1,10,-33.887433,151.173573,32,0,2,1,2,0,0,0,2,2,7,60,2,14295,14295,3,5,0,3,0,0,0,0
1319665,3,2023,2023,8,6,10,265,17,24,193,0,1,1,-34.569925,148.098995,20,2,1,1,0,0,3,3,0,0,7,50,2,945,945,5,9,40,1,0,0,0,0
1319666,3,2023,2023,8,4,6,2126,17,204,2149,0,1,9,-33.884744,151.135596,32,0,2,1,1,0,0,0,2,1,7,60,2,14295,14295,3,8,5,2,0,0,0,0
1319690,3,2023,2023,0,3,10,74,23,100,260,0,1,2,-33.96267,151.155573,4,0,2,1,2,0,0,0,0,0,7,60,2,1391,1391,1,30,5,3,0,0,0,0
1319719,3,2023,2023,7,6,4,334,17,21,308,0,1,1,-31.403691,152.25524,56,2,1,0,0,0,0,0,2,0,7,80,2,1850,1463,5,5,40,1,0,0,0,0
1319744,3,2023,2023,8,3,5,2209,17,7,2205,0,1,1,-35.572632,150.260063,63,1,0,0,0,0,3,5,2,0,7,100,2,4552,5151,8,10,40,1,0,0,0,0
1319747,3,2023,2023,3,3,1,2261,17,204,2252,1,0,2,-33.890178,151.127779,32,0,2,1,2,0,0,0,0,0,7,60,2,4026,4026,8,5,40,2,0,0,0,0
1319748,3,2023,2023,8,4,4,45,31,147,34609,0,1,1,-33.867719,151.123659,14,0,2,1,0,0,0,0,2,0,7,50,0,9859,9859,1,5,5,2,0,0,0,0
1319752,3,2023,2023,7,0,0,3371,17,463,3342,0,1,10,-30.312398,153.094797,19,2,1,1,2,0,0,0,0,2,9,60,2,9859,9859,8,5,40,1,0,0,0,0
1319754,3,2023,2023,3,6,6,3,27,27,34609,0,1,2,-30.204112,153.150526,19,2,1,1,0,0,0,0,2,0,0,50,0,1981,1981,4,5,5,2,0,0,0,0
1319772,3,2023,2023,8,3,7,38,27,13,45,0,1,10,-35.087889,150.590678,63,2,1,1,0,0,3,4,2,0,15,50,1,237,162,8,0,40,1,0,0,0,0
1319789,3,2023,2023,0,4,3,30,27,120,154,0,1,10,-33.762802,150.863099,7,0,2,1,1,0,0,0,1,2,7,60,1,9859,9859,8,5,40,1,0,0,0,0
1319810,3,2023,2023,3,5,10,193,1,64,34609,0,1,1,-32.942491,151.70301,48,0,2,1,2,0,0,0,0,0,7,60,0,9859,9859,1,5,12,3,0,0,0,0
1319827,3,2023,2023,8,6,8,1,7,219,34609,0,1,1,-32.911309,151.673706,48,0,2,0,2,0,0,0,3,0,7,50,0,3775,3775,0,5,5,2,0,0,0,0
1319828,3,2023,2023,0,0,0,67,27,58,34609,0,1,1,-34.056404,151.121198,68,0,2,1,2,0,3,4,0,0,7,50,0,9859,9859,1,5,5,4,0,0,0,0
1319833,3,2023,2023,0,3,0,20,27,61,93,0,1,1,-33.747642,150.897289,7,0,2,1,2,0,0,1,0,0,7,60,1,4026,4026,1,5,12,2,0,0,0,0
1319834,3,2023,2023,7,6,8,1,31,182,34609,0,1,10,-32.838258,151.342651,17,2,1,0,0,0,0,0,2,0,0,50,0,1192,1192,1,0,0,2,0,0,0,0
1319838,3,2023,2023,0,6,8,2261,17,346,2252,0,1,2,-33.88599,151.093252,9,0,2,1,1,0,0,0,2,0,7,60,2,14295,14295,3,5,5,3,0,0,0,0
1319842,3,2023,2023,0,4,5,76,27,85,148,0,1,10,-32.933495,151.720901,48,0,2,1,0,0,0,0,2,0,15,60,1,2852,2852,4,5,5,2,0,0,0,0
1319845,3,2023,2023,0,4,5,2261,17,62,2252,0,1,1,-33.887572,151.136251,32,0,2,1,0,0,0,3,2,0,7,60,2,9859,9859,1,5,5,4,0,0,0,0
1319853,3,2023,2023,3,1,8,330,23,293,112,0,1,10,-33.94003,151.238741,59,0,2,1,1,0,0,0,2,2,7,50,2,1192,1192,1,5,5,2,0,0,0,0
1319884,3,2023,2023,0,5,4,1,1,98,34609,0,1,1,-33.762646,151.053103,54,0,2,1,2,0,0,3,2,0,7,50,0,9859,9859,1,5,5,3,0,0,0,0
1319891,3,2023,2023,0,3,0,23,27,45,144,0,1,1,-33.815901,150.77932,55,0,2,1,2,0,0,0,0,0,7,80,2,9859,9859,8,0,40,1,0,0,0,0
1319895,3,2023,2023,8,5,9,1,25,112,34609,0,1,2,-33.907802,150.919309,41,0,2,1,2,0,0,0,0,0,4,50,0,1981,1981,4,10,5,2,0,0,0,0
1319900,3,2023,2023,0,2,6,2,31,15,34609,0,1,1,-33.797228,151.040725,54,0,2,0,1,0,3,0,2,0,7,50,0,1957,4009,1,5,5,2,0,0,0,0
1319903,3,2023,2023,8,3,8,2126,17,60,2149,0,1,9,-33.630056,150.284509,8,2,2,1,1,0,0,3,2,0,7,60,2,14295,14295,3,5,0,3,0,0,0,0
1319907,3,2023,2023,4,2,9,19,31,61,34609,0,1,1,-33.895542,150.912139,24,0,2,1,2,0,0,0,3,0,7,50,0,9859,9859,1,0,0,3,0,0,0,0
1319915,3,2023,2023,7,5,9,19,4,6,34609,0,1,9,-34.035865,151.026731,68,0,2,1,0,0,0,0,2,0,0,50,0,5929,5929,1,5,5,2,0,0,0,0
1319918,3,2023,2023,0,4,11,512,17,53,441,0,1,1,-32.231268,148.248073,51,2,1,1,2,0,0,0,0,0,7,50,2,9859,9859,8,5,40,1,0,0,0,0
1319942,3,2023,2023,7,5,11,500,27,271,799,0,1,9,-33.938489,151.018701,15,0,2,0,2,0,0,0,0,2,7,70,2,2852,2852,4,10,0,2,0,0,0,0
1319948,3,2023,2023,3,6,1,127,27,135,103,0,1,10,-32.896476,151.735571,48,0,2,1,2,0,3,3,0,0,0,50,1,9859,9859,8,5,40,1,0,0,0,0
1319949,3,2023,2023,0,3,10,46,1,79,34609,0,1,1,-34.899757,150.611415,63,2,1,1,2,0,3,4,0,0,7,60,0,9859,9859,1,5,5,2,0,0,0,0
1319972,3,2023,2023,8,5,10,35,27,22,49,0,1,1,-31.36541,150.644697,51,2,1,0,0,0,3,4,0,0,7,80,1,404,404,8,5,40,2,0,0,0,0
1319973,3,2023,2023,0,5,9,2209,17,40,2205,0,1,1,-35.769999,150.14811,23,1,0,0,0,0,0,0,0,0,7,90,2,4552,5151,8,10,40,1,0,0,0,0
1319980,3,2023,2023,8,0,6,51,31,85,35,0,1,9,-34.572678,150.775504,62,0,2,1,0,0,0,0,2,0,7,50,1,237,397,1,10,0,3,0,0,0,0