Crash ID,Degree of crash - detailed,Reporting year,Year of crash,Month of crash,Day of week of crash,Two-hour intervals,Street of crash,Street type,Town,Route no.,School zone location,School zone active,Type of location,Latitude,Longitude,LGA,Urbanisation,Conurbation 1,Alignment,Street lighting,Road surface,Surface condition,Weather,Natural lighting,Signals operation,Other traffic control,Speed limit,Road classification,RUM - code,DCA - code,First impact type,Key TU type,Other TU type,No. of traffic units involved,No. killed,No. seriously injured,No. moderately injured,No. minor-other injured
1319994,3,2023,2023,0,2,0,2126,17,33,2149,0,1,2,-33.464595,150.123438,40,1,0,1,0,0,3,4,0,0,7,100,2,4026,4026,8,10,40,1,0,0,0,0
1320000,3,2023,2023,0,2,4,2,7,86,34609,0,1,1,-33.752482,150.934646,7,0,2,1,0,0,0,0,2,0,7,50,0,9859,9859,1,5,13,2,0,0,0,0
1320030,3,2023,2023,0,0,1,21,10,89,34609,0,1,1,-28.221493,153.532641,72,2,1,1,2,0,0,0,0,0,7,50,0,9859,9859,1,0,5,3,0,0,0,0
1320032,3,2023,2022,10,1,7,90,36,12,102,0,1,1,-34.363826,147.239192,51,1,0,0,3,0,3,4,2,0,7,100,2,782,957,5,8,40,1,0,0,0,0
1320050,3,2023,2023,8,6,5,2,31,174,34609,0,1,9,-33.894135,151.210075,69,0,2,1,3,0,0,0,2,0,7,40,0,256,256,4,0,5,2,0,0,0,0
1320051,3,2023,2023,8,5,7,5,27,323,34609,0,1,7,-33.748266,150.975947,71,0,2,1,3,0,0,0,2,0,0,50,0,2852,2852,4,0,5,2,0,0,0,0
1320054,3,2023,2023,8,4,9,6,31,159,34609,0,1,10,-33.807034,151.096792,61,0,2,1,3,0,0,6,0,0,15,50,0,3775,3775,0,5,13,2,0,0,0,0
1320055,3,2023,2023,8,1,7,7,10,1,34609,0,1,9,-34.49905,150.780897,80,0,2,1,3,0,0,0,2,2,7,60,0,5929,5929,1,0,5,2,0,0,0,0
1320057,3,2023,2023,8,2,8,4,31,40,34609,0,1,1,-33.787015,151.242022,50,0,2,1,3,0,0,0,3,0,7,40,0,4026,4026,8,30,40,1,0,0,0,0
1320059,3,2023,2023,8,0,4,294,17,56,288,0,1,7,-35.122006,147.391753,75,2,1,1,3,0,0,0,2,0,0,60,2,1282,1282,1,5,13,2,0,0,0,0
1320061,3,2023,2023,8,5,7,14,31,42,34609,0,1,7,-35.349285,149.240173,58,2,1,0,3,0,0,0,2,0,0,50,0,5929,5929,1,0,0,2,0,0,0,0
1320064,3,2023,2023,8,0,5,107,22,172,34609,0,1,1,-32.764182,151.588629,42,2,1,0,3,0,0,0,2,0,7,50,0,144,144,1,0,0,2,0,0,0,0
1320066,3,2023,2023,8,0,11,9,27,115,34609,0,1,1,-33.877853,151.184287,69,0,2,1,3,0,0,0,0,0,7,50,0,9859,9859,1,0,13,4,0,0,0,0
1320067,3,2023,2023,8,3,7,77,12,43,331,0,1,1,-34.146235,150.68623,79,2,2,0,0,0,3,4,2,0,7,80,1,1192,1192,1,5,5,2,0,0,0,0
1320069,3,2023,2023,8,2,3,1,10,59,34609,0,1,1,-34.325086,150.919739,80,0,2,0,1,0,0,0,2,0,7,50,0,2585,4009,8,5,40,2,0,0,0,0
1320072,3,2023,2023,8,3,9,485,27,323,769,0,1,9,-33.734417,150.973401,71,0,2,0,3,0,0,0,0,0,0,70,2,301,301,4,5,5,2,0,0,0,0
1320073,3,2023,2023,8,2,10,32,27,78,28,0,1,10,-33.891274,150.790722,41,0,2,1,0,0,0,0,0,0,0,70,1,775,775,4,8,5,2,0,0,0,0
1320092,3,2023,2023,8,2,7,14,27,646,34609,0,1,1,-33.913315,151.040164,15,0,2,1,0,0,0,0,2,0,7,50,0,1282,1282,1,33,5,2,0,0,0,0
1320097,3,2023,2023,8,3,6,3,31,73,34609,0,1,1,-33.751489,150.810178,7,0,2,1,3,0,0,0,2,0,7,50,0,9859,9859,1,5,0,2,0,0,0,0
1320098,3,2023,2023,8,2,8,65,27,187,34609,0,1,9,-33.796298,150.990168,54,0,2,1,3,0,0,0,3,0,0,50,0,1981,1981,4,10,0,2,0,0,0,0
1320106,3,2023,2023,8,2,8,57,31,77,321,0,1,9,-33.884578,151.202465,69,0,2,1,3,0,0,0,4,0,7,40,2,1391,1391,1,5,0,2,0,0,0,0
1320109,3,2023,2023,8,4,7,26,27,118,34609,0,1,9,-33.34978,151.289942,16,2,2,0,3,0,0,0,2,0,0,80,0,2852,2852,4,10,5,2,0,0,0,0
1320116,3,2023,2023,8,5,2,195,27,46,186,0,1,10,-33.924643,150.848472,41,0,2,1,3,0,0,0,0,2,7,70,2,6545,6545,4,10,5,2,0,0,0,0
1320119,3,2023,2023,8,6,3,3371,17,58,3342,0,1,9,-32.791356,151.72466,57,2,1,1,3,0,0,0,2,3,7,80,2,14295,14295,3,5,5,2,0,0,0,0
1320122,3,2023,2023,8,1,8,1,27,22,34609,0,1,1,-36.883358,149.24882,65,1,0,0,3,2,0,0,3,0,7,100,0,1850,1463,5,0,40,1,0,0,0,0
1320129,3,2023,2023,8,5,3,1104,14,149,962,0,1,3,-33.818918,150.981572,21,0,2,1,1,0,0,0,2,0,7,90,2,101,101,8,10,35,2,0,0,0,0
1320145,3,2023,2023,8,2,1,10,31,646,34609,0,1,1,-33.912915,151.037235,15,0,2,1,2,0,0,0,0,0,7,50,0,9859,9859,1,5,5,3,0,0,0,0
1320147,3,2023,2023,0,2,7,481,17,4,483,0,1,1,-30.100747,149.796796,51,1,0,1,0,0,3,4,2,0,7,110,2,475,475,5,29,40,1,0,0,0,0
1320159,3,2023,2023,7,0,4,36,27,438,34609,0,1,1,-33.877512,151.015212,21,0,2,1,1,0,0,0,2,0,7,50,0,9859,9859,1,33,0,2,0,0,0,0
1320163,3,2023,2023,0,0,8,5,1,562,34609,0,1,10,-32.264241,148.614436,22,2,1,1,1,0,0,0,3,0,0,50,0,6545,6545,4,0,5,2,0,0,0,0
1320171,3,2023,2023,8,2,3,7,31,74,12,1,0,10,-34.633734,148.031713,20,2,1,1,3,0,0,0,2,0,0,50,1,6545,6545,4,0,13,2,0,0,0,0
1320172,3,2023,2023,8,3,3,265,17,17,193,0,1,1,-34.870642,147.547816,51,1,0,1,3,0,0,0,2,0,7,100,2,4026,4026,8,10,40,1,0,0,0,0
1320173,3,2023,2023,8,1,3,17,27,11,11,0,1,1,-34.669665,150.248639,78,1,0,1,3,0,3,1,1,0,7,100,1,9859,9859,8,33,40,1,0,0,0,0
1320175,3,2023,2023,8,5,7,78,27,31,61,0,1,7,-33.892621,151.021835,15,0,2,1,3,0,0,0,2,0,0,60,1,623,623,3,0,0,2,0,0,0,0
1320177,3,2023,2023,8,5,9,3,27,89,27,0,1,1,-33.688981,150.785672,55,0,2,1,3,0,0,0,2,0,7,80,1,14295,14295,3,10,5,3,0,0,0,0
1320180,3,2023,2023,8,3,0,83,27,13,34609,0,1,1,-28.673742,153.561426,10,2,1,0,3,0,3,4,0,0,7,80,0,4552,5151,8,5,40,1,0,0,0,0
1320181,3,2023,2023,8,5,2,5,27,13,34609,0,1,1,-35.100546,150.471999,63,1,0,1,3,2,0,0,0,0,7,100,0,404,404,8,10,40,1,0,0,0,0
1320182,3,2023,2023,8,0,8,38,27,290,159,0,1,10,-33.949164,151.128688,4,0,2,1,3,0,0,0,0,0,7,60,2,5929,5929,1,5,5,4,0,0,0,0
1320184,3,2023,2023,8,3,8,39,23,3,34609,0,1,1,-33.027203,151.607169,37,0,2,1,3,0,0,0,2,0,7,50,0,4026,4026,1,5,0,2,0,0,0,0
1320185,3,2023,2023,8,0,4,97,17,61,88,0,1,2,-35.203659,149.206703,58,1,0,1,3,0,0,0,2,0,7,110,2,9859,9859,8,0,40,1,0,0,0,0
1320190,3,2023,2023,8,0,9,171,27,89,369,0,1,1,-33.648558,150.778345,55,0,2,1,3,0,0,0,3,0,7,80,2,1089,1089,7,5,40,1,0,0,0,0
1320191,3,2023,2023,8,6,9,485,27,50,769,0,1,9,-33.633096,150.844857,29,2,2,1,3,0,0,0,0,0,15,80,2,5929,5929,1,0,13,2,0,0,0,0
1320192,3,2023,2023,7,3,0,280,10,314,82,0,1,10,-33.850836,150.922233,24,0,2,1,2,0,0,0,0,2,7,60,1,5929,5929,1,5,5,2,0,0,0,0
1320193,3,2023,2023,0,3,3,866,17,110,793,0,1,6,-33.791048,150.999221,54,0,2,0,3,0,3,0,2,0,7,90,2,4552,5151,8,9,40,1,0,0,0,0
1320195,3,2023,2023,7,3,2,3371,17,49,3342,0,1,10,-32.992117,151.688654,37,0,2,0,2,0,0,0,0,2,7,70,2,6545,6545,4,5,5,2,0,0,0,0
1320199,3,2023,2023,8,0,9,229,14,323,237,0,1,3,-33.769153,150.993208,71,0,2,1,3,0,0,0,0,0,7,100,2,14295,14295,3,30,5,2,0,0,0,0
1320214,3,2023,2023,7,3,8,3,27,14,34609,0,1,1,-28.312924,153.445838,72,2,1,1,0,0,0,0,2,0,7,80,0,9859,9859,8,34,40,1,0,0,0,0
1320219,3,2023,2023,8,4,3,348,27,73,88,0,1,7,-33.730369,150.694565,55,0,2,0,3,0,0,0,2,0,0,60,2,1391,1391,1,15,5,2,0,0,0,0
1320222,3,2023,2023,8,3,11,2,1,29,34609,0,1,1,-33.739169,150.790394,7,0,2,1,2,0,3,4,0,0,7,50,0,190,190,1,10,5,2,0,0,0,0
1320232,3,2023,2023,8,0,5,113,27,218,111,0,1,1,-33.772306,150.773119,55,0,2,1,3,0,0,0,2,0,7,60,2,1391,1391,1,8,5,2,0,0,0,0
1320236,3,2023,2023,8,2,10,485,27,337,769,0,1,2,-33.739717,150.984383,71,0,2,0,3,0,3,4,0,0,7,60,2,1957,4009,8,5,40,1,0,0,0,0
1320239,3,2023,2023,8,2,4,829,27,363,770,0,1,9,-33.809082,151.022398,54,0,2,1,3,0,0,0,2,2,7,60,2,14295,14295,3,21,5,3,0,0,0,0
1320242,3,2023,2023,8,6,9,191,27,309,208,0,1,9,-33.806966,151.104777,61,0,2,0,3,0,0,0,0,0,7,60,2,1669,1669,3,15,5,2,0,0,0,0
1320243,3,2023,2023,8,5,4,21,31,128,34609,0,1,1,-33.621927,150.810052,29,2,2,0,3,0,0,0,2,0,7,50,0,4552,5151,1,5,0,2,0,0,0,0
1320245,3,2023,2023,0,3,9,22,31,337,30,0,1,2,-33.72962,151.008491,71,0,2,1,3,0,0,0,3,0,7,60,2,14295,14295,3,5,0,2,0,0,0,0
1320249,3,2023,2023,8,6,3,154,27,55,244,0,1,10,-33.902142,151.083601,15,0,2,1,1,0,0,0,2,2,9,60,2,5929,5929,1,0,5,2,0,0,0,0
1320264,3,2023,2023,8,6,6,10,31,188,17,0,1,1,-33.942952,151.094857,25,0,2,1,1,0,0,0,2,0,7,50,1,9859,9859,8,0,40,1,0,0,0,0
1320273,3,2023,2023,8,3,11,85,31,283,34609,0,1,1,-33.831686,151.012603,54,0,2,1,2,0,3,4,0,0,7,50,0,9859,9859,1,5,12,2,0,0,0,0
1320277,3,2023,2023,7,2,9,2126,17,171,2149,0,1,10,-33.814385,150.964691,21,0,2,1,2,0,0,0,0,2,7,70,2,926,926,4,30,5,2,0,0,0,0
1320281,3,2023,2023,8,4,2,2261,17,41,2252,0,1,2,-35.039739,148.110102,20,1,0,1,3,0,0,1,0,0,7,110,2,1089,1089,7,5,40,1,0,0,0,0
1320287,3,2023,2023,8,0,9,229,14,110,237,0,1,3,-33.763973,151.01531,71,0,2,1,2,0,0,0,0,0,7,100,2,14295,14295,3,0,5,3,0,0,0,0
1320297,3,2023,2023,3,3,6,10,27,74,45,0,1,10,-33.744163,150.834797,7,0,2,1,1,0,0,0,2,2,7,60,1,14295,14295,3,5,36,3,0,0,0,0
1320302,3,2023,2023,0,5,1,13,27,7,34609,0,1,1,-31.453165,152.719814,56,2,1,1,2,0,3,6,0,0,7,50,0,9859,9859,8,30,40,1,0,0,0,0
1320303,3,2023,2023,7,1,7,330,23,293,112,0,1,10,-33.941589,151.239108,59,0,2,1,1,0,0,0,2,2,7,50,2,5929,5929,1,5,5,2,0,0,0,0
1320310,3,2023,2023,7,3,10,334,10,83,34609,0,1,1,-34.46517,150.434767,78,2,1,0,0,0,0,1,0,0,7,50,0,1957,4009,8,34,40,1,0,0,0,0
1320324,3,2023,2023,0,2,3,1,1,70,34609,0,1,1,-33.249668,151.510101,16,2,2,1,1,0,0,0,2,0,7,50,0,9859,9859,1,0,13,2,0,0,0,0
1320353,3,2023,2023,8,5,3,15,27,143,5,0,1,9,-33.690968,151.102001,31,0,2,1,3,0,0,0,2,0,0,60,1,2852,2852,4,0,12,2,0,0,0,0
1320354,3,2023,2023,8,2,11,27,1,132,148,0,1,1,-34.150793,151.014539,68,0,2,0,3,0,0,0,0,0,7,60,2,4552,5151,8,5,40,1,0,0,0,0
1320355,3,2023,2023,8,2,8,1052,14,173,928,0,1,3,-33.709258,151.116953,36,0,2,1,3,0,3,4,3,0,7,80,2,1391,1391,1,0,5,2,0,0,0,0
1320360,3,2023,2023,8,1,7,39,27,36,91,0,1,1,-33.935485,151.257871,59,0,2,1,3,0,0,0,2,0,7,50,1,237,162,8,0,40,1,0,0,0,0
1320364,3,2023,2023,8,4,4,866,17,110,793,0,1,9,-33.745781,151.052327,31,0,2,1,3,0,0,0,2,2,7,70,2,515,515,1,0,10,2,0,0,0,0
1320366,3,2023,2023,8,4,9,4,31,143,34609,0,1,1,-33.70481,151.096137,31,0,2,1,3,0,0,0,0,0,7,50,0,1282,1282,1,5,40,1,0,0,0,0
1320367,3,2023,2023,8,4,4,512,17,562,441,0,1,1,-32.251878,148.597425,22,2,1,1,3,0,0,0,2,0,7,60,2,14295,14295,3,10,13,3,0,0,0,0
1320368,3,2023,2023,8,5,8,111,27,102,233,0,1,2,-33.960694,151.231203,59,0,2,1,3,0,0,0,3,0,7,60,2,9859,9859,1,5,0,3,0,0,0,0
1320369,3,2023,2023,8,0,4,8,31,172,34609,0,1,9,-32.744729,151.614964,42,2,1,1,3,0,0,0,2,0,8,60,0,2852,2852,4,30,5,2,0,0,0,0
1320373,3,2023,2023,0,2,0,3,27,228,34609,0,1,1,-34.768697,149.722053,26,2,1,0,3,0,0,0,0,0,7,60,0,1850,1463,5,5,40,1,0,0,0,0
1320376,3,2023,2023,8,0,10,8,27,121,34609,0,1,9,-28.191624,153.535545,72,2,1,0,3,0,0,0,0,0,7,50,0,4552,5151,8,5,40,1,0,0,0,0
1320377,3,2023,2023,8,5,2,6,10,74,34609,0,1,10,-34.021987,150.765274,12,0,2,1,3,0,0,1,0,2,7,60,0,4552,985,8,5,40,1,0,0,0,0
1320380,3,2023,2023,8,5,4,158,27,68,207,0,1,10,-33.87713,151.244873,81,0,2,1,3,0,0,0,2,2,7,60,2,5929,5929,1,0,5,2,0,0,0,0
1320382,3,2023,2023,0,2,6,481,17,14,483,0,1,9,-34.76253,146.543331,51,2,1,0,3,0,3,3,2,0,0,60,2,5929,5929,1,5,5,2,0,0,0,0
1320384,3,2023,2023,8,0,8,6,27,50,34609,0,1,1,-33.521491,151.33021,16,2,2,0,3,0,0,0,3,0,7,50,0,4552,5151,1,10,12,2,0,0,0,0
1320386,3,2023,2023,8,2,10,46,27,104,262,0,1,2,-32.91511,151.725401,48,0,2,1,3,0,3,4,0,0,7,60,2,14295,14295,3,10,5,2,0,0,0,0
1320388,3,2023,2023,8,6,9,21,31,9,34609,0,1,9,-33.929194,151.148172,4,0,2,1,3,0,3,3,3,0,7,50,0,3775,3775,0,5,5,2,0,0,0,0
1320389,3,2023,2023,8,5,3,2126,17,438,2149,0,1,10,-33.837919,151.026996,21,0,2,1,3,0,0,0,1,2,7,60,2,14295,14295,3,0,5,2,0,0,0,0
1320397,3,2023,2023,8,3,8,3371,17,28,3342,0,1,9,-31.835839,152.614283,43,1,0,1,3,0,3,4,2,0,0,100,2,5929,5929,1,0,5,2,0,0,0,0
1320398,3,2023,2023,8,6,10,171,27,113,369,0,1,10,-33.785525,150.704312,55,0,2,1,2,0,0,0,0,2,7,70,2,4552,985,8,30,40,2,0,0,0,0
1320412,3,2023,2023,8,3,1,31,22,283,34609,0,1,1,-33.832778,151.007069,21,0,2,1,2,0,0,0,0,0,7,50,0,9859,9859,1,5,0,2,0,0,0,0
1320419,3,2023,2022,2,2,2,2209,17,157,2205,0,1,2,-34.008032,151.106604,68,0,2,1,2,0,0,0,0,0,7,70,2,9859,9859,8,10,40,1,0,0,0,0
1320444,3,2023,2023,8,2,2,31,7,83,34609,0,1,1,-29.721019,152.936924,18,2,1,0,1,0,0,0,0,0,7,50,0,4552,5151,8,30,40,1,0,0,0,0
1320451,3,2023,2023,8,0,8,2261,17,646,2252,1,0,10,-33.907309,151.033343,15,0,2,1,1,0,0,0,2,2,7,60,2,5929,5929,1,33,5,2,0,0,0,0
1320463,3,2023,2023,8,3,2,2,31,85,34609,0,1,1,-33.730019,151.136466,36,0,2,0,2,0,3,0,0,0,7,50,0,4552,5151,8,5,40,1,0,0,0,0
1320475,3,2023,2023,8,0,5,5,23,42,34609,0,1,1,-33.664452,151.318066,50,0,2,0,0,0,0,0,2,0,7,50,0,4552,5151,8,0,40,1,0,0,0,0
1320480,3,2023,2023,0,2,6,23,31,108,34609,1,0,10,-28.869501,153.564718,2,2,1,1,3,0,0,0,2,0,0,50,0,6545,6545,4,5,5,2,0,0,0,0
1320492,3,2023,2023,0,3,4,78,31,124,34609,0,1,1,-33.814241,151.033161,54,0,2,1,1,0,3,3,2,0,7,50,0,9859,9859,1,0,5,2,0,0,0,0
1320501,3,2023,2023,0,5,10,98,27,294,198,0,1,1,-33.927493,150.929349,41,0,2,1,2,0,3,0,0,0,7,60,2,9859,9859,8,0,40,1,0,0,0,0
1320504,3,2023,2023,8,6,8,3,31,194,34609,0,1,10,-30.513388,151.660883,1,2,1,1,2,0,0,0,2,0,0,50,0,6545,6545,4,0,13,2,0,0,0,0
1320516,3,2023,2023,0,6,9,9,31,48,34609,0,1,1,-28.254107,153.573648,72,2,1,1,2,0,3,4,0,0,7,50,0,9859,9859,1,34,5,3,0,0,0,0
1320523,3,2023,2023,0,5,3,251,27,62,212,0,1,10,-33.752501,151.252909,50,0,2,1,1,0,0,0,2,2,7,70,2,9859,9859,8,5,40,1,0,0,0,0
1320525,3,2023,2023,8,2,3,3,10,164,34609,0,1,1,-33.739776,150.873928,7,0,2,0,1,0,0,0,1,0,7,50,0,4552,5151,1,5,5,3,0,0,0,0
1320530,3,2023,2023,8,1,4,95,27,50,36,1,2,7,-33.511666,151.330546,16,2,2,1,1,0,0,0,2,0,0,40,1,6545,6545,4,0,40,2,0,0,0,0
1320540,3,2023,2023,8,2,10,17,31,9,58,0,1,2,-32.909513,151.759385,48,0,2,1,2,0,3,4,0,0,7,60,2,9859,9859,8,5,40,1,0,0,0,0
1320549,3,2023,2023,8,3,6,916,17,17,917,0,1,1,-32.162424,150.890168,73,2,1,1,3,0,0,0,2,0,7,50,2,945,945,5,5,40,1,0,0,0,0
1320555,3,2023,2023,8,1,3,916,17,7,917,0,1,1,-31.393028,150.878756,70,1,0,1,3,0,0,0,1,0,7,100,2,9859,9859,8,0,40,1,0,0,0,0
1320571,3,2023,2023,0,5,8,9,1,169,34609,0,1,1,-33.77245,150.841775,7,0,2,1,3,0,0,0,2,0,7,50,0,9859,9859,1,5,5,2,0,0,0,0
1320582,3,2023,2023,0,1,2,195,27,162,15,0,1,2,-33.848846,150.877099,24,0,2,1,3,0,0,0,0,0,7,50,1,1945,1945,5,29,40,1,0,0,0,0
1320602,3,2023,2023,8,2,8,829,31,179,70,0,1,10,-31.910572,152.465845,43,2,1,1,1,0,0,0,3,0,0,60,1,6545,6545,4,5,0,2,0,0,0,0
1320616,3,2023,2023,8,0,6,80,31,204,187,0,1,10,-33.886622,151.118769,32,0,2,1,3,0,0,0,2,2,7,60,2,1282,1282,1,5,5,2,0,0,0,0
1320625,3,2023,2023,8,4,4,2209,17,32,2205,0,1,7,-34.574366,150.822057,62,0,2,0,3,0,0,0,2,3,0,60,2,1282,1282,1,0,36,2,0,0,0,0
1320627,3,2023,2023,8,3,5,829,27,165,770,0,1,10,-33.851035,151.154582,14,0,2,1,3,0,0,0,2,2,7,60,2,5929,5929,1,5,13,2,0,0,0,0
1320631,3,2023,2023,0,3,11,37,27,5,34609,0,1,1,-32.679313,151.60628,57,2,1,0,3,0,0,0,0,0,7,60,0,1957,4009,8,10,40,1,0,0,0,0
1320632,3,2023,2023,8,1,5,79,31,82,34609,0,1,10,-31.082842,150.932019,70,2,1,1,3,0,0,0,2,0,0,50,0,6545,6545,4,10,36,2,0,0,0,0
1320635,3,2023,2023,8,4,3,105,17,162,34609,0,1,10,-33.834159,150.912808,24,0,2,0,3,0,0,0,2,2,7,70,0,6545,6545,4,9,22,2,0,0,0,0
1320637,3,2023,2023,8,1,4,103,36,3,103,0,1,2,-32.529434,151.944666,43,1,0,0,3,0,3,3,2,0,7,90,1,1850,1463,5,33,40,1,0,0,0,0
1320645,3,2023,2023,8,0,9,92,27,129,244,1,0,10,-33.895616,151.107284,15,0,2,1,3,0,0,0,0,0,0,60,2,926,926,4,5,13,2,0,0,0,0
1320646,3,2023,2023,8,2,0,22,31,337,34609,0,1,5,-33.732205,151.005903,71,0,2,1,3,0,0,0,0,2,7,50,0,9859,9859,8,9,40,1,0,0,0,0
1320652,3,2023,2023,8,5,8,24,31,112,60,1,0,10,-36.062989,146.931598,0,2,1,1,3,0,0,0,2,2,7,60,1,14295,14295,3,21,5,3,0,0,0,0
1320685,3,2022,2022,2,5,0,109,36,21,108,0,1,2,-28.272126,153.477956,72,1,0,1,0,0,0,0,0,0,7,100,1,4026,4026,8,5,40,1,0,0,0,0
1320688,3,2023,2023,3,3,2,72,31,218,34609,0,1,1,-33.768236,150.788315,55,0,2,1,2,0,0,0,1,0,7,50,0,9859,9859,1,0,36,2,0,0,0,0
1320704,3,2023,2023,8,1,11,75,10,137,165,0,1,2,-33.914252,151.212429,69,0,2,1,2,0,0,0,0,0,7,80,2,204,204,1,5,19,2,0,0,0,0
1320715,3,2023,2023,8,1,6,17,27,252,34609,0,1,1,-33.953436,150.87329,41,0,2,1,1,0,0,0,2,0,7,50,0,4026,4026,1,5,5,3,0,0,0,0
1320727,3,2023,2023,0,5,9,4,31,304,34609,0,1,1,-33.914881,151.15356,32,0,2,1,2,0,0,0,0,0,7,50,0,175,188,1,5,5,2,0,0,0,0
1320734,3,2023,2023,0,2,10,2209,17,40,2205,0,1,1,-35.076033,150.557759,63,2,1,1,0,0,0,0,0,0,7,80,2,14295,14295,3,0,5,2,0,0,0,0
1320753,3,2023,2023,8,3,6,67,27,21,34609,0,1,1,-33.734702,150.911478,7,0,2,1,1,0,0,0,2,0,7,50,0,9859,9859,1,5,0,2,0,0,0,0
1320763,3,2023,2023,8,2,0,44,31,215,34609,0,1,1,-35.113502,147.360727,75,2,1,1,2,0,0,0,0,0,7,50,0,9859,9859,1,34,13,2,0,0,0,0
1320768,3,2023,2023,7,6,11,2,1,253,34609,0,1,1,-33.952546,151.099412,25,0,2,1,2,0,0,0,0,0,7,50,0,9859,9859,1,34,5,2,0,0,0,0
1320770,3,2023,2023,8,6,3,230,27,84,284,1,0,10,-33.772523,151.10088,61,0,2,1,2,0,0,0,2,2,7,70,2,6545,6545,4,5,5,3,0,0,0,0
1320771,3,2023,2023,8,0,9,23,27,104,144,0,1,9,-33.806184,150.791116,55,0,2,1,2,0,3,0,0,2,7,70,2,5929,5929,1,5,5,2,0,0,0,0
1320773,3,2023,2023,4,6,7,6,31,95,34609,1,0,9,-34.392239,150.893224,80,0,2,1,0,0,0,3,2,2,7,50,0,9859,9859,8,5,40,1,0,0,0,0
1320776,3,2023,2023,8,4,9,308,14,323,311,0,1,3,-33.761463,150.960538,71,0,2,1,2,0,0,0,0,0,7,100,2,14295,14295,3,29,5,2,0,0,0,0
1320781,3,2023,2023,8,6,8,72,14,252,71,0,1,3,-33.883514,151.217469,69,0,2,1,0,0,0,0,2,0,7,80,2,1383,1383,1,5,10,2,0,0,0,0
1320790,3,2023,2023,0,6,10,76,24,6,154,0,1,10,-33.730812,150.877686,7,0,2,1,2,0,0,0,0,2,7,60,1,14295,14295,3,5,5,2,0,0,0,0
1320803,3,2023,2023,7,0,0,36,27,53,55,0,1,1,-33.849768,150.972682,21,0,2,1,3,0,0,6,0,0,7,50,1,9859,9859,1,10,0,2,0,0,0,0
1320805,3,2023,2023,7,4,2,145,31,111,34609,0,1,1,-33.699051,150.869606,7,0,2,1,2,0,0,0,1,0,7,50,0,4026,4026,1,5,5,2,0,0,0,0
1320810,3,2023,2023,0,6,8,220,14,67,220,0,1,9,-34.423205,150.868615,80,0,2,1,1,0,0,0,3,0,7,50,2,5929,5929,1,0,19,2,0,0,0,0
1320812,3,2023,2023,3,3,2,44,27,202,563,0,1,2,-33.9482,151.037087,15,0,2,1,2,0,0,0,0,0,7,70,2,4026,4026,8,0,40,1,0,0,0,0
1320822,3,2023,2023,4,1,0,22,31,67,34609,0,1,1,-33.891695,151.012888,15,0,2,1,0,0,0,0,0,0,7,50,0,9859,9859,1,0,0,2,0,0,0,0
1320833,3,2023,2023,3,3,7,2261,17,523,2252,0,1,9,-33.937944,150.913726,41,0,2,1,0,0,0,0,2,2,7,60,2,5929,5929,1,5,0,2,0,0,0,0
1320838,3,2023,2023,8,0,5,112,17,207,112,1,0,1,-31.958765,141.442421,51,2,1,1,1,0,0,0,2,0,7,50,2,941,941,1,10,5,2,0,0,0,0
1320851,3,2023,2023,8,0,9,3371,17,44,3342,0,1,2,-30.738717,152.921439,47,1,0,0,0,0,0,0,0,0,7,110,2,4552,5151,8,5,40,1,0,0,0,0
1320866,3,2023,2023,8,5,0,3371,17,131,3342,0,1,10,-33.78751,151.178979,77,0,2,1,2,0,0,0,0,2,7,60,2,9859,9859,8,5,40,1,0,0,0,0
1320868,3,2023,2023,8,6,4,33,31,61,34609,0,1,10,-29.742247,151.729093,51,2,1,1,0,0,0,0,2,0,0,50,0,6545,6545,4,0,13,2,0,0,0,0
1320877,3,2023,2023,0,4,4,60,31,18,34609,0,1,1,-32.959971,151.712475,37,0,2,1,1,0,0,0,2,0,7,50,0,237,397,1,8,5,2,0,0,0,0
1320887,3,2023,2023,0,0,6,161,17,5,161,0,1,1,-35.925485,148.591208,65,2,1,0,0,0,3,4,2,0,7,80,2,3775,3775,0,0,13,2,0,0,0,0
1320896,3,2023,2023,8,6,7,33,27,100,49,0,1,7,-33.890062,150.901227,24,0,2,1,1,0,0,0,2,0,0,60,1,6545,6545,4,10,5,2,0,0,0,0
1320902,3,2023,2023,8,4,4,3371,17,90,3342,0,1,2,-28.260034,153.528344,72,1,0,1,0,0,0,0,2,0,7,110,2,1383,1383,1,33,5,2,0,0,0,0
1320903,3,2023,2023,8,5,10,475,31,169,41,0,1,1,-33.899554,151.206317,69,0,2,1,2,0,3,0,0,0,7,50,1,9859,9859,1,10,25,4,0,0,0,0
1320904,3,2023,2023,7,5,8,49,22,41,96,0,1,2,-32.972757,151.633518,37,0,2,0,1,0,0,0,2,0,7,60,2,1192,1192,1,0,0,2,0,0,0,0
1320906,3,2023,2023,8,6,8,500,27,646,799,0,1,1,-33.934003,151.02981,15,0,2,1,2,0,0,0,3,0,7,60,2,1981,1981,4,5,5,2,0,0,0,0
1320910,3,2023,2023,8,3,11,34,10,165,34609,0,1,1,-32.289192,150.902735,46,2,1,1,2,0,0,0,0,0,7,50,0,489,489,8,5,4,2,0,0,0,0
1320914,3,2023,2023,8,3,1,4,27,29,45,1,0,1,-35.104559,150.626146,63,2,1,1,2,0,0,0,0,0,7,50,1,9859,9859,1,5,12,2,0,0,0,0
1320945,3,2023,2023,8,4,10,4,31,72,34609,0,1,1,-33.82932,151.226512,49,0,2,1,2,0,0,0,0,0,7,40,0,9859,9859,1,5,5,6,0,0,0,0