Crash ID,Degree of crash - detailed,Reporting year,Year of crash,Month of crash,Day of week of crash,Two-hour intervals,Street of crash,Street type,Town,Route no.,School zone location,School zone active,Type of location,Latitude,Longitude,LGA,Urbanisation,Conurbation 1,Alignment,Street lighting,Road surface,Surface condition,Weather,Natural lighting,Signals operation,Other traffic control,Speed limit,Road classification,RUM - code,DCA - code,First impact type,Key TU type,Other TU type,No. of traffic units involved,No. killed,No. seriously injured,No. moderately injured,No. minor-other injured
1320970,3,2023,2023,8,0,9,1104,14,149,962,0,1,3,-33.818972,150.981648,21,0,2,0,2,0,0,0,0,0,7,90,2,2585,4009,8,5,40,1,0,0,0,0
1320974,3,2023,2023,7,1,8,283,27,129,702,0,1,2,-33.937914,151.074754,15,0,2,1,1,0,0,0,2,0,7,60,2,14295,14295,3,10,5,3,0,0,0,0
1320979,3,2023,2023,8,3,0,42,31,106,34609,0,1,1,-28.862969,153.035756,60,2,1,1,2,0,0,0,0,0,7,50,0,220,220,8,0,40,1,0,0,0,0
1320994,3,2023,2023,8,5,6,866,17,149,793,0,1,9,-33.815783,150.963909,21,0,2,1,1,0,0,0,2,2,7,70,2,6545,6545,4,10,36,2,0,0,0,0
1320995,3,2023,2023,8,2,2,26,31,71,34609,0,1,1,-33.771984,150.697909,55,0,2,1,2,0,0,0,0,0,7,50,0,9859,9859,1,5,5,2,0,0,0,0
1320998,3,2023,2023,8,0,11,4,27,8,34609,0,1,1,-28.70833,153.429005,10,1,0,0,0,0,0,0,0,0,7,100,0,1259,5151,8,0,40,1,0,0,0,0
1321012,3,2023,2023,8,4,11,161,17,18,161,0,1,1,-35.269718,147.947003,66,1,0,1,0,0,0,0,0,0,7,100,2,9859,9859,8,5,40,1,0,0,0,0
1321021,3,2023,2023,8,1,8,9,1,124,34609,0,1,10,-33.817698,151.050478,54,0,2,1,1,0,0,0,2,0,15,50,0,6545,6545,4,10,0,2,0,0,0,0
1321025,3,2023,2023,3,6,0,192,10,84,114,0,1,7,-33.467968,151.383364,16,2,2,1,2,0,0,0,0,0,7,60,2,9859,9859,8,5,40,1,0,0,0,0
1321039,3,2023,2023,0,6,8,36,31,314,240,0,1,10,-33.848671,150.922671,24,0,2,1,0,0,0,0,3,2,7,60,2,14295,14295,3,5,5,2,0,0,0,0
1321057,3,2023,2023,0,3,9,98,31,169,34609,0,1,0,-28.641341,153.613895,10,2,1,1,2,0,0,0,0,0,7,50,0,1282,1282,1,33,13,2,0,0,0,0
1321058,3,2023,2023,8,5,3,2261,17,35,2252,0,1,3,-34.37328,150.533679,78,1,0,1,0,0,0,0,2,0,7,110,2,1192,1192,1,30,5,2,0,0,0,0
1321059,3,2023,2023,8,5,4,21,14,188,21,0,1,3,-33.938601,151.106624,4,0,2,1,2,0,0,0,2,0,7,80,2,14295,14295,3,5,5,2,0,0,0,0
1321061,3,2023,2023,8,3,6,118,17,35,118,0,1,1,-29.999838,148.006874,51,1,0,1,0,0,3,0,2,0,7,110,2,945,945,5,10,40,1,0,0,0,0
1321062,3,2023,2023,8,2,5,6,31,168,34609,0,1,7,-33.716404,150.834709,7,0,2,1,1,0,0,0,2,0,0,50,0,1669,1669,3,5,5,2,0,0,0,0
1321069,3,2023,2023,0,0,9,38,27,115,165,0,1,1,-33.95743,151.06263,25,0,2,1,1,0,0,0,3,0,7,50,1,3775,3775,0,5,5,2,0,0,0,0
1321074,3,2023,2023,8,4,9,21,1,53,115,0,1,10,-33.758474,151.171024,36,0,2,1,2,0,0,0,0,2,7,60,1,3775,3775,0,5,0,2,0,0,0,0
1321084,3,2023,2023,8,2,3,3371,17,463,3342,0,1,10,-30.312296,153.094737,19,2,1,1,1,0,3,0,2,2,7,60,2,4026,4026,8,5,40,1,0,0,0,0
1321100,3,2023,2023,8,6,1,2,1,58,34609,0,1,1,-33.438819,151.295144,16,2,2,1,1,0,0,0,0,0,7,50,0,4026,4026,1,5,0,2,0,0,0,0
1321130,3,2023,2023,8,2,3,1,10,29,34609,0,1,9,-33.473575,151.425126,16,2,2,0,1,0,0,0,2,0,7,50,0,2585,4009,1,5,0,2,0,0,0,0
1321133,3,2023,2023,8,1,4,24,31,433,34609,0,1,7,-33.294159,149.096798,52,2,1,1,0,0,0,0,2,0,0,50,0,6545,6545,4,9,5,2,0,0,0,0
1321166,3,2023,2023,0,1,9,2209,17,88,2205,0,1,9,-33.996588,151.116623,25,0,2,1,3,0,3,3,0,0,7,70,2,14295,14295,3,5,5,3,0,0,0,0
1321176,3,2023,2023,8,3,7,2209,17,77,2205,0,1,2,-33.884663,151.194672,69,0,2,1,3,0,3,0,2,0,7,50,2,3775,3775,0,0,0,3,0,0,0,0
1321177,3,2023,2023,8,6,4,145,31,80,61,0,1,9,-33.816535,151.160939,38,0,2,1,3,0,0,0,2,0,15,50,1,186,186,1,9,5,2,0,0,0,0
1321178,3,2023,2023,8,1,5,58,1,50,34609,0,1,10,-33.638083,151.326646,50,0,2,1,3,0,0,0,2,0,15,50,0,2852,2852,4,5,0,2,0,0,0,0
1321179,3,2023,2023,8,4,3,28,3,25,117,0,1,2,-32.863735,151.705295,48,0,2,1,3,0,0,0,2,0,7,50,2,14295,14295,3,5,13,2,0,0,0,0
1321186,3,2023,2023,8,4,5,22,10,147,13,0,1,9,-33.868433,151.141319,14,0,2,0,3,0,0,3,2,0,15,50,1,3775,3775,0,0,13,2,0,0,0,0
1321187,3,2023,2023,8,0,8,3371,17,41,3342,0,1,2,-32.818755,151.691769,57,2,1,1,3,0,0,0,2,0,7,80,2,14295,14295,3,0,5,4,0,0,0,0
1321188,3,2023,2023,8,0,10,4,1,78,34609,0,1,7,-33.82572,150.813418,55,0,2,0,3,0,0,0,0,0,0,50,0,83,83,1,5,5,2,0,0,0,0
1321194,3,2023,2023,8,4,6,73,31,123,34609,0,1,9,-33.905532,151.223045,59,0,2,1,3,0,0,0,2,0,0,50,0,1391,1391,1,5,0,2,0,0,0,0
1321195,3,2023,2023,8,0,3,308,14,323,311,0,1,3,-33.805174,150.852686,7,0,2,1,3,0,0,0,1,0,7,100,2,14295,14295,3,5,5,2,0,0,0,0
1321196,3,2023,2023,8,3,8,361,23,136,34609,0,1,1,-33.918505,151.079824,15,0,2,1,3,0,0,0,2,0,7,50,0,1282,1282,1,5,13,2,0,0,0,0
1321201,3,2023,2023,8,5,5,26,27,32,25,0,1,9,-31.943324,152.479853,43,2,1,1,3,0,0,0,2,0,7,70,1,323,323,1,10,0,2,0,0,0,0
1321205,3,2023,2023,8,3,6,1052,27,219,262,0,1,2,-32.903531,151.681542,48,0,2,1,3,0,0,0,2,0,7,60,2,1282,1282,1,0,5,2,0,0,0,0
1321208,3,2023,2023,8,3,4,4,31,49,34609,0,1,0,-33.957238,151.208465,4,0,2,1,3,0,0,3,2,0,7,50,0,9859,9859,1,29,13,3,0,0,0,0
1321209,3,2023,2023,8,2,5,220,14,130,220,0,1,3,-34.463503,150.850748,80,0,2,1,3,0,0,0,2,0,7,100,2,1089,1089,7,0,40,1,0,0,0,0
1321211,3,2023,2023,8,4,5,330,31,443,34609,0,1,1,-33.900698,151.04278,15,0,2,1,3,0,0,0,2,0,7,50,0,1957,4009,1,8,5,2,0,0,0,0
1321213,3,2023,2023,8,2,7,283,27,293,702,0,1,10,-33.917551,151.065059,15,0,2,1,3,0,0,0,2,2,7,60,2,14295,14295,3,5,5,2,0,0,0,0
1321216,3,2023,2023,8,2,4,4,18,4,34609,0,1,1,-28.893212,153.400772,2,1,0,0,3,2,0,0,2,0,7,100,0,1850,1463,5,10,40,1,0,0,0,0
1321218,3,2023,2023,8,2,5,346,17,35,332,0,1,1,-28.812783,153.268689,39,2,1,1,3,0,0,0,2,0,7,60,2,14295,14295,3,5,41,2,0,0,0,0
1321220,3,2023,2023,8,3,8,83,27,13,34609,0,1,1,-28.673742,153.561427,10,2,1,0,3,0,3,4,2,0,7,80,0,4552,5151,8,5,40,1,0,0,0,0
1321221,3,2023,2023,8,5,8,21,27,148,60,0,1,9,-36.044953,146.943795,0,2,1,1,3,0,0,0,3,0,7,60,1,14295,14295,3,5,13,3,0,0,0,0
1321222,3,2023,2023,8,0,7,4,10,85,34609,0,1,1,-33.800985,150.689989,55,0,2,0,1,0,0,0,2,0,7,50,0,4552,5151,1,0,4,2,0,0,0,0
1321223,3,2023,2023,8,3,8,485,27,109,34609,0,1,1,-33.899725,151.137458,32,0,2,1,3,0,3,4,2,0,7,50,0,9859,9859,1,5,0,3,0,0,0,0
1321225,3,2023,2023,8,2,11,4,31,120,34609,0,1,1,-33.759604,150.868058,7,0,2,1,3,0,0,0,0,0,7,50,0,9859,9859,1,0,5,2,0,0,0,0
1321228,3,2023,2023,8,6,4,1,31,36,34609,0,1,10,-33.527099,149.246153,51,2,1,1,3,0,0,0,2,0,0,50,0,6545,6545,4,9,5,2,0,0,0,0
1321231,3,2023,2023,8,3,10,17,27,17,6,0,1,1,-35.162232,147.513707,75,1,0,1,3,0,3,1,0,0,7,100,1,1089,1089,7,10,40,1,0,0,0,0
1321235,3,2023,2023,8,3,11,1104,14,39,962,0,1,3,-33.782808,150.749734,55,0,2,1,3,0,0,0,0,0,7,110,2,4026,4026,8,10,40,1,0,0,0,0
1321237,3,2023,2023,8,2,5,1,31,35,34609,0,1,1,-34.048549,151.048208,68,0,2,1,3,0,0,0,2,0,7,50,0,9859,9859,1,5,6,2,0,0,0,0
1321244,3,2023,2023,8,2,2,171,27,52,369,0,1,1,-33.642491,150.785023,55,0,2,1,3,0,0,0,0,0,7,80,2,9859,9859,8,5,40,1,0,0,0,0
1321247,3,2023,2023,8,6,8,47,27,12,34609,0,1,1,-32.925041,151.786799,48,0,2,1,1,0,3,4,2,0,7,30,0,9859,9859,1,5,5,3,0,0,0,0
1321248,3,2023,2023,8,0,4,8,31,290,34609,0,1,9,-33.956614,151.1138,4,0,2,1,3,0,0,0,2,0,7,50,0,2852,2852,4,5,5,3,0,0,0,0
1321251,3,2023,2023,6,4,3,222,27,74,70,0,1,7,-33.728866,151.041462,31,0,2,1,3,0,3,4,1,0,0,60,2,14295,14295,3,5,36,2,0,0,0,0
1321256,3,2023,2023,8,1,9,93,1,31,231,0,1,1,-33.506104,151.33141,16,2,2,1,3,0,0,0,3,0,7,60,2,1981,1981,4,5,0,2,0,0,0,0
1321257,3,2023,2023,8,6,3,36,1,29,34609,0,1,10,-33.91113,150.765359,41,0,2,1,3,0,0,0,4,0,0,80,0,6545,6545,4,0,13,2,0,0,0,0
1321260,3,2023,2023,6,4,3,105,17,251,136,0,1,9,-33.770991,150.938777,7,0,2,1,3,0,0,0,2,2,7,60,2,5929,5929,1,33,10,2,0,0,0,0
1321263,3,2023,2023,8,2,0,98,31,115,34609,0,1,9,-33.883289,151.194937,69,0,2,1,3,0,3,0,0,2,7,50,0,2852,2852,4,5,5,2,0,0,0,0
1321264,3,2023,2023,8,5,8,334,17,316,308,0,1,2,-31.451479,152.87594,56,2,1,1,3,0,0,0,4,0,7,70,2,14295,14295,3,0,0,3,0,0,0,0
1321265,3,2023,2023,8,3,9,25,31,120,34609,0,1,10,-33.762382,150.86961,7,0,2,1,3,0,0,0,0,0,15,50,0,6545,6545,4,5,5,2,0,0,0,0
1321266,3,2023,2023,8,3,9,5,10,194,34609,0,1,1,-30.503175,151.650938,1,2,1,1,3,0,0,0,3,0,7,50,0,1850,985,5,5,40,1,0,0,0,0
1321267,3,2023,2023,8,5,6,2209,17,10,2205,0,1,2,-34.652018,150.854282,35,1,0,0,3,0,0,0,2,0,7,100,2,1383,1383,1,29,5,2,0,0,0,0
1321269,3,2023,2023,8,5,8,829,31,57,169,0,1,10,-32.819617,151.484149,17,2,1,1,0,0,0,0,3,0,0,60,2,6545,6545,4,0,0,2,0,0,0,0
1321271,3,2023,2023,8,2,3,3,4,59,34609,0,1,1,-33.974352,150.869026,13,0,2,0,3,0,0,0,2,0,7,40,0,3775,3775,0,5,13,2,0,0,0,0
1321273,3,2023,2023,8,6,10,57,27,337,47,0,1,2,-33.723713,150.985458,71,0,2,0,3,0,0,0,0,0,7,60,2,14295,14295,3,5,5,2,0,0,0,0
1321276,3,2023,2023,8,5,10,46,27,304,140,0,1,10,-33.91231,151.160107,32,0,2,1,3,0,0,0,0,2,7,60,1,2852,2852,4,5,0,2,0,0,0,0
1321278,3,2023,2023,8,5,4,2209,17,24,2205,0,1,9,-36.222492,150.127107,23,2,1,0,3,0,0,0,2,2,7,50,2,1259,5151,8,5,40,1,0,0,0,0
1321279,3,2023,2023,8,6,10,4,27,22,4,0,1,1,-28.636753,150.047975,51,1,0,1,3,0,0,0,0,0,7,100,1,1089,1089,7,10,40,1,0,0,0,0
1321281,3,2023,2023,8,6,0,225,17,32,180,0,1,2,-34.564882,150.624759,78,2,1,0,3,0,0,0,0,0,7,60,2,2585,4009,8,29,40,1,0,0,0,0
1321294,3,2023,2023,8,1,11,204,27,50,34609,0,1,10,-33.511337,151.326954,16,2,2,1,3,0,0,0,0,0,15,60,0,926,926,4,5,5,2,0,0,0,0
1321299,3,2023,2023,8,4,6,7,27,87,34609,1,0,10,-33.696479,150.963502,71,0,2,1,3,0,0,0,2,0,0,60,0,6545,6545,4,5,5,2,0,0,0,0
1321301,3,2023,2023,8,0,6,3371,17,463,3342,0,1,9,-30.282522,153.128427,19,2,1,1,3,0,0,3,2,2,7,60,2,14295,14295,3,10,5,2,0,0,0,0
1321303,3,2023,2023,8,1,8,29,31,252,34609,0,1,1,-33.885341,151.208575,69,0,2,1,3,0,0,0,0,0,7,40,0,9859,9859,1,5,19,2,0,0,0,0
1321305,3,2023,2023,8,5,9,330,27,108,605,1,0,9,-33.761503,151.272024,50,0,2,0,3,0,0,0,3,0,7,60,2,2852,2852,4,10,5,2,0,0,0,0
1321307,3,2023,2023,8,6,8,12,31,61,34609,0,1,1,-35.53067,144.964546,51,2,1,1,3,0,0,0,2,0,7,50,0,9859,9859,1,0,13,3,0,0,0,0
1321309,3,2023,2023,8,5,11,12,23,134,65,0,1,1,-33.664115,150.854034,7,0,2,0,3,0,0,0,0,0,7,60,1,1850,1463,5,5,40,1,0,0,0,0
1321310,3,2023,2023,8,3,5,1,10,103,34609,0,1,9,-28.830474,153.310148,39,2,1,0,3,0,0,0,2,0,0,50,0,14295,14295,3,0,5,2,0,0,0,0
1321311,3,2023,2023,8,0,6,3371,17,40,3342,0,1,9,-31.527741,152.791593,56,1,0,1,3,0,0,3,2,0,15,110,2,2852,2852,4,5,13,2,0,0,0,0
1321312,3,2023,2023,8,5,3,2261,17,5,2252,0,1,3,-34.480095,150.315522,78,1,0,0,3,0,0,0,1,0,7,110,2,14295,14295,3,5,2,2,0,0,0,0
1321314,3,2023,2023,8,4,3,45,31,49,331,0,1,2,-33.935198,151.156692,4,0,2,1,3,0,3,0,2,0,7,60,2,14295,14295,3,5,5,3,0,0,0,0
1321316,3,2023,2023,8,0,5,25,31,131,34609,0,1,1,-36.07067,146.919405,0,2,1,1,3,0,0,0,2,0,7,50,0,14295,14295,3,0,5,3,0,0,0,0
1321318,3,2023,2023,8,3,5,2,1,112,34609,0,1,9,-36.05698,146.926294,0,2,1,1,3,0,3,4,2,0,0,60,0,5929,5929,1,5,5,2,0,0,0,0
1321320,3,2023,2023,8,2,9,40,27,94,40,0,1,1,-33.882671,150.916983,24,0,2,1,3,0,0,0,3,0,7,60,1,1192,1192,1,5,5,2,0,0,0,0
1321322,3,2023,2023,8,1,4,1,10,5,34609,0,1,1,-32.736269,151.609033,42,2,1,1,3,0,0,0,2,0,7,50,0,9859,9859,8,0,40,1,0,0,0,0
1321324,3,2023,2023,8,6,8,387,27,253,34609,0,1,9,-33.967436,151.105419,25,0,2,1,3,1,2,6,4,0,7,50,0,4026,4026,1,0,0,2,0,0,0,0
1321325,3,2023,2023,8,3,9,153,27,290,147,0,1,1,-33.949389,151.116768,4,0,2,1,3,0,0,0,3,0,7,60,2,14295,14295,3,5,5,2,0,0,0,0
1321329,3,2023,2023,8,0,10,40,27,80,34609,0,1,1,-34.570469,146.394255,51,2,1,1,3,0,0,0,0,0,7,60,0,9859,9859,8,5,40,1,0,0,0,0
1321331,3,2023,2023,8,1,9,7,27,33,34609,0,1,1,-34.766334,150.677515,63,2,1,1,3,0,0,0,0,0,7,60,0,3775,3775,0,10,0,2,0,0,0,0
1321335,3,2023,2023,8,0,6,1,31,44,34609,0,1,10,-30.711575,152.917317,47,2,1,1,1,0,0,0,2,0,0,50,0,6545,6545,4,5,40,2,0,0,0,0
1321338,3,2023,2023,8,4,5,113,27,218,111,0,1,9,-33.780583,150.771711,55,0,2,1,3,0,0,0,2,2,7,60,2,5929,5929,1,5,5,2,0,0,0,0
1321339,3,2023,2023,8,1,3,77,27,29,34609,0,1,10,-34.414394,150.870357,80,0,2,1,3,0,0,0,2,0,0,50,0,6545,6545,4,5,0,2,0,0,0,0
1321342,3,2023,2023,8,4,6,485,27,24,769,0,1,9,-33.65952,150.876311,7,0,2,0,3,0,0,0,2,0,0,80,2,623,623,3,10,5,2,0,0,0,0
1321343,3,2023,2023,8,2,0,475,10,12,268,0,1,7,-33.873483,150.75001,41,0,2,1,3,0,0,0,0,0,0,80,2,9859,9859,8,30,40,1,0,0,0,0
1321344,3,2023,2023,8,5,7,2,10,22,34609,0,1,9,-32.771608,151.589184,42,2,1,0,3,0,0,0,2,0,7,50,0,2852,2852,4,0,5,2,0,0,0,0
1321346,3,2023,2023,8,6,9,38,27,290,8,0,1,1,-33.953673,151.132575,4,0,2,1,3,0,0,3,3,0,7,50,1,14295,14295,3,30,5,3,0,0,0,0
1321348,3,2023,2023,8,3,6,11,31,30,34609,1,0,1,-33.980343,151.142953,4,0,2,1,3,0,0,0,2,0,7,50,0,9859,9859,8,5,40,1,0,0,0,0
1321350,3,2023,2023,8,5,0,3371,17,7,3342,0,1,2,-32.927612,151.757306,48,0,2,1,3,0,0,0,0,0,7,60,2,9859,9859,1,5,5,2,0,0,0,0
1321353,3,2023,2023,0,0,5,2209,17,79,2205,0,1,10,-33.973551,151.129591,25,0,2,1,3,0,0,0,2,2,7,70,2,5929,5929,1,30,5,2,0,0,0,0
1321354,3,2023,2023,8,5,7,48,27,57,34609,0,1,1,-34.565115,150.805012,62,0,2,1,3,0,0,0,2,0,7,50,0,9859,9859,1,10,13,3,0,0,0,0
1321355,3,2023,2023,8,2,8,7,31,179,34609,0,1,7,-31.910677,152.457089,43,2,1,1,3,0,0,0,3,0,0,50,0,6545,6545,4,5,0,2,0,0,0,0
1321357,3,2023,2023,8,4,9,135,17,8,136,0,1,1,-36.065714,146.851807,0,2,1,0,3,0,3,4,0,0,7,80,2,4552,5151,8,0,40,1,0,0,0,0
1321358,3,2023,2023,8,5,5,165,31,363,34609,0,1,1,-33.813908,151.004754,54,0,2,1,3,0,0,0,2,0,7,40,0,941,941,1,5,13,3,0,0,0,0
1321359,3,2023,2023,8,4,6,35,27,6,34609,0,1,9,-28.324367,153.464324,72,2,1,0,3,0,0,0,2,0,7,60,0,217,217,1,0,13,2,0,0,0,0
1321360,3,2023,2023,8,4,8,45,1,294,26,0,1,9,-33.935323,150.926992,41,0,2,1,3,0,0,0,0,0,7,60,2,1282,1282,1,5,13,2,0,0,0,0
1321362,3,2023,2023,8,0,3,175,27,609,220,1,0,10,-33.757904,150.914287,7,0,2,1,3,0,0,3,2,2,7,70,2,515,515,1,29,0,2,0,0,0,0
1321363,3,2023,2023,8,2,7,3,31,234,34609,0,1,1,-34.278153,146.050675,28,2,1,1,3,0,0,3,2,0,7,50,0,77,77,1,5,5,2,0,0,0,0
1321364,3,2023,2023,8,5,9,5,27,3,34609,0,1,9,-33.013443,148.139221,53,1,0,1,3,0,0,0,4,0,7,100,0,9859,9859,8,5,40,1,0,0,0,0
1321366,3,2023,2023,8,3,7,8,27,13,34609,0,1,1,-33.402401,150.199499,40,1,0,1,3,0,0,3,2,0,7,100,0,945,945,5,10,40,1,0,0,0,0
1321367,3,2023,2023,8,0,5,3371,17,16,3342,0,1,2,-31.219192,152.823552,34,1,0,1,3,0,0,0,2,0,7,110,2,1192,1192,1,5,0,2,0,0,0,0
1321368,3,2023,2023,8,5,6,25,27,67,94,0,1,1,-33.884389,151.011428,15,0,2,1,3,0,0,0,2,0,7,60,1,9859,9859,1,5,5,2,0,0,0,0
1321369,3,2023,2023,8,1,8,132,31,252,126,0,1,10,-33.891777,151.214442,69,0,2,1,3,0,0,0,2,2,7,50,2,14295,14295,3,0,5,3,0,0,0,0
1321370,3,2023,2023,8,3,6,2,27,26,34609,0,1,1,-31.215657,152.923834,34,1,0,0,3,2,0,0,2,0,7,100,0,1957,4009,8,5,40,1,0,0,0,0
1321373,3,2023,2023,8,3,3,169,1,187,94,0,1,1,-33.880482,150.976742,24,0,2,1,3,0,0,0,1,0,7,60,1,4026,4026,8,30,40,3,0,0,0,0
1321374,3,2023,2023,6,0,0,48,27,2,26,0,1,9,-35.017173,149.650142,26,2,1,1,3,0,0,0,0,0,0,60,2,9859,9859,8,5,40,1,0,0,0,0
1321375,3,2023,2023,8,2,7,2,27,44,34609,0,1,1,-30.597513,152.967929,47,1,0,0,3,0,0,0,2,0,7,100,0,4552,5151,8,0,40,1,0,0,0,0
1321376,3,2023,2023,8,0,8,330,1,107,34609,0,1,7,-33.281585,151.423304,16,2,2,0,3,0,0,0,2,0,0,50,0,6545,6545,4,5,36,2,0,0,0,0
1321378,3,2023,2023,0,0,10,2261,17,112,2252,0,1,2,-33.914378,150.92642,41,0,2,1,3,0,0,0,0,0,7,70,2,14295,14295,3,9,5,2,0,0,0,0
1321379,3,2023,2023,8,2,8,4,27,20,6,0,1,1,-33.497658,150.723757,29,2,2,1,3,0,0,0,3,0,7,80,1,323,323,1,16,13,2,0,0,0,0
1321380,3,2023,2023,8,1,8,47,27,9,33,0,1,1,-32.426899,151.548251,51,2,1,1,3,0,0,0,2,0,7,50,1,9859,9859,1,5,13,2,0,0,0,0
1321382,3,2023,2023,0,2,6,5,31,176,34609,0,1,1,-33.94775,151.133714,4,0,2,1,3,0,0,0,2,0,7,50,0,9859,9859,1,5,5,3,0,0,0,0
1321391,3,2023,2023,8,6,4,80,27,21,34609,0,1,9,-33.276077,151.404695,16,2,2,1,3,0,0,0,2,0,15,60,0,5929,5929,1,30,0,2,0,0,0,0
1321395,3,2023,2023,8,2,11,1104,14,323,962,0,1,3,-33.801541,150.873982,7,0,2,1,2,0,0,0,0,0,7,100,2,1383,1383,1,5,0,2,0,0,0,0
1321396,3,2023,2023,8,6,8,108,27,251,93,0,1,1,-33.777825,150.945304,7,0,2,0,3,0,0,0,3,0,7,60,1,14295,14295,3,5,13,2,0,0,0,0
1321397,3,2023,2023,8,0,4,2261,17,112,2252,0,1,2,-36.064933,146.9411,0,1,0,1,3,0,3,0,2,0,7,110,2,9859,9859,8,5,40,1,0,0,0,0
1321399,3,2023,2023,8,3,6,3,1,41,34609,0,1,10,-35.128797,147.362094,75,2,1,1,3,0,0,3,2,0,0,50,0,2852,2852,4,30,5,2,0,0,0,0
1321402,3,2023,2023,8,2,5,147,27,72,605,1,0,2,-33.830716,151.225513,49,0,2,1,3,0,0,0,2,0,7,60,2,1391,1391,1,5,5,2,0,0,0,0
1321403,3,2023,2023,3,4,5,2,27,30,34609,0,1,1,-34.322759,146.011909,28,1,0,1,3,2,0,0,2,0,7,100,0,475,475,5,5,40,1,0,0,0,0
1321404,3,2023,2023,8,0,9,224,27,387,321,0,1,10,-33.925531,151.195439,4,0,2,1,3,0,0,0,0,2,7,50,2,5929,5929,1,5,19,2,0,0,0,0
1321406,3,2023,2023,8,2,4,25,27,89,208,0,1,7,-33.862616,150.884357,24,0,2,1,3,0,0,0,2,0,0,50,1,395,395,1,5,36,2,0,0,0,0
1321408,3,2023,2023,8,3,8,20,31,69,34609,0,1,10,-34.552783,150.863071,62,0,2,1,3,0,0,0,3,0,0,50,0,3775,3775,0,5,0,2,0,0,0,0
1321414,3,2023,2023,0,3,10,11,31,64,34609,0,1,9,-33.487396,150.150155,40,2,1,0,3,0,3,4,4,0,7,50,0,4552,985,8,5,40,1,0,0,0,0
1321417,3,2023,2023,0,2,8,2261,17,30,2252,0,1,2,-34.810124,148.460551,30,1,0,1,3,0,3,4,2,0,7,110,2,9859,9859,8,30,40,1,0,0,0,0
1321418,3,2023,2023,8,1,10,30,24,167,34609,0,1,9,-33.83087,151.07131,54,0,2,1,3,0,0,0,0,0,7,50,0,5929,5929,1,0,5,2,0,0,0,0
1321420,3,2023,2023,8,4,6,12,27,65,19,0,1,1,-33.699237,151.288497,50,0,2,0,3,0,0,0,2,0,7,50,1,4552,5151,8,5,40,1,0,0,0,0
1321421,3,2023,2023,0,6,10,1,27,3,34609,0,1,1,-28.645089,153.359152,39,1,0,1,3,0,3,4,0,0,7,100,0,9859,9859,8,10,40,1,0,0,0,0
1321422,3,2023,2023,8,1,8,5,27,3,34609,0,1,1,-32.431366,152.520867,43,2,1,0,3,0,0,0,2,0,7,50,0,3775,3775,0,10,5,2,0,0,0,0
1321425,3,2023,2023,8,3,9,126,1,226,144,0,1,10,-33.766228,150.817094,7,0,2,1,3,0,0,0,2,2,7,60,2,5929,5929,1,5,0,2,0,0,0,0
1321427,3,2023,2023,8,3,3,27,27,6,18,0,1,1,-31.325631,151.308135,70,1,0,1,3,0,0,0,2,0,7,100,1,1945,1945,5,0,40,1,0,0,0,0
1321432,3,2023,2023,8,3,3,11,27,87,34609,0,1,1,-33.694743,150.956688,71,0,2,1,3,0,0,0,1,0,7,60,0,9859,9859,1,5,5,3,0,0,0,0
1321433,3,2023,2023,8,4,3,55,36,22,35,0,1,1,-32.87679,149.940197,44,1,0,0,3,0,0,0,2,0,7,100,1,1109,787,1,21,13,2,0,0,0,0
1321434,3,2023,2023,8,6,6,110,27,445,40,0,1,9,-33.848724,151.05468,54,0,2,1,3,0,0,0,2,0,0,60,1,1282,1282,1,5,35,2,0,0,0,0
1321435,3,2023,2023,6,4,8,51,31,32,34609,0,1,10,-32.365297,149.53204,44,2,1,1,3,0,0,0,3,0,0,50,0,6545,6545,4,5,0,2,0,0,0,0
1321436,3,2023,2023,8,6,5,3371,17,44,3342,0,1,9,-32.386287,152.22967,43,1,0,0,3,0,0,0,2,0,7,100,2,1259,5151,8,9,40,1,0,0,0,0
1321437,3,2023,2023,8,6,7,2126,17,283,2149,0,1,2,-33.827899,151.005617,54,0,2,1,3,0,0,0,2,0,7,60,2,14295,14295,3,5,0,3,0,0,0,0
1321439,3,2023,2023,8,0,4,2261,17,148,2252,0,1,2,-36.053653,146.957333,0,1,0,1,3,0,0,0,2,0,7,110,2,1192,1192,1,10,5,2,0,0,0,0
1321441,3,2023,2023,8,0,3,47,31,253,34609,0,1,10,-33.967079,151.110639,25,0,2,0,3,0,0,0,2,0,7,60,0,5929,5929,1,5,5,2,0,0,0,0
1321442,3,2023,2023,8,2,1,2261,17,32,2252,0,1,2,-34.83459,149.025152,82,1,0,1,3,0,0,0,0,0,7,110,2,4026,4026,8,10,40,1,0,0,0,0
1321443,3,2023,2023,6,0,6,21,27,1,34609,0,1,1,-32.859046,149.922731,44,1,0,0,3,2,0,0,2,0,7,100,0,4552,5151,8,8,40,1,0,0,0,0
1321449,3,2023,2023,0,3,2,2,27,11,34609,0,1,1,-28.223865,153.466201,72,2,1,0,3,0,3,4,0,0,7,50,0,2585,4009,8,5,40,1,0,0,0,0
1321452,3,2023,2023,8,6,3,916,17,5,917,0,1,1,-30.035832,151.723633,1,1,0,0,3,0,0,0,1,0,7,100,2,782,957,5,5,40,1,0,0,0,0
1321454,3,2023,2023,8,0,9,344,27,363,369,0,1,2,-33.746824,150.71431,55,0,2,1,3,0,0,0,0,0,7,70,2,14295,14295,3,5,5,2,0,0,0,0
1321455,3,2023,2023,8,3,7,11,31,21,10,0,1,10,-33.951451,151.15995,4,0,2,1,3,0,0,0,2,0,15,60,1,6545,6545,4,5,0,2,0,0,0,0