Crash ID,Degree of crash - detailed,Reporting year,Year of crash,Month of crash,Day of week of crash,Two-hour intervals,Street of crash,Street type,Town,Route no.,School zone location,School zone active,Type of location,Latitude,Longitude,LGA,Urbanisation,Conurbation 1,Alignment,Street lighting,Road surface,Surface condition,Weather,Natural lighting,Signals operation,Other traffic control,Speed limit,Road classification,RUM - code,DCA - code,First impact type,Key TU type,Other TU type,No. of traffic units involved,No. killed,No. seriously injured,No. moderately injured,No. minor-other injured
1321456,3,2023,2023,8,6,11,7,31,49,34609,0,1,1,-32.988736,151.679144,37,0,2,1,3,0,0,0,0,0,7,50,0,14295,14295,3,10,5,2,0,0,0,0
1321457,3,2023,2023,8,0,9,15,27,32,34609,0,1,1,-33.653957,150.955676,71,0,2,0,3,0,0,0,0,0,7,60,0,1957,4009,8,10,40,1,0,0,0,0
1321463,3,2023,2023,8,0,9,3,10,21,34609,0,1,1,-35.071021,147.345496,75,2,1,0,3,0,0,0,0,0,7,50,0,4552,5151,8,5,40,1,0,0,0,0
1321464,3,2023,2023,8,1,9,49,31,104,34609,0,1,0,-33.83199,151.214896,49,0,2,0,3,0,0,0,2,0,7,50,0,1957,4009,1,5,5,2,0,0,0,0
1321465,3,2023,2023,8,2,10,512,17,11,441,0,1,9,-33.368595,149.184393,52,1,0,1,3,0,3,4,0,0,15,100,2,1089,1089,7,5,40,1,0,0,0,0
1321467,3,2023,2023,8,3,10,39,31,112,34609,0,1,2,-36.063932,146.924669,0,2,1,0,3,0,3,4,0,0,7,60,0,4552,5151,8,30,40,1,0,0,0,0
1321468,3,2023,2023,8,3,5,31,27,79,33,0,1,1,-33.582645,150.715667,29,2,2,1,3,0,0,0,2,0,7,60,1,1109,787,1,5,0,2,0,0,0,0
1321469,3,2023,2023,8,3,7,512,17,21,441,0,1,10,-31.564707,147.202052,51,2,1,1,3,0,0,0,2,0,0,50,2,6545,6545,4,10,13,2,0,0,0,0
1321474,3,2023,2023,8,4,6,6,31,90,34609,0,1,1,-33.715578,150.30868,8,2,2,1,3,0,0,0,2,0,7,50,0,3775,3775,0,34,0,2,0,0,0,0
1321476,3,2023,2023,8,2,5,16,31,161,115,0,1,9,-33.725676,151.155502,36,0,2,1,3,0,0,0,2,0,7,60,1,14295,14295,3,5,5,3,0,0,0,0
1321477,3,2023,2023,8,3,9,916,17,16,917,0,1,1,-31.446348,150.871785,51,1,0,1,3,0,0,0,0,0,7,100,2,1089,1089,7,0,40,1,0,0,0,0
1321479,3,2023,2023,8,2,4,44,31,253,34609,0,1,10,-33.962424,151.099163,25,0,2,1,3,0,0,0,2,0,15,50,0,6545,6545,4,5,5,2,0,0,0,0
1321481,3,2023,2023,8,0,9,110,27,9,173,0,1,2,-34.401942,150.882466,80,0,2,1,3,0,0,0,0,0,7,60,2,14295,14295,3,5,5,2,0,0,0,0
1321482,3,2023,2023,8,0,4,2261,17,112,2252,0,1,2,-36.063694,146.942499,0,1,0,1,0,0,0,0,2,0,7,110,2,14295,14295,3,5,5,2,0,0,0,0
1321483,3,2023,2023,8,6,6,234,27,112,217,1,0,1,-33.688555,151.029148,71,0,2,1,3,0,0,0,2,0,7,60,2,1669,1669,3,10,5,2,0,0,0,0
1321487,3,2023,2023,8,0,6,2126,17,363,2149,0,1,9,-33.750624,150.695951,55,0,2,1,0,0,0,0,2,2,7,40,2,5929,5929,1,5,0,2,0,0,0,0
1321489,3,2023,2023,8,4,8,31,22,283,34609,0,1,1,-33.839948,151.005661,21,0,2,1,3,0,0,0,3,0,7,50,0,14295,14295,3,5,5,3,0,0,0,0
1321490,3,2023,2023,8,5,11,21,31,445,34609,0,1,0,-33.864996,151.044423,21,0,2,1,3,0,3,4,0,0,7,50,0,9859,9859,1,5,0,2,0,0,0,0
1321493,3,2023,2023,8,2,9,35,27,96,34609,0,1,7,-35.360877,149.224551,58,2,1,1,3,0,0,0,0,0,0,50,0,5929,5929,1,5,5,2,0,0,0,0
1321494,3,2023,2023,8,3,9,4,31,49,34609,0,1,1,-33.934656,151.155905,4,0,2,1,3,0,0,0,0,0,7,50,0,623,623,3,5,22,2,0,0,0,0
1321496,3,2023,2023,8,4,2,3371,17,73,3342,0,1,2,-33.774252,151.167849,36,0,2,1,3,0,0,0,0,0,7,60,2,9859,9859,1,9,5,2,0,0,0,0
1321498,3,2023,2023,8,6,2,81,27,609,115,0,1,7,-33.792857,150.898117,7,0,2,1,3,0,0,0,0,0,0,60,2,926,926,4,5,12,2,0,0,0,0
1321503,3,2023,2023,0,3,6,51,1,149,34609,0,1,1,-33.993194,151.135055,4,0,2,1,3,0,0,0,2,0,7,50,0,941,941,1,5,13,2,0,0,0,0
1321528,3,2023,2023,0,3,0,7,31,463,34609,0,1,1,-30.302776,153.11434,19,2,1,0,0,0,3,0,0,0,7,50,0,4552,5151,8,5,40,1,0,0,0,0
1321533,3,2023,2023,0,1,1,9,1,62,34609,0,1,1,-34.072983,150.814355,13,0,2,1,2,0,3,4,0,0,7,50,0,4026,4026,8,0,40,1,0,0,0,0
1321538,3,2023,2023,3,2,10,13,31,463,62,0,1,1,-30.295876,153.111446,19,2,1,0,2,0,3,4,0,0,7,50,1,4552,5151,1,5,0,4,0,0,0,0
1321555,3,2023,2023,4,3,2,1,27,20,34609,0,1,1,-33.418334,151.458578,16,2,2,1,2,0,0,0,1,0,7,50,0,9859,9859,1,5,5,2,0,0,0,0
1321556,3,2023,2023,8,1,8,2209,17,70,2205,1,0,2,-34.028899,151.08201,68,0,2,1,2,0,3,0,3,0,7,70,2,475,475,5,5,40,1,0,0,0,0
1321558,3,2023,2023,8,4,10,22,31,115,34609,0,1,9,-33.878504,151.187503,69,0,2,1,0,0,0,0,0,0,7,50,0,4026,4026,1,33,5,2,0,0,0,0
1321562,3,2023,2023,8,3,10,33,10,11,34609,0,1,1,-28.645035,153.531094,10,2,1,0,0,0,0,0,0,0,7,80,0,1957,4009,8,21,40,1,0,0,0,0
1321579,3,2023,2023,8,6,8,829,27,123,770,0,1,9,-33.809826,151.065183,54,0,2,1,0,0,0,0,2,0,7,70,2,1282,1282,1,33,0,2,0,0,0,0
1321592,3,2023,2023,0,2,5,829,31,179,70,0,1,10,-31.909174,152.467872,43,2,1,1,0,0,0,0,2,0,0,60,1,775,775,4,0,5,2,0,0,0,0
1321596,3,2023,2023,8,6,9,73,27,197,34609,0,1,1,-33.792509,151.117502,61,0,2,1,2,0,0,0,0,0,7,50,0,9859,9859,1,30,25,2,0,0,0,0
1321599,3,2023,2023,0,2,11,10,27,30,34609,0,1,1,-34.451743,150.355158,78,2,1,1,0,0,3,4,0,0,7,80,0,9859,9859,8,5,40,1,0,0,0,0
1321600,3,2023,2023,0,4,5,2,31,102,34609,0,1,1,-31.106993,150.907555,70,2,1,1,0,0,0,0,2,0,7,50,0,9859,9859,8,5,40,1,0,0,0,0
1321602,3,2023,2023,8,4,8,1052,14,83,928,0,1,3,-33.481772,151.183681,16,1,2,0,0,0,0,0,2,0,7,100,2,14295,14295,3,33,5,3,0,0,0,0
1321616,3,2023,2023,3,4,9,344,27,88,163,0,1,9,-33.739523,150.860069,7,0,2,1,1,0,0,0,3,0,0,70,2,775,775,4,0,12,2,0,0,0,0
1321617,3,2023,2023,8,4,8,26,31,363,34609,0,1,1,-33.753716,150.702862,55,0,2,1,0,0,0,0,3,0,7,50,0,1282,1282,1,5,40,1,0,0,0,0
1321636,3,2023,2023,8,2,10,44,31,160,260,0,1,1,-33.107343,151.49104,37,0,2,0,2,0,0,3,0,0,7,50,2,1957,4009,8,10,40,1,0,0,0,0
1321653,3,2023,2023,8,4,9,330,10,5,34609,0,1,9,-28.621565,152.987299,51,2,1,1,2,0,0,0,0,0,7,50,0,9859,9859,8,10,40,1,0,0,0,0
1321660,3,2023,2023,8,6,2,10,31,252,34609,0,1,9,-33.881916,151.213422,69,0,2,1,0,0,0,3,0,0,7,40,0,1282,1282,1,33,0,3,0,0,0,0
1321664,3,2023,2023,8,6,2,109,27,61,105,0,1,9,-33.89698,150.912752,24,0,2,1,2,0,0,0,1,2,7,60,2,1383,1383,1,5,5,2,0,0,0,0
1321666,3,2023,2023,8,2,9,30,27,46,34609,0,1,1,-33.288474,151.394788,16,2,2,1,2,0,0,0,0,0,7,80,0,945,945,5,30,40,1,0,0,0,0
1321693,3,2023,2023,8,4,11,334,17,56,308,0,1,1,-31.466042,152.720284,56,2,1,1,2,0,0,0,0,0,7,60,2,4026,4026,8,5,40,1,0,0,0,0
1321701,3,2023,2023,8,2,10,515,14,252,518,0,1,6,-33.956418,150.875794,41,0,2,0,2,0,3,3,0,0,7,70,2,2585,4009,8,5,40,1,0,0,0,0
1321704,3,2023,2023,8,5,4,45,1,463,34609,0,1,9,-30.278538,153.135756,19,2,1,1,0,0,0,0,2,0,7,50,0,256,256,4,5,5,2,0,0,0,0
1321708,3,2023,2023,7,1,5,54,27,20,563,0,1,9,-34.032848,151.005121,68,0,2,1,1,0,0,0,2,2,7,80,2,14295,14295,3,0,5,3,0,0,0,0
1321711,3,2023,2023,8,3,11,6,31,90,34609,0,1,9,-32.92148,151.744999,48,0,2,1,2,0,3,4,0,0,7,50,0,4552,985,1,5,0,2,0,0,0,0
1321729,3,2023,2023,8,3,5,18,10,53,18,1,0,1,-33.773794,151.147229,36,0,2,1,0,0,0,0,2,0,7,60,1,9859,9859,8,5,40,1,0,0,0,0
1321733,3,2023,2023,8,2,2,3371,17,28,3342,0,1,2,-32.622236,151.956552,57,1,0,1,2,0,0,0,0,0,7,110,2,9859,9859,8,29,40,1,0,0,0,0
1321735,3,2023,2023,8,0,11,106,27,46,106,1,0,10,-33.926638,150.859574,41,0,2,1,2,0,0,0,0,2,7,70,2,9859,9859,8,5,40,1,0,0,0,0
1321753,3,2023,2023,0,2,9,8,31,293,34609,0,1,1,-33.928335,151.058469,15,0,2,1,2,0,3,6,0,0,7,50,0,14295,14295,3,5,5,2,0,0,0,0
1321756,3,2023,2023,8,4,8,475,10,70,268,0,1,9,-33.888275,150.881227,24,0,2,0,2,0,0,0,0,2,7,70,2,1282,1282,1,33,5,2,0,0,0,0
1321759,3,2023,2023,0,2,0,1,10,38,34609,0,1,1,-30.257621,153.132764,19,2,1,1,2,0,0,0,0,0,7,50,0,489,489,8,5,40,1,0,0,0,0
1321794,3,2023,2023,7,0,8,15,31,39,34609,0,1,1,-31.064799,152.834787,34,2,1,1,0,0,0,0,2,0,7,60,0,9859,9859,1,5,6,2,0,0,0,0
1321816,3,2023,2023,8,5,11,25,27,67,34609,0,1,1,-33.63695,150.898661,71,0,2,0,2,0,0,0,0,0,7,70,0,4552,5151,8,5,40,1,0,0,0,0
1321822,3,2023,2023,8,0,8,110,27,41,173,0,1,2,-34.396075,150.866875,80,0,2,1,0,0,0,0,0,0,7,80,2,14295,14295,3,0,40,2,0,0,0,0
1321835,3,2023,2023,8,1,8,13,31,106,34609,0,1,1,-33.672448,151.296482,50,0,2,1,2,0,0,0,0,0,7,50,0,9859,9859,1,0,0,2,0,0,0,0
1321866,3,2023,2023,8,0,9,15,27,15,41,0,1,1,-28.940662,153.222628,60,1,0,1,0,0,0,0,0,0,7,100,1,96,96,0,33,13,2,0,0,0,0
1321906,3,2023,2023,0,2,6,47,31,166,34609,0,1,10,-33.420854,149.588337,3,2,1,1,0,0,0,0,2,0,0,60,0,6545,6545,4,0,13,2,0,0,0,0
1321922,3,2023,2023,8,4,8,6,31,56,34609,0,1,7,-35.126664,147.390761,75,2,1,1,3,0,0,0,2,0,0,70,0,14295,14295,3,10,13,3,0,0,0,0
1321958,3,2023,2023,6,0,7,308,14,127,311,0,1,3,-33.832819,150.856702,24,0,2,1,3,0,0,0,2,0,7,100,2,14295,14295,3,34,5,2,0,0,0,0
1321960,3,2023,2023,6,1,5,65,10,132,148,0,1,1,-34.121695,151.078974,68,0,2,0,3,0,3,0,2,0,7,60,2,1259,5151,8,10,40,1,0,0,0,0
1321961,3,2023,2023,6,2,11,1104,14,113,962,0,1,3,-33.783062,150.749383,55,0,2,1,3,0,3,4,0,0,7,110,2,1383,1383,1,10,22,2,0,0,0,0
1321965,3,2023,2023,3,2,6,3371,17,8,3342,0,1,2,-28.308889,153.514337,72,1,0,0,3,0,0,0,2,0,7,110,2,2585,4009,8,10,40,1,0,0,0,0
1321966,3,2023,2023,6,1,8,4,7,149,187,0,1,9,-33.86927,151.176295,32,0,2,1,3,0,0,0,2,2,7,40,2,1383,1383,1,5,0,2,0,0,0,0
1321974,3,2023,2023,6,1,6,2209,17,77,2205,0,1,9,-33.92703,151.158678,32,0,2,1,3,0,0,0,2,2,7,60,2,623,623,3,8,5,2,0,0,0,0
1321977,3,2023,2023,6,3,7,3371,17,90,3342,0,1,2,-28.245453,153.549964,72,1,0,1,3,0,3,4,2,0,7,110,2,1192,1192,1,5,5,2,0,0,0,0
1321978,3,2023,2023,8,6,5,481,17,16,483,0,1,1,-35.641147,145.578102,51,2,1,1,3,0,0,0,2,0,7,40,2,9859,9859,8,30,40,1,0,0,0,0
1321982,3,2023,2023,8,1,4,2209,17,55,2205,0,1,2,-35.718697,150.176175,23,2,1,1,3,0,0,0,2,0,7,60,2,1192,1192,1,5,5,2,0,0,0,0
1321983,3,2023,2023,8,3,10,177,22,70,176,0,1,10,-34.032628,151.085539,68,0,2,1,3,0,0,0,2,2,7,60,2,5929,5929,1,5,5,2,0,0,0,0
1321986,3,2023,2023,8,2,5,48,13,11,34609,0,1,1,-34.017129,151.108553,68,0,2,1,3,0,0,0,2,0,7,50,0,220,220,8,5,40,1,0,0,0,0
1321987,3,2023,2023,6,6,3,3,27,43,34609,0,1,1,-30.444184,153.009623,6,1,0,1,3,0,0,0,1,0,7,100,0,84,84,8,8,40,1,0,0,0,0
1321988,3,2023,2023,6,6,5,10,25,96,212,0,1,2,-35.355341,149.230121,58,2,1,1,3,0,3,3,2,0,7,60,2,1383,1383,1,19,13,2,0,0,0,0
1321989,3,2023,2023,6,5,8,280,10,314,82,0,1,10,-33.851777,150.928664,24,0,2,1,3,0,0,0,2,0,15,60,1,5929,5929,1,5,0,2,0,0,0,0
1321990,3,2023,2023,6,0,7,3,27,562,34609,1,2,1,-32.266312,148.645035,22,2,1,1,3,0,0,0,2,0,7,40,0,1669,1669,3,5,0,2,0,0,0,0
1321994,3,2023,2023,8,1,7,31,24,18,36,1,2,9,-33.746026,151.113448,36,0,2,1,3,0,0,0,2,0,15,40,1,2852,2852,4,0,5,2,0,0,0,0
1321999,3,2023,2023,8,5,2,98,27,294,799,0,1,2,-33.929018,150.955211,41,0,2,1,2,0,0,0,4,0,7,70,2,9859,9859,8,5,40,1,0,0,0,0
1322003,3,2023,2023,8,0,0,45,27,110,45,0,1,1,-33.742239,151.043801,71,0,2,1,3,0,0,0,0,0,7,60,2,14295,14295,3,5,35,2,0,0,0,0
1322004,3,2023,2023,8,3,5,1,27,33,34609,0,1,1,-33.981432,151.137284,4,0,2,1,3,0,0,0,2,0,7,50,0,941,941,1,0,0,2,0,0,0,0
1322007,3,2023,2023,8,0,0,24,31,58,34609,0,1,1,-32.976254,151.670991,37,0,2,1,3,1,2,6,0,0,16,60,0,9859,9859,8,30,40,1,0,0,0,0
1322008,3,2023,2023,8,2,11,22,27,169,147,0,1,9,-28.673857,153.611409,10,2,1,1,3,0,0,0,0,0,7,50,1,4026,4026,8,5,40,1,0,0,0,0
1322013,3,2023,2023,8,5,8,10,31,155,34609,1,0,10,-33.137558,148.180695,53,2,1,1,0,0,0,0,2,0,9,50,0,4026,4026,8,0,40,1,0,0,0,0
1322014,3,2023,2023,6,4,7,100,27,127,100,0,1,10,-33.832048,150.855482,24,0,2,1,3,0,3,3,2,0,15,70,2,5929,5929,1,10,5,2,0,0,0,0
1322016,3,2023,2023,3,5,6,16,36,3,19,0,1,9,-33.175799,147.960678,53,1,0,1,3,0,0,0,2,0,7,100,1,9859,9859,8,5,40,1,0,0,0,0
1322019,3,2023,2023,6,0,8,76,24,164,154,0,1,2,-33.741247,150.871054,7,0,2,1,3,0,0,0,4,0,7,60,1,14295,14295,3,5,5,2,0,0,0,0
1322021,3,2023,2023,6,6,7,1,31,33,34609,0,1,1,-35.126896,147.32671,75,2,1,1,3,0,0,0,2,0,7,50,0,4026,4026,8,5,40,1,0,0,0,0
1322024,3,2023,2023,7,1,5,220,27,104,222,0,1,2,-33.729578,150.941756,7,0,2,1,2,0,3,4,2,0,7,80,2,14295,14295,3,5,5,4,0,0,0,0
1322025,3,2023,2023,6,4,1,165,31,128,369,0,1,7,-33.634388,150.788409,29,2,2,1,3,0,0,0,0,0,0,60,2,9859,9859,8,0,40,1,0,0,0,0
1322027,3,2023,2023,6,2,6,193,27,253,34609,0,1,0,-33.96449,151.104024,25,0,2,1,3,0,0,0,2,0,7,50,0,1391,1391,1,10,5,2,0,0,0,0
1322029,3,2023,2023,7,4,4,53,36,18,95,0,1,9,-33.246351,148.972268,11,1,0,1,3,0,0,0,2,0,0,100,2,945,945,5,8,40,1,0,0,0,0
1322030,3,2023,2023,6,5,6,4,6,86,34609,0,1,1,-33.704472,151.212389,50,0,2,1,3,0,0,0,2,0,7,50,0,3775,3775,0,0,5,2,0,0,0,0
1322035,3,2023,2023,6,0,7,4,31,132,34609,0,1,2,-29.772059,151.111489,33,2,1,1,3,0,0,0,2,0,7,40,0,5929,5929,1,0,5,2,0,0,0,0
1322040,3,2023,2023,8,6,7,916,17,66,917,0,1,2,-32.812095,151.6648,48,0,2,1,3,0,0,0,2,0,7,80,2,14295,14295,3,0,5,2,0,0,0,0
1322043,3,2023,2023,8,1,9,78,31,137,34609,0,1,10,-34.028909,151.065771,68,0,2,1,2,0,0,0,0,0,0,50,0,6545,6545,4,5,5,4,0,0,0,0
1322044,3,2023,2023,8,1,6,78,17,23,58,0,1,9,-35.099059,149.035857,82,1,0,1,3,0,0,0,2,0,0,100,2,9859,9859,8,0,40,1,0,0,0,0
1322049,3,2023,2023,8,2,10,3,31,83,34609,0,1,9,-29.705847,152.93013,18,2,1,1,2,0,0,0,0,0,7,50,0,1850,985,5,9,40,1,0,0,0,0
1322052,3,2023,2023,6,5,3,37,31,215,34609,0,1,10,-35.106877,147.371768,75,2,1,1,3,0,3,4,2,2,7,50,0,1669,1669,3,10,5,2,0,0,0,0
1322053,3,2023,2023,6,0,2,5,27,74,12,0,1,1,-34.604474,148.001514,20,1,0,1,3,0,0,1,0,0,7,100,1,1089,1089,7,29,40,1,0,0,0,0
1322055,3,2023,2023,6,4,4,7,31,74,12,1,2,10,-34.633734,148.031713,20,2,1,1,3,0,0,0,2,0,0,40,1,6545,6545,4,5,0,2,0,0,0,0
1322061,3,2023,2023,6,2,6,2126,17,27,2149,0,1,1,-33.585733,150.247571,8,2,2,1,3,0,0,0,2,0,7,60,2,14295,14295,3,5,13,2,0,0,0,0
1322063,3,2023,2023,6,2,8,2261,17,35,2252,0,1,2,-34.981698,148.126016,20,1,0,0,3,0,0,0,3,0,7,110,2,14295,14295,3,5,12,2,0,0,0,0
1322066,3,2023,2023,6,0,7,829,31,49,102,0,1,10,-34.449241,147.533177,51,2,1,1,3,0,0,6,2,0,0,50,2,6545,6545,4,5,13,2,0,0,0,0
1322069,3,2023,2023,6,3,6,1,31,646,34609,0,1,1,-33.927228,151.031075,15,0,2,1,3,0,0,0,2,0,7,50,0,1981,1981,4,5,13,3,0,0,0,0
1322070,3,2023,2023,8,6,6,230,27,173,284,0,1,2,-33.777385,151.107824,61,0,2,1,3,0,0,0,2,0,7,70,2,1282,1282,1,5,5,2,0,0,0,0
1322075,3,2023,2023,6,1,5,23,27,61,91,0,1,1,-35.143975,149.251528,82,1,0,1,3,0,0,3,2,0,7,100,1,1669,1669,3,5,41,2,0,0,0,0
1322081,3,2023,2023,8,6,7,11,31,102,34609,0,1,10,-31.114948,150.911678,70,2,1,1,3,0,0,0,2,0,0,50,0,14295,14295,3,0,5,2,0,0,0,0
1322083,3,2023,2023,6,5,8,1104,14,113,962,0,1,3,-33.786218,150.714896,55,0,2,1,3,0,0,0,2,0,7,110,2,1383,1383,1,34,0,2,0,0,0,0
1322084,3,2023,2023,8,6,5,3371,17,18,3342,0,1,2,-30.812918,152.871439,47,1,0,0,3,0,0,0,2,0,7,100,2,1383,1383,1,9,2,2,0,0,0,0
1322086,3,2023,2023,6,5,4,78,27,31,61,0,1,7,-33.888841,151.022375,15,0,2,1,3,0,3,3,2,0,0,60,1,14295,14295,3,5,0,2,0,0,0,0
1322090,3,2023,2023,6,3,8,195,27,53,186,0,1,2,-33.936493,150.842556,41,0,2,0,3,0,0,3,3,0,7,70,2,14295,14295,3,5,13,2,0,0,0,0
1322092,3,2023,2023,6,0,7,2209,17,10,2205,0,1,2,-34.649416,150.850492,35,1,0,0,0,0,0,0,2,0,7,100,2,1259,5151,8,0,40,1,0,0,0,0
1322095,3,2023,2023,6,2,7,296,27,187,293,0,1,1,-33.883961,150.976249,24,0,2,1,3,0,0,3,2,0,7,60,2,14295,14295,3,5,5,2,0,0,0,0
1322096,3,2023,2023,6,1,4,2209,17,22,2205,0,1,1,-36.104146,150.055969,23,1,0,0,3,0,3,4,2,0,7,100,2,1957,4009,8,5,40,1,0,0,0,0
1322099,3,2023,2023,6,1,8,2,27,19,34609,0,1,9,-33.646325,151.04915,31,0,2,1,3,0,3,3,2,0,0,60,0,5929,5929,1,0,0,2,0,0,0,0
1322102,3,2023,2023,6,5,8,2261,17,38,2252,0,1,3,-34.152396,150.73763,79,1,2,1,3,0,0,0,2,0,7,110,2,14295,14295,3,0,35,2,0,0,0,0
1322106,3,2023,2023,6,0,6,42,7,228,34609,0,1,9,-34.727214,149.724931,26,2,1,1,3,0,0,0,2,0,7,50,0,2852,2852,4,5,0,2,0,0,0,0
1322108,3,2023,2023,6,3,2,11,27,29,165,1,0,7,-33.978797,151.079603,25,0,2,0,3,0,0,0,1,0,0,50,1,1957,4009,8,0,40,1,0,0,0,0
1322110,3,2023,2023,7,2,11,48,31,363,34609,0,1,1,-33.817736,151.008778,54,0,2,1,3,0,0,0,0,0,7,40,0,14295,14295,3,10,5,2,0,0,0,0
1322113,3,2023,2023,6,1,5,3,10,64,34609,0,1,1,-34.039211,150.742797,12,0,2,1,3,0,0,0,2,0,7,50,0,14295,14295,3,0,5,2,0,0,0,0
1322114,3,2023,2023,6,0,1,2261,17,18,2252,0,1,9,-35.176531,147.836977,20,1,0,0,3,0,0,0,0,0,0,110,2,1089,1089,7,8,40,1,0,0,0,0
1322117,3,2023,2023,6,4,8,1,31,37,34609,0,1,10,-32.801591,151.513047,17,2,1,1,3,0,0,0,3,0,15,50,0,6545,6545,4,9,13,2,0,0,0,0
1322122,3,2023,2023,0,4,1,5,31,271,34609,0,1,10,-33.942274,151.022808,15,0,2,1,2,0,0,0,0,0,7,50,0,1282,1282,1,5,0,2,0,0,0,0
1322126,3,2023,2023,8,5,1,95,27,50,36,1,0,7,-33.51158,151.330561,16,2,2,1,2,0,0,0,0,0,0,60,1,9859,9859,1,5,12,2,0,0,0,0
1322150,3,2023,2023,8,5,11,31,27,18,34609,0,1,9,-33.827252,151.107103,61,0,2,1,2,0,0,0,0,0,7,50,0,9859,9859,1,0,0,3,0,0,0,0
1322158,3,2023,2023,6,5,11,4,31,67,34609,0,1,1,-33.708237,150.894645,7,0,2,1,2,0,0,0,0,0,7,50,0,9859,9859,1,10,5,2,0,0,0,0
1322161,3,2023,2023,8,1,7,829,27,13,770,0,1,2,-33.80799,151.068541,54,0,2,1,0,0,0,0,2,0,7,70,2,1282,1282,1,0,22,3,0,0,0,0
1322162,3,2023,2023,8,0,4,3371,17,23,34609,0,1,1,-33.32555,151.392119,16,2,2,1,0,0,0,0,2,0,7,70,0,14295,14295,3,10,36,3,0,0,0,0
1322163,3,2023,2023,6,2,0,2,27,60,34609,0,1,1,-33.636442,150.298209,8,2,2,1,2,0,0,0,0,0,7,50,0,237,162,8,5,40,1,0,0,0,0
1322166,3,2023,2023,8,0,10,194,31,48,34609,0,1,9,-32.722384,152.141113,57,2,1,1,2,0,0,0,0,0,7,50,0,1669,1669,3,0,41,3,0,0,0,0
1322170,3,2023,2023,8,6,4,13,27,173,12,0,1,7,-33.727803,151.114308,36,0,2,1,1,0,0,0,2,0,0,50,1,6545,6545,4,0,0,2,0,0,0,0
1322171,3,2023,2023,8,5,6,2261,17,49,2252,0,1,2,-34.732524,149.806633,26,1,0,1,1,0,0,0,2,0,7,110,2,4026,4026,8,29,40,1,0,0,0,0
1322178,3,2023,2023,7,2,6,2209,17,157,2205,0,1,2,-34.023469,151.08921,68,0,2,1,0,0,0,0,2,0,7,70,2,9859,9859,8,5,40,1,0,0,0,0
1322189,3,2023,2023,6,2,7,16,10,30,15,0,1,1,-33.196809,151.582239,16,2,2,1,0,0,0,0,2,0,7,50,1,9859,9859,1,10,0,3,0,0,0,0
1322199,3,2023,2023,6,0,2,30,31,433,34609,0,1,1,-33.273025,149.120356,52,2,1,1,0,0,0,0,0,0,7,50,0,9859,9859,8,5,40,1,0,0,0,0
1322224,3,2023,2023,3,2,0,20,31,83,34609,0,1,1,-33.917254,151.109137,15,0,2,1,2,0,0,0,0,0,7,50,0,9859,9859,1,5,0,5,0,0,0,0
1322248,3,2023,2023,7,4,1,346,17,103,332,0,1,2,-28.818723,153.331397,39,2,1,1,2,0,3,4,0,0,7,60,2,9859,9859,8,5,40,1,0,0,0,0
1322250,3,2023,2023,6,4,0,92,27,106,63,0,1,1,-33.912508,151.085436,15,0,2,1,2,0,0,0,0,0,7,50,1,4026,4026,1,5,0,3,0,0,0,0
1322262,3,2023,2023,6,3,1,3371,17,35,3342,0,1,2,-29.88311,153.059462,18,1,0,1,0,0,0,0,0,0,7,110,2,4026,4026,8,5,40,1,0,0,0,0
1322263,3,2023,2023,8,6,8,30,1,55,34609,0,1,1,-33.89258,151.283458,76,0,2,1,0,0,0,0,2,0,7,50,0,1282,1282,1,8,5,2,0,0,0,0
1322273,3,2023,2023,8,2,10,15,27,29,34609,0,1,9,-28.79848,153.587792,2,2,1,1,0,0,0,0,0,0,7,50,0,1945,1945,5,10,40,1,0,0,0,0
1322278,3,2023,2023,0,1,10,8,10,28,34609,0,1,1,-34.549604,150.842376,62,0,2,1,2,0,3,4,0,0,7,50,0,9859,9859,1,0,0,2,0,0,0,0
1322279,3,2023,2023,6,3,9,3371,17,117,3342,0,1,9,-28.178813,153.521577,72,2,1,0,2,0,3,0,0,0,0,60,2,1957,4009,8,0,40,1,0,0,0,0
1322285,3,2023,2023,6,2,6,330,27,106,605,0,1,9,-33.681731,151.303025,50,0,2,1,1,0,0,0,2,0,15,70,2,5929,5929,1,5,22,2,0,0,0,0
1322286,3,2023,2023,8,6,5,829,31,445,34609,0,1,1,-33.868644,151.043729,21,0,2,1,0,0,0,0,2,0,7,50,0,9859,9859,1,5,0,2,0,0,0,0
1322298,3,2023,2023,6,4,9,149,27,294,198,0,1,1,-33.937683,150.938066,41,0,2,1,2,0,3,3,0,0,7,60,2,204,204,1,5,40,2,0,0,0,0
1322304,3,2023,2023,6,5,4,39,27,57,147,0,1,1,-28.635804,153.563161,10,2,1,0,0,0,0,3,2,0,7,60,1,14295,14295,3,5,5,2,0,0,0,0
1322309,3,2023,2023,6,3,4,229,14,110,237,0,1,3,-33.766283,151.009107,71,0,2,0,1,0,3,4,2,0,7,100,2,2585,4009,8,0,40,1,0,0,0,0
1322311,3,2023,2023,3,4,5,4,25,41,34609,0,1,9,-34.11199,150.801582,13,0,2,1,2,0,0,0,2,0,7,60,0,2585,777,1,0,13,3,0,0,0,0
1322313,3,2023,2023,8,2,9,296,27,290,293,0,1,2,-33.86185,150.992332,21,0,2,1,0,0,0,0,3,0,7,70,2,1192,1192,1,10,0,2,0,0,0,0
1322325,3,2023,2023,6,2,8,3371,17,13,3342,0,1,2,-30.86055,152.921015,34,1,0,1,0,0,0,0,2,0,7,110,2,9859,9859,8,5,40,1,0,0,0,0