Crash ID,Degree of crash - detailed,Reporting year,Year of crash,Month of crash,Day of week of crash,Two-hour intervals,Street of crash,Street type,Town,Route no.,School zone location,School zone active,Type of location,Latitude,Longitude,LGA,Urbanisation,Conurbation 1,Alignment,Street lighting,Road surface,Surface condition,Weather,Natural lighting,Signals operation,Other traffic control,Speed limit,Road classification,RUM - code,DCA - code,First impact type,Key TU type,Other TU type,No. of traffic units involved,No. killed,No. seriously injured,No. moderately injured,No. minor-other injured
1322336,3,2023,2023,3,5,10,3,27,201,34609,0,1,1,-33.992359,150.864875,13,0,2,1,2,0,0,0,0,0,7,60,0,1282,1282,1,5,40,1,0,0,0,0
1322356,3,2023,2023,8,4,9,220,27,154,222,0,1,2,-33.705247,150.930632,71,0,2,1,2,0,0,0,0,0,7,80,2,14295,14295,3,5,5,2,0,0,0,0
1322359,3,2023,2023,8,0,0,2,31,10,34609,0,1,1,-32.673457,152.182405,43,2,1,1,2,0,0,0,0,0,7,50,0,4026,4026,1,34,13,2,0,0,0,0
1322361,3,2023,2023,8,3,2,6,31,67,34609,0,1,1,-34.420677,150.870422,80,0,2,1,2,0,0,0,0,0,7,50,0,9859,9859,1,5,36,2,0,0,0,0
1322366,3,2023,2023,8,6,7,9,27,10,34609,0,1,9,-31.098413,152.796014,34,2,1,0,0,0,0,0,2,0,7,80,0,2852,2852,4,0,5,2,0,0,0,0
1322378,3,2023,2023,8,0,10,1104,14,323,962,0,1,3,-33.79144,150.814956,7,0,2,1,2,0,0,0,0,0,7,110,2,9859,9859,8,5,40,1,0,0,0,0
1322380,3,2023,2023,8,3,10,2,27,4,34609,0,1,1,-29.78345,153.264453,18,1,0,0,0,0,0,0,0,0,7,100,0,1259,5151,8,5,40,1,0,0,0,0
1322387,3,2023,2023,8,1,9,81,31,646,80,0,1,10,-33.916064,151.014028,15,0,2,0,2,0,0,0,0,2,7,60,1,1192,1192,1,3,0,2,0,0,0,0
1322412,3,2023,2023,6,2,8,143,31,89,181,0,1,2,-33.890867,151.237216,59,0,2,0,2,0,0,0,0,0,7,60,2,190,190,1,5,5,3,0,0,0,0
1322430,3,2023,2023,6,2,11,7,27,59,34609,0,1,1,-34.336857,150.909844,80,0,2,1,2,0,0,0,0,0,7,50,0,9859,9859,1,5,5,3,0,0,0,0
1322436,3,2023,2023,6,1,5,3,27,1,34609,0,1,10,-33.690099,148.618235,51,1,0,1,0,0,3,4,2,0,0,100,0,945,945,5,8,40,1,0,0,0,0
1322440,3,2023,2023,6,5,3,8,10,27,34609,0,1,1,-32.768417,151.609237,42,2,1,0,1,0,0,0,1,0,7,50,0,2585,4009,8,10,40,1,0,0,0,0
1322454,3,2023,2023,8,2,10,57,1,198,34609,0,1,1,-33.902507,151.092765,15,0,2,1,2,0,0,0,0,0,7,50,0,489,489,8,0,40,1,0,0,0,0
1322458,3,2023,2023,8,2,9,8,27,54,34609,0,1,1,-33.622065,150.859776,29,2,2,1,2,0,0,0,0,0,7,60,0,9859,9859,8,5,40,1,0,0,0,0
1322477,3,2023,2023,8,3,8,2126,17,125,2149,0,1,9,-33.862819,151.079634,67,0,2,1,2,0,0,0,0,2,7,60,2,14295,14295,3,5,5,2,0,0,0,0
1322481,3,2023,2023,7,4,11,5,31,29,34609,0,1,1,-32.872186,151.689922,48,0,2,0,2,0,0,0,0,0,7,50,0,2585,4009,1,5,13,2,0,0,0,0
1322512,3,2023,2023,7,4,11,296,27,290,293,0,1,10,-33.855762,150.995112,21,0,2,1,2,0,0,0,0,2,7,70,2,14295,14295,3,33,0,3,0,0,0,0
1322513,3,2023,2023,7,2,10,1,27,22,34609,0,1,9,-33.794621,151.279323,50,0,2,1,2,0,0,0,0,0,0,50,0,4552,985,1,5,13,2,0,0,0,0
1322534,3,2023,2023,0,0,11,2126,17,161,2149,0,1,10,-33.889943,151.149053,32,0,2,1,2,0,0,0,0,2,7,60,2,14295,14295,3,30,5,2,0,0,0,0
1322536,3,2023,2023,8,6,11,3,23,147,34609,0,1,1,-33.75842,151.293478,50,0,2,1,2,0,0,0,0,0,7,50,0,9859,9859,1,0,13,2,0,0,0,0
1322549,3,2023,2023,8,2,5,330,27,108,605,0,1,2,-33.76126,151.276448,50,0,2,1,1,0,0,0,2,0,7,60,2,9859,9859,1,21,5,3,0,0,0,0
1322552,3,2023,2023,6,6,3,5,31,29,34609,0,1,1,-35.102243,150.61943,63,2,1,1,0,0,0,0,1,0,7,50,0,9859,9859,1,5,0,2,0,0,0,0
1322565,3,2023,2023,7,4,3,99,31,84,105,0,1,10,-33.885487,150.937027,24,0,2,1,1,0,0,0,2,2,7,60,1,9859,9859,8,34,40,1,0,0,0,0
1322576,3,2023,2023,3,4,6,229,14,173,237,0,1,3,-33.772192,151.118647,61,0,2,1,1,0,0,0,2,0,7,100,2,14295,14295,3,0,0,2,0,0,0,0
1322607,3,2023,2023,4,6,6,2,1,119,34609,0,1,1,-32.749938,151.757702,57,2,1,0,3,0,0,0,2,0,7,50,0,1957,4009,1,5,5,2,0,0,0,0
1322610,3,2023,2023,6,2,6,916,17,104,917,0,1,1,-32.819904,151.68151,48,0,2,1,3,0,0,0,2,0,7,80,2,14295,14295,3,5,13,3,0,0,0,0
1322611,3,2023,2023,6,6,9,2,10,130,34609,0,1,1,-33.866713,151.189254,69,0,2,1,3,0,0,0,3,0,7,40,0,945,945,5,5,40,1,0,0,0,0
1322623,3,2023,2023,6,0,9,220,27,92,222,0,1,2,-33.752644,150.952305,71,0,2,1,3,0,0,0,0,0,7,80,2,14295,14295,3,5,5,2,0,0,0,0
1322625,3,2023,2023,4,1,2,1052,14,57,928,0,1,3,-33.668571,151.121657,31,0,2,0,3,0,0,0,0,0,7,110,2,1259,5151,8,5,40,1,0,0,0,0
1322626,3,2023,2023,6,0,9,177,22,49,176,0,1,2,-34.048308,151.141704,68,0,2,1,3,0,0,0,3,0,7,70,2,14295,14295,3,5,13,2,0,0,0,0
1322630,3,2023,2023,6,1,8,37,23,443,78,0,1,9,-33.906964,151.058976,15,0,2,1,3,0,3,0,2,0,7,60,2,14295,14295,3,5,13,2,0,0,0,0
1322631,3,2023,2023,6,1,6,220,14,27,220,0,1,3,-34.537905,150.783682,80,0,2,1,3,0,0,0,2,0,7,100,2,1945,1945,5,5,40,1,0,0,0,0
1322633,3,2023,2023,8,5,4,89,36,10,81,0,1,1,-34.584811,148.73911,82,1,0,1,3,0,0,0,2,0,7,100,2,14295,14295,3,10,35,3,0,0,0,0
1322638,3,2023,2023,6,3,5,12,27,12,34609,0,1,1,-32.994684,151.669586,37,0,2,1,3,0,0,0,2,0,7,60,0,1945,1945,5,0,40,1,0,0,0,0
1322645,3,2023,2023,8,5,5,205,27,161,415,0,1,2,-33.711433,151.174934,36,0,2,1,3,0,0,0,2,0,7,60,2,4026,4026,8,0,40,2,0,0,0,0
1322646,3,2023,2023,8,5,4,37,27,21,34609,0,1,1,-33.264354,151.401699,16,2,2,1,3,0,0,0,2,0,7,80,0,4026,4026,8,5,40,1,0,0,0,0
1322648,3,2023,2023,8,4,6,171,27,60,369,0,1,9,-34.014461,150.724283,12,0,2,1,1,0,0,0,2,2,7,80,2,14295,14295,3,5,5,4,0,0,0,0
1322649,3,2023,2023,6,5,3,475,10,137,268,0,1,9,-33.91358,150.906814,41,0,2,1,3,0,3,1,4,0,0,70,2,2852,2852,4,5,5,2,0,0,0,0
1322651,3,2023,2023,6,6,8,15,31,273,34609,0,1,1,-34.422671,150.886912,80,0,2,1,3,0,0,0,2,0,7,50,0,144,144,1,5,5,2,0,0,0,0
1322652,3,2023,2023,6,0,9,161,17,13,161,0,1,1,-36.639682,149.760362,5,1,0,0,3,0,0,0,0,0,7,100,2,1391,1391,1,0,5,2,0,0,0,0
1322653,3,2023,2023,6,5,3,475,10,137,268,0,1,9,-33.91358,150.906814,41,0,2,1,3,0,0,0,1,0,7,70,2,2852,2852,4,5,0,2,0,0,0,0
1322654,3,2023,2023,6,4,3,1104,14,94,962,0,1,3,-33.790986,150.807785,55,0,2,1,3,0,0,0,2,0,7,110,2,14295,14295,3,5,5,2,0,0,0,0
1322657,3,2023,2023,6,1,7,24,27,246,99,0,1,1,-33.904901,151.193015,69,0,2,1,3,0,0,0,2,0,7,60,2,941,941,1,0,5,2,0,0,0,0
1322658,3,2023,2023,6,4,8,308,14,33,311,0,1,3,-33.775362,150.85527,7,0,2,0,3,0,0,0,2,0,7,100,2,14295,14295,3,0,41,4,0,0,0,0
1322662,3,2023,2023,6,1,9,14,2,234,34609,0,1,2,-34.272642,146.077135,28,2,1,1,3,0,0,3,0,0,7,50,0,9859,9859,1,5,13,2,0,0,0,0
1322664,3,2023,2023,8,0,6,8,31,134,34609,0,1,1,-33.893189,151.245809,76,0,2,1,3,0,0,0,2,0,7,50,0,248,248,1,0,5,2,0,0,0,0
1322665,3,2023,2023,6,6,3,15,31,115,52,0,1,10,-33.910177,151.175633,32,0,2,1,0,0,0,0,2,2,7,50,1,5929,5929,1,16,0,2,0,0,0,0
1322666,3,2023,2023,8,6,4,205,27,161,415,0,1,10,-33.727898,151.164528,36,0,2,1,3,0,0,0,2,2,7,60,2,14295,14295,3,8,13,2,0,0,0,0
1322670,3,2023,2023,6,6,2,916,17,10,917,0,1,2,-32.527921,151.136184,64,2,1,0,3,0,0,0,0,0,7,80,2,1850,1463,5,3,40,1,0,0,0,0
1322671,3,2023,2023,6,5,3,478,17,69,480,0,1,9,-33.355371,151.486987,16,2,2,1,3,0,0,0,2,0,15,50,2,6545,6545,4,5,5,2,0,0,0,0
1322673,3,2023,2023,6,4,1,42,27,52,34609,0,1,1,-33.902328,151.263967,76,0,2,0,3,0,0,0,0,0,7,50,0,4552,5151,8,5,40,1,0,0,0,0
1322674,3,2023,2023,6,5,8,1104,14,104,962,0,1,3,-33.833375,151.024736,54,0,2,0,3,0,0,0,4,0,7,90,2,1383,1383,1,0,13,2,0,0,0,0
1322676,3,2023,2023,6,2,8,222,27,19,34609,0,1,9,-33.692879,150.88542,7,0,2,1,3,0,0,0,2,0,0,60,0,9859,9859,8,0,40,1,0,0,0,0
1322680,3,2023,2023,6,1,8,53,31,147,125,0,1,7,-33.881761,151.007054,15,0,2,1,3,0,0,0,0,0,0,60,1,926,926,4,10,13,2,0,0,0,0
1322684,3,2023,2023,6,1,9,265,17,39,193,0,1,1,-35.920997,147.002927,27,1,0,1,3,0,3,4,0,0,7,100,2,3775,3775,0,5,5,2,0,0,0,0
1322687,3,2023,2023,6,4,9,85,10,38,702,0,1,2,-33.843118,151.082904,14,0,2,1,3,0,3,4,3,0,7,80,2,14295,14295,3,5,0,3,0,0,0,0
1322689,3,2023,2023,6,1,8,1,31,47,34609,0,1,7,-35.254201,149.440675,58,2,1,0,3,0,3,3,2,0,0,50,0,6545,6545,4,10,0,2,0,0,0,0
1322690,3,2023,2023,6,4,6,916,17,20,917,1,0,1,-31.019704,151.070183,70,2,1,1,3,0,0,0,2,0,7,50,2,9859,9859,8,0,40,1,0,0,0,0
1322692,3,2023,2023,6,3,2,2126,17,179,2149,0,1,2,-33.758631,150.719657,55,0,2,1,2,0,0,1,0,0,7,60,2,9859,9859,1,0,5,3,0,0,0,0
1322694,3,2023,2023,6,4,3,10,27,87,34609,0,1,9,-34.478211,150.416248,78,2,1,1,3,0,0,0,1,0,7,50,0,9859,9859,1,9,13,2,0,0,0,0
1322695,3,2023,2023,6,3,5,24,27,65,78,0,1,1,-33.567971,150.122337,40,2,1,0,3,0,3,4,2,0,7,80,2,1259,5151,8,5,40,1,0,0,0,0
1322697,3,2023,2023,6,0,3,27,27,14,1,0,1,1,-30.307262,152.715301,6,1,0,0,3,0,0,1,2,0,7,100,1,4552,5151,8,6,40,1,0,0,0,0
1322698,3,2023,2023,6,6,7,68,31,128,7,0,1,1,-33.619598,150.81194,29,2,2,1,3,0,0,0,2,0,7,50,1,5929,5929,1,10,5,2,0,0,0,0
1322699,3,2023,2023,6,4,4,8,6,57,34609,0,1,1,-33.3473,151.431959,16,2,2,1,3,0,0,0,2,0,7,50,0,9859,9859,1,10,0,2,0,0,0,0
1322701,3,2023,2023,6,5,10,1,1,24,34609,0,1,1,-33.729579,150.919408,7,0,2,1,3,0,3,0,0,0,7,50,0,1109,787,1,5,5,2,0,0,0,0
1322702,3,2023,2023,6,3,4,2126,17,39,2149,0,1,10,-33.768325,150.757886,55,0,2,1,3,0,0,0,2,2,7,80,2,14295,14295,3,5,0,2,0,0,0,0
1322705,3,2023,2023,6,5,1,13,31,646,34609,0,1,1,-33.921238,151.037629,15,0,2,1,3,0,0,0,0,0,7,50,0,217,217,1,5,13,2,0,0,0,0
1322706,3,2023,2023,6,1,4,45,31,39,34609,0,1,10,-31.078289,152.827942,34,2,1,1,3,0,0,0,2,0,0,50,0,6545,6545,4,5,0,2,0,0,0,0
1322709,3,2023,2023,6,1,8,361,32,111,65,0,1,10,-33.692813,150.867949,7,0,2,1,3,0,0,0,2,2,7,50,1,5929,5929,1,10,5,2,0,0,0,0
1322711,3,2023,2023,6,4,9,26,27,131,115,0,1,9,-33.776508,151.183347,36,0,2,1,3,0,0,3,4,0,0,60,1,217,217,1,5,5,2,0,0,0,0
1322713,3,2023,2023,6,3,9,82,31,71,369,0,1,10,-33.768022,150.710153,55,0,2,1,3,0,0,0,0,2,7,70,2,14295,14295,3,5,0,2,0,0,0,0
1322714,3,2023,2023,6,4,8,5,27,370,34609,0,1,1,-34.063928,150.809305,13,0,2,1,3,0,3,4,2,0,7,50,0,9859,9859,8,10,40,1,0,0,0,0
1322718,3,2023,2023,6,1,5,481,17,16,483,0,1,10,-35.530165,145.635844,51,1,0,1,3,0,3,4,2,0,0,110,2,4026,4026,8,9,40,1,0,0,0,0
1322719,3,2023,2023,6,4,9,3371,17,108,3342,0,1,9,-33.307283,151.419808,16,2,2,1,3,0,3,4,3,2,7,60,2,5929,5929,1,0,0,2,0,0,0,0
1322723,3,2023,2023,6,2,0,3,27,6,34609,0,1,1,-32.317706,149.590126,44,1,0,1,3,2,0,0,0,0,7,100,0,9859,9859,8,10,40,1,0,0,0,0
1322725,3,2023,2023,6,6,8,126,1,226,144,0,1,9,-33.759211,150.818175,7,0,2,1,3,0,0,0,2,0,7,60,2,941,941,1,19,0,2,0,0,0,0
1322726,3,2023,2023,6,0,7,18,27,251,13,1,2,9,-33.780858,150.939876,7,0,2,1,3,0,0,0,2,0,7,40,1,9859,9859,8,21,40,1,0,0,0,0
1322732,3,2023,2023,6,6,5,2126,17,75,2149,0,1,9,-33.711108,150.376364,8,2,2,1,3,0,0,0,2,2,7,80,2,14295,14295,3,0,5,2,0,0,0,0
1322734,3,2023,2023,6,5,10,44,27,67,38,1,0,9,-33.872186,150.889415,24,0,2,1,3,0,0,0,0,2,7,60,1,14295,14295,3,21,0,2,0,0,0,0
1322735,3,2023,2023,6,6,4,42,36,53,7,0,1,9,-30.634547,152.974597,47,2,1,0,3,0,0,0,2,0,7,60,1,5929,5929,1,10,0,2,0,0,0,0
1322737,3,2023,2023,6,1,10,97,31,363,92,0,1,10,-33.82415,150.994965,54,0,2,1,3,0,3,0,0,2,7,60,1,6545,6545,4,10,5,4,0,0,0,0
1322739,3,2023,2023,6,3,4,7,1,5,34609,0,1,7,-33.998762,151.13926,4,0,2,1,3,0,0,0,2,0,7,50,0,6545,6545,4,5,5,2,0,0,0,0
1322740,3,2023,2023,6,2,7,2209,17,176,2205,1,0,9,-33.961306,151.137738,25,0,2,1,3,0,0,0,2,2,7,60,2,5929,5929,1,5,19,2,0,0,0,0
1322741,3,2023,2023,6,1,2,2261,17,187,2252,0,1,9,-33.896302,150.99092,15,0,2,1,3,0,0,0,0,2,7,70,2,5929,5929,1,0,0,2,0,0,0,0
1322742,3,2023,2023,6,3,8,2209,17,19,2205,0,1,2,-34.804931,150.651137,63,1,0,1,3,0,0,0,2,0,7,100,2,9859,9859,8,5,40,1,0,0,0,0
1322743,3,2023,2023,8,5,4,1,31,309,34609,0,1,1,-33.807151,151.10638,61,0,2,1,3,0,0,0,2,0,7,50,0,9859,9859,1,0,40,2,0,0,0,0
1322744,3,2023,2023,6,6,7,4,31,9,34609,0,1,1,-33.928777,151.146599,4,0,2,1,3,0,0,0,2,0,7,50,0,4026,4026,1,0,0,2,0,0,0,0
1322750,3,2023,2023,6,1,4,21,31,87,34609,0,1,1,-34.483268,150.415417,78,2,1,1,3,0,0,0,2,0,7,50,0,1981,1981,4,5,0,2,0,0,0,0
1322753,3,2023,2023,6,6,7,85,10,73,702,0,1,2,-33.836264,151.086344,14,0,2,1,3,0,0,0,2,2,9,70,2,1192,1192,1,10,5,2,0,0,0,0
1322754,3,2023,2023,6,3,5,90,36,24,102,0,1,1,-34.5258,148.208928,20,1,0,0,3,0,0,0,2,0,7,100,2,4552,5151,8,10,40,1,0,0,0,0
1322755,3,2023,2023,8,5,2,125,27,32,144,0,1,7,-32.768781,152.065563,57,2,1,0,3,0,0,1,1,0,0,80,2,1957,777,8,34,40,1,0,0,0,0
1322757,3,2023,2023,8,5,4,67,27,157,55,0,1,10,-34.022235,151.106927,68,0,2,1,3,0,0,0,2,2,7,70,2,14295,14295,3,10,5,6,0,0,0,0
1322760,3,2023,2023,6,5,2,344,27,363,369,0,1,9,-33.746948,150.714281,55,0,2,1,3,0,0,0,0,3,7,70,2,14295,14295,3,34,5,2,0,0,0,0
1322761,3,2023,2023,6,4,7,866,17,54,793,1,2,9,-33.723016,151.101254,31,0,2,1,3,0,0,0,2,0,15,40,2,775,775,4,0,5,2,0,0,0,0
1322763,3,2023,2023,6,5,8,1104,14,460,92,0,1,3,-33.827113,150.994023,21,0,2,1,3,0,0,0,3,0,7,90,1,14295,14295,3,5,5,3,0,0,0,0
1322765,3,2023,2023,8,1,7,11,36,8,13,0,1,1,-32.991901,148.787734,11,1,0,0,3,0,0,0,2,0,7,100,1,3775,3775,0,5,0,2,0,0,0,0
1322766,3,2023,2023,6,0,9,135,17,6,136,0,1,1,-35.592678,145.292004,51,2,1,1,3,0,0,0,3,0,7,80,2,404,404,8,5,40,1,0,0,0,0
1322768,3,2023,2023,6,0,10,80,27,107,6,1,0,1,-33.282762,151.420578,16,2,2,0,3,0,0,0,0,0,7,50,0,4552,5151,8,0,40,1,0,0,0,0
1322770,3,2023,2023,6,2,6,2261,17,23,2252,0,1,9,-34.64988,150.095901,78,1,0,0,3,0,0,0,2,0,7,110,2,1109,787,1,9,0,2,0,0,0,0
1322771,3,2023,2023,6,0,8,4,31,39,34609,0,1,7,-29.437771,153.359091,18,2,1,1,3,0,0,0,3,0,0,50,0,6545,6545,4,5,13,2,0,0,0,0
1322772,3,2023,2023,6,1,0,191,17,24,189,0,1,9,-32.043086,149.875325,73,1,0,0,3,0,0,0,0,0,7,100,2,2585,4009,8,5,40,1,0,0,0,0
1322773,3,2023,2023,6,1,4,98,31,100,159,1,0,9,-33.959106,151.151985,4,0,2,1,3,0,0,0,2,0,7,60,2,14295,14295,3,19,12,2,0,0,0,0
1322774,3,2023,2023,6,6,8,68,27,98,208,0,1,10,-33.754268,151.067474,31,0,2,1,3,0,0,0,2,0,15,60,2,5929,5929,1,0,5,2,0,0,0,0
1322775,3,2023,2023,8,3,7,38,27,43,70,0,1,9,-33.737355,150.789982,7,0,2,1,3,0,0,0,2,0,7,70,1,1109,787,1,5,0,2,0,0,0,0
1322777,3,2023,2023,6,4,9,137,14,55,70,0,1,6,-32.829735,151.53016,17,1,0,1,3,0,3,4,3,0,7,110,2,4026,4026,8,0,40,1,0,0,0,0
1322778,3,2023,2023,8,6,6,2126,17,55,2149,0,1,10,-33.797958,150.896906,7,0,2,1,3,0,0,0,2,2,7,80,2,14295,14295,3,5,5,2,0,0,0,0
1322779,3,2023,2023,6,2,6,829,27,124,770,0,1,9,-33.813861,151.052277,54,0,2,1,3,0,0,0,2,2,7,70,2,14295,14295,3,0,0,2,0,0,0,0
1322780,3,2023,2023,6,1,5,2,27,251,34609,0,1,9,-33.777599,150.95608,7,0,2,1,3,0,0,0,2,0,7,50,0,1669,1669,3,5,5,2,0,0,0,0
1322781,3,2023,2023,6,5,4,4,27,26,7,0,1,1,-31.526188,150.769816,51,1,0,0,3,0,3,4,2,0,7,100,1,1259,5151,8,0,40,1,0,0,0,0
1322782,3,2023,2023,6,5,4,18,31,130,34609,0,1,9,-34.448694,150.848546,80,0,2,1,3,0,0,0,2,0,7,50,0,489,489,8,5,40,1,0,0,0,0
1322784,3,2023,2023,6,1,8,194,27,294,34609,0,1,1,-33.935352,150.9272,41,0,2,1,3,0,0,0,2,0,7,50,0,1669,1669,3,10,5,2,0,0,0,0
1322787,3,2023,2023,6,1,10,2261,17,523,2252,0,1,10,-33.928701,150.917871,41,0,2,0,3,0,0,0,0,2,7,60,2,418,777,5,5,40,1,0,0,0,0
1322789,3,2023,2023,6,4,9,3371,17,13,3342,0,1,2,-33.185426,151.541245,16,2,2,1,3,0,0,0,0,0,7,80,2,4026,4026,8,5,40,1,0,0,0,0
1322791,3,2023,2023,6,1,7,5,1,25,34609,0,1,1,-32.895972,151.685103,48,0,2,1,3,0,0,0,2,0,7,50,0,3775,3775,0,10,36,2,0,0,0,0
1322792,3,2023,2023,8,3,3,175,27,609,220,0,1,2,-33.751772,150.915592,7,0,2,1,3,0,0,0,2,0,7,70,2,1391,1391,1,0,5,3,0,0,0,0
1322796,3,2023,2023,6,6,1,127,27,19,103,0,1,1,-32.907174,151.748105,48,0,2,0,3,0,3,4,0,0,7,60,1,4552,5151,8,10,40,1,0,0,0,0
1322797,3,2023,2023,6,0,9,2,25,337,34609,1,0,9,-33.720539,151.022921,31,0,2,0,3,0,0,0,0,0,7,50,0,4552,5151,8,0,40,1,0,0,0,0
1322799,3,2023,2023,6,5,1,11,31,125,34609,0,1,1,-33.836573,151.13142,51,0,2,1,3,0,0,0,0,0,7,50,0,9859,9859,1,5,0,2,0,0,0,0
1322800,3,2023,2023,6,5,3,500,27,129,799,0,1,9,-33.931694,151.060095,15,0,2,1,3,0,0,0,2,2,7,60,2,5929,5929,1,10,5,2,0,0,0,0
1322801,3,2023,2023,6,2,6,1052,14,58,928,0,1,3,-33.243039,151.409328,16,1,2,0,3,0,0,0,2,0,7,110,2,14295,14295,3,9,35,2,0,0,0,0
1322803,3,2023,2023,6,6,11,10,27,36,34609,0,1,1,-35.428147,149.716385,58,1,0,1,3,0,0,0,0,0,7,100,0,1089,1089,7,0,40,1,0,0,0,0
1322804,3,2023,2023,6,4,10,14,31,46,34609,0,1,7,-28.821207,153.290928,39,2,1,1,3,0,0,0,0,0,0,50,0,6545,6545,4,9,0,2,0,0,0,0
1322805,3,2023,2023,6,4,5,71,36,12,139,0,1,10,-34.254972,145.988501,28,2,1,1,3,0,0,0,2,0,7,80,2,5929,5929,1,5,5,2,0,0,0,0
1322807,3,2023,2023,6,6,9,3371,17,147,3342,0,1,2,-33.738469,151.135351,36,0,2,1,3,0,0,0,0,0,7,60,2,14295,14295,3,0,0,2,0,0,0,0
1322808,3,2023,2023,6,3,0,54,27,38,563,0,1,1,-34.045673,150.989844,68,0,2,1,3,0,0,0,0,0,7,50,2,9859,9859,8,5,40,1,0,0,0,0
1322812,3,2023,2023,6,4,8,53,31,113,10,0,1,1,-29.47163,149.83598,51,2,1,1,0,0,0,0,2,0,7,50,1,1109,787,1,0,25,2,0,0,0,0
1322816,3,2023,2023,6,4,2,195,27,54,186,0,1,9,-33.879117,150.86688,24,0,2,1,3,0,0,0,0,2,7,70,2,14295,14295,3,10,5,6,0,0,0,0
1322821,3,2023,2023,0,4,6,4,27,3,34609,0,1,1,-35.72928,144.489833,51,1,0,0,3,2,3,3,2,0,7,100,0,782,957,5,33,40,1,0,0,0,0
1322822,3,2023,2023,6,4,10,3371,17,18,3342,0,1,2,-33.004916,151.685585,37,0,2,1,3,0,3,3,0,0,7,80,2,14295,14295,3,5,13,2,0,0,0,0
1322824,3,2023,2023,6,4,4,515,14,202,518,0,1,3,-33.940489,151.037248,15,0,2,1,3,0,0,0,2,0,7,100,2,14295,14295,3,5,36,2,0,0,0,0
1322826,3,2023,2023,6,6,8,171,31,523,34609,0,1,10,-33.917393,150.921015,41,0,2,1,3,0,0,0,4,0,0,50,0,14295,14295,3,5,5,2,0,0,0,0
1322827,3,2023,2023,0,6,6,2261,17,20,2252,0,1,2,-35.473454,147.58635,75,1,0,1,3,0,3,4,2,0,7,110,2,14295,14295,3,5,13,2,0,0,0,0
1322828,3,2023,2023,6,3,10,9,27,252,34609,0,1,1,-33.933935,150.881673,41,0,2,1,3,0,0,0,0,0,7,60,0,9859,9859,1,10,10,2,0,0,0,0
1322834,3,2023,2023,6,5,4,205,27,161,415,0,1,10,-33.724544,151.169395,36,0,2,1,3,0,0,0,2,0,0,60,2,1945,1945,5,0,40,1,0,0,0,0
1322835,3,2023,2023,6,2,5,1104,14,223,962,0,1,3,-33.806457,150.926692,7,0,2,1,3,0,0,0,2,0,7,100,2,1282,1282,1,5,36,2,0,0,0,0
1322837,3,2023,2023,6,5,8,81,27,609,115,0,1,9,-33.788596,150.898879,7,0,2,1,3,0,0,0,2,3,7,60,2,1192,1192,1,5,5,2,0,0,0,0
1322838,3,2023,2023,6,4,10,15,27,56,13,0,1,1,-32.754984,151.253952,17,2,1,0,3,0,3,4,0,0,7,80,1,782,957,5,5,40,1,0,0,0,0
1322839,3,2023,2023,0,5,11,16,36,9,19,0,1,9,-32.958414,147.727619,53,1,0,1,3,0,3,4,0,0,0,100,1,1089,1089,7,5,40,1,0,0,0,0
1322840,3,2023,2023,6,2,5,8,31,12,34609,0,1,9,-32.744729,151.614964,42,2,1,1,3,0,0,0,2,0,7,60,0,1391,1391,1,10,5,2,0,0,0,0
1322841,3,2023,2023,6,0,9,222,27,562,34609,0,1,10,-32.269451,148.620066,22,2,1,1,3,0,0,0,0,0,0,50,0,1109,787,1,0,0,2,0,0,0,0
1322843,3,2023,2023,6,3,4,5,27,194,34609,0,1,1,-30.440142,151.56508,1,1,0,0,3,0,0,0,2,0,7,100,0,1259,5151,8,0,40,1,0,0,0,0
1322844,3,2023,2023,6,1,5,7,27,3,4,0,1,1,-30.82524,148.494445,51,1,0,1,3,0,0,0,2,0,7,100,1,1192,1192,1,10,2,2,0,0,0,0
1322845,3,2023,2023,6,5,4,44,1,126,22,0,1,10,-33.930246,150.812613,41,0,2,1,3,0,0,0,2,0,0,60,1,6545,6545,4,10,0,2,0,0,0,0
1322848,3,2023,2023,6,0,8,3,10,26,34609,0,1,1,-31.974795,152.573848,43,2,1,1,3,0,0,0,3,0,7,50,0,9859,9859,1,0,0,2,0,0,0,0
1322849,3,2023,2023,6,1,0,481,17,17,483,0,1,9,-33.65716,147.571345,51,1,0,1,3,0,0,0,0,0,7,110,2,9859,9859,8,5,40,1,0,0,0,0
1322850,3,2023,2023,6,2,7,330,27,108,605,0,1,2,-33.765764,151.269954,50,0,2,1,3,0,0,0,2,0,7,60,2,1282,1282,1,0,13,3,0,0,0,0
1322853,3,2023,2023,6,5,9,59,27,252,41,0,1,10,-33.950035,150.865753,41,0,2,1,3,0,0,0,0,2,7,60,1,6545,6545,4,5,5,2,0,0,0,0
1322855,3,2023,2023,8,2,6,84,10,5,80,0,1,1,-34.268544,150.962049,80,0,2,1,3,0,0,0,2,0,7,50,2,1109,787,1,5,5,2,0,0,0,0
1322859,3,2023,2023,6,0,9,135,17,6,136,0,1,1,-35.592682,145.292033,51,2,1,1,3,0,0,0,3,0,7,80,2,1089,1089,7,5,40,1,0,0,0,0
1322860,3,2023,2023,6,2,0,2209,17,137,2205,0,1,10,-34.035088,151.066132,68,0,2,1,1,0,0,0,0,2,7,70,2,1383,1383,1,5,0,2,0,0,0,0
1322861,3,2023,2023,6,4,8,48,27,70,166,0,1,1,-33.25551,151.50542,16,2,2,1,3,0,0,0,3,0,7,50,2,14295,14295,3,5,5,2,0,0,0,0