Crash ID,Degree of crash - detailed,Reporting year,Year of crash,Month of crash,Day of week of crash,Two-hour intervals,Street of crash,Street type,Town,Route no.,School zone location,School zone active,Type of location,Latitude,Longitude,LGA,Urbanisation,Conurbation 1,Alignment,Street lighting,Road surface,Surface condition,Weather,Natural lighting,Signals operation,Other traffic control,Speed limit,Road classification,RUM - code,DCA - code,First impact type,Key TU type,Other TU type,No. of traffic units involved,No. killed,No. seriously injured,No. moderately injured,No. minor-other injured
1322862,3,2023,2023,6,0,6,5,27,4,5,0,1,1,-30.778282,150.679133,70,1,0,1,3,0,3,0,2,0,7,100,1,9859,9859,8,34,40,1,0,0,0,0
1322864,3,2023,2023,8,6,7,158,27,68,207,0,1,5,-33.877234,151.244607,81,0,2,1,3,0,0,0,2,2,7,60,2,2852,2852,4,5,5,2,0,0,0,0
1322865,3,2023,2023,6,6,5,3371,17,25,3342,0,1,2,-32.682574,151.814394,57,1,0,1,3,0,0,0,2,0,7,110,2,1282,1282,1,8,5,2,0,0,0,0
1322866,3,2023,2023,6,0,3,3,27,13,34609,0,1,1,-35.786419,150.222574,23,2,1,0,3,0,0,0,2,0,7,50,0,220,220,1,10,36,2,0,0,0,0
1322868,3,2023,2023,6,2,0,3,4,107,34609,0,1,9,-33.264677,151.451858,16,2,2,1,3,0,0,0,0,0,7,50,0,1259,985,8,5,40,1,0,0,0,0
1322870,3,2023,2023,6,6,8,205,27,161,415,0,1,10,-33.727922,151.164698,36,0,2,1,3,0,0,0,3,2,7,60,2,14295,14295,3,5,13,2,0,0,0,0
1322872,3,2023,2023,6,1,5,118,17,11,118,0,1,1,-31.405835,150.568809,51,1,0,0,3,0,0,0,2,0,7,110,2,1259,5151,8,0,40,1,0,0,0,0
1322873,3,2023,2023,6,6,7,232,36,36,168,0,1,9,-34.054377,150.706947,12,0,2,1,3,0,0,0,2,2,7,60,1,14295,14295,3,5,5,3,0,0,0,0
1322875,3,2023,2023,8,4,9,2261,17,44,2252,0,1,2,-35.216046,147.801947,75,1,0,0,3,0,0,0,3,0,7,110,2,2585,4009,8,3,40,1,0,0,0,0
1322876,3,2023,2023,6,2,4,829,27,26,770,0,1,10,-33.839561,151.139622,51,0,2,1,3,0,0,0,2,2,7,70,2,5929,5929,1,5,0,2,0,0,0,0
1322877,3,2023,2023,6,0,8,27,10,57,20,0,1,1,-33.330532,151.422589,16,2,2,1,3,0,0,0,2,0,7,60,1,1945,1945,5,0,40,1,0,0,0,0
1322878,3,2023,2023,6,2,8,3371,17,3,3342,0,1,2,-31.060779,152.88692,34,1,0,1,3,0,0,0,2,0,7,100,2,9859,9859,8,5,40,1,0,0,0,0
1322881,3,2023,2023,6,5,3,7,31,226,34609,0,1,1,-33.774581,150.818527,7,0,2,1,3,0,0,0,2,0,7,50,0,1391,1391,1,5,5,2,0,0,0,0
1322882,3,2023,2023,6,5,8,57,27,172,126,0,1,7,-32.75489,151.608053,42,2,1,0,3,0,0,0,2,0,0,60,2,14295,14295,3,5,0,2,0,0,0,0
1322883,3,2023,2023,6,1,4,204,31,33,34609,0,1,9,-33.899582,151.248847,76,0,2,1,3,0,0,0,2,0,7,50,0,2852,2852,4,5,5,2,0,0,0,0
1322886,3,2023,2023,6,2,7,4,31,39,34609,0,1,7,-29.437771,153.359091,18,2,1,0,3,0,0,0,2,0,0,50,0,6545,6545,4,0,36,2,0,0,0,0
1322887,3,2023,2023,6,2,4,161,17,12,161,0,1,1,-36.613782,149.368235,65,1,0,0,3,0,1,0,2,0,7,100,2,1259,5151,8,10,40,1,0,0,0,0
1322893,3,2023,2023,6,3,5,334,17,98,308,0,1,7,-30.97783,150.24294,51,2,1,0,3,0,0,0,2,0,0,50,2,6545,6545,4,5,0,2,0,0,0,0
1322898,3,2023,2023,8,1,10,50,36,11,43,0,1,1,-36.233115,148.174078,66,2,1,0,3,0,3,3,0,0,7,80,2,2585,4009,8,30,40,1,0,0,0,0
1322899,3,2023,2023,8,5,9,115,27,96,46,0,1,1,-34.223896,150.662518,79,1,2,1,3,0,0,0,0,0,7,100,2,1089,1089,7,5,40,1,0,0,0,0
1322900,3,2023,2023,6,5,10,20,1,57,34609,0,1,4,-33.664717,151.114363,31,0,2,1,3,0,0,0,0,0,7,50,0,489,489,8,5,40,1,0,0,0,0
1322903,3,2023,2023,3,4,6,125,27,8,144,0,1,1,-32.833577,151.840941,57,1,0,1,3,0,0,0,2,0,7,100,2,9859,9859,8,8,40,1,0,0,0,0
1322905,3,2023,2023,6,1,8,8,10,86,34609,0,1,1,-33.741562,150.919049,7,0,2,1,3,0,0,0,2,0,7,50,0,14295,14295,3,10,5,3,0,0,0,0
1322906,3,2023,2023,6,2,5,23,31,108,34609,1,0,10,-28.869501,153.564718,2,2,1,1,3,0,0,0,2,0,0,50,0,6545,6545,4,0,5,2,0,0,0,0
1322907,3,2023,2023,8,5,8,229,14,323,237,0,1,3,-33.768932,150.993739,71,0,2,1,3,0,0,0,2,0,7,100,2,14295,14295,3,5,5,2,0,0,0,0
1322909,3,2023,2023,6,0,4,3,24,67,34609,0,1,1,-33.650873,150.907575,71,0,2,1,3,0,0,0,2,0,7,50,0,9859,9859,1,0,6,2,0,0,0,0
1322911,3,2023,2023,6,0,9,1,31,69,34609,0,1,9,-34.552245,150.853782,62,0,2,1,3,0,0,0,0,0,7,50,0,9859,9859,1,5,5,3,0,0,0,0
1322916,3,2023,2023,6,6,5,21,1,80,34609,0,1,10,-33.932808,151.227102,4,0,2,1,3,0,0,0,2,0,15,50,0,6545,6545,4,30,13,2,0,0,0,0
1322921,3,2023,2023,6,6,4,829,27,309,702,0,1,9,-33.815855,151.103019,61,0,2,1,3,0,0,0,2,2,7,60,2,1669,1669,3,0,10,2,0,0,0,0
1322922,3,2023,2023,6,0,8,110,27,9,173,0,1,2,-34.401498,150.873138,80,0,2,1,0,0,0,0,3,0,7,80,2,14295,14295,3,5,5,2,0,0,0,0
1322925,3,2023,2023,6,3,6,6,31,77,34609,0,1,1,-33.03628,151.658278,37,0,2,1,3,0,0,0,2,0,7,50,0,941,941,1,0,5,2,0,0,0,0
1322927,3,2023,2023,6,5,4,8,27,87,58,1,2,7,-34.501659,150.440299,78,2,1,1,3,0,0,0,2,0,0,40,2,6545,6545,4,0,10,2,0,0,0,0
1322928,3,2023,2023,6,2,1,40,27,59,39,0,1,7,-33.156282,151.478851,37,0,2,1,3,0,0,1,0,0,0,80,1,475,475,5,5,40,1,0,0,0,0
1322929,3,2023,2023,6,6,7,1,27,34,34609,0,1,1,-33.977342,150.763482,12,0,2,1,3,0,0,0,2,0,7,80,0,1669,1669,3,10,13,2,0,0,0,0
1322930,3,2023,2023,6,2,2,10,27,10,33,0,1,1,-32.519123,151.352167,64,2,1,0,3,0,0,0,0,0,7,80,1,1957,4009,8,10,40,1,0,0,0,0
1322934,3,2023,2023,6,3,9,2,1,646,34609,0,1,1,-33.921987,151.042634,15,0,2,1,3,0,0,0,0,0,7,50,0,9859,9859,1,10,5,2,0,0,0,0
1322936,3,2023,2023,6,2,7,4,22,176,159,0,1,2,-33.95296,151.137242,4,0,2,0,3,0,0,0,2,0,7,60,2,1282,1282,1,5,5,2,0,0,0,0
1322939,3,2023,2023,6,4,4,3371,17,9,3342,0,1,2,-29.179383,153.277533,60,1,0,1,3,0,0,0,2,0,7,100,2,9859,9859,8,5,40,1,0,0,0,0
1322941,3,2023,2023,6,4,2,6,1,182,34609,0,1,9,-32.820812,151.370238,17,2,1,1,3,0,0,0,0,0,7,50,0,1945,1945,5,5,40,1,0,0,0,0
1322944,3,2023,2023,6,6,9,1104,14,609,962,0,1,3,-33.803385,150.900802,7,0,2,1,3,0,0,0,0,0,7,100,2,14295,14295,3,5,36,3,0,0,0,0
1322948,3,2023,2023,6,5,5,191,17,25,189,0,1,1,-32.408194,150.740412,46,1,0,0,3,0,0,0,2,0,7,100,2,1850,1463,5,10,40,1,0,0,0,0
1322949,3,2023,2023,6,6,8,34,27,38,117,0,1,2,-32.930767,151.69187,48,0,2,1,3,0,0,0,0,0,7,70,2,14295,14295,3,5,5,3,0,0,0,0
1322950,3,2023,2023,6,3,11,4,10,15,34609,0,1,1,-29.491913,153.242771,18,2,1,1,3,0,0,0,0,0,7,50,0,4026,4026,8,10,40,1,0,0,0,0
1322951,3,2023,2023,6,6,6,12,1,31,34609,0,1,9,-33.768121,151.276619,50,0,2,1,3,0,0,0,2,0,7,50,0,1109,787,1,21,19,2,0,0,0,0
1322953,3,2023,2023,6,4,8,7,10,8,34609,0,1,7,-34.079456,150.794433,13,0,2,1,3,0,3,3,2,0,0,60,0,623,623,3,0,5,2,0,0,0,0
1322954,3,2023,2023,6,6,1,84,27,112,34609,0,1,7,-33.909848,150.933348,41,0,2,1,3,0,0,0,0,0,0,50,0,4552,985,8,0,40,1,0,0,0,0
1322956,3,2023,2023,6,0,10,175,27,55,220,0,1,9,-33.749401,150.915969,7,0,2,1,3,0,0,0,0,2,7,70,2,217,217,1,0,5,2,0,0,0,0
1322957,3,2023,2023,6,1,9,3371,17,69,3342,0,1,10,-32.934571,151.750618,48,0,2,1,3,0,0,0,3,0,15,60,2,6545,6545,4,5,0,2,0,0,0,0
1322958,3,2023,2023,6,4,9,1,16,46,34609,0,1,1,-33.946264,151.114163,4,0,2,1,3,0,3,0,0,0,7,50,0,9859,9859,1,5,5,3,0,0,0,0
1322962,3,2023,2023,6,3,2,3,27,21,34609,1,0,1,-33.701883,151.283162,50,0,2,0,3,0,0,0,1,0,7,50,0,4552,5151,1,5,0,2,0,0,0,0
1322966,3,2023,2023,6,0,11,161,17,9,161,0,1,1,-35.774067,148.517071,65,1,0,1,3,0,0,0,0,0,7,100,2,1089,1089,7,10,40,1,0,0,0,0
1322968,3,2023,2023,6,3,9,866,17,523,793,0,1,9,-33.907865,150.918525,41,0,2,1,3,0,0,0,3,2,7,70,2,14295,14295,3,8,5,3,0,0,0,0
1322971,3,2023,2023,6,1,8,50,36,4,43,0,1,1,-36.321945,148.198224,66,2,1,0,3,0,1,5,2,0,7,60,2,2585,4009,8,5,40,1,0,0,0,0
1322978,3,2023,2023,3,2,5,38,27,34,45,0,1,7,-35.078474,150.657988,63,2,1,1,1,0,0,0,2,0,0,60,1,6545,6545,4,5,36,2,0,0,0,0
1322982,3,2023,2023,6,2,5,829,31,179,70,0,1,10,-31.911666,152.463838,43,2,1,1,3,0,0,0,2,2,7,60,1,5929,5929,1,0,5,2,0,0,0,0
1322983,3,2023,2023,7,2,2,12,31,80,34609,0,1,1,-34.549417,146.404754,51,2,1,0,0,0,0,0,0,0,7,50,0,1259,5151,1,0,40,2,0,0,0,0
1322989,3,2023,2023,8,5,10,178,31,309,34609,0,1,1,-33.820226,151.095958,61,0,2,1,2,0,0,0,0,0,7,50,0,9859,9859,1,5,5,3,0,0,0,0
1322995,3,2023,2023,0,3,9,56,23,31,144,0,1,9,-33.893161,151.090575,9,0,2,1,0,0,0,0,2,0,7,60,2,2852,2852,4,33,25,2,0,0,0,0
1322996,3,2023,2023,8,1,1,57,27,58,75,0,1,1,-33.466747,151.286,16,2,2,0,0,0,3,1,0,0,7,80,1,1259,5151,8,5,40,1,0,0,0,0
1323031,3,2023,2023,7,4,8,4,7,22,34609,0,1,1,-33.64119,150.804162,29,2,2,0,2,0,3,4,0,0,7,50,0,1957,4009,1,0,0,2,0,0,0,0
1323056,3,2023,2023,8,0,4,132,31,174,126,0,1,1,-33.889897,151.207702,69,0,2,1,1,0,0,0,2,0,7,50,2,1282,1282,1,5,10,5,0,0,0,0
1323066,3,2023,2023,6,1,8,108,27,251,93,0,1,1,-33.771042,150.94364,7,0,2,1,2,0,0,0,3,0,7,60,1,9859,9859,8,10,40,1,0,0,0,0
1323067,3,2023,2023,6,5,7,6,31,95,34609,0,1,1,-34.394422,150.895243,80,0,2,1,1,0,0,0,2,0,7,50,0,9859,9859,1,5,0,2,0,0,0,0
1323072,3,2023,2023,8,4,7,83,1,87,34609,1,2,1,-33.92695,150.957415,41,0,2,1,1,0,0,0,2,0,7,40,0,9859,9859,1,5,0,2,0,0,0,0
1323109,3,2023,2023,8,6,5,4,27,9,34609,0,1,1,-28.600916,153.442573,10,2,1,1,0,0,0,0,2,0,7,80,0,4026,4026,8,5,40,1,0,0,0,0
1323121,3,2023,2023,6,5,0,194,31,105,34609,0,1,9,-32.593952,149.588052,44,2,1,1,2,0,0,1,0,0,7,50,0,9859,9859,8,0,40,1,0,0,0,0
1323129,3,2023,2023,0,1,7,2,27,55,34609,0,1,1,-33.375013,151.460512,16,2,2,1,0,0,0,6,2,0,7,50,0,190,190,1,30,0,2,0,0,0,0
1323138,3,2023,2023,6,0,10,8,27,67,34609,0,1,1,-33.393739,151.353029,16,2,2,0,2,0,0,0,0,0,7,50,0,4552,5151,1,10,13,3,0,0,0,0
1323152,3,2023,2023,8,5,5,13,31,463,34609,0,1,1,-30.299925,153.105115,19,2,1,1,1,0,0,0,2,0,7,50,0,9859,9859,1,0,0,2,0,0,0,0
1323173,3,2023,2023,6,0,7,41,27,85,9,0,1,1,-33.718237,151.131373,36,0,2,1,0,0,0,0,2,0,7,60,1,9859,9859,1,5,0,3,0,0,0,0
1323175,3,2023,2023,6,1,4,4,31,34,34609,0,1,10,-37.061861,149.907252,5,2,1,1,0,0,0,0,2,0,0,50,0,6545,6545,4,5,25,2,0,0,0,0
1323200,3,2023,2023,0,2,10,37,27,13,41,0,1,9,-28.848668,153.288566,39,2,1,1,0,0,3,4,0,0,0,80,1,9859,9859,8,5,40,1,0,0,0,0
1323203,3,2023,2023,6,5,7,255,27,28,260,0,1,7,-32.945562,151.623369,37,0,2,1,0,0,0,0,2,0,0,60,2,1957,777,8,5,40,1,0,0,0,0
1323206,3,2023,2023,6,2,9,1,27,61,34609,0,1,1,-35.917399,150.102646,23,2,1,1,0,0,0,0,0,0,7,80,0,237,162,8,30,40,1,0,0,0,0
1323210,3,2023,2023,6,3,10,133,17,12,121,0,1,1,-36.076405,149.160182,65,1,0,0,0,0,3,0,0,0,7,100,2,4552,5151,1,33,13,2,0,0,0,0
1323213,3,2023,2023,6,6,8,512,17,53,441,0,1,1,-32.253371,148.316355,51,1,0,0,0,0,0,0,0,0,7,110,2,1089,1089,7,9,40,1,0,0,0,0
1323223,3,2023,2023,6,5,4,280,10,162,82,0,1,9,-33.849755,150.90589,24,0,2,1,1,0,0,0,2,2,0,60,1,926,926,4,5,5,2,0,0,0,0
1323236,3,2023,2023,8,3,7,30,27,187,94,0,1,7,-33.881524,150.993687,15,0,2,1,0,0,0,0,2,0,0,60,1,6545,6545,4,33,0,2,0,0,0,0
1323248,3,2023,2023,6,2,5,2261,17,443,2252,0,1,9,-33.889559,151.060142,15,0,2,1,1,0,0,0,2,2,7,70,2,5929,5929,1,5,0,2,0,0,0,0
1323258,3,2023,2023,7,1,4,44,27,337,35,0,1,1,-33.732352,150.979932,71,0,2,1,1,0,0,0,2,0,7,50,1,941,941,1,5,5,2,0,0,0,0
1323260,3,2023,2023,7,0,1,2261,17,346,2252,0,1,9,-33.890384,151.079704,67,0,2,1,2,0,0,0,0,0,7,60,2,9859,9859,8,5,40,1,0,0,0,0
1323272,3,2023,2023,6,3,11,2,31,83,34609,0,1,9,-33.9119,151.112108,15,0,2,1,2,0,0,0,0,0,7,50,0,9859,9859,1,0,3,7,0,0,0,0
1323277,3,2023,2023,6,6,4,2126,17,166,2149,0,1,1,-33.411375,149.578993,3,2,1,1,1,0,1,0,2,0,7,60,2,14295,14295,3,0,0,4,0,0,0,0
1323280,3,2023,2023,6,2,3,3,27,133,34609,0,1,9,-34.506607,150.799102,80,0,2,0,1,0,0,0,0,0,7,50,0,1259,5151,1,5,12,2,0,0,0,0
1323286,3,2023,2023,6,6,11,4,1,48,34609,0,1,1,-36.682734,149.835821,5,2,1,1,2,0,0,0,0,0,7,50,0,9859,9859,1,5,0,2,0,0,0,0
1323304,3,2023,2023,8,1,9,8,10,107,34609,0,1,1,-33.275244,151.42628,16,2,2,1,2,0,0,0,0,0,7,50,0,9859,9859,1,5,0,2,0,0,0,0
1323313,3,2023,2023,8,0,8,2,31,237,34609,0,1,10,-33.878428,150.94786,24,0,2,1,2,0,0,0,3,0,0,50,0,6545,6545,4,5,5,2,0,0,0,0
1323317,3,2023,2023,6,3,8,294,17,6,288,0,1,1,-34.391173,142.427322,51,1,0,1,0,0,0,0,3,0,7,110,2,9859,9859,8,9,40,1,0,0,0,0
1323322,3,2023,2023,6,3,1,1104,14,104,962,0,1,3,-33.833332,151.024205,54,0,2,1,2,0,0,0,0,0,7,90,2,9859,9859,8,5,40,1,0,0,0,0
1323349,3,2023,2023,6,0,11,2,1,86,34609,0,1,1,-33.736804,151.202214,50,0,2,0,0,0,0,0,0,0,7,50,0,4552,5151,8,5,40,2,0,0,0,0
1323358,3,2023,2023,6,3,9,26,31,102,34609,0,1,9,-33.943039,151.202819,4,0,2,1,2,0,0,0,0,0,15,50,0,6545,6545,4,0,0,2,0,0,0,0
1323359,3,2023,2023,6,3,6,5,31,198,34609,0,1,1,-33.908949,151.103158,15,0,2,1,1,0,0,0,2,0,7,40,0,1282,1282,1,33,5,2,0,0,0,0
1323378,3,2023,2023,8,1,8,4,31,346,34609,0,1,1,-33.873043,151.094782,9,0,2,1,2,0,0,0,0,0,7,50,0,9859,9859,1,5,0,2,0,0,0,0
1323400,3,2023,2023,6,0,11,13,10,148,34609,0,1,1,-36.046063,146.946079,0,2,1,1,2,0,0,0,0,0,7,50,0,4026,4026,8,10,40,1,0,0,0,0
1323406,3,2023,2023,0,2,10,5,7,57,34609,1,0,10,-32.976494,151.682068,37,0,2,1,2,0,0,0,0,0,0,50,0,6545,6545,4,5,5,2,0,0,0,0
1323424,3,2023,2023,8,1,0,162,31,53,34609,0,1,9,-32.927672,151.760544,48,0,2,1,2,0,0,0,0,0,7,50,0,9859,9859,8,10,40,1,0,0,0,0
1323447,3,2023,2023,8,4,10,45,31,523,34609,0,1,4,-33.920965,150.92937,41,0,2,0,0,0,0,0,0,0,7,30,0,4552,5151,8,0,40,1,0,0,0,0
1323456,3,2023,2023,8,1,0,222,27,523,34609,0,1,1,-33.93633,150.914222,41,0,2,1,2,0,0,0,0,0,7,50,0,9859,9859,1,0,5,2,0,0,0,0
1323457,3,2023,2023,8,2,2,104,27,443,702,0,1,2,-33.891638,151.066801,15,0,2,1,0,0,0,0,1,0,7,70,2,14295,14295,3,5,5,2,0,0,0,0
1323460,3,2023,2023,0,2,8,8,27,5,34609,0,1,1,-30.039568,153.134785,19,2,1,0,0,0,0,0,2,0,7,80,0,2585,4009,8,0,40,1,0,0,0,0
1323480,3,2023,2023,6,0,4,111,27,293,233,0,1,1,-33.934674,151.230422,59,0,2,1,0,0,0,0,2,0,7,60,2,9859,9859,1,9,0,2,0,0,0,0
1323488,3,2023,2023,6,2,11,17,31,82,10,0,1,1,-33.822065,151.199398,49,0,2,1,2,0,0,3,0,0,7,50,1,9859,9859,1,5,5,4,0,0,0,0
1323496,3,2023,2023,6,0,11,344,27,88,163,0,1,9,-33.733981,150.849655,7,0,2,1,2,0,0,0,0,2,7,70,2,14295,14295,3,10,5,2,0,0,0,0
1323500,3,2023,2023,6,5,9,24,27,165,34609,0,1,1,-32.24164,150.903239,46,2,1,0,0,0,0,0,0,0,11,60,0,4552,5151,8,9,40,1,0,0,0,0
1323501,3,2023,2023,8,0,11,475,10,137,268,0,1,1,-33.902031,150.896429,24,0,2,1,2,0,0,0,0,0,7,60,2,1109,787,1,10,5,2,0,0,0,0
1323502,3,2023,2023,6,2,11,3,1,6,34609,0,1,1,-33.937626,151.135332,4,0,2,1,2,0,0,0,0,0,7,50,0,9859,9859,1,21,5,3,0,0,0,0
1323506,3,2023,2023,7,6,6,280,10,237,240,0,1,1,-33.864733,150.954825,24,0,2,1,1,0,0,0,2,0,7,60,2,1383,1383,1,5,5,2,0,0,0,0
1323511,3,2023,2023,6,6,2,3371,17,65,3342,0,1,2,-30.390372,153.035227,19,1,0,0,2,0,0,0,0,0,7,110,2,1259,5151,8,3,40,1,0,0,0,0
1323514,3,2023,2023,0,3,11,16,36,9,19,0,1,1,-32.941272,147.719392,53,1,0,0,0,0,0,0,0,0,7,100,1,1957,4009,8,10,40,1,0,0,0,0
1323517,3,2023,2023,8,4,10,16,2,168,34609,0,1,10,-33.695124,150.819053,7,0,2,1,0,0,0,0,0,0,15,50,0,5929,5929,1,5,5,2,0,0,0,0
1323540,3,2023,2023,6,4,11,8,36,15,5,0,1,9,-30.217727,153.009909,19,2,1,0,0,0,0,1,0,0,0,80,1,2585,4009,8,5,40,1,0,0,0,0
1323544,3,2023,2023,6,4,8,109,27,137,105,0,1,1,-33.897376,150.913613,24,0,2,1,1,0,0,0,2,0,7,60,2,14295,14295,3,5,5,2,0,0,0,0
1323552,3,2023,2023,6,2,11,15,31,51,34609,0,1,9,-33.267095,151.484571,16,2,2,1,0,0,0,0,0,0,7,50,0,1957,777,8,10,40,1,0,0,0,0
1323564,3,2023,2023,6,3,7,1,7,433,34609,0,1,1,-33.307275,149.115463,52,2,1,0,0,0,0,0,2,0,7,50,0,1259,5151,1,5,0,2,0,0,0,0
1323574,3,2023,2023,6,3,0,308,14,49,311,0,1,3,-33.920528,150.853943,41,0,2,0,0,0,0,0,0,0,7,100,2,1259,5151,8,5,40,1,0,0,0,0
1323584,3,2023,2023,8,6,2,105,17,609,136,0,1,9,-33.792671,150.919122,7,0,2,1,2,0,0,1,0,2,7,60,2,5929,5929,1,9,0,2,0,0,0,0
1323608,3,2023,2023,8,4,3,19,27,100,34609,0,1,1,-33.894939,150.897253,24,0,2,1,1,0,0,0,2,0,7,50,0,237,162,8,10,40,1,0,0,0,0
1323612,3,2023,2023,6,3,9,387,27,115,34609,0,1,1,-34.039025,151.066248,68,0,2,1,2,0,0,0,0,0,7,50,0,9859,9859,1,5,5,2,0,0,0,0
1323619,3,2023,2023,6,1,5,175,27,609,220,0,1,9,-33.766151,150.912655,7,0,2,1,1,0,0,0,2,2,7,60,2,1850,985,5,8,40,1,0,0,0,0
1323633,3,2023,2023,6,1,9,2,1,51,34609,0,1,1,-33.262592,151.481772,16,2,2,0,2,0,0,0,0,0,7,50,0,1957,4009,1,5,5,2,0,0,0,0
1323636,3,2023,2023,6,3,7,1,1,20,34609,0,1,1,-33.414319,151.456653,16,2,2,1,1,0,3,0,2,0,7,50,0,9859,9859,8,10,40,1,0,0,0,0
1323651,3,2023,2023,4,0,2,4,27,10,34609,1,0,1,-34.065244,151.118543,68,0,2,1,2,0,0,0,1,0,7,50,0,4026,4026,1,5,13,2,0,0,0,0
1323657,3,2023,2023,8,2,11,255,27,37,62,0,1,1,-32.802057,151.514268,17,2,1,0,2,0,0,0,0,0,7,60,2,4552,5151,8,10,40,3,0,0,0,0
1323658,3,2023,2023,6,2,2,115,27,134,114,0,1,9,-33.889378,151.256172,81,0,2,1,2,0,0,0,1,2,7,50,2,4026,4026,8,5,40,1,0,0,0,0
1323666,3,2023,2023,4,0,3,229,14,197,237,0,1,3,-33.800107,151.142864,61,0,2,1,0,0,0,0,2,0,7,80,2,1383,1383,1,5,40,2,0,0,0,0
1323671,3,2023,2023,8,6,0,5,27,609,34609,0,1,1,-33.757834,150.917187,7,0,2,1,2,0,0,0,0,0,7,50,0,9859,9859,1,5,5,2,0,0,0,0
1323688,3,2023,2023,0,1,4,27,27,5,35,0,1,1,-28.415349,152.414742,51,1,0,0,0,0,0,0,2,0,7,100,1,2585,4009,8,0,40,1,0,0,0,0
1323689,3,2023,2023,0,1,11,51,27,136,76,0,1,1,-32.921636,151.703339,48,0,2,1,2,0,3,0,0,0,7,60,1,9859,9859,1,5,13,2,0,0,0,0
1323716,3,2023,2023,0,3,1,3,27,71,34609,0,1,1,-33.772432,150.710358,55,0,2,1,2,0,0,0,0,0,7,50,0,4026,4026,1,5,12,3,0,0,0,0
1323730,3,2023,2023,3,1,3,11,31,76,34609,0,1,1,-34.544439,150.378505,78,2,1,1,0,0,0,0,2,0,7,50,0,9859,9859,1,8,0,2,0,0,0,0
1323735,3,2023,2023,0,6,11,1,27,61,34609,0,1,9,-33.890931,150.920929,24,0,2,1,2,0,0,0,0,0,7,50,0,9859,9859,8,0,40,1,0,0,0,0
1323740,3,2023,2023,0,2,4,515,14,243,518,0,1,3,-33.957417,150.876621,41,0,2,1,1,0,3,4,2,0,7,100,2,4026,4026,8,10,40,1,0,0,0,0
1323754,3,2023,2023,8,4,2,500,27,293,799,0,1,9,-33.932471,151.044852,15,0,2,1,2,0,0,0,0,2,7,60,2,926,926,4,5,5,2,0,0,0,0
1323771,3,2023,2023,6,0,11,1,31,84,34609,0,1,9,-31.098629,150.911798,70,2,1,1,2,0,0,0,0,0,7,50,0,4026,4026,8,5,40,1,0,0,0,0
1323774,3,2023,2023,6,4,8,2126,17,140,2149,0,1,10,-33.779381,150.814498,7,0,2,1,2,0,0,0,0,2,7,80,2,3775,3775,0,5,0,3,0,0,0,0
1323783,3,2023,2023,7,3,0,1,31,70,34609,0,1,1,-33.903235,150.980576,15,0,2,1,0,0,0,0,0,0,7,50,0,4026,4026,1,10,5,2,0,0,0,0
1323787,3,2023,2023,6,0,5,3371,17,20,3342,0,1,10,-33.068428,151.651284,37,0,2,1,1,0,2,6,2,0,7,70,2,9859,9859,8,5,40,1,0,0,0,0
1323813,3,2023,2023,3,6,5,9,31,19,34609,0,1,1,-33.430847,149.573936,3,2,1,1,3,0,0,0,2,0,7,60,0,14295,14295,3,10,5,2,0,0,0,0
1323833,3,2023,2023,7,2,2,32,27,83,34609,0,1,1,-34.476897,150.477681,78,2,1,0,0,0,0,0,0,0,7,70,0,2585,4009,8,30,40,1,0,0,0,0
1323845,3,2023,2023,6,0,7,1,7,93,34609,0,1,1,-33.407142,149.625498,3,2,1,0,3,0,0,0,2,0,7,50,0,1282,1282,1,5,40,1,0,0,0,0
1323857,3,2023,2023,6,5,6,1,1,86,34609,0,1,9,-33.720152,151.21879,50,0,2,0,1,0,0,0,2,0,7,50,0,2585,4009,8,5,40,1,0,0,0,0
1323873,3,2023,2023,8,3,2,158,27,46,207,0,1,2,-33.876951,151.232764,81,0,2,1,3,0,0,0,0,0,7,60,2,9859,9859,8,0,40,1,0,0,0,0
1323901,3,2023,2023,0,1,5,153,27,188,147,1,0,9,-33.949128,151.105582,4,0,2,1,1,0,0,0,2,0,7,60,2,395,395,1,9,0,2,0,0,0,0
1323907,3,2023,2023,6,6,10,175,27,104,220,0,1,9,-33.721539,150.9325,7,0,2,1,3,0,3,4,0,2,7,70,2,14295,14295,3,5,0,3,0,0,0,0
1323909,3,2023,2023,6,0,4,98,27,87,799,0,1,10,-33.928675,150.962275,41,0,2,1,3,0,0,0,2,2,7,70,2,5929,5929,1,8,5,2,0,0,0,0
1323913,3,2023,2023,6,3,6,6,27,17,34609,0,1,9,-35.711642,147.070485,27,1,0,0,3,0,0,0,2,0,7,100,0,782,957,5,10,40,1,0,0,0,0
1323914,3,2023,2023,6,4,4,515,14,243,518,0,1,3,-33.938293,150.913669,41,0,2,1,3,0,0,0,2,0,7,100,2,14295,14295,3,0,5,2,0,0,0,0
1323915,3,2023,2023,6,6,7,4,31,42,34609,0,1,1,-33.820123,151.191467,77,0,2,1,3,0,0,0,2,0,7,50,0,1981,1981,4,5,0,2,0,0,0,0
1323917,3,2023,2023,6,4,3,5,27,40,34609,0,1,1,-35.072097,150.572907,63,2,1,1,3,0,0,0,2,0,7,80,0,14295,14295,3,0,0,2,0,0,0,0
1323918,3,2023,2023,6,2,5,6,1,112,34609,0,1,2,-33.9063,151.2125,69,0,2,1,3,0,0,0,2,0,7,40,0,9859,9859,1,5,5,3,0,0,0,0
1323923,3,2023,2023,6,4,4,76,27,107,34609,0,1,10,-33.279978,151.424804,16,2,2,1,3,0,0,0,2,0,0,50,0,19,19,1,5,5,2,0,0,0,0