Crash ID,Degree of crash - detailed,Reporting year,Year of crash,Month of crash,Day of week of crash,Two-hour intervals,Street of crash,Street type,Town,Route no.,School zone location,School zone active,Type of location,Latitude,Longitude,LGA,Urbanisation,Conurbation 1,Alignment,Street lighting,Road surface,Surface condition,Weather,Natural lighting,Signals operation,Other traffic control,Speed limit,Road classification,RUM - code,DCA - code,First impact type,Key TU type,Other TU type,No. of traffic units involved,No. killed,No. seriously injured,No. moderately injured,No. minor-other injured
1323943,3,2023,2023,6,6,4,150,27,309,415,0,1,2,-33.807464,151.109314,61,0,2,1,1,0,0,0,2,0,7,70,2,14295,14295,3,5,40,2,0,0,0,0
1323948,3,2023,2023,6,0,3,475,10,523,268,0,1,2,-33.91539,150.909868,41,0,2,1,2,0,3,4,1,0,7,70,2,9859,9859,8,5,40,1,0,0,0,0
1323964,3,2023,2023,6,0,7,2261,17,68,2252,0,1,9,-34.766206,148.762047,82,1,0,0,0,0,0,0,2,0,0,110,2,1850,985,5,3,40,1,0,0,0,0
1323974,3,2023,2023,6,2,10,3,10,41,34609,0,1,9,-30.35507,153.090186,19,2,1,1,3,0,0,0,0,0,0,60,0,256,256,4,30,5,2,0,0,0,0
1323984,3,2023,2023,3,6,5,72,31,204,62,0,1,9,-33.940348,151.151233,4,0,2,1,1,0,0,3,2,0,7,60,1,5929,5929,1,5,10,2,0,0,0,0
1323994,3,2023,2023,8,0,10,2,1,149,34609,0,1,9,-34.003342,151.127677,4,0,2,1,2,0,0,0,0,0,7,50,0,220,220,1,33,0,3,0,0,0,0
1323999,3,2023,2023,6,4,4,5,27,70,34609,0,1,9,-34.849941,150.611334,63,2,1,1,3,0,0,0,2,0,0,60,0,1981,1981,4,5,13,2,0,0,0,0
1324001,3,2023,2023,6,5,8,3,31,94,34609,0,1,9,-33.834347,151.049624,54,0,2,1,3,0,0,0,3,0,7,50,0,63,63,4,0,5,2,0,0,0,0
1324014,3,2023,2023,6,2,8,65,27,202,563,0,1,9,-33.941377,151.035262,15,0,2,1,3,0,0,0,2,0,15,70,2,775,775,4,5,5,2,0,0,0,0
1324015,3,2023,2023,6,2,8,1104,14,460,962,0,1,3,-33.824607,150.988988,54,0,2,1,3,0,0,0,2,0,7,90,2,1391,1391,1,5,5,2,0,0,0,0
1324016,3,2023,2023,6,0,3,308,14,140,311,0,1,6,-33.796482,150.851709,7,0,2,0,3,0,0,0,2,0,7,80,2,1391,1391,1,0,0,2,0,0,0,0
1324018,3,2023,2023,6,5,7,2,27,16,34609,0,1,1,-28.753448,153.34273,39,1,0,1,3,0,0,0,2,0,7,100,0,9859,9859,8,5,40,1,0,0,0,0
1324027,3,2023,2023,8,1,9,4,31,38,34609,0,1,1,-33.767321,150.795222,55,0,2,1,2,0,0,0,0,0,7,50,0,1981,1981,4,0,5,2,0,0,0,0
1324030,3,2023,2023,7,3,5,16,10,91,34609,0,1,9,-33.994859,150.898451,13,0,2,1,1,0,0,0,2,0,15,50,0,256,256,4,10,36,3,0,0,0,0
1324035,3,2023,2023,6,2,4,133,31,139,51,0,1,9,-33.884156,151.144262,32,0,2,1,3,0,0,0,2,0,7,50,1,1669,1669,3,5,25,2,0,0,0,0
1324037,3,2023,2023,8,6,6,37,31,80,19,0,1,10,-33.886844,151.168196,32,0,2,1,1,0,0,0,2,0,15,50,2,6545,6545,4,33,5,2,0,0,0,0
1324057,3,2023,2023,6,6,7,100,27,323,100,0,1,10,-33.812305,150.850627,7,0,2,1,1,0,0,0,2,2,7,80,2,1282,1282,1,8,2,2,0,0,0,0
1324060,3,2023,2023,6,1,9,1,31,10,34609,0,1,9,-33.40629,149.544877,3,2,1,1,3,0,0,0,0,0,7,50,0,4552,985,8,5,40,1,0,0,0,0
1324079,3,2023,2023,6,6,8,2261,17,45,2252,0,1,10,-33.891474,150.977271,15,0,2,1,3,0,3,4,2,0,6,70,2,1669,1669,3,9,0,2,0,0,0,0
1324080,3,2023,2023,6,3,1,3,27,79,34609,0,1,1,-33.563169,150.717229,29,2,2,1,3,0,0,0,0,0,7,80,0,945,945,5,0,40,1,0,0,0,0
1324085,3,2023,2023,6,1,8,33,1,234,139,0,1,10,-34.285321,146.026016,28,2,1,1,3,0,3,4,3,0,0,50,2,6545,6545,4,5,13,2,0,0,0,0
1324088,3,2023,2023,6,2,5,35,27,16,34,0,1,1,-29.882276,151.128563,33,1,0,1,3,0,0,0,2,0,7,100,1,1669,1669,3,5,0,2,0,0,0,0
1324090,3,2023,2022,2,6,5,387,27,204,331,1,0,10,-33.939168,151.146318,4,0,2,1,3,0,0,0,2,0,0,60,2,301,301,4,5,35,2,0,0,0,0
1324097,3,2023,2023,6,2,6,150,27,197,415,1,0,2,-33.794588,151.118164,61,0,2,1,3,0,0,0,2,0,7,70,2,14295,14295,3,0,5,2,0,0,0,0
1324099,3,2023,2023,6,3,9,39,27,169,147,0,1,7,-28.637562,153.592674,10,2,1,1,3,0,0,0,0,0,0,60,1,9859,9859,8,5,40,1,0,0,0,0
1324102,3,2023,2023,6,0,7,3,22,8,34609,0,1,1,-31.000204,152.735541,34,1,0,1,3,2,0,0,2,0,7,100,0,9859,9859,8,0,40,1,0,0,0,0
1324103,3,2023,2023,6,2,8,43,31,104,117,0,1,10,-32.914075,151.704293,48,0,2,1,3,0,0,0,3,0,7,60,2,14295,14295,3,0,0,2,0,0,0,0
1324104,3,2023,2023,6,3,9,112,27,20,769,0,1,1,-33.549099,150.673634,29,2,2,0,3,0,0,0,3,0,7,60,2,4552,5151,8,0,40,1,0,0,0,0
1324105,3,2023,2023,6,6,6,2,1,10,34609,0,1,1,-33.456181,151.437816,16,2,2,1,3,0,3,0,2,0,7,50,0,9859,9859,1,10,5,2,0,0,0,0
1324106,3,2023,2023,6,6,10,5,31,204,34609,0,1,9,-33.9027,150.938788,24,0,2,0,3,0,0,0,0,0,7,50,0,2585,4009,8,5,40,1,0,0,0,0
1324107,3,2023,2023,6,1,4,161,17,23,161,0,1,1,-36.597841,149.445955,5,2,1,0,3,0,1,0,2,0,7,60,2,782,957,5,10,40,1,0,0,0,0
1324109,3,2023,2023,6,6,7,5,31,44,34609,0,1,10,-28.864654,153.535289,2,2,1,1,3,0,0,0,2,0,0,50,0,6545,6545,4,10,5,2,0,0,0,0
1324110,3,2023,2023,6,6,6,1,27,134,34609,0,1,0,-33.894222,151.243641,76,0,2,1,0,0,0,0,2,0,7,50,0,941,941,1,30,5,3,0,0,0,0
1324111,3,2023,2023,6,1,6,5,27,8,34609,0,1,1,-33.395146,149.558078,3,2,1,1,3,0,0,0,2,0,7,60,0,9859,9859,8,5,40,1,0,0,0,0
1324113,3,2023,2023,6,6,7,194,31,60,34609,0,1,9,-33.834577,151.14736,51,0,2,1,3,0,3,4,2,0,7,50,0,14295,14295,3,10,41,3,0,0,0,0
1324114,3,2023,2023,6,0,7,1052,14,77,928,0,1,3,-33.529455,151.199905,16,1,2,0,3,0,0,0,2,0,7,110,2,14295,14295,3,10,0,2,0,0,0,0
1324115,3,2023,2023,6,4,6,6,27,49,34609,0,1,10,-34.439058,147.53115,51,2,1,1,3,0,0,0,2,0,0,50,0,6545,6545,4,0,5,2,0,0,0,0
1324118,3,2023,2023,6,0,8,35,27,8,49,0,1,1,-31.273384,150.711762,51,1,0,1,3,0,0,0,2,0,7,100,1,3775,3775,0,5,0,2,0,0,0,0
1324123,3,2023,2023,6,2,2,147,10,119,34609,0,1,9,-33.866153,151.157732,32,0,2,0,2,0,0,0,0,0,7,50,0,1259,5151,8,5,40,1,0,0,0,0
1324124,3,2023,2023,6,6,4,2261,17,201,2252,0,1,3,-33.996814,150.847334,13,0,2,1,3,0,3,4,2,0,7,110,2,14295,14295,3,0,5,2,0,0,0,0
1324126,3,2023,2023,6,5,5,6,27,132,34609,0,1,1,-29.756414,151.096137,33,2,1,0,3,0,0,3,2,0,7,80,0,1282,1282,1,0,40,1,0,0,0,0
1324127,3,2023,2023,6,0,6,57,27,30,126,0,1,9,-32.766863,151.632633,42,2,1,1,3,0,0,0,2,0,0,80,2,5929,5929,1,5,5,2,0,0,0,0
1324136,3,2023,2023,6,5,5,10,27,10,34609,0,1,1,-33.157471,149.759808,3,1,0,0,3,0,0,0,2,0,7,100,0,1850,1463,5,10,40,1,0,0,0,0
1324138,3,2023,2023,6,6,9,2261,17,31,2252,0,1,2,-35.083731,148.092115,20,1,0,0,3,0,3,4,3,0,7,110,2,1282,1282,1,3,13,2,0,0,0,0
1324140,3,2023,2023,8,6,4,65,31,609,115,0,1,10,-33.768888,150.904245,7,0,2,1,3,0,0,0,2,2,7,60,2,1282,1282,1,5,40,2,0,0,0,0
1324141,3,2023,2023,6,4,11,42,1,84,34609,0,1,9,-33.806673,150.990437,54,0,2,1,3,0,3,4,0,0,7,40,0,489,489,8,5,40,1,0,0,0,0
1324143,3,2023,2023,6,3,8,35,31,29,34609,0,1,9,-33.726776,150.739245,55,0,2,1,3,0,0,0,2,0,7,50,0,1981,1981,4,5,5,2,0,0,0,0
1324145,3,2023,2023,6,6,6,31,31,363,34609,0,1,9,-33.81299,151.006745,54,0,2,1,3,0,3,4,2,2,7,40,0,4552,985,8,5,40,1,0,0,0,0
1324148,3,2023,2023,6,6,4,9,31,16,34609,0,1,1,-33.812212,151.091794,61,0,2,1,3,0,3,4,2,0,7,50,0,9859,9859,1,5,0,2,0,0,0,0
1324149,3,2023,2023,6,0,9,34,27,5,31,0,1,1,-35.889393,149.595048,58,1,0,0,3,2,0,0,0,0,7,100,1,1850,1463,5,0,40,1,0,0,0,0
1324152,3,2023,2023,6,5,8,43,27,12,118,0,1,9,-31.056019,150.893522,70,2,1,1,3,0,0,0,3,0,7,60,2,1669,1669,3,10,5,2,0,0,0,0
1324156,3,2023,2023,6,0,3,60,27,219,262,0,1,2,-32.908254,151.65987,48,0,2,1,3,0,3,4,2,0,7,90,2,14295,14295,3,5,0,2,0,0,0,0
1324157,3,2023,2023,6,0,4,3,27,39,34609,0,1,10,-33.236668,151.473698,16,2,2,1,3,0,3,0,2,0,0,50,0,5929,5929,1,0,0,2,0,0,0,0
1324161,3,2023,2023,6,0,3,8,10,154,34609,0,1,7,-33.71065,150.937886,71,0,2,0,3,0,3,3,1,0,0,60,0,6545,6545,4,5,5,2,0,0,0,0
1324163,3,2023,2023,6,6,3,512,17,562,441,0,1,1,-32.307067,148.716831,22,1,0,1,3,0,3,4,2,0,7,110,2,14295,14295,3,10,13,2,0,0,0,0
1324165,3,2023,2023,6,3,6,36,27,11,82,0,1,10,-35.179608,147.330279,75,2,1,1,3,0,0,0,2,0,0,80,1,6545,6545,4,0,13,2,0,0,0,0
1324166,3,2023,2023,6,4,10,16,1,35,34609,0,1,7,-35.344548,149.214486,58,2,1,1,3,0,3,4,0,0,0,50,0,6545,6545,4,5,0,2,0,0,0,0
1324167,3,2023,2023,6,6,8,29,1,84,2,0,1,9,-33.809116,150.988867,21,0,2,1,3,0,0,3,0,2,7,50,2,5929,5929,1,5,5,2,0,0,0,0
1324175,3,2023,2023,6,2,7,2,27,155,34609,0,1,1,-33.494608,151.329604,16,2,2,1,3,0,0,0,2,0,7,50,0,9859,9859,1,0,5,2,0,0,0,0
1324196,3,2023,2023,6,6,9,52,27,106,53,0,1,1,-33.923729,151.095808,15,0,2,1,2,0,3,4,0,0,7,50,1,1282,1282,1,33,0,2,0,0,0,0
1324200,3,2023,2023,6,4,9,9,27,115,34609,0,1,1,-33.879843,151.180794,69,0,2,1,1,0,0,0,2,0,7,50,0,1282,1282,1,33,5,2,0,0,0,0
1324224,3,2023,2023,6,0,10,829,31,44,34609,0,1,1,-33.7559,150.72455,55,0,2,1,2,0,0,0,0,0,7,50,0,1282,1282,1,9,5,2,0,0,0,0
1324229,3,2023,2023,6,5,7,99,31,84,105,0,1,10,-33.87964,150.94123,24,0,2,1,1,0,0,0,2,2,7,60,1,6545,6545,4,5,5,2,0,0,0,0
1324230,3,2023,2023,6,6,4,7,31,204,34609,0,1,10,-33.895766,151.129788,32,0,2,1,3,0,0,0,2,0,15,50,0,6545,6545,4,10,5,2,0,0,0,0
1324233,3,2023,2023,6,0,11,31,27,157,34609,0,1,7,-34.021033,151.09852,68,0,2,1,3,0,0,0,0,0,0,50,0,6545,6545,4,10,5,2,0,0,0,0
1324234,3,2023,2023,8,5,7,110,27,41,173,0,1,2,-34.39664,150.867473,80,0,2,1,3,0,0,0,2,0,7,80,2,1282,1282,1,0,5,2,0,0,0,0
1324235,3,2023,2023,6,5,11,2126,17,140,2149,0,1,2,-33.788774,150.853723,7,0,2,1,3,0,3,0,0,0,7,80,2,14295,14295,3,5,5,2,0,0,0,0
1324236,3,2023,2023,6,1,2,2261,17,35,2252,0,1,2,-34.905985,148.184858,20,1,0,0,3,0,0,0,0,0,7,110,2,1850,1463,5,8,40,1,0,0,0,0
1324237,3,2023,2023,6,4,5,2,27,61,34609,0,1,1,-29.738344,151.755168,51,2,1,1,3,0,0,0,2,0,7,50,0,78,78,8,29,40,1,0,0,0,0
1324243,3,2023,2023,6,5,7,2,27,251,34609,0,1,1,-33.767016,150.955794,7,0,2,1,3,0,0,0,2,0,7,50,0,1981,1981,4,9,36,2,0,0,0,0
1324247,3,2023,2023,6,4,8,29,27,147,69,0,1,10,-33.872795,151.132676,14,0,2,1,3,0,0,0,2,0,0,60,2,926,926,4,5,0,2,0,0,0,0
1324257,3,2023,2023,6,3,2,1052,14,17,928,0,1,3,-32.9568,151.543128,37,0,2,1,0,0,0,0,0,0,7,110,2,9859,9859,8,30,40,2,0,0,0,0
1324260,3,2023,2023,6,5,2,104,27,387,140,0,1,10,-33.920825,151.191757,4,0,2,1,2,0,3,3,0,2,7,60,2,6545,6545,4,10,5,2,0,0,0,0
1324267,3,2023,2023,6,6,6,134,10,363,133,0,1,10,-33.808679,151.023778,54,0,2,0,0,0,3,4,2,0,7,70,2,2585,777,8,5,40,1,0,0,0,0
1324276,3,2023,2023,6,0,10,9,27,204,34609,0,1,1,-33.942269,151.131316,4,0,2,1,2,0,2,6,0,0,7,50,0,9859,9859,1,5,10,2,0,0,0,0
1324278,3,2023,2023,6,4,6,45,27,60,44,0,1,6,-33.833713,151.145423,51,0,2,0,1,0,0,0,2,0,7,50,2,1957,4009,8,9,40,1,0,0,0,0
1324294,3,2023,2023,6,0,7,46,27,148,43,0,1,9,-36.032742,146.921,0,2,1,1,1,0,3,4,2,0,7,60,1,3775,3775,0,10,13,2,0,0,0,0
1324322,3,2023,2023,6,2,11,2,1,126,34609,0,1,1,-33.92033,150.829026,41,0,2,0,0,0,0,0,0,0,7,50,0,3775,3775,0,5,5,2,0,0,0,0
1324323,3,2023,2023,6,1,7,56,36,323,34609,0,1,0,-33.754209,150.959146,71,0,2,0,1,2,0,0,2,0,7,50,0,1259,5151,8,10,40,1,0,0,0,0
1324324,3,2023,2023,6,4,4,829,27,309,770,0,1,2,-33.815275,151.099973,61,0,2,1,1,0,0,0,2,0,7,60,2,9859,9859,8,9,40,3,0,0,0,0
1324326,3,2023,2023,6,3,2,1,10,74,34609,0,1,1,-33.759601,150.843951,7,0,2,1,2,0,0,0,0,0,7,60,0,4026,4026,1,5,0,2,0,0,0,0
1324335,3,2023,2023,7,0,6,224,27,102,321,0,1,9,-33.95661,151.206013,4,0,2,1,0,0,0,0,2,0,15,50,2,186,186,1,10,12,2,0,0,0,0
1324358,3,2023,2023,6,1,9,1052,14,207,928,0,1,3,-33.600813,151.169178,31,0,2,1,3,0,3,0,2,0,7,110,2,9859,9859,8,0,40,1,0,0,0,0
1324362,3,2023,2023,6,2,5,204,31,53,82,0,1,10,-35.138945,147.35166,75,2,1,1,3,0,0,0,2,0,0,60,1,2852,2852,4,0,0,2,0,0,0,0
1324363,3,2023,2023,6,4,8,118,17,22,118,0,1,9,-31.368396,150.525267,51,1,0,1,3,0,0,0,3,0,0,110,2,1669,1669,3,10,0,2,0,0,0,0
1324364,3,2023,2023,6,2,7,2,31,106,34609,0,1,10,-28.870079,153.04928,60,2,1,1,3,0,0,0,2,0,0,50,0,6545,6545,4,10,5,2,0,0,0,0
1324366,3,2023,2023,6,3,2,9,31,159,34609,0,1,1,-33.801008,151.068628,61,0,2,0,3,0,0,0,0,0,7,50,0,782,957,5,5,40,1,0,0,0,0
1324371,3,2023,2023,6,2,8,5,7,148,34609,1,0,1,-36.051284,146.948041,0,2,1,0,3,0,0,0,2,0,7,50,0,1957,4009,8,5,40,1,0,0,0,0
1324372,3,2023,2023,6,0,4,3371,17,13,3342,0,1,2,-33.130489,151.620538,37,0,2,0,3,0,3,0,2,0,7,80,2,1259,5151,8,5,40,1,0,0,0,0
1324375,3,2023,2023,6,6,4,57,27,337,47,0,1,9,-33.733049,151.002651,71,0,2,1,3,0,3,4,2,2,7,60,2,5929,5929,1,10,0,3,0,0,0,0
1324376,3,2023,2023,6,4,8,6,10,9,34609,0,1,1,-33.773184,150.724979,55,0,2,1,3,0,0,0,2,0,7,50,0,9859,9859,1,5,0,3,0,0,0,0
1324379,3,2023,2023,6,4,8,26,27,28,34609,0,1,1,-32.939845,151.636527,37,0,2,1,3,0,0,0,2,0,7,60,0,1981,1981,4,5,5,2,0,0,0,0
1324382,3,2023,2023,0,3,2,11,31,69,34609,0,1,1,-32.905256,151.698015,48,0,2,1,0,0,0,0,1,0,7,50,0,175,188,8,10,40,1,0,0,0,0
1324383,3,2023,2023,6,0,7,50,36,10,43,0,1,1,-36.531585,148.218209,66,2,1,0,3,0,1,5,2,0,7,60,2,4552,5151,8,30,40,1,0,0,0,0
1324392,3,2023,2023,6,4,4,1104,14,460,962,0,1,6,-33.824483,150.987583,21,0,2,0,3,0,0,0,2,0,7,50,2,1282,1282,1,10,12,2,0,0,0,0
1324413,3,2022,2022,6,2,10,2209,17,82,2205,0,1,2,-34.373386,150.900657,80,0,2,1,3,0,2,6,0,0,7,80,2,9859,9859,8,33,40,1,0,0,0,0
1324436,3,2023,2023,0,5,0,6,10,463,34609,0,1,1,-30.297002,153.130762,19,2,1,1,2,0,3,0,0,0,7,50,0,9859,9859,1,0,0,2,0,0,0,0
1324444,3,2023,2023,6,4,8,1,27,29,34609,0,1,1,-31.763522,152.640691,43,2,1,1,3,2,0,0,3,0,7,50,0,4026,4026,8,10,40,1,0,0,0,0
1324449,3,2023,2023,6,0,1,133,17,10,121,0,1,1,-35.940283,149.14858,65,1,0,1,3,0,0,0,0,0,7,100,2,1089,1089,7,10,40,1,0,0,0,0
1324453,3,2023,2023,8,3,1,79,27,46,159,0,1,9,-33.936931,151.113418,4,0,2,0,3,0,0,0,0,2,7,60,2,150,150,4,10,0,2,0,0,0,0
1324455,3,2023,2023,6,3,6,2261,17,93,2252,0,1,2,-36.073164,146.929624,0,1,0,0,3,0,0,3,2,0,7,110,2,4552,5151,8,0,40,1,0,0,0,0
1324458,3,2023,2023,8,0,3,481,17,7,483,0,1,1,-33.319265,148.064979,51,1,0,1,3,0,3,4,2,0,7,110,2,9859,9859,8,10,40,1,0,0,0,0
1324471,3,2023,2023,6,3,1,1104,14,438,962,0,1,3,-33.839159,151.037263,54,0,2,1,2,0,0,0,0,0,7,90,2,3775,3775,0,5,5,2,0,0,0,0
1324490,3,2023,2023,5,2,2,63,36,30,16,0,1,1,-32.620269,152.115967,43,1,0,0,1,0,0,0,1,0,7,90,1,1957,4009,8,5,40,1,0,0,0,0
1324512,3,2023,2023,6,4,2,26,27,80,160,0,1,1,-33.962059,150.899491,41,0,2,0,2,0,0,0,0,0,7,60,2,4552,5151,1,5,5,5,0,0,0,0
1324515,3,2023,2023,7,5,11,255,31,609,220,0,1,10,-33.771865,150.911518,7,0,2,1,2,0,3,4,0,2,7,60,2,1383,1383,1,5,12,2,0,0,0,0
1324518,3,2023,2023,6,3,4,2,31,148,34609,0,1,7,-36.043472,146.938269,0,2,1,1,0,0,0,0,2,0,0,50,0,1259,985,8,5,40,1,0,0,0,0
1324522,3,2023,2023,6,3,6,42,1,304,34609,0,1,1,-33.912466,151.155583,32,0,2,1,1,0,0,0,2,0,7,50,0,1282,1282,1,33,5,2,0,0,0,0
1324526,3,2023,2023,8,2,5,500,27,83,799,0,1,9,-33.907558,151.125947,15,0,2,1,1,0,0,0,2,0,7,60,2,5929,5929,1,5,0,2,0,0,0,0
1324535,3,2023,2023,6,5,9,38,27,25,21,0,1,1,-32.362526,150.730364,46,2,1,1,3,0,0,0,0,0,7,80,2,1089,1089,7,0,40,1,0,0,0,0
1324539,3,2023,2023,6,6,10,31,10,78,23,0,1,1,-33.441072,151.440966,16,2,2,1,2,0,3,3,0,0,7,50,1,9859,9859,1,0,0,3,0,0,0,0
1324544,3,2023,2023,5,3,4,2209,17,166,2205,1,0,1,-33.900846,151.17842,69,0,2,1,3,0,0,0,2,0,7,40,2,387,387,1,0,5,2,0,0,0,0
1324545,3,2023,2023,8,6,7,51,27,28,63,0,1,2,-34.556168,150.847499,62,0,2,1,1,0,0,0,2,0,7,70,2,14295,14295,3,30,13,4,0,0,0,0
1324553,3,2023,2023,6,5,3,24,1,145,52,0,1,1,-33.925725,151.14793,15,0,2,1,3,0,0,0,1,0,7,50,1,9859,9859,1,5,5,3,0,0,0,0
1324554,3,2023,2023,6,5,3,31,27,127,96,0,1,9,-33.897516,151.153635,32,0,2,1,2,0,0,0,1,0,0,60,2,1383,1383,1,5,2,4,0,0,0,0
1324555,3,2023,2023,6,2,9,2,10,39,34609,0,1,1,-32.720364,152.078624,57,2,1,0,3,0,0,0,0,0,7,50,0,2585,4009,8,34,40,1,0,0,0,0
1324582,3,2023,2023,7,5,6,80,27,316,34609,0,1,9,-33.913448,151.243912,59,0,2,1,1,0,0,0,2,0,0,50,0,9859,9859,1,34,25,3,0,0,0,0
1324583,3,2023,2023,6,0,11,2261,17,523,2252,0,1,2,-33.920363,150.91933,41,0,2,1,3,0,0,0,0,0,7,60,2,9859,9859,8,5,40,1,0,0,0,0
1324585,3,2023,2023,6,3,6,100,27,62,799,0,1,1,-33.896808,151.149082,32,0,2,0,3,0,0,0,2,0,7,60,2,1981,1981,4,5,0,2,0,0,0,0
1324589,3,2023,2023,6,3,6,3371,17,58,3342,0,1,2,-28.541687,153.535882,10,1,0,0,3,0,0,0,2,0,7,110,2,14295,14295,3,5,35,2,0,0,0,0
1324591,3,2023,2023,5,5,8,481,17,10,483,0,1,9,-29.738976,149.799721,51,2,1,1,3,0,3,4,3,0,7,60,2,14295,14295,3,10,0,2,0,0,0,0
1324592,3,2023,2023,5,5,5,59,31,74,34609,0,1,1,-33.762793,150.67987,55,0,2,1,3,0,3,4,2,0,7,50,0,9859,9859,8,5,40,1,0,0,0,0
1324597,3,2023,2023,6,0,9,1052,14,118,928,0,1,3,-33.426869,151.277988,16,1,2,1,3,0,0,0,3,0,7,110,2,1391,1391,1,5,10,2,0,0,0,0
1324598,3,2023,2023,5,5,3,866,17,314,793,0,1,10,-33.839731,150.957318,21,0,2,1,3,0,3,4,1,2,7,70,2,14295,14295,3,10,10,2,0,0,0,0
1324599,3,2023,2023,5,2,8,10,36,33,18,0,1,1,-36.469117,148.636195,65,1,0,0,3,0,0,0,2,0,7,100,1,1957,4009,8,8,40,1,0,0,0,0
1324600,3,2023,2023,5,2,3,3371,17,54,3342,0,1,2,-28.486919,153.514783,10,1,0,0,3,0,0,0,2,0,7,110,2,1850,1463,5,10,40,1,0,0,0,0
1324607,3,2023,2023,6,0,3,485,27,232,769,0,1,10,-33.690517,150.922224,7,0,2,1,1,0,3,0,2,2,7,80,2,4552,985,8,5,40,1,0,0,0,0
1324611,3,2023,2023,6,3,2,1,23,29,34609,1,0,1,-33.748015,151.275606,50,0,2,1,2,0,0,0,0,0,7,50,0,4026,4026,1,5,12,2,0,0,0,0
1324622,3,2023,2023,6,1,8,56,27,323,38,1,0,1,-33.762594,150.984573,71,0,2,1,2,0,0,0,0,0,7,60,1,9859,9859,1,30,5,2,0,0,0,0
1324641,3,2023,2023,6,3,1,111,27,150,233,0,1,9,-33.933657,151.23034,59,0,2,0,2,0,0,0,0,2,9,60,2,4552,5151,8,5,40,1,0,0,0,0
1324643,3,2023,2023,6,5,8,2261,17,112,2252,0,1,9,-33.914207,150.929883,41,0,2,1,2,0,0,0,3,0,2,70,2,14295,14295,3,0,5,2,0,0,0,0
1324650,3,2023,2023,6,1,4,40,27,609,24,1,2,2,-33.7734,150.907667,7,0,2,1,3,0,0,0,2,0,7,40,1,4026,4026,8,5,40,1,0,0,0,0
1324651,3,2023,2023,5,1,4,109,27,247,106,1,0,1,-33.828852,150.942801,21,0,2,1,3,0,0,0,2,0,7,60,1,9859,9859,1,5,5,3,0,0,0,0
1324654,3,2023,2023,6,2,0,16,27,316,34609,0,1,1,-33.909762,151.249865,59,0,2,1,2,0,0,0,0,0,7,50,0,9859,9859,1,5,0,3,0,0,0,0
1324659,3,2023,2023,6,4,3,12,27,5,34609,0,1,1,-32.660616,151.604923,57,2,1,1,3,0,0,0,2,0,7,80,0,101,101,8,10,40,2,0,0,0,0
1324663,3,2023,2023,5,2,11,17,27,127,34609,0,1,1,-33.832332,150.857456,24,0,2,1,3,0,0,0,0,0,7,60,0,9859,9859,8,5,40,1,0,0,0,0
1324666,3,2023,2023,6,0,8,1052,14,60,928,0,1,3,-33.426527,151.237332,16,1,2,0,3,0,0,0,2,0,7,110,2,14295,14295,3,5,0,2,0,0,0,0
1324667,3,2023,2023,5,2,5,28,31,225,34609,0,1,1,-33.798452,151.191308,77,0,2,1,3,0,0,0,2,0,7,50,0,9859,9859,1,5,0,2,0,0,0,0
1324669,3,2023,2023,6,1,4,916,17,104,917,0,1,2,-32.822275,151.68296,48,0,2,1,3,0,0,0,2,0,7,80,2,14295,14295,3,5,5,4,0,0,0,0
1324670,3,2023,2023,5,1,11,280,10,237,240,0,1,2,-33.870701,150.961734,24,0,2,1,3,0,3,4,0,0,7,60,2,4026,4026,8,5,40,1,0,0,0,0
1324676,3,2023,2023,5,3,10,10,36,3,18,0,1,1,-36.537871,148.702184,65,1,0,0,3,0,0,0,0,0,7,100,1,273,957,5,5,40,1,0,0,0,0
1324678,3,2023,2023,5,1,3,9,27,18,6,0,1,1,-32.8016,151.467576,17,2,1,1,3,0,0,0,2,0,7,70,1,14295,14295,3,10,5,2,0,0,0,0
1324679,3,2023,2023,5,3,9,99,31,609,34609,0,1,7,-33.764538,150.919166,7,0,2,1,3,0,0,0,0,0,0,50,0,926,926,4,5,5,2,0,0,0,0
1324684,3,2023,2023,6,2,6,2261,17,26,2252,0,1,3,-34.107773,150.761826,13,0,2,1,0,0,0,0,2,0,7,110,2,1383,1383,1,10,13,2,0,0,0,0
1324693,3,2023,2023,6,4,11,134,10,157,133,0,1,2,-33.793538,151.012495,54,0,2,0,2,0,0,0,0,0,7,90,2,1383,1383,1,0,36,2,0,0,0,0
1324694,3,2023,2023,5,2,8,1,10,58,34609,0,1,1,-32.782145,151.741766,57,2,1,0,3,0,0,0,4,0,7,50,0,4552,5151,8,5,40,1,0,0,0,0
1324696,3,2023,2023,5,2,8,6,27,562,34609,0,1,1,-32.220793,148.594433,22,1,0,1,3,0,0,0,2,0,7,100,0,9859,9859,8,5,40,1,0,0,0,0
1324697,3,2023,2023,6,4,5,1,10,20,34609,0,1,1,-34.084744,150.692251,12,0,2,1,3,0,0,0,2,0,7,50,0,9859,9859,1,5,0,2,0,0,0,0
1324700,3,2023,2023,5,5,5,31,27,79,33,0,1,1,-33.585335,150.711798,29,2,2,1,3,0,3,4,2,0,7,60,1,475,475,5,5,40,1,0,0,0,0
1324703,3,2023,2023,5,5,4,73,27,443,78,0,1,10,-33.906142,151.052538,15,0,2,1,3,0,3,4,2,2,7,60,2,6545,6545,4,5,5,4,0,0,0,0
1324704,3,2023,2023,6,3,8,115,27,138,114,0,1,1,-33.865745,151.278086,81,0,2,1,3,0,0,0,3,0,7,50,2,217,217,1,5,19,2,0,0,0,0