Crash ID,Degree of crash - detailed,Reporting year,Year of crash,Month of crash,Day of week of crash,Two-hour intervals,Street of crash,Street type,Town,Route no.,School zone location,School zone active,Type of location,Latitude,Longitude,LGA,Urbanisation,Conurbation 1,Alignment,Street lighting,Road surface,Surface condition,Weather,Natural lighting,Signals operation,Other traffic control,Speed limit,Road classification,RUM - code,DCA - code,First impact type,Key TU type,Other TU type,No. of traffic units involved,No. killed,No. seriously injured,No. moderately injured,No. minor-other injured
1324705,3,2023,2023,5,3,10,344,27,168,382,0,1,2,-33.711267,150.841372,7,0,2,1,3,0,0,0,0,0,7,50,2,14295,14295,3,9,0,2,0,0,0,0
1324707,3,2023,2023,5,5,6,15,27,30,34609,0,1,9,-34.491134,150.813283,80,0,2,1,3,0,3,3,2,0,15,60,0,4026,4026,8,5,40,1,0,0,0,0
1324708,3,2023,2023,5,6,8,81,27,609,115,0,1,10,-33.778325,150.901253,7,0,2,1,3,0,0,0,2,0,7,60,2,14295,14295,3,5,10,2,0,0,0,0
1324709,3,2023,2023,5,5,2,485,27,232,769,0,1,9,-33.696757,150.927539,71,0,2,1,3,0,3,4,1,2,7,80,2,14295,14295,3,5,12,2,0,0,0,0
1324710,3,2023,2023,5,1,8,387,27,91,331,1,0,10,-33.963344,151.086748,25,0,2,1,3,0,0,0,3,2,7,60,2,6545,6545,4,0,0,2,0,0,0,0
1324717,3,2023,2023,5,5,5,344,27,168,382,0,1,2,-33.715368,150.843409,7,0,2,1,3,0,3,4,2,0,7,80,2,14295,14295,3,10,0,2,0,0,0,0
1324724,3,2023,2023,5,4,10,829,27,309,770,0,1,2,-33.816773,151.105117,61,0,2,0,2,0,0,0,0,0,7,60,2,1282,1282,1,5,5,2,0,0,0,0
1324727,3,2023,2023,6,3,11,112,27,96,256,0,1,10,-34.049507,150.826774,13,0,2,1,2,0,0,0,0,2,3,60,2,186,186,1,5,0,2,0,0,0,0
1324734,3,2023,2022,2,2,2,5,23,143,34609,0,1,1,-33.708117,151.091317,31,0,2,0,2,0,0,0,1,0,7,50,0,4552,5151,8,5,40,1,0,0,0,0
1324736,3,2023,2023,8,6,3,133,31,646,97,0,1,9,-33.917743,151.027502,15,0,2,1,2,0,0,0,1,0,0,60,1,14295,14295,3,5,5,2,0,0,0,0
1324749,3,2023,2023,6,0,11,105,27,62,34609,1,0,9,-33.897816,151.132246,32,0,2,1,0,0,0,0,0,0,7,50,0,775,775,4,5,5,2,0,0,0,0
1324752,3,2023,2023,8,2,9,2,1,58,34609,0,1,1,-34.055397,151.117065,68,0,2,1,2,0,0,0,0,0,7,50,0,4026,4026,1,0,5,2,0,0,0,0
1324755,3,2023,2023,8,0,9,1,31,77,34609,0,1,1,-33.029032,151.657259,37,0,2,1,2,0,0,0,0,0,7,50,0,9859,9859,1,16,5,2,0,0,0,0
1324758,3,2023,2023,6,2,7,18,24,66,220,0,1,9,-33.72135,150.932301,7,0,2,1,2,0,0,0,2,2,7,60,2,1850,985,5,5,40,1,0,0,0,0
1324763,3,2023,2023,6,2,4,251,27,62,212,0,1,10,-33.752501,151.252909,50,0,2,1,2,0,0,0,2,2,7,70,2,14295,14295,3,8,0,2,0,0,0,0
1324771,3,2023,2023,6,6,8,36,27,15,82,0,1,9,-35.155442,147.341703,75,2,1,0,2,0,3,4,0,0,0,80,1,623,623,3,5,36,2,0,0,0,0
1324772,3,2023,2023,6,0,8,485,27,337,769,0,1,2,-33.727012,150.972842,71,0,2,0,2,0,0,0,0,0,7,70,2,1383,1383,1,5,0,2,0,0,0,0
1324773,3,2023,2023,6,0,8,234,27,323,217,0,1,1,-33.760051,150.99295,71,0,2,1,2,0,0,0,0,0,7,60,2,1282,1282,1,5,40,3,0,0,0,0
1324790,3,2023,2023,8,6,8,2126,17,78,2149,0,1,2,-33.866336,151.093401,14,0,2,1,2,0,0,0,3,0,7,60,2,14295,14295,3,5,5,2,0,0,0,0
1324791,3,2023,2023,8,6,7,7,27,290,34609,0,1,9,-33.855445,150.993334,21,0,2,1,0,0,0,0,2,0,0,50,0,57,57,1,0,12,2,0,0,0,0
1324795,3,2023,2023,6,3,11,52,27,188,140,0,1,10,-33.929307,151.098558,15,0,2,1,2,0,0,0,0,2,7,50,1,5929,5929,1,5,5,2,0,0,0,0
1324811,3,2023,2023,6,3,11,2261,17,49,2252,0,1,2,-34.754198,149.768164,26,1,0,1,3,0,0,0,0,0,7,110,2,1089,1089,7,5,40,1,0,0,0,0
1324815,3,2023,2023,6,4,10,20,27,34,20,0,1,1,-35.053793,150.632681,63,2,1,0,3,0,3,0,0,0,7,80,1,4552,5151,8,5,40,1,0,0,0,0
1324817,3,2023,2023,6,3,9,1,31,132,34609,0,1,1,-29.779239,151.135034,33,2,1,1,3,0,0,0,0,0,7,50,0,9859,9859,1,0,13,2,0,0,0,0
1324818,3,2023,2023,0,3,3,294,4,562,34609,0,1,1,-32.244816,148.640744,22,2,1,1,1,0,3,0,1,0,7,50,0,9859,9859,1,5,0,2,0,0,0,0
1324822,3,2023,2023,6,3,2,195,27,83,186,0,1,2,-33.88887,150.86086,41,0,2,1,3,0,0,0,0,0,7,70,2,9859,9859,8,5,40,1,0,0,0,0
1324824,3,2023,2023,6,2,10,125,27,43,144,0,1,1,-32.822716,151.842549,57,1,0,1,3,0,0,0,0,0,7,100,2,1282,1282,1,5,40,1,0,0,0,0
1324833,3,2023,2023,0,6,11,6,31,66,34609,1,0,9,-32.927049,151.639845,37,0,2,1,2,0,0,0,0,0,0,50,0,489,489,8,5,40,1,0,0,0,0
1324850,3,2023,2023,5,0,3,6,31,73,34609,0,1,9,-35.124989,147.377415,75,2,1,1,3,0,3,4,2,3,7,60,0,186,186,1,5,5,2,0,0,0,0
1324855,3,2023,2023,5,3,8,1052,14,13,928,0,1,3,-33.693884,151.121496,36,0,2,0,3,0,0,0,2,0,7,110,2,14295,14295,3,5,5,3,0,0,0,0
1324858,3,2023,2023,5,1,4,5,31,47,212,0,1,7,-35.255888,149.43792,58,2,1,1,3,0,0,0,2,0,0,50,2,5929,5929,1,0,0,2,0,0,0,0
1324861,3,2023,2023,6,5,4,10,31,316,34609,0,1,1,-33.923496,151.245494,59,0,2,1,3,0,0,6,2,0,7,50,0,1282,1282,1,33,13,2,0,0,0,0
1324873,3,2023,2023,5,6,7,57,27,172,126,0,1,1,-32.751453,151.60086,42,2,1,1,3,0,0,0,2,0,7,50,2,220,220,1,8,0,2,0,0,0,0
1324875,3,2023,2023,7,6,1,2,31,123,34609,0,1,9,-33.850405,148.691868,51,2,1,1,2,0,3,3,0,0,7,50,0,9859,9859,8,5,40,1,0,0,0,0
1324879,3,2023,2023,0,4,7,1052,14,46,928,0,1,3,-33.296108,151.405252,16,1,2,1,3,0,0,0,2,0,7,110,2,1282,1282,1,29,5,2,0,0,0,0
1324887,3,2023,2023,5,5,6,26,31,171,19,0,1,7,-33.806741,150.967091,21,0,2,1,3,0,3,0,2,0,0,50,1,6545,6545,4,5,0,2,0,0,0,0
1324888,3,2023,2023,5,6,9,60,27,174,44,0,1,9,-33.870009,150.926633,24,0,2,1,3,0,0,0,0,0,0,50,1,5929,5929,1,0,12,2,0,0,0,0
1324889,3,2023,2023,6,1,4,15,27,13,91,0,1,1,-34.503371,149.413008,74,1,0,0,3,0,0,0,2,0,7,100,1,1089,1089,7,21,40,1,0,0,0,0
1324890,3,2023,2023,6,0,8,103,27,94,563,0,1,2,-33.841028,151.04521,54,0,2,1,3,0,0,0,2,0,7,70,2,14295,14295,3,0,5,2,0,0,0,0
1324891,3,2023,2023,8,4,8,171,31,523,34609,0,1,5,-33.917393,150.921015,41,0,2,1,3,0,0,0,3,0,0,50,0,6545,6545,4,0,5,2,0,0,0,0
1324892,3,2023,2023,5,1,7,10,31,193,34609,0,1,1,-33.790689,151.085324,61,0,2,1,3,0,0,0,2,0,7,50,0,237,397,1,5,13,4,0,0,0,0
1324895,3,2023,2023,6,6,7,9,22,100,237,0,1,3,-33.811777,151.169203,38,0,2,1,3,0,0,6,2,0,7,80,2,9859,9859,8,9,40,1,0,0,0,0
1324896,3,2023,2023,6,0,6,149,36,10,113,0,1,10,-32.388046,152.417624,43,1,0,1,3,0,0,0,2,0,0,100,1,6545,6545,4,30,5,2,0,0,0,0
1324897,3,2023,2023,5,5,6,72,27,72,56,0,1,10,-33.796564,151.065263,54,0,2,1,3,0,3,4,2,2,7,60,2,150,150,4,10,36,3,0,0,0,0
1324898,3,2023,2023,5,2,5,485,27,52,769,0,1,2,-33.690804,150.922484,7,0,2,1,3,0,0,0,2,0,7,80,2,14295,14295,3,5,5,2,0,0,0,0
1324901,3,2023,2023,6,6,5,115,27,138,114,0,1,2,-33.868974,151.277079,76,0,2,1,1,0,3,4,2,0,7,50,2,14295,14295,3,9,5,2,0,0,0,0
1324907,3,2023,2023,5,3,7,1,27,11,34609,0,1,1,-32.762956,148.599224,11,1,0,1,0,0,0,0,2,0,7,100,0,475,475,5,10,40,1,0,0,0,0
1324914,3,2023,2023,6,3,0,1,31,32,34609,0,1,10,-32.360519,149.53257,44,2,1,1,2,0,0,0,0,0,0,50,0,9859,9859,8,5,40,1,0,0,0,0
1324919,3,2023,2023,6,3,11,19,27,42,34609,0,1,9,-33.735687,151.280082,50,0,2,0,2,0,0,0,0,0,15,50,0,4552,5151,8,10,40,1,0,0,0,0
1324928,3,2023,2023,5,2,5,3,31,64,34609,0,1,10,-33.487598,150.143694,40,2,1,1,3,0,0,0,2,0,0,50,0,1259,985,8,5,40,1,0,0,0,0
1324932,3,2023,2023,0,6,3,2,31,225,34609,0,1,1,-33.79965,151.188905,77,0,2,1,0,0,0,0,2,0,7,50,0,4026,4026,1,8,5,2,0,0,0,0
1324936,3,2023,2023,5,5,1,82,27,6,103,0,1,1,-28.472094,153.236388,72,2,1,0,3,0,3,4,0,0,7,80,1,1089,1089,7,8,40,1,0,0,0,0
1324937,3,2023,2023,5,3,8,57,1,18,52,0,1,1,-30.364128,153.101845,19,2,1,1,3,0,0,0,2,0,7,50,1,3775,3775,0,10,13,3,0,0,0,0
1324938,3,2023,2023,5,4,9,23,31,115,34609,0,1,7,-34.028966,151.076669,68,0,2,1,3,0,0,0,0,0,0,50,0,941,941,1,0,5,3,0,0,0,0
1324939,3,2023,2023,5,2,9,280,10,237,240,0,1,9,-33.865041,150.955039,24,0,2,1,3,0,0,0,0,0,0,60,2,2852,2852,4,5,13,2,0,0,0,0
1324945,3,2023,2023,6,5,8,2209,17,79,2205,0,1,2,-34.896484,150.602614,63,2,1,1,3,0,0,0,2,0,7,70,2,14295,14295,3,8,13,5,0,0,0,0
1324950,3,2023,2023,6,6,6,17,31,131,34609,0,1,1,-36.071709,146.924031,0,2,1,1,3,0,0,3,2,0,7,50,0,9859,9859,1,0,5,3,0,0,0,0
1324951,3,2023,2023,0,0,3,1,31,126,34609,0,1,1,-33.944628,150.799243,41,0,2,1,1,0,0,0,2,0,7,50,0,9859,9859,1,0,5,2,0,0,0,0
1324952,3,2023,2023,7,6,1,2,10,6,34609,0,1,1,-34.029003,151.030497,68,0,2,0,2,0,3,1,0,0,7,50,0,4552,5151,8,5,40,1,0,0,0,0
1324983,3,2023,2023,6,1,2,866,17,187,793,0,1,9,-33.791521,150.9977,54,0,2,1,2,0,0,0,1,3,7,70,2,1282,1282,1,33,0,6,0,0,0,0
1324986,3,2023,2023,5,2,11,1,18,370,34609,1,0,2,-34.067277,150.81591,13,0,2,1,2,0,0,0,0,0,7,50,0,4026,4026,8,5,40,2,0,0,0,0
1325002,3,2023,2022,2,0,0,2,27,12,34609,0,1,1,-34.337357,147.207521,51,1,0,1,0,2,0,0,0,0,7,100,0,9859,9859,8,5,40,1,0,0,0,0
1325052,3,2023,2023,7,6,11,35,31,253,34609,0,1,1,-33.95501,151.096343,25,0,2,1,2,0,0,0,0,0,7,50,0,9859,9859,1,34,5,2,0,0,0,0
1325060,3,2023,2023,8,5,9,3371,17,21,3342,0,1,2,-31.658505,152.731682,56,1,0,1,0,0,0,0,0,0,7,110,2,404,404,8,0,40,1,0,0,0,0
1325063,3,2023,2023,8,2,11,866,17,171,793,0,1,2,-33.813518,150.964977,21,0,2,1,3,0,0,0,0,0,7,70,2,14295,14295,3,34,5,2,0,0,0,0
1325071,3,2023,2023,5,2,4,3,27,161,34609,0,1,1,-33.728706,151.157252,36,0,2,1,3,0,0,0,2,0,7,40,0,14295,14295,3,0,5,3,0,0,0,0
1325077,3,2023,2023,5,4,6,213,17,83,213,0,1,7,-29.707351,152.939522,18,2,1,1,0,0,0,0,2,0,0,50,2,14295,14295,3,30,0,2,0,0,0,0
1325080,3,2023,2023,5,2,6,12,31,87,34609,0,1,7,-28.809701,153.287806,39,2,1,0,3,0,0,0,2,0,0,50,0,6545,6545,4,5,12,2,0,0,0,0
1325081,3,2023,2023,5,2,5,251,27,64,212,0,1,2,-33.76006,151.210322,50,0,2,0,3,0,0,0,2,0,7,70,2,1282,1282,1,5,25,3,0,0,0,0
1325083,3,2023,2023,5,5,6,22,10,72,34609,1,0,1,-34.011007,151.007377,68,0,2,1,3,0,3,4,2,0,7,50,0,9859,9859,1,5,0,2,0,0,0,0
1325085,3,2023,2023,5,5,6,293,31,112,769,0,1,2,-33.609024,150.819083,29,2,2,1,3,0,0,0,2,0,7,60,2,1383,1383,1,29,5,2,0,0,0,0
1325086,3,2023,2023,5,5,7,6,27,438,563,0,1,2,-33.846462,151.040849,21,0,2,1,3,0,0,0,2,0,7,70,2,1383,1383,1,5,0,2,0,0,0,0
1325087,3,2023,2023,5,3,1,57,31,532,30,0,1,10,-33.878286,151.208601,69,0,2,1,3,0,0,0,0,2,7,40,1,6545,6545,4,0,0,2,0,0,0,0
1325089,3,2023,2023,5,2,7,346,36,2,14,0,1,1,-29.006012,151.551098,51,1,0,1,3,0,0,0,2,0,7,100,1,1089,1089,7,30,40,1,0,0,0,0
1325093,3,2023,2023,5,2,5,330,27,15,102,0,1,1,-33.783209,151.280571,50,0,2,0,3,0,0,0,2,0,7,60,2,1192,1192,1,5,10,2,0,0,0,0
1325094,3,2023,2023,5,0,5,293,27,78,34609,0,1,1,-33.700788,150.561772,8,2,2,0,3,0,0,0,2,0,7,50,0,248,248,1,5,5,2,0,0,0,0
1325098,3,2023,2023,5,5,3,2,27,76,34609,0,1,1,-34.535996,150.377893,78,2,1,1,3,0,0,0,2,0,7,50,0,175,188,8,29,40,1,0,0,0,0
1325099,3,2023,2023,5,0,8,3,6,11,34609,0,1,1,-32.930832,151.686876,37,0,2,1,0,0,0,0,2,0,7,50,0,175,188,8,9,40,1,0,0,0,0
1325100,3,2023,2023,5,1,5,866,17,173,793,0,1,9,-33.720158,151.106068,31,0,2,1,3,0,0,0,2,3,7,70,2,515,515,1,29,0,2,0,0,0,0
1325103,3,2023,2023,5,4,11,6,27,438,563,0,1,10,-33.85134,151.037067,21,0,2,1,2,0,0,0,0,2,7,50,2,14295,14295,3,5,5,2,0,0,0,0
1325105,3,2023,2023,5,6,6,26,27,232,34609,0,1,9,-33.686276,150.924131,71,0,2,1,3,0,0,0,2,0,0,60,0,5929,5929,1,5,5,3,0,0,0,0
1325108,3,2023,2023,5,6,8,3,31,33,6,0,1,1,-34.74576,150.816077,35,2,1,0,3,0,0,3,0,0,7,50,1,1981,1981,4,5,13,2,0,0,0,0
1325111,3,2023,2023,5,2,9,134,10,69,133,0,1,2,-33.820198,151.021868,54,0,2,1,3,0,0,0,3,0,7,70,2,1945,1945,5,16,40,1,0,0,0,0
1325114,3,2023,2023,5,4,2,8,31,137,34609,1,0,7,-34.031961,151.058918,68,0,2,1,3,0,0,0,0,0,0,10,0,6545,6545,4,5,0,2,0,0,0,0
1325117,3,2023,2023,5,5,11,265,17,23,193,0,1,1,-35.259818,147.145971,51,1,0,1,2,0,3,4,0,0,7,100,2,1089,1089,7,0,40,1,0,0,0,0
1325125,3,2023,2023,5,3,7,3371,17,54,3342,0,1,2,-33.090763,151.638006,37,0,2,1,3,0,0,0,2,0,7,60,2,9859,9859,1,5,5,2,0,0,0,0
1325126,3,2023,2023,5,5,3,51,27,25,45,0,1,7,-33.74286,150.810831,7,0,2,1,3,0,0,0,1,0,0,60,1,1192,1192,1,5,5,2,0,0,0,0
1325127,3,2023,2023,5,2,6,4,27,10,11,0,1,1,-36.801948,149.790696,5,1,0,1,3,0,0,0,2,0,7,100,1,4026,4026,8,0,40,1,0,0,0,0
1325128,3,2023,2023,5,0,4,101,10,239,121,0,1,7,-34.038621,151.13448,68,0,2,0,3,0,3,0,2,0,0,70,1,1850,1463,5,5,40,1,0,0,0,0
1325129,3,2023,2023,5,3,7,2261,17,26,2252,0,1,3,-34.119665,150.756326,13,0,2,0,3,0,0,0,2,0,7,110,2,14295,14295,3,5,36,2,0,0,0,0
1325134,3,2023,2023,5,3,8,55,1,167,34609,0,1,10,-33.839868,151.068473,54,0,2,1,3,0,0,0,2,0,15,60,0,3775,3775,0,5,0,2,0,0,0,0
1325137,3,2023,2023,5,0,7,22,31,24,26,0,1,2,-35.990332,146.004388,51,2,1,1,3,0,0,3,2,0,7,50,2,248,248,1,29,5,2,0,0,0,0
1325142,3,2023,2023,5,5,8,2261,17,10,2252,0,1,2,-34.80322,149.495528,74,1,0,1,3,0,3,4,2,0,7,110,2,9859,9859,8,0,40,1,0,0,0,0
1325144,3,2023,2023,5,6,9,7,31,33,34609,0,1,7,-33.415269,151.3454,16,2,2,1,3,0,0,0,0,0,0,50,0,301,301,4,5,13,2,0,0,0,0
1325147,3,2023,2023,6,2,10,2261,17,41,2252,0,1,9,-35.003875,148.111956,20,1,0,0,3,0,0,0,0,0,0,110,2,2585,777,8,0,40,2,0,0,0,0
1325148,3,2023,2023,5,3,8,1,9,11,34609,0,1,1,-34.099377,142.080027,51,2,1,0,3,0,0,0,3,0,7,60,0,1957,4009,8,0,40,1,0,0,0,0
1325150,3,2023,2023,5,2,7,330,23,54,233,0,1,10,-33.89522,151.221493,69,0,2,1,3,0,0,0,2,2,7,60,2,1391,1391,1,5,5,2,0,0,0,0
1325152,3,2023,2023,5,1,5,48,31,104,605,0,1,9,-33.829849,151.215219,49,0,2,1,3,0,0,0,2,2,6,60,2,6545,6545,4,5,5,2,0,0,0,0
1325153,3,2023,2023,6,0,10,29,27,17,34609,0,1,1,-28.236059,153.518525,72,2,1,0,3,0,0,0,2,0,7,60,0,14295,14295,3,0,13,2,0,0,0,0
1325154,3,2023,2023,6,0,3,103,27,94,563,0,1,2,-33.82972,151.049881,54,0,2,1,3,0,0,3,1,0,7,70,2,14295,14295,3,5,13,2,0,0,0,0
1325155,3,2023,2023,5,4,7,1052,14,36,928,0,1,3,-33.432688,151.222967,16,1,2,1,3,0,0,0,2,0,7,110,2,1391,1391,1,0,35,2,0,0,0,0
1325156,3,2023,2023,5,6,6,21,27,30,34609,0,1,1,-34.201545,150.569428,79,2,2,1,3,0,0,0,2,0,7,50,0,9859,9859,1,33,36,2,0,0,0,0
1325158,3,2023,2023,5,5,7,191,17,7,189,0,1,9,-32.631319,151.174171,64,1,0,1,0,0,3,4,2,0,15,100,2,9859,9859,8,29,40,1,0,0,0,0
1325161,3,2023,2023,5,5,5,296,27,41,293,1,0,9,-33.86708,150.988034,24,0,2,1,3,0,0,0,2,2,7,70,2,14295,14295,3,8,19,2,0,0,0,0
1325163,3,2023,2023,5,3,6,296,27,290,293,0,1,2,-33.860021,150.993563,21,0,2,0,3,0,0,0,2,0,7,70,2,1957,4009,8,5,40,1,0,0,0,0
1325165,3,2023,2023,5,5,3,866,17,36,793,1,0,10,-33.787753,151.028404,54,0,2,1,3,0,3,0,2,2,7,60,2,1669,1669,3,5,36,2,0,0,0,0
1325166,3,2023,2023,5,1,5,10,27,7,34609,0,1,1,-33.8448,151.22865,49,0,2,1,3,0,0,0,2,0,7,50,0,9859,9859,1,5,5,3,0,0,0,0
1325168,3,2023,2023,5,4,3,2,31,83,34609,0,1,1,-33.921845,151.113825,15,0,2,1,3,0,0,0,1,0,7,50,0,9859,9859,1,0,5,3,0,0,0,0
1325175,3,2023,2023,5,6,9,85,27,53,145,0,1,9,-33.799219,151.045397,54,0,2,1,3,0,0,0,0,2,7,70,2,5929,5929,1,0,0,2,0,0,0,0
1325181,3,2023,2023,5,3,7,2209,17,39,2205,0,1,9,-34.322722,150.913394,80,0,2,0,3,0,0,0,2,0,15,60,2,2852,2852,4,5,36,2,0,0,0,0
1325182,3,2023,2023,5,3,5,346,17,103,332,0,1,7,-28.811644,153.354062,39,2,1,1,3,0,0,0,2,0,0,60,2,6545,6545,4,5,13,2,0,0,0,0
1325189,3,2023,2023,5,1,3,11,31,65,42,0,1,1,-32.93066,151.783321,48,0,2,1,3,0,0,0,2,0,7,50,1,9859,9859,1,9,25,2,0,0,0,0
1325195,3,2023,2023,6,4,10,3371,17,82,3342,0,1,10,-33.827693,151.200771,49,0,2,1,3,0,3,4,0,2,7,60,2,2852,2852,4,9,0,2,0,0,0,0
1325197,3,2023,2023,5,0,10,12,27,2,42,0,1,9,-35.230678,150.020739,58,1,0,1,3,0,0,3,0,0,7,100,1,1850,985,5,8,40,1,0,0,0,0
1325208,3,2023,2023,5,1,7,2209,17,115,2205,0,1,2,-34.031946,151.076487,68,0,2,1,3,0,0,0,2,0,7,70,2,14295,14295,3,8,13,3,0,0,0,0
1325210,3,2023,2023,5,3,3,39,10,42,65,0,1,2,-33.703612,150.946409,71,0,2,0,3,0,0,0,2,2,9,60,1,2585,4009,8,5,40,1,0,0,0,0
1325211,3,2023,2023,6,6,0,2209,17,68,2205,0,1,2,-34.089698,151.005055,68,0,2,1,3,0,0,0,0,0,7,60,2,9859,9859,1,5,13,3,0,0,0,0
1325224,3,2023,2023,7,3,7,5,27,11,34609,0,1,1,-32.548178,151.467047,64,2,1,0,0,0,0,3,2,0,7,80,0,4552,5151,8,10,40,1,0,0,0,0
1325238,3,2023,2023,7,0,11,7,31,111,34609,0,1,9,-33.917421,151.252732,59,0,2,1,2,0,0,0,0,0,7,50,0,3775,3775,0,10,0,2,0,0,0,0
1325260,3,2023,2023,8,4,4,20,31,91,34609,0,1,10,-33.961371,151.087015,25,0,2,1,0,0,0,0,2,0,7,50,0,9859,9859,1,21,0,2,0,0,0,0
1325270,3,2023,2023,8,4,4,20,31,135,101,0,1,10,-32.897331,151.736545,48,0,2,1,1,0,0,0,2,1,7,60,2,515,515,1,0,5,2,0,0,0,0
1325280,3,2023,2023,8,6,3,192,31,316,120,0,1,1,-33.916994,151.241222,59,0,2,1,1,0,0,0,2,0,7,50,2,1383,1383,1,9,5,2,0,0,0,0
1325306,3,2023,2023,6,5,6,60,27,147,69,0,1,9,-33.870031,151.125111,14,0,2,1,0,0,2,0,2,0,7,60,2,9859,9859,8,0,40,1,0,0,0,0
1325322,3,2023,2023,6,4,5,515,14,166,518,0,1,3,-33.945085,150.978098,15,0,2,1,0,0,0,0,2,0,7,100,2,1282,1282,1,29,5,2,0,0,0,0
1325334,3,2023,2023,6,0,8,24,31,102,34609,0,1,7,-31.109239,150.909217,70,2,1,1,1,0,0,0,2,0,0,50,0,6545,6545,4,30,0,4,0,0,0,0
1325345,3,2023,2023,5,2,2,265,17,6,193,0,1,1,-35.173643,147.274078,75,2,1,1,0,0,3,4,0,0,7,80,2,41,41,8,5,40,1,0,0,0,0
1325349,3,2023,2023,6,0,11,3,31,223,34609,0,1,1,-33.796087,150.91572,7,0,2,0,2,0,0,0,0,0,7,50,0,4552,5151,1,34,0,2,0,0,0,0
1325358,3,2023,2023,5,6,6,2126,17,60,2149,0,1,9,-33.650016,150.28498,8,2,2,1,1,0,0,0,2,0,0,60,2,186,186,1,33,36,2,0,0,0,0
1325376,3,2023,2023,8,3,6,3371,17,107,3342,0,1,1,-33.286737,151.42436,16,2,2,1,1,0,0,0,2,0,7,50,2,14295,14295,3,5,13,2,0,0,0,0
1325391,3,2023,2023,6,1,11,108,31,26,34609,0,1,1,-33.108315,151.509009,37,0,2,1,2,0,0,0,0,0,7,50,0,4026,4026,1,5,25,3,0,0,0,0
1325393,3,2023,2023,5,2,3,1,31,18,34609,0,1,1,-28.863935,153.590498,2,2,1,1,0,0,2,0,2,0,7,50,0,1669,1669,3,5,0,2,0,0,0,0
1325394,3,2023,2023,6,2,6,5,27,36,34609,0,1,1,-33.757113,151.076429,31,0,2,1,1,0,0,0,2,0,7,50,0,9859,9859,1,5,0,2,0,0,0,0
1325409,3,2023,2023,5,1,9,6,27,1,34609,0,1,1,-34.584457,149.952614,74,2,1,0,0,2,0,0,0,0,7,80,0,1259,5151,8,5,40,1,0,0,0,0
1325449,3,2023,2023,5,0,9,134,10,363,133,0,1,2,-33.811893,151.022908,54,0,2,1,2,0,0,0,0,0,7,70,2,14295,14295,3,33,5,2,0,0,0,0
1325455,3,2023,2023,5,2,1,2126,17,44,2149,0,1,9,-33.765064,150.621885,8,2,2,0,2,0,0,0,0,2,7,80,2,2585,4009,8,5,40,1,0,0,0,0
1325461,3,2023,2023,5,0,10,10,27,102,16,0,1,10,-31.109352,150.923075,70,2,1,1,2,0,0,0,0,0,0,60,1,256,256,4,0,0,2,0,0,0,0
1325480,3,2023,2023,6,0,9,4,31,70,34609,0,1,1,-34.855037,150.608589,63,2,1,1,2,0,0,0,0,0,7,50,0,9859,9859,1,10,0,2,0,0,0,0
1325491,3,2023,2023,5,5,11,15,27,247,38,0,1,1,-33.815848,150.934454,21,0,2,0,2,0,3,4,0,0,7,60,2,4552,5151,1,5,12,2,0,0,0,0
1325493,3,2023,2023,8,5,9,57,27,122,34609,0,1,1,-33.410879,151.345466,16,2,2,1,1,0,0,0,0,0,7,60,0,41,41,8,5,40,1,0,0,0,0
1325498,3,2023,2023,6,1,11,9,27,8,34609,0,1,9,-28.270445,153.470319,72,2,1,0,0,0,0,0,0,0,0,80,0,4552,5151,8,5,40,1,0,0,0,0
1325516,3,2023,2023,5,3,10,8,27,11,34609,0,1,1,-32.617688,151.446853,42,2,1,1,1,0,0,0,0,0,7,80,0,1945,1945,5,10,40,1,0,0,0,0
1325522,3,2023,2023,5,0,9,47,27,293,69,0,1,10,-33.942314,151.244349,59,0,2,1,2,0,0,0,0,0,0,50,1,926,926,4,30,5,2,0,0,0,0
1325525,3,2023,2023,0,4,2,220,14,113,220,0,1,3,-34.292117,150.921791,80,0,2,1,0,0,0,0,0,0,7,110,2,14295,14295,3,10,13,2,0,0,0,0
1325526,3,2023,2023,6,0,8,3371,17,139,3342,0,1,10,-33.837098,151.209231,49,0,2,1,1,0,0,0,2,2,7,40,2,395,395,1,33,0,2,0,0,0,0
1325527,3,2023,2023,5,5,9,3371,17,9,3342,0,1,1,-31.315972,152.808826,56,1,0,1,0,0,0,0,0,0,7,100,2,1945,1945,5,9,40,1,0,0,0,0
1325529,3,2023,2023,6,0,11,6,31,10,2205,0,1,10,-33.984054,151.114119,25,0,2,1,2,0,0,0,0,2,7,70,2,256,256,4,0,0,2,0,0,0,0
1325538,3,2023,2023,6,4,2,265,10,445,563,0,1,2,-33.858379,151.042971,21,0,2,0,2,0,0,0,1,0,7,70,2,204,204,1,33,13,2,0,0,0,0
1325540,3,2023,2023,5,6,8,2209,17,176,2205,0,1,9,-33.94843,151.139962,4,0,2,1,2,0,0,3,2,2,7,60,2,5929,5929,1,30,0,2,0,0,0,0
1325548,3,2023,2023,6,4,4,1104,14,113,962,0,1,3,-33.783803,150.7665,55,0,2,1,0,0,0,0,2,0,7,110,2,4026,4026,8,5,40,1,0,0,0,0
1325550,3,2023,2023,5,6,5,1104,14,104,962,0,1,6,-33.830537,151.020622,54,0,2,0,1,0,0,0,2,0,7,70,2,14295,14295,3,8,0,2,0,0,0,0
1325552,3,2023,2023,8,3,8,10,27,74,34609,0,1,1,-33.757054,150.832124,7,0,2,1,2,0,0,0,0,0,7,50,0,9859,9859,1,5,5,2,0,0,0,0