Crash ID,Degree of crash - detailed,Reporting year,Year of crash,Month of crash,Day of week of crash,Two-hour intervals,Street of crash,Street type,Town,Route no.,School zone location,School zone active,Type of location,Latitude,Longitude,LGA,Urbanisation,Conurbation 1,Alignment,Street lighting,Road surface,Surface condition,Weather,Natural lighting,Signals operation,Other traffic control,Speed limit,Road classification,RUM - code,DCA - code,First impact type,Key TU type,Other TU type,No. of traffic units involved,No. killed,No. seriously injured,No. moderately injured,No. minor-other injured
1325569,3,2023,2023,5,6,0,12,27,57,34609,0,1,1,-28.635339,153.545638,10,2,1,1,0,0,0,0,0,0,7,60,0,1089,1089,7,5,40,1,0,0,0,0
1325572,3,2023,2023,6,0,8,5,27,57,34609,0,1,9,-32.978142,151.683678,37,0,2,1,2,0,0,0,3,0,0,50,0,6545,6545,4,5,5,3,0,0,0,0
1325581,3,2023,2023,6,5,0,28,1,39,93,1,0,9,-33.763072,150.943048,7,0,2,1,2,0,0,0,0,2,7,60,1,4026,4026,8,5,40,1,0,0,0,0
1325606,3,2023,2023,8,3,7,108,31,77,34609,0,1,1,-33.865754,150.942608,24,0,2,1,1,0,0,3,2,0,7,50,0,9859,9859,8,9,40,1,0,0,0,0
1325645,3,2022,2022,11,3,8,916,17,165,917,0,1,1,-32.36855,150.963092,46,1,0,1,0,0,0,0,2,0,7,100,2,9859,9859,8,0,40,1,0,0,0,0
1325661,3,2023,2023,5,6,8,25,31,169,147,0,1,1,-28.638982,153.601294,10,2,1,1,3,0,0,0,3,0,7,50,1,3775,3775,0,5,5,3,0,0,0,0
1325663,3,2023,2023,6,6,6,18,27,316,16,1,0,1,-33.918519,151.244575,59,0,2,0,3,0,3,4,2,0,7,50,1,1957,4009,1,10,5,4,0,0,0,0
1325665,3,2023,2023,6,6,7,13,31,120,81,0,1,10,-32.189234,152.515341,43,2,1,1,3,0,0,0,2,0,0,50,2,6545,6545,4,5,22,2,0,0,0,0
1325668,3,2023,2023,5,5,9,265,17,5,193,0,1,1,-34.999203,147.422401,75,1,0,0,3,0,0,0,0,0,7,100,2,4552,5151,8,0,40,1,0,0,0,0
1325669,3,2023,2023,5,3,7,6,31,119,34609,1,0,1,-32.765085,151.746852,57,2,1,1,3,0,0,0,2,0,9,50,0,9859,9859,8,5,40,1,0,0,0,0
1325675,3,2023,2023,5,4,5,112,17,10,112,0,1,1,-31.768869,142.278613,51,1,0,1,3,0,0,0,2,0,7,110,2,14295,14295,3,19,35,2,0,0,0,0
1325677,3,2023,2023,5,0,5,6,31,163,34609,0,1,10,-33.861537,151.100203,14,0,2,1,3,0,0,0,2,0,15,50,0,6545,6545,4,0,5,2,0,0,0,0
1325678,3,2023,2023,5,4,7,9,1,73,34609,0,1,1,-33.78087,151.172505,36,0,2,0,3,0,0,0,2,0,7,50,0,4552,5151,8,5,40,1,0,0,0,0
1325682,3,2023,2023,5,3,10,2209,17,32,2205,0,1,7,-34.5743,150.821506,62,0,2,0,3,0,0,0,0,2,7,60,2,6545,6545,4,5,0,2,0,0,0,0
1325685,3,2023,2023,5,6,7,76,24,21,154,0,1,10,-33.729781,150.913351,7,0,2,1,3,0,0,0,2,2,7,70,1,14295,14295,3,5,13,2,0,0,0,0
1325689,3,2023,2023,5,2,6,10,31,44,34609,0,1,10,-32.05278,150.867208,73,2,1,1,3,0,0,0,2,0,0,50,0,6545,6545,4,0,13,3,0,0,0,0
1325692,3,2023,2023,5,1,7,100,27,323,100,0,1,2,-33.807452,150.851457,7,0,2,1,3,0,0,0,2,0,7,80,2,14295,14295,3,10,12,2,0,0,0,0
1325693,3,2023,2023,5,5,6,4,10,39,83,0,1,10,-29.429407,153.327252,18,2,1,1,3,0,0,0,2,0,7,50,1,186,186,1,10,0,2,0,0,0,0
1325696,3,2023,2023,5,5,4,171,27,89,369,0,1,9,-33.656918,150.769762,55,0,2,1,3,0,0,0,2,0,7,80,2,14295,14295,3,9,13,3,0,0,0,0
1325697,3,2023,2023,5,0,5,1,27,27,34609,0,1,1,-34.526576,150.789292,80,0,2,1,3,0,0,0,2,0,7,80,0,220,220,8,5,40,1,0,0,0,0
1325698,3,2023,2023,5,6,7,81,17,83,100,0,1,9,-34.449242,150.45317,78,2,1,1,3,0,0,0,2,0,15,50,2,5929,5929,1,10,0,2,0,0,0,0
1325700,3,2023,2023,5,1,7,344,27,61,163,0,1,9,-33.760012,150.897478,7,0,2,1,3,0,0,0,2,0,7,60,2,14295,14295,3,5,5,2,0,0,0,0
1325701,3,2023,2023,5,1,8,2,27,26,34609,0,1,1,-34.415311,150.467576,78,2,1,0,3,0,0,0,2,0,7,70,0,4552,5151,8,5,40,1,0,0,0,0
1325703,3,2023,2023,5,5,3,68,31,76,100,0,1,1,-34.542186,150.38561,78,2,1,0,3,0,0,0,2,0,7,60,2,3775,3775,0,5,0,2,0,0,0,0
1325705,3,2023,2023,5,5,6,169,31,39,34609,0,1,1,-29.438029,153.359297,18,2,1,1,3,0,0,0,2,0,7,50,0,144,144,1,5,25,2,0,0,0,0
1325706,3,2023,2023,5,0,4,829,31,85,34609,0,1,10,-32.93461,151.721339,48,0,2,1,3,0,3,3,2,0,15,50,0,6545,6545,4,0,5,2,0,0,0,0
1325714,3,2023,2023,5,4,4,1,1,40,34609,0,1,10,-33.728102,150.958389,71,0,2,1,3,0,0,0,2,0,0,50,0,5929,5929,1,5,5,2,0,0,0,0
1325716,3,2023,2023,5,5,8,15,27,32,34609,0,1,9,-33.655783,151.004756,71,0,2,1,3,0,0,0,4,0,0,60,0,1109,397,1,5,10,2,0,0,0,0
1325718,3,2023,2023,5,6,4,29,31,88,15,0,1,9,-33.753733,150.857044,7,0,2,1,3,0,0,0,2,0,0,60,1,1383,1383,1,0,5,3,0,0,0,0
1325720,3,2023,2023,6,6,8,81,27,137,34609,0,1,1,-33.909386,150.904397,24,0,2,1,3,0,3,4,2,0,7,50,0,9859,9859,1,0,13,3,0,0,0,0
1325721,3,2023,2023,5,0,5,2,27,32,34609,0,1,1,-30.232025,151.563275,1,1,0,0,3,2,0,0,2,0,7,100,0,1957,4009,8,30,40,1,0,0,0,0
1325722,3,2023,2023,5,4,9,145,27,125,34609,0,1,7,-33.864426,151.078675,67,0,2,1,3,0,0,0,0,0,0,50,0,6545,6545,4,5,5,2,0,0,0,0
1325723,3,2023,2023,5,6,6,3,27,171,34609,0,1,7,-33.814067,150.9714,21,0,2,0,3,0,0,0,2,0,0,50,0,926,926,4,16,5,2,0,0,0,0
1325727,3,2023,2023,8,5,10,4,1,100,34609,0,1,1,-33.9587,151.155056,4,0,2,1,3,0,0,0,0,0,7,50,0,9859,9859,1,5,36,4,0,0,0,0
1325728,3,2023,2023,5,5,5,39,27,143,51,0,1,9,-33.691462,151.099087,31,0,2,0,3,0,0,0,2,2,7,60,2,5929,5929,1,5,36,2,0,0,0,0
1325729,3,2023,2023,5,4,9,2261,17,31,2252,0,1,2,-35.090552,148.077695,20,1,0,1,3,0,0,0,3,0,7,110,2,1089,1089,7,8,40,1,0,0,0,0
1325733,3,2023,2023,6,6,0,118,17,29,118,0,1,2,-30.627687,150.034585,51,1,0,1,3,0,0,0,0,0,7,100,2,4026,4026,8,10,40,1,0,0,0,0
1325734,3,2023,2023,5,0,2,3,18,1,34609,0,1,9,-32.587634,151.269864,64,1,0,1,3,0,0,0,0,0,7,100,0,489,489,8,5,40,1,0,0,0,0
1325735,3,2023,2023,5,0,6,149,36,21,81,0,1,1,-32.11392,152.478363,43,1,0,0,3,0,3,0,2,0,7,100,2,1850,1463,5,0,40,1,0,0,0,0
1325737,3,2023,2023,5,2,10,3,1,50,34609,1,0,10,-33.226287,151.551084,16,2,2,1,3,0,0,0,2,0,0,50,0,489,489,5,5,40,1,0,0,0,0
1325742,3,2023,2023,5,3,4,27,27,119,96,0,1,1,-33.866035,151.166571,32,0,2,1,3,0,0,3,2,0,7,50,2,9859,9859,1,5,5,2,0,0,0,0
1325745,3,2023,2023,5,0,6,100,31,363,769,0,1,9,-33.808203,151.001693,54,0,2,1,3,0,0,0,2,2,7,60,2,14295,14295,3,0,0,2,0,0,0,0
1325750,3,2023,2023,5,3,4,110,27,167,40,0,1,2,-33.845446,151.056771,54,0,2,1,3,2,0,0,2,0,7,60,1,1981,1981,4,0,5,3,0,0,0,0
1325751,3,2023,2023,5,2,7,866,17,98,793,0,1,10,-33.738831,151.072266,31,0,2,1,3,0,0,0,2,2,7,70,2,14295,14295,3,5,5,2,0,0,0,0
1325753,3,2023,2023,5,4,8,72,31,176,62,0,1,1,-33.952696,151.148058,4,0,2,1,3,0,0,0,2,0,7,60,1,5929,5929,1,0,0,2,0,0,0,0
1325762,3,2023,2023,5,0,3,60,27,253,331,0,1,6,-33.959241,151.11014,25,0,2,0,3,0,0,0,2,2,9,50,2,14295,14295,3,5,0,2,0,0,0,0
1325763,3,2023,2023,5,1,6,2209,17,76,2205,0,1,1,-35.36125,150.473483,63,2,1,1,3,0,0,0,2,0,7,50,2,237,397,1,0,5,2,0,0,0,0
1325765,3,2023,2023,5,6,4,157,17,25,158,0,1,1,-33.754388,148.792895,51,1,0,1,3,0,3,4,2,0,7,100,2,945,945,5,8,40,1,0,0,0,0
1325766,3,2023,2023,5,0,8,45,27,134,40,0,1,9,-33.678186,150.863873,7,0,2,1,3,0,0,0,2,0,0,50,2,6545,6545,4,0,0,2,0,0,0,0
1325768,3,2023,2023,5,6,4,56,27,323,38,0,1,9,-33.75559,150.963027,71,0,2,1,3,0,0,0,2,2,7,60,1,2852,2852,4,5,0,2,0,0,0,0
1325769,3,2023,2023,5,4,10,213,17,13,213,0,1,1,-29.520273,152.306233,51,1,0,0,3,0,0,0,0,0,7,100,2,4552,5151,8,34,40,1,0,0,0,0
1325773,3,2023,2023,5,4,8,11,1,136,11,0,1,2,-32.934665,151.709201,48,0,2,1,3,0,0,0,2,0,7,60,1,14295,14295,3,5,0,2,0,0,0,0
1325776,3,2023,2023,5,4,6,16,31,194,148,0,1,10,-30.518725,151.672611,1,2,1,1,3,0,0,0,2,0,15,50,2,6545,6545,4,0,13,2,0,0,0,0
1325778,3,2023,2023,5,2,7,11,25,39,34609,0,1,9,-33.764976,150.941919,7,0,2,1,3,0,0,0,2,0,7,50,0,782,985,5,5,40,1,0,0,0,0
1325780,3,2023,2023,5,3,4,1,27,49,34609,0,1,1,-33.963262,151.214701,4,0,2,0,3,0,3,3,2,0,7,50,0,1957,4009,8,29,40,1,0,0,0,0
1325781,3,2023,2023,5,1,4,224,27,246,321,1,0,9,-33.919856,151.198082,69,0,2,1,3,0,0,0,2,0,7,50,2,2852,2852,4,5,5,2,0,0,0,0
1325782,3,2023,2023,5,6,5,149,10,346,702,0,1,2,-33.884103,151.069519,67,0,2,1,3,0,0,0,2,0,7,70,2,1391,1391,1,5,0,2,0,0,0,0
1325787,3,2023,2023,6,0,4,2261,17,204,2252,0,1,9,-33.888449,151.116493,32,0,2,1,3,0,0,0,2,0,7,60,2,1282,1282,1,9,5,2,0,0,0,0
1325790,3,2023,2023,7,4,6,13,31,108,34609,0,1,7,-28.869848,153.561856,2,2,1,1,0,0,0,0,2,0,0,50,0,14295,14295,3,34,5,2,0,0,0,0
1325791,3,2023,2023,5,2,7,5,10,44,34609,0,1,9,-33.79628,150.87255,7,0,2,1,3,0,0,0,2,0,7,60,0,2852,2852,4,8,5,2,0,0,0,0
1325793,3,2023,2023,5,0,11,17,31,18,58,0,1,9,-32.923589,151.76039,48,0,2,1,3,0,0,0,0,2,7,60,2,186,186,1,0,5,2,0,0,0,0
1325796,3,2023,2023,5,4,11,24,31,314,34609,0,1,7,-33.854772,150.921434,24,0,2,0,3,0,0,0,0,0,0,50,0,6545,6545,4,5,5,2,0,0,0,0
1325797,3,2023,2023,5,3,4,1052,14,54,928,0,1,3,-33.45812,151.202751,16,1,2,1,3,0,3,3,2,0,7,110,2,1282,1282,1,30,0,2,0,0,0,0
1325798,3,2023,2023,5,4,8,2,1,363,34609,0,1,9,-33.748554,150.700276,55,0,2,0,3,0,0,0,2,0,0,50,0,2852,2852,4,5,5,3,0,0,0,0
1325801,3,2023,2023,5,6,4,1,1,79,34609,0,1,1,-34.912463,150.584702,63,2,1,1,3,0,0,0,2,0,7,60,0,623,623,3,10,13,2,0,0,0,0
1325802,3,2023,2023,5,3,9,2126,17,90,2149,0,1,1,-33.70212,150.290627,8,2,2,0,3,0,3,2,4,0,7,70,2,14295,14295,3,5,0,3,0,0,0,0
1325805,3,2023,2023,5,0,6,12,31,55,63,0,1,1,-33.899118,151.082786,67,0,2,1,3,0,0,0,2,0,7,50,1,9859,9859,8,5,40,1,0,0,0,0
1325808,3,2023,2023,5,1,4,1,10,1,34609,0,1,9,-32.71169,151.554661,42,2,1,1,3,0,3,1,2,0,7,50,0,63,63,4,10,5,2,0,0,0,0
1325810,3,2023,2023,5,0,5,175,27,86,220,0,1,9,-33.739099,150.917803,7,0,2,1,3,0,0,0,2,2,7,70,2,14295,14295,3,33,5,2,0,0,0,0
1325814,3,2023,2023,5,4,10,2,31,107,34609,0,1,9,-33.290477,151.424458,16,2,2,1,2,0,3,4,0,0,15,50,0,2852,2852,4,10,12,2,0,0,0,0
1325817,3,2023,2023,5,3,6,33,27,100,49,0,1,9,-33.884467,150.893191,24,0,2,1,3,0,3,2,2,2,7,60,1,5929,5929,1,5,5,2,0,0,0,0
1325818,3,2023,2023,5,1,7,22,31,218,34609,0,1,1,-33.780473,150.770794,55,0,2,1,3,0,0,0,2,0,7,50,0,5929,5929,1,5,5,2,0,0,0,0
1325819,3,2023,2023,5,0,8,1052,14,77,928,0,1,7,-33.531005,151.199129,16,2,2,1,3,0,0,0,3,0,0,60,2,1391,1391,1,0,5,3,0,0,0,0
1325822,3,2023,2023,8,0,7,3371,17,173,3342,0,1,2,-33.717963,151.108385,31,0,2,1,3,0,0,0,2,0,7,60,2,14295,14295,3,9,5,4,0,0,0,0
1325823,3,2023,2023,5,3,5,3371,17,18,3342,0,1,2,-30.947736,152.860788,34,1,0,0,3,0,0,0,2,0,7,110,2,2585,4009,8,34,40,1,0,0,0,0
1325825,3,2023,2023,0,1,0,24,27,11,24,0,1,1,-34.853056,150.673852,63,2,1,0,0,0,0,0,0,0,7,80,1,1259,5151,8,5,40,1,0,0,0,0
1325829,3,2023,2023,0,0,8,149,27,294,198,0,1,2,-33.928867,150.931106,41,0,2,1,1,0,3,0,3,0,7,60,2,1192,1192,1,10,0,2,0,0,0,0
1325853,3,2023,2023,8,6,0,1,31,35,34609,0,1,9,-34.099722,150.790701,13,0,2,1,2,0,0,0,0,0,7,50,0,9859,9859,1,10,5,3,0,0,0,0
1325860,3,2023,2023,8,0,5,97,27,271,799,0,1,2,-33.935906,151.010835,15,0,2,1,2,0,0,0,2,0,7,70,2,14295,14295,3,5,0,2,0,0,0,0
1325875,3,2023,2023,6,0,8,109,27,71,106,0,1,1,-33.832821,150.97184,21,0,2,1,1,0,0,0,0,2,9,60,1,14295,14295,3,5,5,3,0,0,0,0
1325888,3,2023,2023,8,5,7,6,31,8,34609,0,1,1,-32.788984,151.512627,17,2,1,0,0,0,0,0,2,0,7,50,0,1957,4009,1,10,0,2,0,0,0,0
1325906,3,2023,2023,6,1,9,2,1,123,34609,0,1,10,-33.821953,151.054513,54,0,2,1,0,0,0,0,0,0,7,50,0,9859,9859,1,5,5,2,0,0,0,0
1325926,3,2023,2023,6,0,0,91,27,119,187,0,1,10,-33.874317,151.164686,32,0,2,1,2,0,3,4,0,2,7,40,2,2852,2852,4,19,0,2,0,0,0,0
1325948,3,2023,2023,6,0,11,265,17,215,193,0,1,7,-35.110619,147.347415,75,2,1,1,2,0,3,4,0,0,0,80,2,4026,4026,8,5,40,1,0,0,0,0
1325995,3,2023,2023,5,5,10,346,17,44,332,0,1,1,-28.815138,153.40337,2,2,1,0,2,0,0,0,0,0,7,80,2,4552,5151,8,10,40,1,0,0,0,0
1325997,3,2023,2023,5,0,8,1052,14,173,928,0,1,3,-33.711063,151.116016,36,0,2,0,0,0,0,0,3,0,7,80,2,14295,14295,3,33,13,6,0,0,0,0
1325999,3,2023,2023,5,5,11,68,27,36,208,0,1,1,-33.760486,151.079565,31,0,2,0,2,0,0,0,0,0,7,60,2,4552,5151,8,5,40,1,0,0,0,0
1326003,3,2023,2023,5,2,1,9,1,187,34609,0,1,9,-33.88398,150.977143,15,0,2,0,2,0,0,0,0,0,0,50,0,489,489,5,9,5,2,0,0,0,0
1326010,3,2023,2023,6,2,1,5,31,70,34609,0,1,1,-33.256428,151.498822,16,2,2,1,2,0,0,0,0,0,7,50,0,9859,9859,1,34,5,4,0,0,0,0
1326017,3,2023,2023,6,2,0,8,31,194,34609,0,1,1,-30.509245,151.65119,1,2,1,1,0,0,0,0,0,0,7,50,0,9859,9859,1,10,13,2,0,0,0,0
1326024,3,2023,2023,5,0,8,334,17,56,308,0,1,1,-31.465051,152.721974,56,2,1,1,1,0,0,0,2,0,7,50,2,1981,1981,4,5,5,2,0,0,0,0
1326025,3,2023,2023,5,6,3,2,27,55,34609,0,1,1,-33.748326,150.909498,7,0,2,0,0,0,0,0,2,0,7,50,0,4552,5151,1,33,5,3,0,0,0,0
1326030,3,2023,2023,8,5,8,13,18,44,34609,0,1,0,-30.706801,152.920235,47,2,1,1,1,0,0,0,0,0,7,50,0,4026,4026,8,0,40,1,0,0,0,0
1326032,3,2023,2023,5,0,11,5,27,323,34609,0,1,9,-33.756112,150.966354,71,0,2,0,2,0,0,0,0,0,7,50,0,4552,5151,8,5,40,1,0,0,0,0
1326042,3,2023,2023,5,0,2,175,27,86,220,0,1,9,-33.738528,150.917991,7,0,2,0,2,0,0,0,1,2,7,70,2,1282,1282,1,9,0,2,0,0,0,0
1326051,3,2023,2023,8,2,6,2209,17,79,2205,0,1,2,-33.97876,151.122092,25,0,2,1,1,0,0,0,2,0,7,70,2,1192,1192,1,33,36,2,0,0,0,0
1326059,3,2023,2023,5,0,9,25,27,89,208,0,1,1,-33.860185,150.895058,24,0,2,1,1,0,0,0,3,0,7,50,1,1282,1282,1,33,5,2,0,0,0,0
1326081,3,2023,2023,8,5,4,105,27,65,109,0,1,1,-33.871342,150.902033,24,0,2,1,1,0,0,0,2,0,7,60,1,1282,1282,1,21,5,3,0,0,0,0
1326090,3,2023,2023,8,3,0,2,27,115,34609,0,1,1,-33.760528,151.231318,50,0,2,1,1,0,0,0,0,0,7,50,0,9859,9859,1,0,12,5,0,0,0,0
1326091,3,2023,2023,5,1,11,165,31,172,34609,0,1,2,-32.749661,151.590062,42,2,1,1,2,0,0,0,0,0,7,40,0,9859,9859,1,5,5,3,0,0,0,0
1326093,3,2023,2023,5,1,11,73,31,90,34609,0,1,1,-32.920426,151.749286,48,0,2,1,2,0,0,0,0,0,7,50,0,1282,1282,1,10,40,1,0,0,0,0
1326095,3,2023,2023,5,2,10,54,27,65,34609,0,1,9,-33.708422,151.293372,50,0,2,1,2,0,0,0,0,0,7,50,0,9859,9859,1,5,0,3,0,0,0,0
1326103,3,2023,2023,8,1,3,2126,17,5,2149,0,1,1,-33.436356,149.860058,3,1,0,1,0,0,1,5,1,0,7,100,2,9859,9859,8,5,40,1,0,0,0,0
1326123,3,2023,2023,5,6,11,14,27,3,34609,0,1,1,-33.51927,151.3828,16,2,2,1,0,0,0,0,0,0,7,60,0,4026,4026,1,5,0,3,0,0,0,0
1326124,3,2023,2023,5,3,8,10,31,61,34609,0,1,10,-29.746895,151.733959,51,2,1,1,1,0,0,0,3,0,0,50,0,6545,6545,4,5,5,2,0,0,0,0
1326126,3,2023,2023,5,0,10,1,22,22,34609,0,1,1,-33.816267,150.924775,21,0,2,0,2,0,0,0,0,0,7,50,0,4552,5151,1,5,10,2,0,0,0,0
1326130,3,2023,2023,6,4,7,251,14,139,124,0,1,3,-33.833017,151.211796,49,0,2,1,0,0,0,3,2,0,7,60,2,14295,14295,3,10,19,2,0,0,0,0
1326145,3,2023,2023,5,6,9,171,31,273,34609,0,1,7,-34.420257,150.898438,80,0,2,1,2,0,0,0,0,0,0,50,0,6545,6545,4,10,5,2,0,0,0,0
1326152,3,2023,2023,3,6,8,135,17,131,136,0,1,1,-36.082756,146.910063,0,2,1,1,1,0,0,0,2,0,7,50,2,14295,14295,3,5,13,2,0,0,0,0
1326154,3,2023,2023,6,6,9,265,17,23,193,0,1,1,-35.31272,147.08709,51,1,0,1,2,0,3,4,0,0,7,100,2,1109,397,1,0,5,2,0,0,0,0
1326157,3,2023,2023,6,2,1,334,31,370,256,0,1,10,-34.069186,150.814057,13,0,2,1,2,0,0,0,0,2,7,60,2,4026,4026,8,0,40,1,0,0,0,0
1326158,3,2023,2023,6,4,4,1,7,26,34609,0,1,1,-34.017759,151.081667,68,0,2,1,0,0,0,0,2,0,7,50,0,9859,9859,1,5,5,2,0,0,0,0
1326163,3,2023,2023,5,1,6,346,17,44,332,0,1,7,-28.861121,153.519345,2,2,1,0,1,0,0,3,2,0,0,60,2,1282,1282,1,34,0,2,0,0,0,0
1326214,3,2023,2023,8,1,0,3,31,102,34609,0,1,1,-33.941606,151.199584,4,0,2,1,2,0,0,0,0,0,7,50,0,9859,9859,8,5,40,2,0,0,0,0
1326227,3,2023,2023,6,1,11,6,31,105,34609,0,1,1,-32.707033,151.537287,42,2,1,0,2,0,0,0,0,0,7,50,0,4552,5151,8,5,40,2,0,0,0,0
1326231,3,2023,2023,5,6,10,11,10,179,34609,1,0,1,-31.894556,152.480207,43,2,1,1,2,0,0,0,0,0,7,50,0,190,190,1,5,5,2,0,0,0,0
1326245,3,2023,2023,6,6,2,3371,17,9,3342,0,1,2,-32.342081,152.325777,43,1,0,1,0,0,0,0,0,0,7,110,2,14295,14295,3,29,35,2,0,0,0,0
1326262,3,2023,2023,0,2,3,59,10,84,231,0,1,10,-33.474106,151.394612,16,2,2,1,1,0,3,3,1,0,0,60,2,9859,9859,8,5,40,1,0,0,0,0
1326288,3,2023,2023,8,3,0,1,31,135,34609,0,1,1,-32.903888,151.73322,48,0,2,1,2,0,0,0,0,0,7,50,0,13,188,1,5,13,2,0,0,0,0
1326295,3,2023,2023,6,4,7,45,27,304,96,0,1,9,-33.911154,151.164227,32,0,2,1,3,0,0,0,2,0,0,60,2,2585,777,1,5,12,3,0,0,0,0
1326296,3,2023,2023,6,5,7,2209,17,11,2205,0,1,9,-36.201803,150.117868,23,2,1,0,3,0,0,0,2,0,0,50,2,1669,1669,3,10,5,2,0,0,0,0
1326311,3,2023,2023,6,1,11,11,10,74,34609,0,1,1,-34.053411,150.764652,12,0,2,0,2,0,3,0,0,0,7,50,0,2585,4009,1,30,13,2,0,0,0,0
1326337,3,2023,2023,8,3,9,51,31,47,34609,0,1,1,-33.776935,151.288989,50,0,2,1,0,0,0,0,0,0,7,50,0,9859,9859,1,9,5,4,0,0,0,0
1326338,3,2023,2023,6,2,1,81,17,41,10,0,1,1,-34.066793,150.693873,12,0,2,1,2,0,0,0,0,0,7,50,1,9859,9859,1,5,5,2,0,0,0,0
1326347,3,2023,2023,6,5,7,12,31,61,34609,0,1,10,-35.524042,144.962066,51,2,1,1,0,0,0,0,2,0,0,50,0,256,256,4,0,13,2,0,0,0,0
1326348,3,2023,2023,5,2,10,39,27,143,51,0,1,9,-33.691462,151.099087,31,0,2,0,3,0,0,0,2,2,7,60,2,5929,5929,1,0,5,2,0,0,0,0
1326372,3,2023,2023,6,1,9,213,17,8,213,0,1,1,-29.552522,148.555518,51,1,0,1,3,0,0,0,0,0,7,110,2,1089,1089,7,3,40,1,0,0,0,0
1326384,3,2023,2023,5,3,11,193,1,85,34609,0,1,1,-32.939897,151.714499,48,0,2,0,2,0,0,0,0,0,7,60,0,4552,5151,8,5,40,1,0,0,0,0
1326393,3,2023,2023,5,1,0,3371,17,21,3342,0,1,2,-31.980043,152.469683,43,1,0,0,3,0,3,4,0,0,7,110,2,1957,4009,8,0,40,1,0,0,0,0
1326399,3,2023,2023,5,5,11,194,31,155,34609,0,1,10,-33.13565,148.173793,53,2,1,1,0,0,0,0,0,0,7,40,0,4552,985,8,0,40,1,0,0,0,0
1326421,3,2023,2023,5,5,0,1,18,6,34609,0,1,1,-29.37004,153.273707,18,2,1,0,0,0,0,0,0,0,7,50,0,418,714,5,5,40,1,0,0,0,0
1326424,3,2023,2023,5,3,7,1104,11,107,321,0,1,10,-33.874951,151.197087,69,0,2,1,0,0,3,4,2,2,7,50,2,1383,1383,1,5,0,2,0,0,0,0
1326430,3,2023,2023,5,4,3,28,31,523,34609,0,1,1,-33.921512,150.92714,41,0,2,1,0,0,0,0,2,0,7,30,0,190,190,1,0,5,3,0,0,0,0
1326432,3,2023,2023,5,0,0,6,1,44,34609,0,1,1,-34.564811,150.860628,62,0,2,1,3,0,0,0,0,0,7,50,0,1282,1282,1,0,40,1,0,0,0,0
1326437,3,2023,2023,5,6,2,17,1,106,34609,0,1,1,-34.569447,150.801097,62,0,2,1,3,0,0,0,1,0,7,50,0,945,945,5,30,40,1,0,0,0,0
1326438,3,2023,2023,5,5,9,348,31,363,34609,0,1,9,-33.753997,150.69929,55,0,2,1,3,0,0,0,0,0,15,40,0,14295,14295,3,5,5,3,0,0,0,0
1326440,3,2023,2023,5,0,1,2261,17,370,2252,0,1,3,-34.080812,150.772602,13,0,2,1,3,0,0,0,0,0,7,110,2,1383,1383,1,10,0,2,0,0,0,0
1326441,3,2023,2023,5,2,10,1,31,35,34609,0,1,9,-33.274215,151.551917,16,2,2,1,3,0,0,0,0,0,7,50,0,1945,1945,5,10,40,1,0,0,0,0
1326442,3,2023,2023,5,5,8,829,27,124,770,0,1,2,-33.813511,151.050325,54,0,2,1,3,0,0,0,3,0,7,70,2,14295,14295,3,5,5,2,0,0,0,0
1326443,3,2023,2023,5,0,6,330,27,121,102,0,1,10,-33.78784,151.284495,50,0,2,0,3,0,0,0,2,2,7,50,2,623,623,3,19,5,2,0,0,0,0
1326446,3,2023,2023,5,5,7,2209,17,61,2205,0,1,10,-35.910363,150.080765,23,2,1,1,3,0,0,0,2,0,0,50,2,941,941,1,5,36,2,0,0,0,0
1326450,3,2023,2023,5,2,6,9,10,176,34609,0,1,2,-33.957142,151.138691,4,0,2,1,3,0,0,0,2,0,7,50,0,1981,1981,4,5,12,2,0,0,0,0
1326451,3,2023,2023,8,0,8,11,31,85,34609,1,2,7,-33.786825,150.672086,55,0,2,1,3,0,0,0,2,0,0,40,0,186,186,1,10,13,2,0,0,0,0
1326453,3,2023,2023,5,5,1,4,27,45,34609,0,1,1,-34.278964,150.579978,79,2,2,1,3,0,0,1,0,0,7,60,0,9859,9859,8,5,40,1,0,0,0,0
1326454,3,2023,2023,5,4,5,50,36,4,43,0,1,11,-36.399122,148.176816,66,2,1,1,3,0,0,0,2,0,7,80,2,77,77,1,0,13,2,0,0,0,0
1326457,3,2023,2023,5,0,8,6,10,66,34609,0,1,7,-33.721147,150.92034,7,0,2,0,3,0,0,0,0,0,0,50,0,6545,6545,4,5,5,2,0,0,0,0
1326460,3,2023,2023,5,5,4,2,7,247,34609,0,1,9,-33.818235,150.956675,21,0,2,1,3,0,0,0,2,0,7,50,0,1282,1282,1,5,40,4,0,0,0,0
1326464,3,2023,2023,5,5,9,74,27,130,59,0,1,2,-34.462433,150.867806,80,0,2,1,3,0,0,0,3,0,7,80,2,1981,1981,4,10,5,2,0,0,0,0
1326465,3,2023,2023,5,3,8,3,1,18,34609,0,1,9,-34.506777,150.805203,80,0,2,1,3,0,0,0,2,0,0,50,0,2852,2852,4,16,0,2,0,0,0,0
1326467,3,2023,2023,5,1,5,15,27,24,228,0,1,1,-33.540062,150.920258,71,0,2,0,3,0,3,4,2,0,7,80,2,4552,5151,8,29,40,1,0,0,0,0
1326469,3,2023,2023,5,6,9,1104,14,323,962,0,1,3,-33.79798,150.854439,7,0,2,1,3,0,0,0,3,0,7,110,2,1282,1282,1,21,5,2,0,0,0,0