Crash ID,Degree of crash - detailed,Reporting year,Year of crash,Month of crash,Day of week of crash,Two-hour intervals,Street of crash,Street type,Town,Route no.,School zone location,School zone active,Type of location,Latitude,Longitude,LGA,Urbanisation,Conurbation 1,Alignment,Street lighting,Road surface,Surface condition,Weather,Natural lighting,Signals operation,Other traffic control,Speed limit,Road classification,RUM - code,DCA - code,First impact type,Key TU type,Other TU type,No. of traffic units involved,No. killed,No. seriously injured,No. moderately injured,No. minor-other injured
1326473,3,2023,2023,5,1,11,478,17,70,480,0,1,2,-33.439374,151.357013,16,2,2,1,2,0,0,0,0,0,7,60,2,9859,9859,8,0,40,1,0,0,0,0
1326474,3,2023,2023,5,5,6,4,31,29,34609,0,1,1,-33.94663,150.756963,12,0,2,0,3,0,0,1,2,0,7,60,0,237,162,8,5,40,1,0,0,0,0
1326475,3,2023,2023,5,5,4,866,1,79,34609,0,1,9,-34.907583,150.587132,63,2,1,1,3,0,0,0,2,0,0,80,0,4552,985,8,34,40,1,0,0,0,0
1326476,3,2023,2023,5,6,3,74,23,30,260,0,1,9,-33.985824,151.14729,4,0,2,1,3,0,0,0,1,3,7,60,2,14295,14295,3,5,5,2,0,0,0,0
1326478,3,2023,2023,5,1,3,71,17,43,71,0,1,9,-36.007996,144.819368,51,1,0,1,3,0,0,1,0,0,7,100,2,1669,1669,3,10,35,2,0,0,0,0
1326481,3,2023,2023,5,5,7,2,31,316,34609,0,1,9,-31.469868,152.872434,56,2,1,1,3,0,0,0,2,0,7,50,0,14295,14295,3,0,0,2,0,0,0,0
1326482,3,2023,2023,5,0,9,12,27,19,34609,0,1,1,-28.614634,153.506316,10,2,1,1,3,0,0,0,4,0,7,80,0,1669,1669,3,10,5,2,0,0,0,0
1326485,3,2023,2023,5,3,6,2,31,79,79,0,1,1,-33.824906,151.209344,49,0,2,1,3,0,3,4,2,0,7,50,2,14295,14295,3,0,5,2,0,0,0,0
1326490,3,2023,2023,5,1,5,93,1,31,231,0,1,9,-33.502623,151.331386,16,2,2,0,3,0,3,4,2,0,15,60,2,782,957,5,0,40,1,0,0,0,0
1326491,3,2023,2023,5,5,9,213,17,113,213,0,1,1,-29.554873,149.586219,51,1,0,1,3,0,0,0,3,0,7,110,2,1089,1089,7,10,40,1,0,0,0,0
1326492,3,2023,2023,5,2,8,117,27,72,144,1,0,1,-33.854036,151.090978,14,0,2,1,3,0,0,0,3,0,7,60,2,5929,5929,1,5,0,2,0,0,0,0
1326493,3,2023,2023,5,6,4,13,1,562,34609,0,1,9,-32.251793,148.637137,22,2,1,1,3,0,0,0,2,0,0,50,0,1109,397,1,10,0,2,0,0,0,0
1326494,3,2023,2023,5,4,6,81,31,438,34609,0,1,9,-33.854724,151.023552,21,0,2,1,3,0,0,0,2,0,7,50,0,3775,3775,0,5,5,2,0,0,0,0
1326495,3,2023,2023,5,2,4,14,31,131,34609,0,1,7,-36.076872,146.918799,0,2,1,1,3,0,0,0,2,0,0,50,0,6545,6545,4,21,5,2,0,0,0,0
1326498,3,2023,2023,5,6,4,61,10,87,34609,0,1,1,-33.074253,151.457516,37,0,2,1,3,0,0,0,2,0,7,60,0,1391,1391,1,0,13,2,0,0,0,0
1326501,3,2023,2023,5,1,3,2261,17,148,2252,0,1,6,-36.055274,146.954921,0,1,0,1,3,0,0,0,2,0,7,110,2,14295,14295,3,0,0,2,0,0,0,0
1326504,3,2023,2023,5,1,9,133,17,55,121,0,1,7,-36.232781,149.130642,65,2,1,1,3,0,0,0,3,0,0,50,2,6545,6545,4,5,13,2,0,0,0,0
1326508,3,2023,2023,5,4,8,74,27,22,59,0,1,9,-34.465605,150.871613,80,0,2,1,3,0,0,0,3,2,7,80,2,395,395,1,29,0,2,0,0,0,0
1326509,3,2023,2023,5,0,4,13,3,370,256,0,1,10,-34.067843,150.8169,13,0,2,1,3,0,0,0,2,2,7,60,2,5929,5929,1,5,5,2,0,0,0,0
1326510,3,2023,2023,5,4,8,308,14,104,311,0,1,3,-33.742381,150.931612,7,0,2,1,3,0,0,0,2,0,7,100,2,14295,14295,3,5,36,3,0,0,0,0
1326511,3,2023,2023,5,5,8,55,27,38,117,1,0,9,-32.935641,151.689264,48,0,2,1,3,0,0,0,2,2,7,70,2,1383,1383,1,5,0,2,0,0,0,0
1326512,3,2023,2023,5,5,4,161,17,18,161,0,1,1,-35.210662,147.899863,20,1,0,0,3,0,0,0,2,0,7,100,2,1957,4009,8,9,40,1,0,0,0,0
1326516,3,2023,2023,5,3,7,1052,14,118,928,0,1,3,-33.367684,151.327674,16,1,2,0,3,0,3,4,2,0,7,110,2,1192,1192,1,10,35,2,0,0,0,0
1326517,3,2023,2023,5,5,5,234,27,54,217,0,1,9,-33.714659,151.016143,71,0,2,1,3,0,0,0,2,2,7,60,2,5929,5929,1,0,0,2,0,0,0,0
1326518,3,2023,2023,5,3,7,163,27,73,165,0,1,9,-33.750124,150.801716,7,0,2,1,3,0,0,0,2,2,7,60,1,6545,6545,4,5,5,2,0,0,0,0
1326521,3,2023,2023,5,6,2,84,27,56,34609,0,1,1,-33.761922,150.790172,55,0,2,1,3,0,0,1,0,0,7,50,0,1282,1282,1,0,5,2,0,0,0,0
1326522,3,2023,2023,5,2,5,4,2,67,34609,0,1,9,-33.701825,150.913323,7,0,2,1,3,0,0,0,2,0,7,50,0,1669,1669,3,10,5,2,0,0,0,0
1326526,3,2023,2023,5,3,9,18,31,108,57,0,1,10,-28.862064,153.558099,2,2,1,1,3,0,0,0,3,0,0,60,1,6545,6545,4,10,5,3,0,0,0,0
1326528,3,2023,2023,5,1,9,48,10,19,121,0,1,1,-31.414498,152.839487,56,2,1,1,3,0,3,4,4,0,7,80,1,1089,1089,7,0,40,1,0,0,0,0
1326532,3,2023,2023,5,5,6,3,27,15,34609,0,1,1,-33.076595,151.37345,37,0,2,0,3,2,3,0,2,0,7,100,0,3775,3775,0,5,0,2,0,0,0,0
1326533,3,2023,2023,5,2,11,76,24,164,154,0,1,2,-33.729559,150.901992,7,0,2,0,3,0,0,0,0,0,7,70,1,1259,5151,8,5,40,1,0,0,0,0
1326536,3,2023,2023,5,5,2,3,27,41,24,0,1,1,-32.821713,151.701061,57,2,1,1,3,0,0,0,0,0,7,60,2,14295,14295,3,10,5,2,0,0,0,0
1326538,3,2023,2023,5,3,3,512,17,3,441,0,1,1,-33.157247,149.008633,11,1,0,0,3,0,0,0,1,0,7,100,2,1957,4009,8,0,40,1,0,0,0,0
1326540,3,2023,2023,5,3,8,5,27,17,34609,0,1,1,-34.916143,150.636047,63,2,1,1,3,0,0,0,0,0,7,60,0,9859,9859,8,21,40,1,0,0,0,0
1326543,3,2023,2023,5,5,4,1104,14,113,962,0,1,3,-33.783844,150.732971,55,0,2,1,3,0,0,0,2,0,7,110,2,1383,1383,1,0,5,2,0,0,0,0
1326544,3,2023,2023,5,3,9,157,17,18,158,0,1,9,-33.625638,149.120466,51,1,0,0,3,0,0,0,0,0,7,100,2,1089,1089,7,5,40,1,0,0,0,0
1326547,3,2023,2023,5,4,4,41,27,85,9,0,1,9,-33.720506,151.130916,36,0,2,1,3,0,0,0,2,0,7,50,1,5929,5929,1,5,5,2,0,0,0,0
1326550,3,2023,2023,6,0,3,117,1,210,121,0,1,9,-34.039581,151.097517,68,0,2,1,3,0,3,4,1,2,7,60,1,2852,2852,4,5,0,2,0,0,0,0
1326554,3,2023,2023,5,3,7,114,27,24,228,0,1,1,-33.540062,150.920257,71,0,2,0,3,0,0,0,2,0,7,80,2,1850,1463,5,16,40,1,0,0,0,0
1326556,3,2023,2023,5,0,9,106,27,523,106,0,1,9,-33.928751,150.916648,41,0,2,1,3,0,0,0,0,0,7,60,2,2852,2852,4,5,5,2,0,0,0,0
1326557,3,2023,2023,5,2,6,485,27,187,769,0,1,9,-33.782026,150.996813,54,0,2,1,3,0,0,0,2,2,7,60,2,14295,14295,3,5,0,2,0,0,0,0
1326559,3,2023,2023,5,5,4,110,27,95,173,0,1,7,-34.40292,150.891084,80,0,2,1,3,0,0,0,2,0,0,60,2,6545,6545,4,0,13,2,0,0,0,0
1326561,3,2023,2023,5,3,7,45,27,110,45,0,1,9,-33.736936,151.03139,71,0,2,1,3,0,0,0,2,2,7,60,2,1282,1282,1,0,25,2,0,0,0,0
1326564,3,2023,2023,5,4,4,178,31,143,34609,0,1,1,-33.87916,151.105171,9,0,2,1,3,0,0,0,2,0,7,40,0,220,220,1,0,5,2,0,0,0,0
1326566,3,2023,2023,5,1,11,2209,17,157,2205,0,1,2,-34.006298,151.112089,68,0,2,0,3,0,3,4,0,0,7,70,2,2585,4009,8,5,40,1,0,0,0,0
1326570,3,2023,2023,5,5,7,2126,17,179,2149,0,1,2,-33.759001,150.72165,55,0,2,1,3,0,0,0,2,0,7,60,2,9859,9859,1,5,5,3,0,0,0,0
1326571,3,2023,2023,5,2,9,47,27,293,69,0,1,10,-33.941154,151.25292,59,0,2,0,3,0,0,0,0,2,7,50,1,6545,6545,4,5,0,2,0,0,0,0
1326574,3,2023,2023,5,0,8,2209,17,77,2205,0,1,2,-33.921337,151.165219,32,0,2,1,3,0,0,0,2,2,7,60,2,1981,1981,4,9,5,2,0,0,0,0
1326575,3,2023,2023,5,4,7,1104,14,149,962,0,1,3,-33.817005,150.967818,21,0,2,1,3,0,0,0,2,0,7,90,2,1391,1391,1,8,5,3,0,0,0,0
1326576,3,2023,2023,5,5,11,2,31,69,34609,0,1,1,-32.899393,151.69268,48,0,2,1,2,0,0,0,0,0,7,50,0,4026,4026,1,21,25,2,0,0,0,0
1326577,3,2023,2023,5,5,3,308,14,127,311,0,1,3,-33.84174,150.855507,24,0,2,1,3,0,0,0,2,0,7,100,2,14295,14295,3,16,10,2,0,0,0,0
1326578,3,2023,2023,5,3,7,191,27,309,208,0,1,9,-33.806966,151.104777,61,0,2,1,3,0,0,0,2,0,7,60,2,2852,2852,4,5,36,2,0,0,0,0
1326580,3,2023,2023,5,3,8,17,31,68,34609,0,1,10,-34.085713,151.005033,68,0,2,1,3,0,0,0,3,0,0,50,0,237,162,8,5,40,1,0,0,0,0
1326581,3,2023,2023,5,2,8,1,27,46,34609,0,1,7,-35.154351,147.369615,75,2,1,0,3,0,0,0,3,0,0,60,0,6545,6545,4,0,5,2,0,0,0,0
1326588,3,2023,2023,5,3,10,14,10,10,34609,0,1,1,-34.009242,151.048276,68,0,2,0,0,0,3,4,0,0,7,50,0,1259,5151,8,10,40,1,0,0,0,0
1326593,3,2023,2023,5,2,5,2209,17,144,2205,0,1,2,-34.060691,151.024583,68,0,2,1,3,0,3,0,2,0,7,70,2,14295,14295,3,0,0,3,0,0,0,0
1326623,3,2023,2023,5,0,9,31,27,21,33,0,1,1,-33.587219,150.692136,29,2,2,0,0,0,0,0,0,0,7,70,1,1957,4009,8,10,40,1,0,0,0,0
1326632,3,2023,2023,5,1,2,9,27,7,45,0,1,1,-34.513884,148.907512,30,2,1,1,0,0,0,0,1,0,7,50,1,14295,14295,3,9,0,2,0,0,0,0
1326635,3,2023,2023,0,0,7,205,27,161,415,1,0,10,-33.72196,151.171444,36,0,2,1,1,0,0,0,2,2,7,60,2,9859,9859,8,5,40,1,0,0,0,0
1326640,3,2023,2023,5,2,11,24,31,198,34609,1,0,1,-33.910983,151.104947,15,0,2,1,2,0,3,3,0,0,7,50,0,1282,1282,1,33,5,2,0,0,0,0
1326641,3,2023,2023,5,5,2,12,31,105,34609,0,1,9,-32.719993,151.524576,42,2,1,1,2,0,0,0,0,0,7,50,0,9859,9859,1,5,0,2,0,0,0,0
1326642,3,2023,2023,6,1,6,89,36,10,81,0,1,1,-34.653482,148.813005,82,1,0,0,0,0,0,0,2,0,7,100,2,3775,3775,0,5,10,2,0,0,0,0
1326652,3,2023,2023,5,6,9,32,27,112,34609,0,1,1,-33.434291,151.43638,16,2,2,0,2,0,0,0,0,0,7,50,0,14295,14295,3,0,13,2,0,0,0,0
1326663,3,2023,2023,5,5,9,133,31,49,34609,0,1,10,-32.992503,151.682676,37,0,2,1,2,0,0,0,0,2,7,50,0,5929,5929,1,0,5,2,0,0,0,0
1326676,3,2023,2023,5,4,10,63,27,224,605,0,1,2,-33.815601,151.243208,45,0,2,0,2,0,0,0,0,0,7,60,2,1957,4009,8,5,40,1,0,0,0,0
1326678,3,2023,2023,5,5,5,1052,14,160,928,0,1,3,-33.13688,151.474954,37,0,2,1,1,0,0,0,2,0,7,110,2,1282,1282,1,33,41,2,0,0,0,0
1326689,3,2023,2023,5,2,8,1,10,24,14,0,1,9,-36.891474,149.910327,5,2,1,1,2,0,0,0,3,0,0,50,1,5929,5929,1,5,13,2,0,0,0,0
1326709,3,2023,2023,5,3,7,44,31,90,34609,0,1,1,-32.920218,151.747675,48,0,2,1,1,0,3,4,2,0,7,40,0,14295,14295,3,30,0,2,0,0,0,0
1326712,3,2023,2023,5,2,0,1,27,12,34609,0,1,1,-30.309116,151.645165,1,1,0,0,0,0,0,1,0,0,7,100,0,4552,5151,8,10,40,1,0,0,0,0
1326743,3,2023,2023,5,5,8,2261,17,80,2252,0,1,2,-33.959182,150.885778,13,0,2,1,1,0,0,0,2,0,7,70,2,1282,1282,1,5,5,2,0,0,0,0
1326754,3,2023,2023,5,5,9,7,27,14,14,0,1,1,-35.189238,149.538828,58,1,0,0,0,0,0,0,0,0,7,100,1,14295,14295,3,8,10,2,0,0,0,0
1326761,3,2023,2023,5,6,5,41,27,55,34609,0,1,1,-33.375707,151.456607,16,2,2,1,1,0,0,0,2,0,7,50,0,9859,9859,1,0,23,2,0,0,0,0
1326763,3,2023,2023,5,3,6,8,1,43,34609,0,1,7,-33.216196,151.524523,16,2,2,1,1,0,3,4,2,0,0,50,0,9859,9859,8,5,40,1,0,0,0,0
1326782,3,2023,2023,5,2,10,265,17,103,193,0,1,1,-34.298891,148.304704,30,2,1,0,2,0,0,0,0,0,7,60,2,2585,4009,8,5,40,1,0,0,0,0
1326792,3,2023,2023,6,4,8,1104,14,104,962,0,1,3,-33.785129,150.776624,55,0,2,1,1,0,0,0,2,0,7,110,2,14295,14295,3,5,5,2,0,0,0,0
1326796,3,2023,2023,6,2,6,251,14,82,124,0,1,3,-33.823237,151.20726,49,0,2,0,0,0,0,0,2,0,7,80,2,14295,14295,3,5,36,2,0,0,0,0
1326799,3,2023,2023,5,3,3,31,27,304,34609,0,1,1,-33.918099,151.144006,32,0,2,0,2,0,0,0,1,0,7,50,0,2585,4009,1,10,5,3,0,0,0,0
1326803,3,2023,2023,5,6,8,21,36,3,34609,0,1,1,-30.989138,152.920307,34,1,0,1,0,0,0,0,0,0,7,100,1,3775,3775,0,5,10,2,0,0,0,0
1326808,3,2023,2023,6,0,11,2,27,147,125,0,1,9,-33.869895,151.00795,21,0,2,1,2,0,0,0,0,0,0,60,1,9859,9859,1,21,25,2,0,0,0,0
1326838,3,2023,2023,0,5,7,27,10,91,34609,0,1,1,-32.810111,151.637155,48,0,2,1,1,0,0,0,2,0,7,50,0,9859,9859,1,5,0,2,0,0,0,0
1326856,3,2023,2023,6,3,1,1052,14,207,928,0,1,6,-33.603893,151.166922,31,0,2,0,2,0,0,0,0,0,7,110,2,4552,5151,8,5,40,1,0,0,0,0
1326862,3,2023,2023,6,4,4,2209,17,201,2205,0,1,10,-34.881034,150.60424,63,2,1,1,0,0,0,0,2,0,15,70,2,14295,14295,3,5,0,4,0,0,0,0
1326871,3,2023,2023,8,0,11,171,27,55,34609,0,1,1,-33.853889,151.271325,81,0,2,1,0,0,0,0,0,0,7,50,0,4026,4026,8,5,40,1,0,0,0,0
1326881,3,2023,2023,8,4,1,8,31,176,34609,0,1,1,-33.949358,151.133918,4,0,2,1,2,0,0,0,0,0,7,50,0,9859,9859,1,5,5,4,0,0,0,0
1326887,3,2023,2023,6,0,7,149,27,52,198,0,1,9,-33.964495,150.965569,41,0,2,1,2,0,0,0,2,2,7,60,2,14295,14295,3,5,0,2,0,0,0,0
1326889,3,2023,2023,6,2,0,191,10,72,34609,0,1,7,-33.999719,151.023891,68,0,2,1,2,0,0,0,0,0,0,60,0,9859,9859,8,10,40,1,0,0,0,0
1326892,3,2023,2023,6,6,8,10,31,293,34609,0,1,9,-33.941792,151.232945,59,0,2,1,3,0,3,4,0,0,7,50,0,4026,4026,1,5,0,2,0,0,0,0
1326906,3,2023,2023,5,2,2,194,1,26,34,0,1,1,-34.402323,150.494084,78,2,1,1,0,0,0,0,0,0,7,80,1,14295,14295,3,0,0,2,0,0,0,0
1326909,3,2023,2023,5,1,7,115,27,113,173,0,1,0,-34.366253,150.857502,80,0,2,0,3,0,0,0,2,0,7,80,2,395,395,1,30,0,2,0,0,0,0
1326914,3,2023,2023,6,3,3,74,27,120,18,0,1,7,-33.773461,150.877219,7,0,2,1,2,0,0,0,1,0,0,60,1,14295,14295,3,5,0,2,0,0,0,0
1326915,3,2023,2023,5,2,1,1,10,85,34609,0,1,1,-34.590132,150.78959,62,0,2,1,0,0,0,0,0,0,7,50,0,9859,9859,8,10,40,1,0,0,0,0
1326923,3,2023,2023,5,2,2,1,31,194,34609,0,1,1,-30.509901,151.654915,1,2,1,1,0,0,0,0,0,0,7,50,0,9859,9859,1,34,5,4,0,0,0,0
1326925,3,2023,2023,5,2,10,194,31,363,3,0,1,10,-33.803554,151.005762,54,0,2,0,2,0,0,0,0,2,7,60,2,1957,4009,8,0,40,1,0,0,0,0
1326928,3,2023,2023,5,0,7,1,27,16,34609,0,1,10,-34.259827,146.03012,28,2,1,1,3,0,0,0,2,0,0,80,0,6545,6545,4,10,0,2,0,0,0,0
1326962,3,2023,2023,5,4,2,28,3,29,117,0,1,2,-32.881383,151.696964,48,0,2,1,0,0,0,0,0,0,7,90,2,4026,4026,8,5,40,1,0,0,0,0
1326963,3,2023,2023,5,6,2,3,27,38,34609,0,1,1,-34.130812,150.713734,79,2,2,0,3,0,0,1,0,0,7,80,0,4552,5151,8,10,40,1,0,0,0,0
1326964,3,2023,2023,5,4,9,17,10,12,34609,0,1,1,-34.413202,150.819462,80,0,2,0,3,0,0,0,0,0,7,60,0,2585,4009,8,10,40,1,0,0,0,0
1326966,3,2023,2023,7,4,7,77,27,25,100,0,1,10,-34.495815,150.409005,78,2,1,1,3,2,0,0,2,0,2,60,2,926,926,4,0,0,2,0,0,0,0
1326972,3,2023,2023,5,6,8,1104,14,438,962,0,1,3,-33.841696,151.042111,54,0,2,1,3,0,0,0,2,0,7,90,2,1391,1391,1,0,10,3,0,0,0,0
1326995,3,2023,2023,5,2,10,24,27,7,24,0,1,1,-28.310017,153.311971,72,1,0,0,3,1,2,6,0,0,7,100,1,2585,4009,8,30,40,1,0,0,0,0
1327010,3,2023,2023,1,6,2,62,31,77,34609,0,1,9,-32.564033,151.168374,64,2,1,1,3,0,0,0,0,0,7,40,0,5929,5929,1,10,5,2,0,0,0,0
1327011,3,2023,2023,5,2,4,168,10,21,260,0,1,10,-33.951659,151.16136,4,0,2,1,3,0,0,0,2,2,7,60,2,395,395,1,5,0,2,0,0,0,0
1327013,3,2023,2023,1,6,5,29,31,139,69,0,1,10,-33.873259,151.133039,32,0,2,1,3,0,0,0,2,0,0,60,2,515,515,1,5,5,2,0,0,0,0
1327015,3,2023,2023,5,6,11,2209,17,58,2205,0,1,9,-34.412517,150.892603,80,0,2,1,3,0,0,0,0,0,0,60,2,775,775,4,5,5,2,0,0,0,0
1327018,3,2023,2023,5,2,10,109,27,100,105,1,0,10,-33.894052,150.89743,24,0,2,1,3,0,0,0,0,2,7,60,2,5929,5929,1,5,5,2,0,0,0,0
1327020,3,2023,2023,1,6,9,500,27,293,799,0,1,1,-33.932525,151.041987,15,0,2,1,3,0,0,0,4,0,7,60,2,9859,9859,8,10,40,1,0,0,0,0
1327026,3,2023,2023,1,5,5,14,31,131,34609,0,1,9,-36.07656,146.916416,0,2,1,1,3,0,0,0,2,0,7,50,0,1669,1669,3,0,5,2,0,0,0,0
1327029,3,2023,2023,5,4,9,13,31,50,34609,0,1,1,-34.339719,150.910103,80,0,2,1,3,0,0,0,2,0,7,50,0,9859,9859,1,0,0,3,0,0,0,0
1327031,3,2023,2023,5,4,4,46,31,61,34609,0,1,10,-35.539175,144.958621,51,2,1,1,3,0,0,0,2,0,0,50,0,6545,6545,4,33,5,2,0,0,0,0
1327033,3,2023,2023,5,5,7,2126,17,166,2149,0,1,9,-33.41119,149.578696,3,2,1,1,3,0,0,0,2,2,7,60,2,6545,6545,4,5,13,2,0,0,0,0
1327035,3,2023,2023,5,3,0,41,27,5,69,0,1,1,-34.411664,149.811167,74,1,0,0,0,0,0,3,0,0,7,100,1,273,957,5,5,40,1,0,0,0,0
1327036,3,2023,2023,1,5,6,283,27,197,702,0,1,9,-33.94325,151.076976,15,0,2,1,3,0,0,0,2,2,7,60,2,395,395,1,0,0,2,0,0,0,0
1327040,3,2023,2023,5,0,7,85,10,167,702,0,1,9,-33.855938,151.072445,54,0,2,1,3,0,0,0,2,3,7,80,2,1391,1391,1,5,0,3,0,0,0,0
1327041,3,2023,2023,5,0,8,1104,14,223,962,0,1,3,-33.805536,150.915943,7,0,2,1,3,0,0,0,2,0,7,100,2,1383,1383,1,10,5,2,0,0,0,0
1327042,3,2023,2023,5,1,9,31,1,283,34609,0,1,1,-33.836601,151.006297,21,0,2,1,3,0,0,0,0,0,7,50,0,1282,1282,1,9,5,2,0,0,0,0
1327044,3,2023,2023,1,5,4,2,31,49,34609,1,0,1,-33.719681,151.297046,50,0,2,1,3,0,0,0,2,0,7,50,0,387,387,1,30,36,2,0,0,0,0
1327045,3,2023,2023,5,3,3,1,28,104,34609,0,1,1,-33.796583,150.780386,55,0,2,1,3,0,0,0,2,0,7,50,0,9859,9859,1,5,5,2,0,0,0,0
1327047,3,2023,2023,5,6,0,4,31,284,34609,0,1,1,-33.910872,151.011208,15,0,2,0,3,0,0,0,0,0,7,50,0,4552,5151,1,5,5,2,0,0,0,0
1327049,3,2023,2023,1,4,7,2209,17,44,2205,0,1,9,-33.947629,151.140383,4,0,2,1,3,0,0,0,2,0,0,60,2,5929,5929,1,0,5,2,0,0,0,0
1327050,3,2023,2023,6,5,11,2261,17,31,2252,0,1,2,-35.084297,148.091324,20,1,0,0,3,0,3,0,0,0,7,110,2,1089,1089,7,29,40,1,0,0,0,0
1327051,3,2023,2023,5,1,8,43,2,40,42,0,1,10,-33.734745,150.963029,71,0,2,1,3,0,0,0,3,2,7,70,2,14295,14295,3,5,10,2,0,0,0,0
1327053,3,2023,2023,1,4,7,4,27,11,34609,0,1,1,-28.629884,153.479409,10,1,0,0,3,0,0,3,2,0,7,100,0,4552,5151,8,0,40,1,0,0,0,0
1327054,3,2023,2023,1,5,9,3,27,4,34609,0,1,1,-30.994651,152.606067,34,1,0,1,3,2,0,0,3,0,7,100,0,9859,9859,8,5,40,1,0,0,0,0
1327055,3,2023,2023,1,6,6,265,10,445,563,0,1,9,-33.86226,151.042144,21,0,2,0,3,0,0,0,2,0,7,70,2,1957,777,8,5,40,1,0,0,0,0
1327056,3,2023,2023,5,0,8,24,27,8,34609,0,1,1,-32.924592,151.404123,17,1,0,1,3,0,0,0,3,0,7,100,0,1981,1981,4,9,13,2,0,0,0,0
1327059,3,2023,2023,6,6,6,512,31,115,34609,0,1,10,-33.879916,151.191752,69,0,2,1,3,0,0,0,2,0,0,50,0,6545,6545,4,30,5,2,0,0,0,0
1327061,3,2023,2023,1,6,5,334,17,56,308,0,1,1,-31.457901,152.727815,56,2,1,1,3,0,0,3,2,0,7,50,2,9859,9859,8,0,40,1,0,0,0,0
1327062,3,2023,2023,5,1,2,265,17,7,193,0,1,1,-34.207684,148.438529,30,1,0,0,3,0,3,1,0,0,7,100,2,4552,5151,8,3,40,1,0,0,0,0
1327063,3,2023,2023,5,0,2,26,31,166,34609,0,1,9,-33.425537,149.586344,3,2,1,1,3,0,0,0,0,0,0,60,0,489,489,8,10,40,1,0,0,0,0
1327064,3,2023,2023,5,1,4,62,10,70,62,0,1,9,-33.434164,151.348882,16,2,2,0,3,0,0,0,2,0,7,50,2,14295,14295,3,5,0,2,0,0,0,0
1327065,3,2023,2023,5,4,9,61,31,92,45,0,1,9,-33.869812,150.980241,24,0,2,1,3,0,0,0,0,2,7,60,1,2852,2852,4,5,5,2,0,0,0,0
1327068,3,2023,2023,5,2,9,2261,17,30,2252,0,1,2,-34.811597,148.421591,30,1,0,0,3,0,3,3,0,0,7,110,2,1089,1089,7,5,40,1,0,0,0,0
1327072,3,2023,2023,1,5,6,1,31,29,34609,0,1,1,-32.393846,142.417508,51,2,1,1,3,0,0,0,2,0,7,50,0,9859,9859,1,10,13,2,0,0,0,0
1327075,3,2023,2023,5,4,8,4,27,6,34609,0,1,1,-32.780933,151.553859,42,2,1,1,3,0,0,0,3,0,7,60,0,4026,4026,8,5,40,1,0,0,0,0
1327076,3,2023,2023,5,2,4,6,27,323,154,0,1,7,-33.80244,150.869645,7,0,2,1,3,0,0,0,2,0,0,60,1,395,395,1,5,25,2,0,0,0,0
1327077,3,2023,2023,5,0,11,866,17,110,793,0,1,2,-33.75,151.049252,31,0,2,1,3,0,0,0,0,0,7,70,2,1391,1391,1,8,5,2,0,0,0,0
1327080,3,2023,2023,5,2,7,22,27,94,144,0,1,1,-33.78729,150.806342,55,0,2,1,3,0,0,0,2,0,7,60,2,9859,9859,8,5,40,1,0,0,0,0
1327083,3,2023,2023,5,0,8,37,1,52,34609,0,1,9,-33.971484,150.919315,41,0,2,1,3,0,0,0,2,0,0,60,0,623,623,3,0,0,2,0,0,0,0
1327084,3,2023,2023,5,2,9,81,31,133,80,1,0,1,-33.926421,151.012372,15,0,2,1,3,0,0,0,0,0,7,60,1,14295,14295,3,0,13,2,0,0,0,0
1327086,3,2023,2023,5,1,8,475,10,42,268,0,1,9,-33.88547,150.869769,24,0,2,1,3,0,0,0,3,2,7,70,2,3775,3775,0,5,5,2,0,0,0,0
1327091,3,2023,2023,1,5,6,47,27,104,34609,0,1,9,-32.91622,151.720438,48,0,2,1,3,0,0,0,2,0,0,50,0,217,217,1,5,0,2,0,0,0,0
1327092,3,2023,2023,5,4,1,89,36,123,81,0,1,1,-33.917794,148.670685,51,1,0,1,3,0,0,1,0,0,7,100,2,4026,4026,8,10,40,1,0,0,0,0
1327093,3,2023,2023,5,2,0,1,7,19,34609,0,1,1,-32.732215,151.995855,57,2,1,1,3,0,3,0,0,0,7,50,0,9859,9859,1,10,5,2,0,0,0,0
1327097,3,2023,2023,5,0,8,36,27,438,34609,0,1,9,-33.870731,151.017213,21,0,2,1,3,0,0,0,2,0,7,50,0,14295,14295,3,5,5,2,0,0,0,0
1327099,3,2023,2023,5,2,3,23,27,53,36,0,1,1,-35.201062,149.346184,58,1,0,0,3,0,3,1,1,0,7,90,1,1089,1089,7,10,40,1,0,0,0,0
1327101,3,2023,2023,5,0,0,481,17,8,483,0,1,9,-30.413673,149.696009,51,1,0,1,3,0,0,0,0,0,7,110,2,9859,9859,8,5,40,1,0,0,0,0
1327103,3,2023,2023,5,1,7,8,1,53,34609,1,2,7,-33.919407,150.840546,41,0,2,1,3,0,0,0,2,0,0,40,0,6545,6545,4,0,5,2,0,0,0,0
1327104,3,2023,2023,5,0,6,3371,17,29,3342,0,1,2,-31.770938,152.655265,43,1,0,1,3,0,0,0,2,0,7,110,2,9859,9859,1,29,5,2,0,0,0,0
1327105,3,2023,2023,5,0,6,43,27,219,29,1,0,7,-32.914163,151.665618,48,0,2,1,3,0,0,0,2,0,0,60,1,301,301,4,16,5,2,0,0,0,0
1327106,3,2023,2023,1,4,7,334,17,22,308,0,1,1,-31.374382,152.060132,51,1,0,0,3,0,0,0,2,0,7,100,2,1259,5151,8,8,40,1,0,0,0,0
1327109,3,2023,2023,5,6,5,1,1,139,34609,0,1,1,-33.836041,151.204532,49,0,2,1,3,0,0,0,2,0,7,40,0,1109,787,1,5,0,2,0,0,0,0
1327110,3,2023,2023,5,6,10,108,27,90,93,0,1,1,-33.783836,150.953739,54,0,2,1,3,0,0,0,0,0,7,60,1,1981,1981,4,5,5,2,0,0,0,0