Crash ID,Degree of crash - detailed,Reporting year,Year of crash,Month of crash,Day of week of crash,Two-hour intervals,Street of crash,Street type,Town,Route no.,School zone location,School zone active,Type of location,Latitude,Longitude,LGA,Urbanisation,Conurbation 1,Alignment,Street lighting,Road surface,Surface condition,Weather,Natural lighting,Signals operation,Other traffic control,Speed limit,Road classification,RUM - code,DCA - code,First impact type,Key TU type,Other TU type,No. of traffic units involved,No. killed,No. seriously injured,No. moderately injured,No. minor-other injured
1327114,3,2023,2023,5,1,2,220,14,85,220,0,1,3,-34.570497,150.782752,62,0,2,1,3,0,0,0,0,0,7,100,2,4026,4026,8,5,40,1,0,0,0,0
1327115,3,2023,2023,5,2,2,2126,17,26,2149,0,1,2,-33.702492,150.5774,8,2,2,0,3,0,3,4,1,0,7,80,2,1957,4009,8,9,40,1,0,0,0,0
1327116,3,2023,2023,1,5,8,21,14,246,21,0,1,3,-33.919688,151.183731,69,0,2,1,3,0,0,0,3,0,7,60,2,14295,14295,3,5,0,2,0,0,0,0
1327121,3,2023,2023,5,4,8,265,17,10,193,0,1,1,-35.454333,147.03087,51,1,0,0,3,0,0,0,3,0,7,100,2,1089,1089,7,5,40,1,0,0,0,0
1327122,3,2023,2023,5,0,6,2261,17,44,2252,0,1,2,-35.215814,147.805865,75,1,0,0,3,0,0,0,2,0,7,110,2,1391,1391,1,8,25,2,0,0,0,0
1327129,3,2023,2023,5,1,9,103,36,17,66,1,0,1,-32.045247,152.272634,43,2,1,0,3,0,0,6,0,0,7,60,1,4552,5151,8,29,40,1,0,0,0,0
1327130,3,2023,2023,5,1,7,15,32,69,34609,0,1,10,-28.550962,153.497449,10,2,1,0,3,0,3,3,2,0,0,50,0,5929,5929,1,5,13,2,0,0,0,0
1327131,3,2023,2023,5,0,7,10,31,463,34609,0,1,1,-30.285896,153.128243,19,2,1,0,3,0,0,0,2,0,7,50,0,14295,14295,3,10,0,2,0,0,0,0
1327132,3,2023,2023,5,0,8,104,27,443,702,0,1,9,-33.903464,151.064374,15,0,2,1,3,0,0,0,2,2,7,70,2,623,623,3,5,5,2,0,0,0,0
1327133,3,2023,2023,1,0,6,38,27,189,165,0,1,10,-33.946328,151.059908,15,0,2,1,3,0,0,0,2,2,7,50,1,6545,6545,4,9,0,2,0,0,0,0
1327134,3,2023,2023,5,1,3,62,10,91,169,0,1,1,-32.815856,151.625353,48,0,2,1,3,0,0,0,2,0,7,100,2,14295,14295,3,34,13,2,0,0,0,0
1327136,3,2023,2023,5,2,8,1,27,3,34609,0,1,1,-32.263377,151.858883,43,1,0,0,3,2,0,0,2,0,7,100,0,782,957,5,10,40,1,0,0,0,0
1327140,3,2023,2023,0,0,7,24,31,433,34609,0,1,2,-33.283137,149.09879,52,2,1,1,0,0,0,0,2,0,7,50,0,14295,14295,3,9,0,2,0,0,0,0
1327143,3,2023,2023,5,6,8,27,27,294,27,0,1,9,-33.941045,150.952565,41,0,2,1,3,0,0,0,3,2,7,60,1,5929,5929,1,0,5,2,0,0,0,0
1327149,3,2023,2023,5,4,6,100,27,127,799,0,1,10,-33.896585,151.152514,32,0,2,1,3,0,0,0,2,3,7,60,2,2852,2852,4,0,5,2,0,0,0,0
1327155,3,2023,2023,5,1,10,1,27,40,34609,0,1,1,-33.810786,151.216688,77,0,2,1,3,0,0,0,0,0,7,50,0,9859,9859,1,5,0,2,0,0,0,0
1327156,3,2023,2023,5,0,5,107,22,42,34609,0,1,1,-33.656629,151.319443,50,0,2,1,3,0,0,0,2,0,7,50,0,9859,9859,8,30,40,1,0,0,0,0
1327158,3,2023,2023,5,4,5,11,22,293,34609,0,1,2,-33.926275,151.058755,15,0,2,1,3,0,0,0,2,0,7,50,0,9859,9859,8,10,40,1,0,0,0,0
1327166,3,2023,2023,7,0,7,33,1,12,34609,0,1,1,-32.740305,151.613799,42,2,1,1,3,0,0,0,2,0,7,50,0,9859,9859,1,10,0,2,0,0,0,0
1327167,3,2023,2023,5,3,10,71,27,19,69,0,1,1,-36.35189,148.764152,65,1,0,0,3,0,0,0,0,0,7,100,2,380,714,5,0,40,1,0,0,0,0
1327169,3,2023,2023,1,6,7,16,27,12,34609,0,1,1,-32.923218,151.583389,37,0,2,0,1,0,0,0,2,0,7,60,0,1957,4009,1,0,5,3,0,0,0,0
1327170,3,2023,2023,5,5,7,17,1,646,11,0,1,9,-33.924399,151.034288,15,0,2,1,3,0,0,0,2,2,7,60,1,9859,9859,1,5,0,2,0,0,0,0
1327171,3,2023,2023,1,4,3,83,31,43,34609,0,1,9,-33.572875,150.858461,29,2,2,0,3,0,0,0,1,0,7,50,0,4552,985,8,5,40,1,0,0,0,0
1327183,3,2023,2023,6,4,8,81,31,133,80,1,0,9,-33.925519,151.012559,15,0,2,1,2,0,0,0,0,2,7,60,1,5929,5929,1,33,5,2,0,0,0,0
1327186,3,2023,2023,5,2,9,1,31,18,34609,0,1,9,-36.074251,146.897064,0,2,1,1,2,0,0,3,0,0,15,60,0,1259,985,8,5,40,1,0,0,0,0
1327193,3,2023,2023,8,1,11,89,27,176,34609,0,1,1,-33.9482,151.13342,4,0,2,1,2,0,0,0,0,0,7,50,0,9859,9859,8,10,40,2,0,0,0,0
1327228,3,2023,2023,5,0,11,32,31,646,563,0,1,9,-33.921286,151.039202,15,0,2,1,2,0,0,0,0,2,7,70,2,1981,1981,4,0,0,2,0,0,0,0
1327229,3,2023,2023,5,0,8,1104,14,223,962,0,1,3,-33.805237,150.91378,7,0,2,1,0,0,0,0,3,0,7,100,2,14295,14295,3,9,36,3,0,0,0,0
1327234,3,2023,2023,5,2,9,12,31,61,34609,0,1,1,-33.887755,150.915911,24,0,2,1,2,0,0,0,0,0,7,50,0,9859,9859,1,9,0,4,0,0,0,0
1327235,3,2023,2023,1,6,4,229,14,173,237,0,1,3,-33.789469,151.135052,61,0,2,1,0,0,3,0,2,0,7,100,2,1383,1383,1,10,36,2,0,0,0,0
1327261,3,2023,2023,5,4,7,30,31,169,769,0,1,10,-33.598046,150.749448,29,2,2,1,1,0,0,0,2,0,15,50,2,6545,6545,4,5,0,2,0,0,0,0
1327274,3,2023,2023,5,1,6,191,27,33,208,1,0,10,-33.797502,151.094576,61,0,2,0,1,0,0,0,2,2,7,60,2,5929,5929,1,5,0,2,0,0,0,0
1327277,3,2023,2023,5,5,9,296,27,147,293,0,1,2,-33.865526,150.989335,15,0,2,1,2,0,0,0,0,0,7,70,2,14295,14295,3,33,13,5,0,0,0,0
1327287,3,2023,2023,5,1,1,28,31,83,34609,0,1,1,-30.111778,153.204644,19,2,1,1,0,0,0,0,0,0,7,50,0,175,188,8,5,40,1,0,0,0,0
1327296,3,2023,2023,1,6,0,105,27,65,109,0,1,1,-33.871404,150.901939,24,0,2,1,2,0,0,0,0,0,7,60,1,1109,787,1,5,0,2,0,0,0,0
1327300,3,2023,2023,5,3,10,6,27,293,34609,0,1,1,-33.932671,151.041903,15,0,2,1,2,0,0,0,0,0,7,50,0,9859,9859,8,5,40,1,0,0,0,0
1327302,3,2023,2023,5,0,9,15,1,271,34609,0,1,7,-33.952111,151.012079,15,0,2,1,2,0,0,0,0,0,0,50,0,6545,6545,4,30,0,2,0,0,0,0
1327321,3,2023,2023,5,5,0,1,27,81,34609,0,1,1,-33.885428,151.249876,81,0,2,0,2,0,0,0,0,0,7,50,0,1957,4009,1,5,3,3,0,0,0,0
1327322,3,2023,2023,5,2,0,5,1,58,34609,0,1,4,-34.410827,150.893901,80,0,2,0,2,0,0,0,0,0,7,50,0,4552,5151,1,5,5,2,0,0,0,0
1327331,3,2023,2023,5,2,7,4,31,90,17,0,1,7,-33.711856,150.310323,8,2,2,1,1,0,0,0,2,0,0,50,1,14295,14295,3,0,0,2,0,0,0,0
1327338,3,2023,2023,5,4,0,3371,17,77,3342,0,1,9,-32.938758,151.745798,48,0,2,0,2,0,0,0,0,0,15,60,2,1259,5151,8,5,40,1,0,0,0,0
1327357,3,2023,2023,5,1,7,3371,17,9,3342,0,1,2,-29.179293,153.277549,60,1,0,1,3,0,3,4,2,0,7,110,2,9859,9859,8,30,40,2,0,0,0,0
1327366,3,2023,2023,5,1,9,161,17,3,161,0,1,1,-35.286176,147.986342,66,1,0,1,0,0,0,0,0,0,7,100,2,945,945,5,3,40,1,0,0,0,0
1327367,3,2023,2023,5,0,10,1,1,31,34609,0,1,9,-34.591624,150.874485,62,0,2,1,2,0,0,0,0,0,7,50,0,9859,9859,1,0,13,2,0,0,0,0
1327370,3,2023,2023,5,0,2,1,31,147,34609,0,1,1,-33.750684,151.143157,36,0,2,1,1,0,0,0,1,0,7,50,0,9859,9859,1,33,5,2,0,0,0,0
1327374,3,2023,2023,6,1,7,177,22,147,34609,0,1,1,-33.749984,151.287583,50,0,2,0,0,0,0,0,2,0,7,50,0,4552,5151,1,33,12,2,0,0,0,0
1327382,3,2023,2023,5,1,10,3,31,9,34609,0,1,1,-33.601329,150.745191,29,2,2,0,2,0,0,0,0,0,7,50,0,4552,5151,8,10,40,1,0,0,0,0
1327390,3,2023,2023,5,0,8,512,17,53,441,0,1,1,-32.243026,148.358,51,1,0,0,0,0,0,0,2,0,7,110,2,4552,5151,8,0,40,1,0,0,0,0
1327409,3,2023,2023,8,1,8,55,31,252,34609,0,1,10,-33.878643,151.21183,69,0,2,1,2,0,0,0,2,0,7,40,0,4026,4026,1,10,5,2,0,0,0,0
1327415,3,2023,2023,0,5,8,7,31,179,34609,0,1,1,-33.760907,150.716038,55,0,2,1,0,0,0,0,2,0,7,50,0,9859,9859,1,15,5,2,0,0,0,0
1327422,3,2023,2023,0,6,2,829,27,123,770,0,1,2,-33.812673,151.060699,54,0,2,1,3,0,2,6,0,0,7,70,2,1192,1192,1,5,5,2,0,0,0,0
1327424,3,2023,2023,0,2,5,18,1,159,34609,0,1,1,-33.806328,151.087063,61,0,2,0,1,0,0,0,2,0,7,50,0,4552,5151,1,5,5,3,0,0,0,0
1327427,3,2023,2023,8,3,2,2261,17,11,2252,0,1,2,-34.816678,148.325047,30,1,0,0,0,0,0,3,0,0,7,110,2,1957,4009,8,5,40,1,0,0,0,0
1327429,3,2023,2023,8,4,8,916,17,11,917,0,1,1,-32.475343,151.086616,64,1,0,0,0,0,3,4,0,0,7,100,2,1957,4009,8,10,40,1,0,0,0,0
1327439,3,2023,2023,8,2,11,1,25,85,34609,0,1,1,-33.805789,150.690254,55,0,2,1,2,0,0,0,0,0,7,50,0,4026,4026,1,10,5,2,0,0,0,0
1327465,3,2023,2023,6,4,8,829,27,124,770,0,1,10,-33.812395,151.041744,54,0,2,1,1,0,3,4,2,2,7,70,2,2852,2852,4,9,0,2,0,0,0,0
1327469,3,2023,2023,6,4,4,2126,17,139,2149,0,1,2,-33.874958,151.128284,32,0,2,1,2,0,0,0,2,0,7,60,2,1383,1383,1,33,5,2,0,0,0,0
1327472,3,2023,2023,6,4,10,2261,17,14,2252,0,1,2,-34.79683,149.16153,74,1,0,1,0,0,0,0,0,0,7,110,2,9859,9859,8,5,40,1,0,0,0,0
1327483,3,2023,2023,5,2,11,14,31,25,34609,0,1,9,-32.896148,151.69007,48,0,2,1,3,0,0,0,0,0,7,50,0,323,323,1,0,5,2,0,0,0,0
1327507,3,2023,2023,8,1,9,251,27,64,212,0,1,9,-33.760454,151.214373,50,0,2,1,2,0,0,0,3,2,7,70,2,2852,2852,4,5,25,2,0,0,0,0
1327518,3,2023,2023,5,6,4,2209,17,133,2205,0,1,7,-34.48997,150.797177,80,0,2,1,0,0,0,0,2,0,0,50,1,6545,6545,4,30,0,2,0,0,0,0
1327536,3,2023,2023,5,5,3,1104,11,130,770,0,1,2,-33.874488,151.195454,69,0,2,0,3,0,0,0,2,0,7,60,2,1282,1282,1,8,5,2,0,0,0,0
1327566,3,2023,2023,8,2,11,195,27,85,186,0,1,2,-33.905763,150.855131,41,0,2,1,2,0,0,0,0,0,7,70,2,3775,3775,0,34,0,2,0,0,0,0
1327571,3,2023,2023,5,3,7,9,10,73,34609,0,1,7,-33.726657,150.700257,55,0,2,1,3,0,0,0,2,0,0,50,0,395,395,1,10,19,2,0,0,0,0
1327572,3,2023,2023,5,3,4,11,31,228,143,1,0,7,-34.750011,149.718967,26,2,1,0,3,0,0,0,2,0,0,50,2,6545,6545,4,5,0,2,0,0,0,0
1327574,3,2023,2023,5,4,8,21,14,188,21,0,1,3,-33.939853,151.098117,25,0,2,1,2,0,0,0,2,0,7,80,2,14295,14295,3,0,5,2,0,0,0,0
1327575,3,2023,2023,5,2,8,334,17,2,308,0,1,1,-31.115921,149.808814,51,1,0,0,3,0,3,0,3,0,7,100,2,2585,4009,8,10,40,1,0,0,0,0
1327579,3,2023,2023,6,2,3,4,1,73,34609,0,1,1,-33.779662,151.16493,36,0,2,1,1,0,0,0,2,0,7,50,0,9859,9859,1,0,0,2,0,0,0,0
1327583,3,2023,2023,5,2,1,265,17,4,193,0,1,1,-34.803475,147.764957,51,2,1,0,3,0,0,1,0,0,11,60,2,4552,5151,8,0,40,1,0,0,0,0
1327586,3,2023,2023,5,1,1,171,31,50,34609,1,0,1,-34.343336,150.912062,80,0,2,1,2,0,0,3,0,0,7,50,0,9859,9859,1,5,0,2,0,0,0,0
1327612,3,2023,2023,1,0,9,4,31,47,34609,0,1,1,-35.730435,147.317342,27,2,1,1,3,0,0,0,3,0,7,50,0,1109,787,1,5,0,2,0,0,0,0
1327615,3,2023,2023,1,6,8,7,31,79,34609,1,0,1,-33.580818,150.718768,29,2,2,1,3,0,0,0,2,0,7,50,0,144,144,1,0,12,2,0,0,0,0
1327617,3,2023,2023,1,6,8,45,31,204,331,0,1,9,-33.938602,151.151581,4,0,2,1,3,0,0,0,3,2,7,60,2,1282,1282,1,0,5,2,0,0,0,0
1327618,3,2023,2023,1,2,10,60,31,16,34609,0,1,1,-33.374622,149.547264,3,2,1,1,3,0,0,0,4,0,7,50,0,9859,9859,1,10,13,2,0,0,0,0
1327620,3,2023,2023,1,2,4,3,10,60,34609,0,1,1,-34.031406,150.749572,12,0,2,1,3,0,3,4,2,0,7,50,0,1945,1945,5,5,40,1,0,0,0,0
1327622,3,2023,2023,5,5,6,25,1,35,34609,0,1,1,-34.040556,151.050956,68,0,2,0,3,0,0,0,2,0,7,50,0,1957,4009,1,5,36,2,0,0,0,0
1327624,3,2023,2023,1,6,5,22,1,166,21,0,1,1,-33.931758,150.990433,15,0,2,1,3,0,0,0,2,0,7,60,1,1669,1669,3,0,13,2,0,0,0,0
1327625,3,2023,2023,1,3,7,348,17,9,232,0,1,1,-32.2035,149.431784,44,1,0,0,3,0,0,0,2,0,7,100,2,4552,5151,8,10,40,1,0,0,0,0
1327633,3,2023,2023,1,5,8,19,31,433,40,0,1,1,-33.293225,149.101853,52,2,1,1,3,0,0,0,3,0,7,50,1,3775,3775,0,5,41,2,0,0,0,0
1327636,3,2023,2023,1,0,7,7,31,284,34609,0,1,10,-33.905473,151.010052,15,0,2,1,3,0,0,0,2,0,0,50,0,14295,14295,3,0,0,2,0,0,0,0
1327638,3,2023,2023,1,4,4,84,27,61,415,0,1,2,-33.769525,151.136316,36,0,2,1,3,0,0,0,2,0,7,70,2,14295,14295,3,0,36,2,0,0,0,0
1327641,3,2023,2023,1,3,1,40,31,17,34609,0,1,1,-32.72983,151.535189,42,2,1,0,3,0,3,4,0,0,7,50,0,2585,4009,8,10,40,1,0,0,0,0
1327642,3,2023,2023,5,1,6,8,27,61,4,0,1,1,-35.555307,144.90961,51,1,0,0,3,0,0,3,2,0,7,100,1,1850,1463,5,0,40,1,0,0,0,0
1327643,3,2023,2023,1,1,6,232,36,134,331,0,1,9,-33.982236,150.799172,12,0,2,0,3,0,3,3,2,2,7,80,2,1391,1391,1,5,12,2,0,0,0,0
1327645,3,2023,2023,1,0,9,20,31,363,9,1,0,10,-33.811696,151.013962,54,0,2,1,3,0,0,0,2,2,7,60,1,5929,5929,1,5,13,2,0,0,0,0
1327648,3,2023,2023,1,1,4,79,27,46,159,0,1,1,-33.939671,151.11488,4,0,2,1,3,0,3,3,2,0,7,60,2,1981,1981,4,0,0,2,0,0,0,0
1327658,3,2023,2023,1,4,4,512,31,31,34609,0,1,1,-31.090626,150.876186,70,2,1,1,3,0,0,0,2,0,7,50,0,9859,9859,1,0,13,2,0,0,0,0
1327659,3,2023,2023,1,0,9,1,27,290,34609,0,1,1,-33.949367,151.111015,4,0,2,1,3,0,0,0,0,0,7,50,0,4026,4026,1,21,0,2,0,0,0,0
1327660,3,2023,2023,1,5,5,60,10,121,84,0,1,10,-28.198468,153.543667,72,2,1,1,3,0,0,0,2,2,7,60,1,14295,14295,3,5,12,4,0,0,0,0
1327661,3,2023,2023,1,0,3,11,27,42,29,0,1,1,-33.742491,151.270277,50,0,2,0,3,0,0,0,4,0,7,50,1,4552,5151,1,10,5,2,0,0,0,0
1327662,3,2023,2023,1,4,6,1,10,463,6,0,1,9,-30.323657,153.090406,19,1,0,1,3,0,0,0,2,0,7,100,1,9859,9859,1,21,36,3,0,0,0,0
1327664,3,2023,2023,1,6,3,3371,17,139,3342,0,1,2,-33.840567,151.208553,49,0,2,1,3,0,0,0,2,0,7,60,2,1282,1282,1,8,5,2,0,0,0,0
1327665,3,2023,2023,1,2,6,6,1,346,34609,0,1,1,-33.868084,151.094856,14,0,2,1,3,0,0,3,2,0,7,50,0,5929,5929,1,5,5,2,0,0,0,0
1327666,3,2023,2023,1,5,5,2126,17,62,2149,0,1,10,-33.745921,150.61261,8,2,2,1,3,0,0,0,2,2,7,50,2,6545,6545,4,0,5,2,0,0,0,0
1327668,3,2023,2023,1,4,4,134,10,36,133,0,1,2,-33.796635,151.013973,54,0,2,0,3,0,0,0,2,0,7,90,2,14295,14295,3,5,5,2,0,0,0,0
1327672,3,2023,2023,1,6,3,62,10,91,169,0,1,1,-32.811937,151.640434,48,0,2,1,3,0,0,0,2,0,7,80,2,9859,9859,1,5,8,2,0,0,0,0
1327673,3,2023,2023,1,4,7,71,27,19,69,0,1,1,-36.355717,148.84168,65,1,0,1,3,0,0,0,2,0,7,100,2,96,96,0,5,13,2,0,0,0,0
1327674,3,2023,2023,5,3,5,2,27,147,34609,0,1,1,-33.743746,151.13126,36,0,2,1,3,0,0,0,2,0,7,50,0,9859,9859,1,5,5,2,0,0,0,0
1327675,3,2023,2023,1,6,10,4,31,228,34609,0,1,10,-34.752772,149.710676,26,2,1,1,3,0,0,0,0,0,0,50,0,6545,6545,4,5,5,2,0,0,0,0
1327676,3,2023,2023,1,3,7,1052,14,60,928,0,1,3,-33.432105,151.253095,16,1,2,1,3,0,3,4,2,0,7,110,2,14295,14295,3,0,0,3,0,0,0,0
1327677,3,2023,2023,1,3,7,2126,17,445,2149,0,1,9,-33.851258,151.054551,21,0,2,1,3,0,0,0,2,0,15,60,2,2852,2852,4,5,0,2,0,0,0,0
1327681,3,2023,2023,1,5,9,107,22,210,121,1,0,10,-34.031153,151.114303,68,0,2,1,3,0,0,0,3,0,0,60,1,1383,1383,1,0,5,2,0,0,0,0
1327682,3,2023,2023,1,0,7,8,27,9,5,0,1,1,-32.453193,151.5548,51,1,0,0,3,0,0,0,2,0,7,100,1,1259,5151,8,10,40,1,0,0,0,0
1327685,3,2023,2023,1,5,8,1,10,36,34609,0,1,1,-34.058882,150.712277,12,0,2,0,1,0,0,0,3,0,7,50,0,4552,5151,8,0,40,1,0,0,0,0
1327689,3,2023,2023,1,3,5,232,36,134,331,0,1,9,-33.962365,150.819133,41,0,2,1,3,0,0,3,2,2,7,60,2,14295,14295,3,0,36,2,0,0,0,0
1327692,3,2023,2023,1,6,5,5,31,433,34609,1,0,10,-33.287198,149.095423,52,2,1,1,3,0,0,0,2,0,0,50,0,14295,14295,3,5,0,2,0,0,0,0
1327696,3,2023,2023,5,0,9,90,31,169,165,0,1,2,-33.902216,151.214765,69,0,2,1,3,0,0,0,0,0,7,60,2,14295,14295,3,5,5,3,0,0,0,0
1327698,3,2023,2023,1,4,7,3371,17,30,3342,0,1,10,-33.190775,151.56875,16,2,2,1,3,0,0,0,2,0,0,80,2,1669,1669,3,10,12,2,0,0,0,0
1327699,3,2023,2023,5,1,2,12,27,74,12,0,1,2,-34.438547,150.865051,80,0,2,0,3,0,3,0,0,0,7,50,2,418,714,5,5,40,1,0,0,0,0
1327701,3,2023,2023,1,6,8,37,31,215,34609,0,1,7,-35.107993,147.368002,75,2,1,1,3,0,0,0,2,0,0,50,0,6545,6545,4,5,5,2,0,0,0,0
1327702,3,2023,2023,5,4,9,330,27,53,605,0,1,2,-33.736639,151.302483,50,0,2,1,3,0,0,0,0,0,7,60,2,1391,1391,1,5,0,2,0,0,0,0
1327704,3,2023,2023,1,2,8,45,27,80,34609,0,1,1,-33.814913,151.165959,38,0,2,1,3,0,0,0,3,0,7,50,0,941,941,1,5,36,2,0,0,0,0
1327706,3,2023,2023,1,4,0,485,27,323,769,0,1,2,-33.745108,150.981824,71,0,2,1,3,0,0,0,0,0,7,60,2,9859,9859,8,5,40,1,0,0,0,0
1327707,3,2023,2023,1,0,6,24,31,91,160,0,1,10,-33.990776,150.892756,13,0,2,1,3,0,0,0,2,2,7,60,2,217,217,1,5,5,2,0,0,0,0
1327711,3,2023,2023,1,2,11,866,17,314,793,0,1,2,-33.843059,150.956218,21,0,2,0,3,0,3,3,0,0,7,70,2,2585,4009,8,5,40,1,0,0,0,0
1327721,3,2023,2023,1,6,3,220,14,113,220,0,1,3,-34.304929,150.902741,80,0,2,1,3,0,0,0,1,0,7,110,2,9859,9859,8,29,40,1,0,0,0,0
1327729,3,2023,2023,1,2,11,8,27,4,34609,0,1,1,-33.426927,150.210427,40,1,0,1,3,2,0,0,0,0,7,100,0,9859,9859,8,10,40,1,0,0,0,0
1327732,3,2023,2023,1,4,5,31,27,127,96,0,1,1,-33.89853,151.153605,32,0,2,1,3,0,0,0,2,0,7,60,2,1383,1383,1,5,35,2,0,0,0,0
1327734,3,2023,2023,6,4,3,109,27,204,105,0,1,1,-33.898278,150.924728,24,0,2,1,2,0,0,0,1,0,7,60,2,14295,14295,3,0,5,2,0,0,0,0
1327736,3,2023,2023,1,0,6,8,27,64,34609,0,1,1,-33.949966,150.997363,15,0,2,1,3,0,0,0,2,0,7,50,0,9859,9859,1,5,5,2,0,0,0,0
1327737,3,2023,2023,1,6,7,134,10,69,133,0,1,2,-33.818393,151.021938,54,0,2,1,3,0,0,3,2,0,7,70,2,14295,14295,3,5,5,2,0,0,0,0
1327739,3,2023,2023,1,0,0,5,31,132,34609,0,1,1,-29.769427,151.108539,33,2,1,1,3,0,0,0,0,0,7,50,0,9859,9859,1,5,5,2,0,0,0,0
1327742,3,2023,2023,1,4,9,1,31,44,34609,0,1,1,-33.946417,151.136883,4,0,2,1,3,0,0,0,4,0,7,50,0,9859,9859,1,5,25,2,0,0,0,0
1327743,3,2023,2023,1,6,10,8,27,53,34609,0,1,1,-33.377702,151.441171,16,2,2,0,3,0,0,0,0,0,7,60,0,4552,5151,8,30,40,1,0,0,0,0
1327744,3,2023,2023,1,5,10,11,31,370,14,0,1,9,-34.064244,150.814393,13,0,2,1,3,0,0,0,4,0,7,60,1,941,941,1,5,5,2,0,0,0,0
1327745,3,2023,2023,1,0,7,2126,17,94,2149,0,1,9,-33.776721,150.802653,55,0,2,1,3,0,0,0,2,3,7,80,2,5929,5929,1,5,5,2,0,0,0,0
1327749,3,2023,2023,1,4,4,133,31,96,212,0,1,2,-35.354181,149.232751,58,2,1,1,3,0,0,0,2,0,7,50,2,14295,14295,3,0,5,2,0,0,0,0
1327750,3,2023,2023,1,4,5,2261,17,68,2252,0,1,9,-34.769563,148.781008,82,1,0,1,3,0,0,0,2,0,0,110,2,9859,9859,8,0,40,1,0,0,0,0
1327751,3,2023,2023,1,4,7,113,27,104,111,0,1,1,-33.806045,150.771201,55,0,2,1,3,0,0,0,2,0,7,80,2,14295,14295,3,10,5,2,0,0,0,0
1327754,3,2023,2023,1,5,6,220,27,323,222,0,1,10,-33.765572,150.958375,71,0,2,1,3,0,0,0,2,2,7,80,2,14295,14295,3,5,5,3,0,0,0,0
1327755,3,2023,2023,1,6,10,55,1,167,34609,0,1,10,-33.849819,151.07391,54,0,2,1,3,0,0,0,0,2,7,60,0,5929,5929,1,0,0,2,0,0,0,0
1327764,3,2023,2023,1,1,9,361,23,253,165,0,1,1,-33.968701,151.105535,25,0,2,1,0,0,3,4,0,0,7,50,1,1282,1282,1,33,5,2,0,0,0,0
1327772,3,2023,2023,1,1,10,1104,14,104,962,0,1,3,-33.833805,151.025678,54,0,2,1,2,0,0,0,0,0,7,90,2,1282,1282,1,0,40,2,0,0,0,0
1327773,3,2023,2023,5,3,9,55,27,151,160,0,1,7,-34.031959,150.847062,13,0,2,1,2,0,0,0,0,0,0,60,2,1192,1192,1,0,5,2,0,0,0,0
1327780,3,2023,2023,5,1,10,36,27,3,82,0,1,1,-35.203453,147.333807,75,2,1,0,0,0,0,0,0,0,7,60,1,1957,4009,8,0,40,1,0,0,0,0
1327784,3,2023,2023,1,0,1,80,27,89,50,0,1,2,-33.904563,151.226982,59,0,2,1,2,0,0,0,0,0,7,60,2,4026,4026,8,5,40,1,0,0,0,0
1327801,3,2023,2023,1,2,9,69,31,646,563,0,1,2,-33.924806,151.03797,15,0,2,1,2,0,0,0,0,0,7,70,2,1383,1383,1,33,5,2,0,0,0,0
1327808,3,2023,2023,1,2,10,296,27,290,293,0,1,9,-33.86109,150.992988,21,0,2,1,2,0,3,4,0,2,7,70,2,6545,6545,4,5,12,2,0,0,0,0
1327822,3,2023,2023,5,6,9,6,31,609,34609,0,1,10,-33.76896,150.900873,7,0,2,1,2,0,0,0,0,0,7,50,0,14295,14295,3,5,5,2,0,0,0,0
1327827,3,2023,2023,5,1,9,100,27,127,100,0,1,1,-33.837093,150.854117,24,0,2,1,2,0,0,0,0,0,7,70,2,941,941,1,33,0,2,0,0,0,0
1327836,3,2023,2023,1,3,0,59,31,45,34609,1,0,1,-33.893153,151.1896,69,0,2,1,2,0,3,4,0,0,7,40,0,4026,4026,8,0,40,1,0,0,0,0
1327839,3,2023,2023,8,1,2,19,27,137,49,1,0,9,-33.900727,150.898337,24,0,2,1,2,0,0,0,0,0,7,50,1,4026,4026,8,5,40,1,0,0,0,0
1327845,3,2023,2023,5,0,4,3371,17,21,3342,0,1,2,-28.605059,153.545926,10,1,0,1,1,0,0,0,2,0,7,100,2,1282,1282,1,8,5,2,0,0,0,0
1327847,3,2023,2023,1,0,10,7,27,27,12,0,1,1,-32.543876,148.214251,51,1,0,1,0,0,0,0,0,0,7,110,1,1089,1089,7,10,40,1,0,0,0,0
1327848,3,2023,2023,1,0,8,2209,17,26,2205,0,1,9,-34.023732,151.08887,68,0,2,1,3,0,0,0,2,2,7,70,2,5929,5929,1,5,0,2,0,0,0,0
1327853,3,2023,2022,9,4,1,2,27,2,34609,0,1,1,-35.842156,146.116005,51,1,0,1,0,0,3,0,0,0,7,100,0,945,945,5,30,40,1,0,0,0,0
1327858,3,2023,2023,5,6,9,232,36,92,331,0,1,10,-33.968936,150.814654,13,0,2,1,3,0,0,0,3,2,7,80,2,1282,1282,1,33,0,2,0,0,0,0
1327861,3,2023,2023,6,4,7,67,27,225,68,0,1,9,-33.802046,151.191522,77,0,2,1,1,0,0,0,2,0,7,50,1,775,775,4,5,0,2,0,0,0,0
1327863,3,2023,2023,5,2,1,4,27,13,34609,0,1,1,-32.792016,151.662388,42,2,1,1,2,0,0,0,0,0,7,60,0,9859,9859,1,5,36,2,0,0,0,0
1327871,3,2023,2023,5,3,9,36,27,290,55,0,1,7,-33.844683,150.974236,21,0,2,1,2,0,0,0,0,0,0,50,1,6545,6545,4,0,5,2,0,0,0,0
1327881,3,2023,2023,5,6,7,14,31,273,34609,0,1,1,-34.426342,150.8908,80,0,2,1,0,0,0,0,2,0,7,50,0,941,941,1,5,12,2,0,0,0,0