Crash ID,Degree of crash - detailed,Reporting year,Year of crash,Month of crash,Day of week of crash,Two-hour intervals,Street of crash,Street type,Town,Route no.,School zone location,School zone active,Type of location,Latitude,Longitude,LGA,Urbanisation,Conurbation 1,Alignment,Street lighting,Road surface,Surface condition,Weather,Natural lighting,Signals operation,Other traffic control,Speed limit,Road classification,RUM - code,DCA - code,First impact type,Key TU type,Other TU type,No. of traffic units involved,No. killed,No. seriously injured,No. moderately injured,No. minor-other injured
1327884,3,2023,2023,1,5,6,2126,17,62,2149,0,1,10,-33.889943,151.149053,32,0,2,1,1,0,0,0,2,2,9,60,2,515,515,1,8,0,2,0,0,0,0
1327896,3,2023,2023,1,0,10,109,36,10,108,0,1,1,-28.370066,153.411655,72,1,0,0,0,0,0,3,0,0,7,90,1,4552,5151,8,10,40,1,0,0,0,0
1327907,3,2023,2023,1,3,2,515,14,271,518,0,1,3,-33.939676,151.009387,15,0,2,0,0,0,3,3,0,0,7,100,2,1957,4009,8,5,40,1,0,0,0,0
1327908,3,2023,2023,1,2,1,2,1,50,34609,0,1,1,-33.632151,151.329862,50,0,2,1,2,0,0,0,0,0,7,50,0,9859,9859,1,0,36,2,0,0,0,0
1327912,3,2023,2023,5,4,8,1104,14,142,962,0,1,3,-33.827656,151.000474,54,0,2,1,0,0,0,0,2,0,7,90,2,14295,14295,3,33,0,3,0,0,0,0
1327936,3,2023,2023,5,0,0,13,31,234,34609,0,1,10,-34.281751,146.051668,28,2,1,1,2,0,3,0,0,0,0,50,0,4552,985,8,0,40,1,0,0,0,0
1327940,3,2023,2023,1,5,3,2,27,2,34609,0,1,9,-33.414527,149.10757,11,1,0,0,0,0,0,0,1,0,7,100,0,4552,5151,8,5,40,1,0,0,0,0
1327953,3,2023,2023,5,2,0,16,27,39,34609,0,1,9,-32.910636,151.583876,37,0,2,1,2,0,0,0,0,0,7,50,0,4552,985,8,5,40,1,0,0,0,0
1327963,3,2023,2023,5,2,10,6,23,198,34609,0,1,1,-33.916178,151.097494,15,0,2,0,2,0,0,0,0,0,7,50,0,4552,5151,8,0,40,2,0,0,0,0
1327980,3,2023,2023,1,5,9,76,31,112,34609,0,1,1,-36.070294,146.942523,0,2,1,1,2,0,0,0,0,0,7,50,0,1981,1981,4,0,5,2,0,0,0,0
1327999,3,2023,2023,5,3,0,12,1,31,34609,0,1,7,-33.507373,151.327628,16,2,2,1,2,0,0,0,0,0,0,50,0,945,945,5,5,40,1,0,0,0,0
1328002,3,2023,2022,9,6,9,22,31,24,26,0,1,7,-35.992408,146.002353,51,2,1,0,1,0,0,0,2,0,0,50,2,418,714,5,30,40,1,0,0,0,0
1328004,3,2023,2023,5,1,1,2,7,323,34609,0,1,1,-33.763483,150.99337,71,0,2,1,2,0,0,0,0,0,7,50,0,175,188,8,9,40,1,0,0,0,0
1328008,3,2023,2023,1,2,2,154,27,136,244,0,1,2,-33.909339,151.075603,15,0,2,1,2,0,0,0,1,0,7,60,2,9859,9859,8,0,40,1,0,0,0,0
1328014,3,2023,2023,5,2,10,36,1,64,34609,0,1,9,-33.953706,150.99863,15,0,2,1,2,0,0,0,0,0,7,40,0,9859,9859,1,33,5,2,0,0,0,0
1328026,3,2023,2023,5,5,9,34,27,29,34609,0,1,1,-35.130654,147.341836,75,2,1,1,2,0,3,4,0,0,7,50,0,1981,1981,4,0,5,2,0,0,0,0
1328035,3,2022,2022,2,2,8,82,27,13,34,0,1,1,-28.607727,153.01075,51,1,0,0,3,0,0,0,2,0,7,100,1,4552,5151,8,10,40,1,0,0,0,0
1328037,3,2022,2022,0,3,3,18,1,293,34609,0,1,9,-33.946662,151.236361,59,0,2,1,1,0,0,0,2,0,7,50,0,78,78,8,5,40,1,0,0,0,0
1328040,3,2023,2023,5,6,2,2,27,123,34609,0,1,1,-33.845551,148.620591,51,1,0,0,3,0,3,4,1,0,7,100,0,1957,4009,8,5,40,1,0,0,0,0
1328043,3,2023,2023,6,0,8,222,27,13,40,0,1,7,-33.633402,150.889673,71,0,2,1,3,0,0,0,3,0,0,80,1,6545,6545,4,5,5,2,0,0,0,0
1328044,3,2023,2023,5,2,1,10,10,40,34609,0,1,1,-34.020482,150.769665,12,0,2,1,3,0,0,0,0,0,7,50,0,945,945,5,5,40,1,0,0,0,0
1328046,3,2023,2023,0,1,10,2209,17,176,2205,1,0,11,-33.968969,151.136161,4,0,2,0,3,0,3,3,0,2,7,60,2,2852,2852,4,0,19,2,0,0,0,0
1328048,3,2023,2023,5,6,6,31,24,173,36,0,1,1,-33.735779,151.099001,36,0,2,1,3,0,0,0,2,0,7,60,1,3775,3775,0,8,5,4,0,0,0,0
1328053,3,2023,2023,5,4,6,19,31,166,143,0,1,7,-33.420431,149.581168,3,2,1,0,3,0,0,0,2,0,0,50,2,6545,6545,4,5,5,2,0,0,0,0
1328055,3,2023,2023,1,0,11,165,31,129,34609,0,1,9,-33.891738,151.10199,9,0,2,1,3,0,0,0,0,0,7,50,0,1957,777,1,0,5,3,0,0,0,0
1328057,3,2023,2023,1,3,1,10,27,49,10,0,1,9,-34.465707,148.641473,30,1,0,1,3,0,0,1,0,0,0,100,1,9859,9859,8,0,40,1,0,0,0,0
1328059,3,2023,2023,1,0,9,1,27,433,34609,0,1,1,-33.305636,149.094345,52,2,1,0,3,0,0,0,0,0,7,50,0,1850,1463,5,0,40,1,0,0,0,0
1328060,3,2023,2023,1,1,3,71,27,14,69,0,1,9,-36.387833,148.673839,65,1,0,0,3,0,0,1,2,0,7,100,2,1850,1463,5,5,40,1,0,0,0,0
1328061,3,2023,2023,1,6,8,93,1,523,34609,0,1,1,-33.923949,150.91623,41,0,2,1,3,0,0,0,2,0,7,50,0,9859,9859,8,5,40,1,0,0,0,0
1328062,3,2023,2023,1,1,7,17,31,194,34609,0,1,7,-30.501847,151.645811,1,2,1,1,3,0,0,0,2,0,0,50,0,217,217,1,10,0,2,0,0,0,0
1328063,3,2023,2023,1,1,0,1,31,137,34609,0,1,7,-33.902721,150.911863,24,0,2,0,3,0,0,0,0,0,0,50,0,782,957,5,5,40,1,0,0,0,0
1328072,3,2023,2023,1,2,5,29,31,609,48,1,0,10,-33.769156,150.892413,7,0,2,1,3,0,0,0,2,2,9,60,1,6545,6545,4,0,0,2,0,0,0,0
1328074,3,2023,2023,1,5,4,78,17,22,75,0,1,8,-33.853394,151.209925,69,0,2,1,3,0,0,0,2,0,7,70,2,404,404,8,0,40,1,0,0,0,0
1328075,3,2023,2023,1,5,8,294,17,33,288,0,1,9,-35.122391,147.327164,75,2,1,1,3,0,0,0,2,0,0,80,2,2852,2852,4,0,13,2,0,0,0,0
1328077,3,2023,2023,1,4,5,41,27,173,115,0,1,7,-33.711985,151.132476,36,0,2,1,3,0,0,0,2,0,0,60,1,6545,6545,4,5,5,2,0,0,0,0
1328079,3,2023,2023,1,4,8,2126,17,609,2149,0,1,10,-33.79815,150.896996,7,0,2,1,3,0,3,0,2,2,7,80,2,5929,5929,1,0,5,3,0,0,0,0
1328085,3,2023,2023,1,5,4,1104,14,104,962,0,1,3,-33.830758,151.019854,54,0,2,1,3,0,0,0,2,0,7,90,2,1282,1282,1,3,5,2,0,0,0,0
1328086,3,2023,2023,1,6,4,18,1,24,115,0,1,9,-33.707013,151.110443,31,0,2,0,3,0,0,0,2,2,7,60,1,1282,1282,1,10,13,2,0,0,0,0
1328087,3,2023,2023,1,0,9,32,27,72,563,0,1,10,-34.013219,151.009787,68,0,2,1,3,0,0,0,0,2,7,80,2,5929,5929,1,5,5,2,0,0,0,0
1328090,3,2023,2023,1,5,5,95,31,218,34609,0,1,1,-33.765311,150.774266,55,0,2,1,3,0,0,0,2,0,7,40,0,941,941,1,33,25,2,0,0,0,0
1328091,3,2023,2023,1,6,9,12,27,31,34609,0,1,1,-36.547619,149.107754,65,1,0,0,3,2,0,0,0,0,7,100,0,4552,5151,8,0,40,1,0,0,0,0
1328098,3,2023,2023,5,4,3,229,14,110,237,0,1,3,-33.766305,151.009108,71,0,2,1,3,0,0,0,2,0,7,100,2,1383,1383,1,19,22,2,0,0,0,0
1328107,3,2023,2023,1,3,6,4,27,2,34609,0,1,1,-30.008215,152.774394,18,1,0,0,3,2,0,0,2,0,7,100,0,3775,3775,0,30,12,2,0,0,0,0
1328108,3,2023,2023,1,2,6,113,27,6,111,0,1,1,-33.869267,150.796971,55,0,2,1,3,0,0,0,2,0,7,80,2,1981,1981,4,0,0,2,0,0,0,0
1328112,3,2023,2023,1,4,9,85,27,53,145,0,1,9,-33.798835,151.046463,54,0,2,1,3,0,0,0,0,2,7,70,2,5929,5929,1,21,13,2,0,0,0,0
1328114,3,2023,2023,1,5,7,481,17,48,483,0,1,1,-33.935035,147.211368,51,2,1,1,3,0,0,0,2,0,7,60,2,1669,1669,3,0,40,2,0,0,0,0
1328116,3,2023,2023,1,1,9,2,27,70,34609,0,1,1,-34.034542,151.082754,68,0,2,1,3,0,3,4,0,0,7,50,0,144,144,1,5,5,2,0,0,0,0
1328117,3,2023,2023,1,2,8,10,31,646,34609,0,1,7,-33.90972,151.037897,15,0,2,1,3,0,0,0,2,0,0,50,0,9859,9859,8,5,40,1,0,0,0,0
1328118,3,2023,2023,1,2,11,14,27,20,34609,0,1,1,-33.457574,150.718664,29,2,2,1,3,2,0,0,0,0,7,50,0,9859,9859,8,0,40,1,0,0,0,0
1328119,3,2023,2023,5,6,3,133,17,55,121,0,1,10,-36.231922,149.132478,65,2,1,0,3,0,0,1,2,0,0,50,2,926,926,4,5,10,2,0,0,0,0
1328123,3,2023,2023,1,4,11,149,27,52,198,0,1,1,-33.979828,150.990493,41,0,2,1,3,0,0,0,0,0,7,80,2,14295,14295,3,0,0,2,0,0,0,0
1328125,3,2023,2023,1,5,3,165,31,128,369,0,1,1,-33.62547,150.798462,29,2,2,1,3,0,3,3,2,0,7,60,2,1981,1981,4,5,0,2,0,0,0,0
1328126,3,2023,2023,1,6,1,17,6,8,34609,0,1,1,-33.614521,151.135894,31,0,2,1,3,0,0,0,0,0,7,50,0,9859,9859,1,5,0,2,0,0,0,0
1328129,3,2023,2023,1,2,1,125,31,438,563,0,1,10,-33.85134,151.037067,21,0,2,1,3,0,0,0,0,2,6,70,2,5929,5929,1,5,5,2,0,0,0,0
1328130,3,2023,2023,1,0,8,2,1,98,34609,0,1,1,-31.001227,150.233465,51,1,0,1,3,0,0,0,4,0,7,100,0,9859,9859,1,5,13,2,0,0,0,0
1328135,3,2023,2023,1,3,5,204,27,246,34609,0,1,9,-33.909249,151.196545,69,0,2,1,3,0,0,0,2,0,7,50,0,14295,14295,3,5,5,2,0,0,0,0
1328139,3,2023,2023,1,4,4,280,10,92,240,1,0,2,-33.871275,150.962669,24,0,2,1,1,0,0,6,2,0,7,60,2,14295,14295,3,0,5,2,0,0,0,0
1328140,3,2023,2023,1,4,3,2261,17,62,2252,0,1,10,-33.887332,151.136709,32,0,2,1,3,0,0,0,2,2,7,60,2,5929,5929,1,10,13,2,0,0,0,0
1328142,3,2023,2023,1,1,9,21,27,148,60,0,1,10,-36.048682,146.938314,0,2,1,1,3,0,0,0,0,2,7,60,1,5929,5929,1,10,5,2,0,0,0,0
1328143,3,2023,2023,1,4,8,3371,17,12,3342,0,1,2,-28.768548,153.533476,2,1,0,0,3,0,3,4,2,0,7,110,2,1259,5151,8,5,40,1,0,0,0,0
1328146,3,2023,2023,1,4,5,46,27,304,39,0,1,9,-33.913486,151.162108,32,0,2,1,3,0,0,0,2,0,7,60,1,5929,5929,1,8,19,2,0,0,0,0
1328147,3,2023,2023,5,0,11,78,1,61,34609,0,1,1,-29.726034,151.734487,51,2,1,1,3,2,0,0,0,0,7,50,0,9859,9859,8,5,40,1,0,0,0,0
1328148,3,2023,2023,1,0,8,296,27,290,293,1,0,2,-33.850891,150.996594,21,0,2,1,3,0,0,0,3,0,7,70,2,1981,1981,4,5,5,2,0,0,0,0
1328149,3,2023,2023,1,1,8,2209,17,79,2205,0,1,7,-34.914453,150.603638,63,2,1,0,3,0,3,4,3,0,0,70,2,2852,2852,4,5,13,2,0,0,0,0
1328150,3,2023,2023,5,4,7,2,1,173,34609,0,1,1,-33.783908,151.124453,61,0,2,1,3,0,0,0,2,0,7,50,0,1981,1981,4,5,5,2,0,0,0,0
1328153,3,2023,2023,1,0,4,234,27,24,228,0,1,1,-33.409254,150.979309,71,0,2,0,3,0,3,3,2,0,7,80,2,4552,5151,8,5,40,1,0,0,0,0
1328154,3,2023,2023,1,5,8,2209,17,77,2205,0,1,2,-33.884739,151.194784,69,0,2,1,3,0,0,0,2,0,7,50,2,14295,14295,3,5,5,3,0,0,0,0
1328155,3,2023,2023,1,6,1,118,17,6,118,0,1,2,-30.547009,149.928276,51,1,0,1,3,0,0,0,0,0,7,100,2,4026,4026,8,5,40,1,0,0,0,0
1328157,3,2023,2023,1,0,4,330,27,31,102,0,1,9,-33.775453,151.270578,50,0,2,0,2,0,0,0,2,2,7,50,2,5929,5929,1,5,0,2,0,0,0,0
1328158,3,2023,2023,1,6,9,21,27,148,60,0,1,10,-36.048682,146.938314,0,2,1,1,3,0,0,0,3,2,7,60,1,926,926,4,0,5,2,0,0,0,0
1328163,3,2023,2023,1,4,7,35,27,4,24,0,1,1,-32.670141,149.476017,44,1,0,0,3,0,0,3,2,0,7,100,1,1850,1463,5,10,40,1,0,0,0,0
1328164,3,2023,2023,1,0,11,2126,17,163,2149,0,1,9,-33.868094,151.099174,14,0,2,1,3,0,0,0,0,2,7,60,2,6545,6545,4,5,5,2,0,0,0,0
1328165,3,2023,2023,1,0,10,512,17,562,441,0,1,9,-32.255723,148.619331,22,2,1,1,3,0,0,0,0,2,7,60,2,14295,14295,3,5,13,2,0,0,0,0
1328166,3,2023,2023,1,3,8,36,27,9,72,0,1,9,-28.718944,153.437902,10,1,0,0,3,0,0,0,3,0,7,100,2,782,985,5,5,40,1,0,0,0,0
1328167,3,2023,2023,1,4,8,42,27,128,231,0,1,9,-33.416948,151.324763,16,2,2,1,3,0,0,0,3,2,7,60,2,4026,4026,8,5,40,2,0,0,0,0
1328168,3,2023,2023,1,1,7,361,31,79,33,0,1,7,-33.967137,151.125982,4,0,2,1,3,0,0,0,2,0,0,50,1,3775,3775,0,5,22,2,0,0,0,0
1328169,3,2023,2023,1,1,5,168,17,13,212,0,1,1,-35.502162,149.929127,58,2,1,0,3,0,3,4,2,0,7,80,2,2585,4009,8,10,40,1,0,0,0,0
1328172,3,2023,2023,1,4,8,348,27,169,100,0,1,10,-33.602005,150.733855,29,2,2,1,3,0,0,0,3,0,15,60,2,6545,6545,4,30,5,2,0,0,0,0
1328174,3,2023,2023,1,1,8,5,27,22,35,0,1,9,-32.854714,149.97002,44,2,1,1,3,0,3,0,0,0,0,50,1,301,301,4,5,13,2,0,0,0,0
1328176,3,2023,2023,1,1,4,265,17,74,193,0,1,1,-34.730213,147.894307,20,1,0,0,3,0,0,0,2,0,11,100,2,4552,5151,8,9,40,1,0,0,0,0
1328177,3,2023,2023,1,0,9,22,31,148,34609,0,1,9,-36.043819,146.951982,0,2,1,1,3,0,0,0,0,0,7,50,0,4026,4026,8,5,40,1,0,0,0,0
1328179,3,2023,2023,1,3,5,83,27,169,147,0,1,10,-28.659271,153.615585,10,2,1,1,3,0,0,0,2,0,0,50,1,14295,14295,3,16,5,2,0,0,0,0
1328187,3,2023,2023,1,5,8,866,17,54,793,0,1,9,-33.723618,151.092774,31,0,2,1,3,0,0,0,3,0,7,70,2,775,775,4,5,5,2,0,0,0,0
1328189,3,2023,2023,1,0,5,16,10,30,15,0,1,1,-33.19572,151.581449,16,2,2,1,3,0,0,0,2,0,7,50,1,217,217,1,0,5,2,0,0,0,0
1328191,3,2023,2023,1,5,7,1052,27,69,262,0,1,7,-32.906008,151.692943,48,0,2,0,3,0,0,0,2,0,0,60,2,14295,14295,3,10,5,2,0,0,0,0
1328195,3,2023,2023,5,2,5,283,27,197,702,1,0,9,-33.94979,151.081248,25,0,2,1,3,0,0,0,2,0,0,60,2,1383,1383,1,5,10,2,0,0,0,0
1328198,3,2023,2023,1,6,9,31,27,139,187,0,1,2,-33.870205,151.147098,32,0,2,1,3,0,0,0,3,0,7,60,2,1945,1945,5,0,40,1,0,0,0,0
1328200,3,2023,2023,1,3,1,1,25,49,34609,0,1,1,-33.928832,151.15348,4,0,2,1,3,0,0,3,0,0,7,50,0,1282,1282,1,5,40,1,0,0,0,0
1328204,3,2023,2023,1,1,2,2209,17,79,2205,0,1,2,-33.980624,151.119401,25,0,2,1,3,0,3,4,1,0,7,70,2,14295,14295,3,10,5,3,0,0,0,0
1328205,3,2023,2023,1,5,3,2209,17,40,2205,0,1,2,-34.711232,150.840903,35,2,1,0,3,0,0,0,1,0,7,80,2,1957,4009,8,5,40,1,0,0,0,0
1328235,3,2023,2023,6,4,2,515,14,252,518,0,1,3,-33.949904,150.884486,41,0,2,1,2,0,0,0,0,0,7,100,2,1383,1383,1,3,12,2,0,0,0,0
1328243,3,2023,2023,0,2,1,829,27,159,770,0,1,9,-33.807035,151.083531,61,0,2,1,2,0,0,0,0,0,0,60,2,9859,9859,8,5,40,2,0,0,0,0
1328246,3,2023,2023,8,5,7,74,27,130,34609,0,1,7,-34.456471,150.859716,80,0,2,0,0,0,0,0,2,0,0,80,0,515,515,1,3,5,2,0,0,0,0
1328247,3,2023,2023,6,3,10,8,1,55,34609,0,1,9,-33.881971,151.275719,76,0,2,1,2,0,0,0,0,0,7,50,0,9859,9859,1,5,0,3,0,0,0,0
1328254,3,2023,2023,6,5,5,157,17,18,158,0,1,1,-33.610833,149.147064,51,1,0,0,0,0,0,3,2,0,7,100,2,1957,4009,8,5,40,1,0,0,0,0
1328274,3,2023,2023,5,2,11,9,31,247,34609,0,1,9,-33.828251,150.949809,21,0,2,1,2,0,0,0,0,0,7,50,0,9859,9859,1,5,10,2,0,0,0,0
1328316,3,2023,2023,5,5,3,2,31,85,34609,0,1,1,-34.582388,150.766071,62,0,2,1,0,0,0,0,2,0,7,50,0,9859,9859,1,5,5,2,0,0,0,0
1328376,3,2023,2023,5,3,1,2261,17,284,2252,1,0,9,-33.908729,151.02887,15,0,2,0,2,0,0,0,0,0,0,60,2,1109,787,1,5,5,2,0,0,0,0
1328379,3,2023,2023,1,0,10,149,27,294,198,0,1,9,-33.928242,150.931143,41,0,2,1,2,0,0,0,0,2,7,60,2,515,515,1,33,5,2,0,0,0,0
1328384,3,2023,2023,5,5,1,105,27,67,109,0,1,10,-33.881647,150.889027,24,0,2,1,2,0,0,0,0,2,7,60,1,4026,4026,8,5,40,1,0,0,0,0
1328387,3,2023,2023,8,0,10,2126,17,163,2149,0,1,9,-33.868359,151.100373,14,0,2,1,2,0,0,0,0,0,7,60,2,9859,9859,1,5,41,4,0,0,0,0
1328421,3,2023,2023,6,2,2,53,31,188,34609,1,0,1,-33.943216,151.103588,4,0,2,1,1,0,0,0,0,0,7,50,0,9859,9859,1,5,25,2,0,0,0,0
1328441,3,2023,2023,1,1,7,6,31,24,34609,0,1,9,-32.017713,151.963942,43,2,1,1,0,0,0,3,2,0,7,50,0,2852,2852,4,0,13,2,0,0,0,0
1328449,3,2023,2023,1,4,7,47,27,33,34609,0,1,1,-34.788306,150.696451,63,2,1,1,0,0,0,0,2,0,7,80,0,3775,3775,0,0,5,2,0,0,0,0
1328459,3,2023,2023,5,1,11,77,31,88,34609,0,1,1,-33.987285,151.108463,25,0,2,1,2,0,0,0,0,0,7,50,0,9859,9859,1,10,0,5,0,0,0,0
1328478,3,2023,2023,5,4,4,125,27,443,34609,0,1,1,-33.902107,151.052714,15,0,2,1,1,0,0,0,2,0,7,60,0,9859,9859,1,33,5,2,0,0,0,0
1328495,3,2023,2023,5,1,10,7,1,57,34609,0,1,1,-33.349622,151.441837,16,2,2,1,0,0,0,0,0,0,7,50,0,9859,9859,1,5,0,2,0,0,0,0
1328520,3,2023,2023,1,5,2,62,31,61,34609,0,1,9,-33.891362,150.909519,24,0,2,1,0,0,3,0,0,0,7,50,0,1282,1282,1,21,36,2,0,0,0,0
1328533,3,2023,2023,5,2,7,32,31,37,34609,0,1,10,-29.457815,153.198103,18,2,1,1,0,0,0,0,2,0,0,50,0,6545,6545,4,30,5,2,0,0,0,0
1328537,3,2023,2023,1,2,7,110,31,433,34609,0,1,7,-33.276506,149.09499,52,2,1,0,1,0,0,0,2,0,0,50,0,6545,6545,4,10,0,3,0,0,0,0
1328541,3,2023,2023,1,5,10,296,27,283,293,0,1,2,-33.831336,151.00351,21,0,2,1,2,0,0,0,0,0,7,70,2,204,204,1,33,12,2,0,0,0,0
1328549,3,2023,2023,1,3,10,12,10,65,34609,1,0,1,-36.041522,146.980276,0,2,1,0,2,0,0,0,0,0,7,60,0,1957,4009,8,10,40,1,0,0,0,0
1328554,3,2023,2023,8,2,10,15,10,14,34609,0,1,1,-33.544313,151.278346,16,2,2,0,0,0,0,0,0,0,7,60,0,782,957,5,5,40,1,0,0,0,0
1328590,3,2023,2023,1,2,11,1,27,5,34609,0,1,1,-34.267618,146.4711,51,1,0,1,0,0,0,0,0,0,7,100,0,4026,4026,8,10,40,1,0,0,0,0
1328597,3,2023,2023,1,0,10,500,27,293,799,0,1,2,-33.933022,151.040141,15,0,2,1,2,0,0,0,0,0,7,60,2,1383,1383,1,5,5,3,0,0,0,0
1328598,3,2023,2023,1,5,10,125,31,438,563,0,1,10,-33.851419,151.037124,21,0,2,1,2,0,0,0,0,2,7,70,2,6545,6545,4,5,0,2,0,0,0,0
1328602,3,2023,2023,1,2,10,1,10,128,34609,0,1,1,-33.428701,151.312276,16,2,2,0,0,0,3,4,0,0,7,50,0,2585,4009,1,5,3,2,0,0,0,0
1328613,3,2023,2023,1,2,11,2,31,224,34609,0,1,1,-33.829114,151.245458,45,0,2,1,2,0,3,4,0,0,7,50,0,9859,9859,1,5,13,2,0,0,0,0
1328622,3,2023,2023,5,4,4,126,1,226,144,0,1,9,-33.777052,150.814974,7,0,2,1,0,0,0,0,2,0,0,60,2,775,775,4,5,5,2,0,0,0,0
1328635,3,2023,2023,0,2,2,95,27,50,605,0,1,1,-33.641956,151.331311,50,0,2,0,0,0,0,0,1,0,7,60,2,96,96,0,5,12,2,0,0,0,0
1328638,3,2023,2023,0,0,9,3,27,460,34609,0,1,7,-33.83781,150.986588,21,0,2,1,3,0,0,0,2,0,0,50,0,6545,6545,4,30,5,2,0,0,0,0
1328663,3,2023,2023,6,3,6,2126,17,23,2149,0,1,1,-33.453937,149.970174,40,1,0,0,0,0,3,3,2,0,7,100,2,1850,1463,5,10,40,1,0,0,0,0
1328706,3,2023,2023,6,0,9,33,27,60,41,0,1,7,-33.750654,150.759284,55,0,2,0,2,0,0,0,0,0,0,70,1,14295,14295,3,5,0,2,0,0,0,0
1328713,3,2023,2023,5,1,5,3371,17,147,3342,0,1,2,-33.743528,151.140557,36,0,2,1,1,0,0,0,2,0,7,60,2,387,387,1,8,5,2,0,0,0,0
1328733,3,2023,2023,5,3,9,118,17,8,118,0,1,1,-31.209127,150.37301,51,1,0,0,3,0,0,0,0,0,7,110,2,273,957,5,0,40,1,0,0,0,0
1328734,3,2023,2023,5,5,7,26,1,137,34609,0,1,9,-33.920956,151.200727,69,0,2,1,3,0,0,0,2,0,0,40,0,4552,985,1,5,5,3,0,0,0,0
1328739,3,2023,2023,5,3,10,82,31,363,369,0,1,2,-33.760205,150.710964,55,0,2,1,2,0,3,5,0,0,7,70,2,4026,4026,8,5,40,1,0,0,0,0
1328756,3,2023,2023,5,3,1,10,27,49,10,0,1,9,-34.472181,148.668354,30,1,0,1,3,0,0,1,0,0,0,100,1,9859,9859,8,5,40,1,0,0,0,0
1328770,3,2023,2023,5,0,7,3,1,136,34609,0,1,10,-32.917297,151.704434,48,0,2,1,0,0,3,2,2,0,0,50,0,6545,6545,4,5,5,2,0,0,0,0
1328774,3,2023,2023,1,5,6,1,31,207,34609,0,1,9,-31.972262,141.469287,51,2,1,1,0,0,0,0,2,0,0,50,0,6545,6545,4,33,41,2,0,0,0,0
1328799,3,2023,2023,1,4,8,3,27,51,34609,0,1,1,-34.479048,150.792223,80,0,2,0,0,0,0,0,3,0,7,80,0,2585,4009,8,5,40,1,0,0,0,0
1328805,3,2023,2023,5,5,10,11,31,14,34609,0,1,9,-36.162836,150.110585,23,2,1,1,0,0,0,0,0,0,7,50,0,489,489,5,5,40,1,0,0,0,0
1328809,3,2023,2023,1,1,7,512,31,115,34609,0,1,9,-33.878771,151.192803,69,0,2,1,2,0,3,0,2,0,0,50,0,2040,2040,9,16,28,2,0,0,0,0
1328832,3,2023,2023,1,3,1,8,31,646,34609,0,1,9,-33.923726,151.023395,15,0,2,1,0,0,0,0,0,0,7,50,0,489,489,8,5,40,1,0,0,0,0
1328846,3,2023,2023,1,3,1,5,10,111,34609,0,1,1,-33.705072,150.881499,7,0,2,1,2,0,0,0,0,0,7,50,0,9859,9859,1,10,0,3,0,0,0,0
1328851,3,2023,2023,5,0,6,3,27,136,34609,0,1,1,-33.910906,151.076246,15,0,2,1,3,0,0,0,2,0,7,40,0,9859,9859,1,5,0,2,0,0,0,0
1328852,3,2023,2023,1,2,2,3371,17,90,3342,0,1,3,-28.264238,153.52691,72,1,0,1,3,0,0,0,0,0,7,110,2,9859,9859,8,0,40,1,0,0,0,0
1328859,3,2023,2023,1,0,8,308,14,127,311,0,1,3,-33.841832,150.855488,24,0,2,1,3,0,0,0,2,0,7,100,2,14295,14295,3,30,0,2,0,0,0,0
1328862,3,2023,2023,1,2,7,26,17,9,13,0,1,9,-28.97896,148.99732,51,2,1,1,3,0,0,0,2,0,7,50,2,2585,777,8,10,40,1,0,0,0,0
1328864,3,2023,2023,1,6,10,2261,17,23,2252,0,1,9,-34.64781,150.118062,78,1,0,1,3,0,0,0,0,0,7,110,2,9859,9859,8,5,40,1,0,0,0,0
1328872,3,2023,2023,5,2,11,4,27,80,34609,0,1,1,-34.564721,146.425089,51,2,1,0,3,0,3,4,0,0,7,80,0,4552,5151,8,10,40,1,0,0,0,0
1328873,3,2023,2023,1,6,9,71,27,10,69,0,1,1,-36.359422,148.490969,65,1,0,1,3,0,0,0,3,0,7,100,2,945,945,5,0,40,1,0,0,0,0
1328874,3,2023,2023,1,2,6,16,1,24,25,0,1,9,-33.626058,150.83818,29,2,2,1,3,0,0,0,2,0,7,60,2,1981,1981,4,5,13,2,0,0,0,0
1328875,3,2023,2023,1,2,9,8,27,6,34609,0,1,1,-34.27766,148.840004,30,1,0,1,3,0,0,0,3,0,7,100,0,1089,1089,7,0,40,1,0,0,0,0
1328877,3,2023,2023,1,1,7,2,10,85,34609,0,1,7,-33.789347,150.68464,55,0,2,1,3,0,0,0,2,0,0,50,0,1945,1945,5,30,40,1,0,0,0,0
1328878,3,2023,2023,1,4,3,78,17,34,58,1,0,1,-34.964612,149.030748,82,2,1,1,3,0,0,0,2,0,7,50,2,14295,14295,3,0,5,2,0,0,0,0
1328880,3,2023,2023,1,5,4,1,27,7,34609,0,1,1,-36.622154,149.747585,5,1,0,0,3,2,0,3,2,0,7,100,0,1850,1463,5,5,40,1,0,0,0,0
1328885,3,2023,2023,1,5,9,112,17,27,112,0,1,1,-31.559922,143.379552,51,2,1,1,3,0,0,0,4,0,7,50,2,1945,1945,5,0,40,1,0,0,0,0
1328891,3,2023,2023,1,6,5,3,31,122,34609,0,1,1,-33.427898,151.336305,16,2,2,1,1,0,0,0,2,0,7,60,0,323,323,1,5,41,2,0,0,0,0
1328892,3,2023,2023,1,1,8,475,10,83,268,0,1,1,-33.876487,150.827241,24,0,2,1,3,0,0,0,2,0,7,80,2,4026,4026,1,5,13,2,0,0,0,0
1328893,3,2023,2023,1,0,7,38,27,337,35,0,1,7,-33.720317,150.974843,71,0,2,0,3,0,0,0,2,0,0,60,1,1383,1383,1,5,5,2,0,0,0,0