Crash ID,Degree of crash - detailed,Reporting year,Year of crash,Month of crash,Day of week of crash,Two-hour intervals,Street of crash,Street type,Town,Route no.,School zone location,School zone active,Type of location,Latitude,Longitude,LGA,Urbanisation,Conurbation 1,Alignment,Street lighting,Road surface,Surface condition,Weather,Natural lighting,Signals operation,Other traffic control,Speed limit,Road classification,RUM - code,DCA - code,First impact type,Key TU type,Other TU type,No. of traffic units involved,No. killed,No. seriously injured,No. moderately injured,No. minor-other injured
1328894,3,2023,2023,1,1,11,48,31,82,605,0,1,10,-33.827837,151.201905,49,0,2,1,3,0,0,0,0,2,7,60,2,6545,6545,4,5,5,2,0,0,0,0
1328895,3,2023,2023,1,4,8,16,1,24,25,0,1,1,-33.626574,150.837127,29,2,2,1,3,0,0,0,3,0,7,60,2,1981,1981,4,10,5,2,0,0,0,0
1328898,3,2023,2023,1,2,6,9,27,81,30,0,1,5,-33.885161,151.267673,81,0,2,1,3,0,0,0,2,2,7,50,1,1192,1192,1,5,0,2,0,0,0,0
1328900,3,2023,2023,1,3,6,133,1,22,34609,0,1,1,-34.469875,150.871733,80,0,2,1,3,0,0,3,2,0,7,50,0,941,941,1,0,0,2,0,0,0,0
1328901,3,2023,2023,1,3,7,192,10,57,114,0,1,1,-33.463539,151.366622,16,2,2,1,3,0,3,3,2,0,7,60,2,14295,14295,3,21,13,3,0,0,0,0
1328905,3,2023,2023,1,1,9,10,27,19,34609,0,1,9,-33.690952,150.906831,7,0,2,1,3,0,0,0,3,0,15,60,0,14295,14295,3,5,19,2,0,0,0,0
1328908,3,2023,2023,1,1,9,24,31,290,28,0,1,1,-33.845414,150.977984,21,0,2,1,3,0,0,0,3,0,7,50,1,14295,14295,3,5,5,2,0,0,0,0
1328912,3,2023,2023,1,0,8,161,17,18,161,0,1,1,-35.261332,147.932551,66,1,0,0,3,0,3,4,2,0,7,100,2,782,957,5,5,40,1,0,0,0,0
1328915,3,2023,2023,1,2,11,103,36,3,103,0,1,1,-32.530774,151.944485,43,1,0,1,3,0,3,0,0,0,7,90,1,1089,1089,7,5,40,1,0,0,0,0
1328917,3,2023,2023,1,1,2,19,31,33,34609,1,0,1,-35.125258,147.332492,75,2,1,1,3,0,3,0,1,0,7,50,0,9859,9859,8,8,40,1,0,0,0,0
1328919,3,2023,2023,1,3,7,27,31,107,34609,0,1,10,-29.678541,152.937006,18,2,1,1,3,0,0,0,2,0,0,50,0,4552,985,8,5,40,1,0,0,0,0
1328920,3,2023,2023,1,4,8,110,31,304,34609,0,1,1,-33.917703,151.145944,32,0,2,0,3,0,0,0,2,0,7,50,0,144,144,1,5,5,4,0,0,0,0
1328921,3,2023,2023,5,6,7,30,24,167,34609,0,1,9,-33.830815,151.071228,54,0,2,1,3,0,0,0,2,0,0,50,0,926,926,4,5,5,3,0,0,0,0
1328922,3,2023,2023,1,6,5,9,31,78,34609,0,1,1,-28.32659,153.397448,72,2,1,1,3,0,0,0,2,0,9,50,0,1282,1282,1,22,5,2,0,0,0,0
1328923,3,2023,2023,1,1,8,65,27,202,563,0,1,10,-33.941377,151.035262,15,0,2,1,3,0,0,0,2,0,15,70,2,14295,14295,3,9,0,2,0,0,0,0
1328925,3,2023,2023,1,3,8,192,10,84,114,0,1,7,-33.467979,151.383361,16,2,2,0,3,0,0,0,2,0,0,60,2,926,926,4,21,5,2,0,0,0,0
1328926,3,2023,2023,1,5,10,1,7,100,34609,0,1,1,-33.889949,150.895305,24,0,2,0,3,0,0,0,0,0,7,50,0,4552,5151,8,0,40,1,0,0,0,0
1328930,3,2023,2023,1,6,7,230,27,84,284,0,1,2,-33.782897,151.11506,61,0,2,1,3,0,0,3,2,0,7,70,2,1282,1282,1,30,5,3,0,0,0,0
1328931,3,2023,2023,1,4,6,177,31,314,208,0,1,1,-33.862867,150.945467,24,0,2,1,3,0,0,0,2,0,7,60,1,9859,9859,1,0,5,2,0,0,0,0
1328932,3,2023,2023,1,1,0,2126,17,363,2149,0,1,1,-33.751733,150.701638,55,0,2,1,3,0,3,4,0,0,7,50,2,9859,9859,8,10,40,1,0,0,0,0
1328936,3,2023,2023,1,6,8,7,1,137,34609,0,1,10,-33.91664,151.205644,69,0,2,1,3,0,0,0,2,0,15,40,0,1109,397,1,30,0,2,0,0,0,0
1328938,3,2023,2023,6,6,6,22,27,5,34609,0,1,1,-33.184714,151.362408,16,2,2,1,3,2,0,0,2,0,7,60,0,1282,1282,1,10,40,1,0,0,0,0
1328941,3,2023,2023,1,6,6,191,27,193,208,0,1,9,-33.788518,151.085717,61,0,2,1,3,0,0,0,2,2,7,60,2,1383,1383,1,5,0,2,0,0,0,0
1328942,3,2023,2023,1,5,6,40,31,176,34609,0,1,1,-33.965412,151.132406,25,0,2,1,3,0,0,0,2,0,7,40,0,9859,9859,1,5,0,3,0,0,0,0
1328945,3,2023,2023,1,1,7,5,31,80,34609,1,2,10,-33.756749,150.658422,55,0,2,1,3,0,0,0,2,0,7,40,0,6545,6545,4,5,0,2,0,0,0,0
1328949,3,2023,2023,1,0,5,195,27,46,186,0,1,2,-33.929889,150.846977,41,0,2,0,3,0,0,0,2,0,7,70,2,1192,1192,1,5,5,2,0,0,0,0
1328951,3,2023,2023,1,0,4,39,31,112,34609,0,1,9,-36.06438,146.924594,0,2,1,0,3,0,3,4,2,0,7,60,0,1957,4009,8,5,40,1,0,0,0,0
1328956,3,2023,2023,1,1,7,13,27,223,34609,0,1,9,-33.800862,150.924305,7,0,2,1,3,0,0,0,2,0,7,50,0,5929,5929,1,0,0,2,0,0,0,0
1328959,3,2023,2023,1,3,9,19,27,160,34609,0,1,1,-33.108534,151.499631,37,0,2,0,3,0,0,0,3,0,7,70,0,2585,4009,8,0,40,1,0,0,0,0
1328960,3,2023,2023,1,1,4,16,27,143,19,0,1,9,-33.701075,151.106691,31,0,2,1,3,0,0,0,2,0,7,60,1,14295,14295,3,5,10,2,0,0,0,0
1328962,3,2023,2023,1,3,9,2126,17,15,2149,0,1,2,-33.504806,150.125108,40,2,1,1,3,0,0,0,3,0,7,70,2,14295,14295,3,5,0,2,0,0,0,0
1328963,3,2023,2023,1,6,5,1,27,73,34609,0,1,1,-34.191121,150.631645,79,2,2,1,3,0,0,0,2,0,11,60,0,19,19,10,29,38,2,0,0,0,0
1328964,3,2023,2023,1,6,6,2209,17,137,2205,0,1,10,-34.035099,151.066289,68,0,2,1,3,0,0,0,2,2,15,70,2,14295,14295,3,5,5,2,0,0,0,0
1328966,3,2023,2023,1,1,10,193,27,438,103,0,1,9,-33.864907,151.027335,21,0,2,1,3,0,0,0,0,2,7,60,1,926,926,4,5,5,2,0,0,0,0
1328968,3,2023,2023,1,5,6,293,31,562,34609,0,1,1,-32.244568,148.601814,22,2,1,1,3,0,0,0,2,0,7,50,0,1109,787,1,0,0,2,0,0,0,0
1328969,3,2023,2023,1,0,10,1,10,182,34609,0,1,1,-32.829607,151.393993,17,2,1,1,3,0,0,0,0,0,7,60,0,1089,1089,7,5,40,1,0,0,0,0
1328971,3,2023,2023,5,1,11,2,27,5,8,0,1,1,-35.403032,144.805011,51,1,0,1,3,0,0,0,0,0,7,100,1,1089,1089,7,3,40,1,0,0,0,0
1328972,3,2023,2023,1,5,4,125,27,24,144,0,1,7,-32.88162,151.794248,48,0,2,1,3,0,0,0,2,0,0,80,2,5929,5929,1,5,5,2,0,0,0,0
1328974,3,2023,2023,1,5,9,57,31,179,34609,0,1,10,-33.763059,150.721194,55,0,2,1,3,0,0,0,3,0,0,50,0,2852,2852,4,5,36,4,0,0,0,0
1328975,3,2023,2023,1,2,6,42,10,51,39,0,1,7,-34.47313,150.831355,80,0,2,1,3,0,0,0,2,0,0,70,1,14295,14295,3,5,0,2,0,0,0,0
1328979,3,2023,2023,1,4,6,47,31,363,31,0,1,1,-33.818397,151.01368,54,0,2,0,3,0,0,0,2,0,7,60,1,623,623,3,5,5,2,0,0,0,0
1328980,3,2023,2023,1,4,6,26,27,28,34609,0,1,9,-35.142237,147.340381,75,2,1,1,1,0,0,0,2,0,0,70,0,2852,2852,4,5,0,2,0,0,0,0
1328986,3,2023,2023,1,2,2,112,27,20,769,0,1,1,-33.547099,150.664443,29,2,2,1,0,0,0,0,0,0,7,80,2,9859,9859,8,34,40,1,0,0,0,0
1329002,3,2023,2023,6,2,7,82,27,10,103,0,1,1,-28.412971,153.337836,72,2,1,1,0,0,0,0,2,0,7,50,1,4026,4026,8,34,40,1,0,0,0,0
1329006,3,2023,2023,1,3,3,1,31,30,34609,0,1,1,-34.866985,147.587764,51,2,1,1,2,0,3,3,0,0,7,50,0,9859,9859,1,30,5,3,0,0,0,0
1329009,3,2023,2023,5,4,11,51,25,44,34609,0,1,9,-34.56278,150.846257,62,0,2,1,2,0,0,0,0,0,7,50,0,489,489,8,5,40,1,0,0,0,0
1329013,3,2023,2023,1,4,11,19,31,445,34609,0,1,1,-33.850142,151.057448,54,0,2,1,2,0,3,4,0,0,7,50,0,204,204,1,10,5,3,0,0,0,0
1329045,3,2023,2023,1,4,7,1052,14,21,928,0,1,3,-32.908416,151.562092,37,0,2,0,0,0,0,0,2,0,7,110,2,1192,1192,1,34,35,2,0,0,0,0
1329055,3,2023,2023,1,3,0,220,14,51,220,0,1,3,-34.477245,150.827682,80,0,2,1,0,0,0,0,0,0,7,100,2,4026,4026,8,0,40,1,0,0,0,0
1329062,3,2023,2023,1,0,10,192,10,84,114,0,1,7,-33.468002,151.383672,16,2,2,1,2,0,0,0,0,0,0,60,2,623,623,3,10,13,2,0,0,0,0
1329066,3,2023,2023,1,3,9,33,31,8,34609,0,1,1,-33.54864,151.213381,31,0,2,1,0,0,0,0,0,0,7,50,0,9859,9859,1,0,5,3,0,0,0,0
1329091,3,2023,2023,1,5,6,149,36,120,81,0,1,7,-32.19435,152.514273,43,2,1,0,1,0,0,0,2,0,0,60,2,1383,1383,1,0,10,2,0,0,0,0
1329092,3,2023,2023,0,0,10,294,17,15,288,0,1,1,-34.509088,144.948045,51,1,0,1,0,0,0,0,0,0,7,110,2,4026,4026,8,3,40,1,0,0,0,0
1329097,3,2023,2023,1,1,8,89,27,182,228,1,2,9,-32.834243,151.350677,17,2,1,1,1,0,3,4,2,0,0,40,1,4552,985,8,0,40,1,0,0,0,0
1329102,3,2023,2023,1,0,10,2261,17,10,2252,0,1,3,-34.423754,150.472408,78,1,0,1,2,0,0,0,0,0,7,110,2,84,84,6,5,40,1,0,0,0,0
1329114,3,2023,2023,1,0,10,2126,17,363,2149,0,1,9,-33.749409,150.68821,55,0,2,1,2,0,0,0,0,2,7,60,2,926,926,4,0,5,2,0,0,0,0
1329115,3,2023,2023,1,0,9,57,36,112,769,0,1,10,-33.611868,150.813812,29,2,2,1,2,0,0,0,0,2,7,60,2,5929,5929,1,5,25,2,0,0,0,0
1329118,3,2023,2023,1,0,8,78,27,284,61,0,1,1,-33.905125,151.020848,15,0,2,1,1,0,0,0,2,0,7,60,1,9859,9859,8,5,40,1,0,0,0,0
1329144,3,2023,2023,1,3,3,2,10,17,34609,0,1,1,-30.894717,153.020129,34,2,1,1,0,0,0,0,2,0,7,50,0,4026,4026,1,5,6,2,0,0,0,0
1329148,3,2023,2023,1,5,1,205,27,161,415,0,1,2,-33.707242,151.18457,36,0,2,0,2,0,3,3,0,0,7,90,2,2585,4009,8,5,40,1,0,0,0,0
1329170,3,2023,2023,5,5,3,24,27,201,47,0,1,7,-33.991033,150.857548,13,0,2,1,0,0,0,0,2,0,0,60,1,1192,1192,1,29,5,2,0,0,0,0
1329182,3,2023,2023,1,2,8,1,4,24,34609,0,1,1,-35.972998,146.025791,51,2,1,1,1,0,0,3,2,0,7,50,0,9859,9859,1,5,5,2,0,0,0,0
1329183,3,2023,2023,1,1,1,3371,17,18,3342,0,1,2,-30.915994,152.899585,34,1,0,1,0,0,0,0,0,0,7,110,2,14295,14295,3,8,2,2,0,0,0,0
1329184,3,2023,2023,1,0,10,33,31,11,34609,0,1,1,-30.642321,152.854984,47,2,1,1,0,0,0,0,0,0,7,50,0,9859,9859,1,10,5,4,0,0,0,0
1329199,3,2023,2023,1,5,0,6,31,438,34609,0,1,1,-33.845243,151.034011,21,0,2,1,2,0,3,4,0,0,7,50,0,9859,9859,1,5,0,2,0,0,0,0
1329210,3,2023,2023,1,0,11,346,7,103,34609,0,1,1,-28.812676,153.31103,39,2,1,1,2,0,0,0,0,0,7,50,0,9859,9859,1,33,5,2,0,0,0,0
1329214,3,2023,2023,1,4,9,829,31,24,34609,0,1,1,-33.965364,151.250585,59,0,2,1,2,0,0,0,0,0,7,50,0,9859,9859,1,5,5,3,0,0,0,0
1329215,3,2023,2023,1,2,9,143,31,89,181,0,1,2,-33.89034,151.239727,59,0,2,1,2,0,0,0,0,0,7,60,2,14295,14295,3,5,0,2,0,0,0,0
1329216,3,2023,2023,1,1,8,829,27,165,770,0,1,10,-33.852571,151.155911,14,0,2,1,2,0,3,4,0,2,7,60,2,14295,14295,3,0,5,2,0,0,0,0
1329224,3,2023,2023,1,4,5,478,17,128,480,0,1,2,-33.427525,151.331791,16,2,2,1,1,0,0,0,2,0,7,70,2,190,190,1,0,36,3,0,0,0,0
1329234,3,2023,2023,0,6,1,2126,17,40,2149,0,1,1,-33.711881,150.520918,8,2,2,1,2,0,0,0,0,0,7,80,2,9859,9859,1,29,40,2,0,0,0,0
1329254,3,2023,2023,8,4,5,55,31,78,30,0,1,9,-28.326387,153.39598,72,2,1,1,1,0,0,0,2,0,7,50,1,1192,1192,1,10,5,2,0,0,0,0
1329296,3,2023,2023,5,3,8,8,31,92,34609,0,1,9,-33.40556,151.354008,16,2,2,1,2,0,0,0,0,0,15,50,0,4552,985,8,10,40,1,0,0,0,0
1329309,3,2023,2023,5,3,8,24,31,290,28,0,1,9,-33.846885,150.985447,21,0,2,1,1,0,0,0,2,0,7,50,1,2852,2852,4,30,5,2,0,0,0,0
1329316,3,2023,2023,5,2,6,55,27,74,9,0,1,7,-33.728847,151.041241,31,0,2,0,3,0,0,0,2,0,0,60,1,926,926,4,19,5,2,0,0,0,0
1329321,3,2023,2023,5,0,9,21,27,62,23,0,1,7,-33.745315,150.61573,8,2,2,1,2,0,0,0,0,0,0,50,1,775,775,4,5,5,2,0,0,0,0
1329328,3,2023,2023,5,5,11,8,31,12,34609,0,1,1,-33.355186,149.977468,40,2,1,1,2,0,0,0,0,0,7,50,0,4026,4026,1,33,5,3,0,0,0,0
1329333,3,2023,2023,5,4,5,147,27,102,34609,0,1,1,-33.972859,151.227526,59,0,2,1,3,0,0,0,2,0,7,50,0,941,941,1,9,22,8,0,0,0,0
1329344,3,2023,2023,5,6,7,162,31,532,24,0,1,10,-33.868684,151.206035,69,0,2,1,1,0,0,0,2,2,7,40,1,515,515,1,5,10,2,0,0,0,0
1329360,3,2023,2023,1,5,9,344,27,88,163,0,1,2,-33.738629,150.857205,7,0,2,1,2,0,0,0,3,0,7,70,2,14295,14295,3,33,5,2,0,0,0,0
1329363,3,2023,2023,1,5,4,478,17,78,480,0,1,7,-33.422575,151.438949,16,2,2,1,0,0,0,0,2,0,7,60,2,1192,1192,1,10,5,2,0,0,0,0
1329366,3,2023,2023,1,4,4,43,27,5,46,0,1,1,-28.29237,153.5654,72,2,1,0,0,0,0,6,2,0,7,80,1,1957,4009,8,5,40,1,0,0,0,0
1329390,3,2023,2023,1,4,10,12,1,134,34609,0,1,10,-33.89154,151.252026,76,0,2,1,3,0,0,0,0,2,7,50,0,5929,5929,1,5,5,2,0,0,0,0
1329394,3,2023,2023,1,6,7,2261,17,96,2252,0,1,3,-34.228156,150.669079,79,1,2,1,3,0,0,0,2,0,7,110,2,9859,9859,8,10,40,1,0,0,0,0
1329396,3,2023,2023,1,5,7,515,14,60,518,0,1,3,-33.943718,150.94757,41,0,2,1,3,0,0,0,2,0,7,100,2,14295,14295,3,0,0,2,0,0,0,0
1329397,3,2023,2023,1,3,6,485,27,187,769,1,0,2,-33.792725,150.999005,54,0,2,1,0,0,0,0,2,0,7,60,2,5929,5929,1,5,0,2,0,0,0,0
1329399,3,2023,2023,1,0,1,123,36,37,90,0,1,1,-31.349327,151.534289,51,1,0,1,0,0,0,0,0,0,7,100,1,4026,4026,8,10,40,1,0,0,0,0
1329404,3,2023,2023,1,5,4,1,27,33,34609,0,1,1,-34.775888,150.708149,63,2,1,1,0,0,0,0,2,0,7,50,0,84,84,8,8,40,1,0,0,0,0
1329413,3,2023,2023,1,1,8,11,31,198,34609,0,1,1,-33.920374,151.097986,15,0,2,1,0,0,0,0,0,0,7,50,0,1282,1282,1,33,0,2,0,0,0,0
1329419,3,2023,2023,1,3,10,475,31,162,240,0,1,9,-33.851021,150.899145,24,0,2,1,2,0,0,0,0,3,7,70,2,14295,14295,3,5,5,3,0,0,0,0
1329420,3,2023,2023,1,0,3,8,27,40,34609,1,0,1,-34.019282,151.12066,68,0,2,1,3,0,0,0,1,0,7,50,0,248,248,1,29,0,2,0,0,0,0
1329422,3,2023,2023,1,6,7,44,1,126,22,0,1,9,-33.918798,150.814916,41,0,2,1,3,0,3,4,2,0,0,60,1,2852,2852,4,0,12,2,0,0,0,0
1329423,3,2023,2023,1,3,9,2261,17,47,2252,0,1,2,-35.788269,147.270846,27,1,0,0,3,0,0,3,3,0,7,110,2,418,714,5,19,40,1,0,0,0,0
1329425,3,2023,2023,1,5,6,196,10,166,168,0,1,2,-33.944123,150.982473,15,0,2,1,3,0,0,0,2,0,7,60,2,1282,1282,1,8,40,2,0,0,0,0
1329427,3,2023,2023,1,6,8,515,14,294,518,0,1,3,-33.940678,150.931727,41,0,2,1,3,0,3,4,2,0,7,100,2,14295,14295,3,5,0,2,0,0,0,0
1329433,3,2023,2023,1,4,3,194,31,445,18,0,1,1,-33.864117,151.047732,21,0,2,0,3,0,0,0,2,0,7,50,1,4552,5151,1,9,12,4,0,0,0,0
1329434,3,2023,2023,8,4,8,308,14,127,311,0,1,3,-33.832802,150.856444,24,0,2,1,3,0,0,0,3,0,7,100,2,14295,14295,3,5,13,3,0,0,0,0
1329436,3,2023,2023,1,3,5,5,13,19,34609,0,1,1,-28.214088,153.494377,72,2,1,1,3,0,0,0,2,0,7,50,0,9859,9859,1,5,5,2,0,0,0,0
1329437,3,2023,2023,1,1,0,361,32,62,96,0,1,9,-33.89408,151.149844,32,0,2,1,3,0,0,0,0,2,9,60,2,5929,5929,1,5,25,2,0,0,0,0
1329438,3,2023,2023,5,5,11,16,27,20,17,0,1,1,-35.047272,149.154613,82,1,0,0,3,0,3,4,0,0,7,100,1,4552,5151,8,10,40,1,0,0,0,0
1329439,3,2023,2023,5,2,10,220,27,92,222,0,1,10,-33.758268,150.955369,71,0,2,1,3,0,0,0,2,2,7,80,2,5929,5929,1,0,5,2,0,0,0,0
1329440,3,2023,2023,1,6,10,55,27,137,96,0,1,1,-32.960554,151.694045,37,0,2,1,3,0,3,4,0,0,7,60,2,9859,9859,8,10,40,1,0,0,0,0
1329441,3,2023,2023,5,0,7,3,27,15,34609,0,1,1,-34.148447,146.800005,51,1,0,1,3,0,0,0,2,0,7,100,0,945,945,5,5,40,1,0,0,0,0
1329445,3,2023,2023,1,3,5,232,36,252,331,0,1,2,-33.954865,150.864184,41,0,2,1,3,0,0,0,2,0,7,70,2,1383,1383,1,0,5,2,0,0,0,0
1329447,3,2023,2023,1,4,8,2261,17,32,2252,0,1,9,-34.837288,149.013354,82,1,0,0,3,0,0,0,2,0,0,110,2,775,775,4,5,35,2,0,0,0,0
1329449,3,2023,2023,1,2,0,6,4,74,34609,0,1,1,-34.029084,150.777056,12,0,2,1,3,0,0,0,0,0,7,50,0,941,941,1,5,5,3,0,0,0,0
1329452,3,2023,2023,1,3,6,125,27,155,75,0,1,10,-33.492792,151.315093,16,2,2,1,3,0,0,0,2,0,15,60,1,6545,6545,4,34,0,2,0,0,0,0
1329454,3,2023,2023,1,4,3,2261,17,11,2252,0,1,1,-33.886723,151.106905,9,0,2,1,3,0,0,0,2,0,7,60,2,1383,1383,1,0,5,2,0,0,0,0
1329455,3,2023,2023,1,4,7,154,27,293,244,0,1,1,-33.923009,151.058524,15,0,2,1,3,0,0,0,2,0,7,60,2,14295,14295,3,5,0,2,0,0,0,0
1329456,3,2023,2023,1,2,6,53,27,155,51,0,1,1,-33.497599,151.319761,16,2,2,1,3,0,0,0,2,0,7,60,1,14295,14295,3,0,5,2,0,0,0,0
1329457,3,2023,2023,1,6,4,334,17,11,308,0,1,1,-30.992267,150.777011,70,1,0,1,3,0,0,0,2,0,7,100,2,945,945,5,29,40,1,0,0,0,0
1329458,3,2023,2023,1,1,7,308,14,76,311,0,1,3,-33.921412,150.85441,41,0,2,1,3,0,0,0,2,0,7,100,2,1383,1383,1,29,0,2,0,0,0,0
1329459,3,2023,2023,1,0,4,2126,17,75,2149,0,1,10,-33.873071,151.126035,32,0,2,1,3,0,0,0,2,2,7,60,2,14295,14295,3,5,5,2,0,0,0,0
1329460,3,2023,2023,11,0,5,9,10,67,34609,0,1,10,-33.712899,150.899368,7,0,2,1,3,0,0,0,2,2,7,50,0,2852,2852,4,5,5,2,0,0,0,0
1329464,3,2023,2023,1,4,6,36,27,438,25,0,1,9,-33.856608,151.019872,21,0,2,1,3,0,0,0,2,0,15,50,1,926,926,4,0,5,2,0,0,0,0
1329468,3,2023,2023,1,2,6,10,31,115,34609,0,1,10,-33.877866,151.18151,69,0,2,1,3,0,0,0,2,0,0,50,0,6545,6545,4,5,5,2,0,0,0,0
1329471,3,2023,2023,1,1,3,81,17,35,34609,0,1,9,-34.33195,150.560606,78,1,0,1,3,0,0,0,2,0,7,100,0,941,941,1,30,5,2,0,0,0,0
1329473,3,2023,2023,1,6,4,1104,14,149,962,0,1,3,-33.816427,150.964554,21,0,2,1,3,0,0,0,2,0,7,90,2,14295,14295,3,5,13,2,0,0,0,0
1329474,3,2023,2023,1,2,4,500,27,129,799,0,1,1,-33.927682,151.079239,15,0,2,1,3,0,0,0,2,0,7,60,2,1282,1282,1,5,12,2,0,0,0,0
1329476,3,2023,2023,1,6,8,40,1,16,34609,0,1,9,-35.095216,147.382581,75,2,1,1,3,0,3,4,2,0,0,60,0,5929,5929,1,0,0,2,0,0,0,0
1329478,3,2023,2023,1,6,7,10,36,31,6,0,1,1,-36.59716,149.064282,65,1,0,0,3,0,0,0,2,0,7,100,1,782,957,5,5,40,1,0,0,0,0
1329480,3,2023,2023,5,1,10,64,27,278,284,0,1,9,-33.77658,151.057115,54,0,2,1,3,0,0,0,0,0,7,60,2,623,623,3,0,36,2,0,0,0,0
1329484,3,2023,2023,1,0,3,97,27,271,799,0,1,2,-33.936217,151.011731,15,0,2,1,3,0,0,0,1,0,7,70,2,14295,14295,3,5,13,2,0,0,0,0
1329489,3,2023,2023,1,5,10,2126,17,445,2149,0,1,9,-33.851258,151.054551,21,0,2,1,3,0,0,3,0,0,7,60,2,2852,2852,4,5,0,2,0,0,0,0
1329491,3,2023,2023,1,6,4,24,27,9,24,0,1,1,-28.308683,153.296949,72,2,1,1,3,0,0,0,2,0,7,80,1,14295,14295,3,10,13,2,0,0,0,0
1329493,3,2023,2023,1,5,5,1104,14,445,962,0,1,3,-33.852618,151.058415,54,0,2,1,3,0,0,0,2,0,7,90,2,14295,14295,3,5,5,3,0,0,0,0
1329495,3,2023,2023,1,3,9,3371,17,40,3342,0,1,2,-31.524163,152.792822,56,1,0,1,3,0,0,0,3,0,7,100,2,4026,4026,8,5,40,1,0,0,0,0
1329499,3,2023,2023,1,3,8,1052,14,60,928,0,1,3,-33.435388,151.262157,16,1,2,0,3,0,0,0,2,0,7,110,2,1850,1463,5,0,40,1,0,0,0,0
1329500,3,2023,2023,1,4,10,3,7,609,34609,0,1,9,-33.769441,150.894106,7,0,2,1,3,0,0,0,0,0,0,50,0,2585,777,8,5,40,1,0,0,0,0
1329501,3,2023,2023,1,3,9,98,31,80,34609,0,1,1,-33.940196,151.212707,4,0,2,1,3,0,0,0,4,0,7,50,0,84,84,6,33,40,2,0,0,0,0
1329502,3,2023,2023,1,1,6,500,27,145,799,0,1,9,-33.930889,151.0655,15,0,2,1,3,0,0,0,2,0,7,60,2,5929,5929,1,0,36,2,0,0,0,0
1329503,3,2023,2023,1,6,11,283,27,145,702,1,0,10,-33.922865,151.068505,15,0,2,1,3,0,3,0,0,2,7,60,2,926,926,4,5,13,2,0,0,0,0
1329504,3,2023,2023,1,5,3,11,27,36,34609,0,1,1,-33.796596,150.940362,21,0,2,1,3,0,3,1,2,0,7,50,0,9859,9859,1,5,35,2,0,0,0,0
1329510,3,2023,2023,1,5,8,2126,17,179,2149,0,1,10,-33.756942,150.712168,55,0,2,1,3,0,0,0,0,2,7,60,2,14295,14295,3,30,5,2,0,0,0,0
1329512,3,2023,2023,1,1,7,293,27,103,172,0,1,10,-32.942427,151.657926,37,0,2,1,3,0,0,0,2,3,7,60,2,1383,1383,1,0,5,3,0,0,0,0
1329513,3,2023,2023,1,3,10,16,27,37,16,0,1,1,-33.850306,150.732654,55,0,2,1,3,0,3,4,0,0,7,80,1,1282,1282,1,21,0,2,0,0,0,0
1329517,3,2023,2023,1,2,3,31,1,234,139,0,1,7,-34.288972,146.055572,28,2,1,0,3,0,0,3,1,0,0,50,2,6545,6545,4,10,5,2,0,0,0,0
1329519,3,2023,2023,1,3,10,3371,17,16,3342,0,1,2,-28.404309,153.527825,72,1,0,1,3,0,0,3,0,0,7,110,2,404,404,8,30,40,1,0,0,0,0
1329521,3,2023,2023,1,5,8,2126,17,438,2149,0,1,10,-33.837919,151.026996,21,0,2,1,3,0,0,0,2,2,7,60,2,5929,5929,1,0,13,2,0,0,0,0
1329522,3,2023,2023,1,4,10,22,27,26,34609,0,1,1,-34.859359,150.587367,63,2,1,1,3,0,0,0,4,0,7,60,0,9859,9859,1,5,5,2,0,0,0,0
1329534,3,2023,2023,1,2,5,478,17,20,480,0,1,7,-33.410555,151.459388,16,2,2,1,3,0,0,0,2,0,0,70,2,14295,14295,3,5,12,2,0,0,0,0
1329535,3,2023,2023,1,6,8,57,27,337,47,0,1,9,-33.726388,150.990221,71,0,2,1,3,0,3,0,2,2,7,60,2,14295,14295,3,10,0,3,0,0,0,0
1329538,3,2023,2023,1,4,5,2,31,92,34609,0,1,1,-33.413786,151.354519,16,2,2,1,3,0,0,0,2,0,7,50,0,4026,4026,1,5,5,2,0,0,0,0
1329543,3,2023,2023,1,6,3,153,27,188,147,0,1,1,-33.951191,151.091962,25,0,2,1,3,0,0,0,1,0,7,60,2,14295,14295,3,30,10,2,0,0,0,0
1329555,3,2023,2023,1,2,5,57,31,18,34609,0,1,9,-32.947635,151.662611,37,0,2,1,3,0,0,0,2,0,0,50,0,2852,2852,4,5,13,2,0,0,0,0
1329559,3,2023,2023,1,2,5,97,31,460,92,0,1,9,-33.829835,150.993341,21,0,2,1,0,0,0,0,2,2,7,60,1,5929,5929,1,5,5,2,0,0,0,0
1329574,3,2023,2023,1,5,5,8,31,113,34609,0,1,1,-29.469425,149.842563,51,2,1,0,2,0,3,4,2,0,7,50,0,4552,5151,8,0,40,1,0,0,0,0
1329582,3,2023,2023,1,6,7,175,27,55,220,0,1,9,-33.752103,150.915409,7,0,2,1,0,0,0,0,2,0,7,70,2,1383,1383,1,5,5,2,0,0,0,0
1329602,3,2023,2023,1,0,9,37,27,58,34609,0,1,1,-33.235924,151.404509,16,2,2,0,0,0,0,0,0,0,7,40,0,2585,4009,8,5,40,1,0,0,0,0
1329603,3,2023,2023,1,2,7,4,10,6,34609,0,1,9,-33.712278,150.870613,7,0,2,1,1,0,0,0,2,0,7,50,0,9859,9859,8,5,40,1,0,0,0,0
1329604,3,2023,2023,8,5,10,294,17,15,288,0,1,1,-34.553254,144.708553,51,1,0,1,0,0,0,0,0,0,7,110,2,1945,1945,5,26,40,1,0,0,0,0