Crash ID,Degree of crash - detailed,Reporting year,Year of crash,Month of crash,Day of week of crash,Two-hour intervals,Street of crash,Street type,Town,Route no.,School zone location,School zone active,Type of location,Latitude,Longitude,LGA,Urbanisation,Conurbation 1,Alignment,Street lighting,Road surface,Surface condition,Weather,Natural lighting,Signals operation,Other traffic control,Speed limit,Road classification,RUM - code,DCA - code,First impact type,Key TU type,Other TU type,No. of traffic units involved,No. killed,No. seriously injured,No. moderately injured,No. minor-other injured
1329627,3,2023,2023,1,1,5,133,27,316,34609,0,1,1,-31.449084,152.891896,56,2,1,0,1,0,0,0,2,0,7,50,0,941,941,1,19,0,2,0,0,0,0
1329628,3,2023,2023,1,0,8,3,27,155,34609,0,1,1,-33.136876,148.09713,53,2,1,0,0,0,0,0,0,0,7,80,0,1957,4009,8,0,40,1,0,0,0,0
1329638,3,2023,2023,1,0,7,1052,14,149,928,0,1,3,-33.357118,151.347931,16,1,2,1,0,0,0,0,2,0,7,110,2,1383,1383,1,5,5,2,0,0,0,0
1329641,3,2023,2023,1,4,1,9,1,346,34609,0,1,1,-33.879187,151.080549,67,0,2,1,2,0,0,0,0,0,7,50,0,9859,9859,1,0,0,2,0,0,0,0
1329642,3,2023,2023,1,2,0,60,27,219,262,0,1,7,-32.910726,151.645965,48,0,2,0,2,0,0,0,0,0,0,90,2,4552,5151,8,5,40,1,0,0,0,0
1329663,3,2023,2023,1,0,7,1,16,76,34609,0,1,9,-35.343003,150.45897,63,2,1,1,2,0,0,0,2,0,7,50,0,175,188,8,5,40,1,0,0,0,0
1329668,3,2023,2023,1,6,6,2,23,69,34609,0,1,2,-32.934336,151.756292,48,0,2,1,2,0,0,0,2,0,7,40,0,1282,1282,1,33,12,2,0,0,0,0
1329684,3,2023,2023,6,3,9,1,4,74,34609,0,1,1,-34.023998,150.78443,12,0,2,0,2,0,0,0,0,0,7,50,0,4552,5151,1,5,13,4,0,0,0,0
1329703,3,2023,2023,1,1,6,2126,17,363,2149,0,1,9,-33.824798,151.004625,54,0,2,1,1,0,0,0,2,2,7,60,2,5929,5929,1,5,5,3,0,0,0,0
1329718,3,2023,2023,1,6,7,475,31,134,34609,0,1,10,-33.68001,150.865268,7,0,2,1,0,0,0,0,2,0,0,50,0,6545,6545,4,0,36,2,0,0,0,0
1329724,3,2023,2023,1,4,7,2209,17,79,2205,0,1,7,-34.914461,150.603302,63,2,1,1,1,0,0,0,2,0,0,70,2,1282,1282,1,33,0,2,0,0,0,0
1329727,3,2023,2023,1,2,10,89,27,4,34609,0,1,1,-32.72868,151.514965,42,2,1,1,2,0,0,0,0,0,7,80,0,4026,4026,8,0,40,1,0,0,0,0
1329731,3,2023,2023,1,3,2,2261,17,523,2252,0,1,9,-33.937924,150.913529,41,0,2,1,2,0,0,0,0,2,7,60,2,4026,4026,8,5,40,1,0,0,0,0
1329732,3,2023,2023,1,4,10,3371,36,9,34609,0,1,1,-36.859143,149.933521,5,2,1,0,2,0,3,4,0,0,7,50,0,1957,4009,1,10,5,2,0,0,0,0
1329745,3,2023,2023,1,1,10,64,27,278,284,0,1,9,-33.77658,151.057115,54,0,2,1,2,0,0,0,0,0,7,60,2,3775,3775,0,0,5,2,0,0,0,0
1329771,3,2023,2023,1,4,0,3,31,134,34609,0,1,10,-33.515268,151.322018,16,2,2,1,0,0,0,0,0,0,0,50,0,9859,9859,1,33,5,2,0,0,0,0
1329773,3,2023,2023,1,6,11,478,17,50,480,0,1,7,-33.239896,151.565477,16,2,2,0,2,0,3,3,0,0,0,60,2,1259,5151,8,5,40,1,0,0,0,0
1329775,3,2023,2023,3,1,4,485,31,169,769,0,1,10,-33.600735,150.75931,29,2,2,1,1,0,0,0,2,2,7,60,2,1391,1391,1,5,13,4,0,0,0,0
1329778,3,2023,2023,1,0,3,3371,17,19,3342,0,1,2,-28.818488,153.528485,2,1,0,0,0,0,0,0,2,0,7,110,2,1383,1383,1,33,5,2,0,0,0,0
1329828,3,2023,2023,8,2,7,475,10,42,268,0,1,9,-33.913673,150.906715,41,0,2,1,1,0,0,0,2,0,0,70,2,14295,14295,3,5,0,2,0,0,0,0
1329838,3,2023,2023,6,2,6,1052,14,56,928,0,1,3,-32.989177,151.518317,37,0,2,1,1,0,0,0,2,0,7,110,2,14295,14295,3,5,5,2,0,0,0,0
1329857,3,2023,2023,5,2,4,95,27,42,605,0,1,9,-33.662506,151.315943,50,0,2,1,3,0,0,0,2,2,7,60,2,6545,6545,4,5,0,2,0,0,0,0
1329876,3,2023,2023,5,6,7,24,27,201,47,0,1,7,-33.989158,150.859347,13,0,2,1,1,0,0,0,2,0,0,60,1,1192,1192,1,10,40,2,0,0,0,0
1329883,3,2023,2023,5,0,11,1,1,95,34609,0,1,1,-33.735506,150.846104,7,0,2,0,2,0,0,0,0,0,7,50,0,220,220,1,5,36,2,0,0,0,0
1329889,3,2023,2023,5,2,9,24,31,290,28,0,1,1,-33.845864,150.980285,21,0,2,1,2,0,0,0,0,0,7,50,1,9859,9859,8,5,40,1,0,0,0,0
1329904,3,2023,2023,1,2,3,1052,14,54,928,0,1,3,-33.447421,151.218614,16,1,2,0,3,0,0,0,1,0,7,110,2,4552,5151,8,10,40,1,0,0,0,0
1329911,3,2023,2023,5,3,10,163,27,41,165,0,1,1,-33.72907,150.820231,7,0,2,1,2,0,0,0,0,0,7,60,1,9859,9859,8,30,40,1,0,0,0,0
1329930,3,2023,2023,1,4,5,515,14,166,518,0,1,3,-33.946645,150.971844,15,0,2,1,3,0,0,0,2,0,7,100,2,14295,14295,3,8,12,2,0,0,0,0
1329931,3,2023,2023,1,2,2,2126,17,65,2149,0,1,2,-33.518734,150.14664,40,2,1,1,0,0,0,0,0,0,7,80,2,4026,4026,8,5,40,1,0,0,0,0
1329944,3,2023,2023,1,5,11,178,31,48,34609,0,1,9,-36.680553,149.848591,5,2,1,1,2,0,3,4,0,0,7,50,0,4026,4026,8,5,40,1,0,0,0,0
1329952,3,2023,2023,1,0,10,171,31,77,34609,0,1,1,-30.3278,149.77521,51,2,1,1,0,0,0,0,0,0,7,50,0,220,220,1,10,0,2,0,0,0,0
1329953,3,2023,2023,1,5,8,224,27,102,321,1,0,9,-33.942088,151.19517,4,0,2,1,3,0,0,0,3,0,7,50,2,9859,9859,8,5,40,1,0,0,0,0
1329956,3,2023,2023,1,6,7,48,31,72,44,0,1,10,-33.828913,151.22197,49,0,2,1,3,0,0,3,2,2,7,50,1,926,926,4,5,0,2,0,0,0,0
1329957,3,2023,2023,1,3,5,112,17,10,112,0,1,1,-31.724718,142.674445,51,1,0,0,3,0,0,0,2,0,7,110,2,273,957,5,0,40,1,0,0,0,0
1329960,3,2023,2023,1,3,3,3371,17,24,3342,0,1,9,-31.605681,152.72888,56,1,0,1,3,0,0,0,1,0,7,110,2,945,945,5,9,40,1,0,0,0,0
1329976,3,2023,2023,1,5,7,1,3,370,256,0,1,10,-34.067732,150.816819,13,0,2,1,1,0,0,0,2,2,7,60,2,14295,14295,3,5,5,2,0,0,0,0
1329988,3,2023,2023,11,1,8,83,27,10,72,0,1,1,-28.738762,153.39644,39,1,0,1,3,0,0,0,2,0,7,100,2,1089,1089,7,0,40,1,0,0,0,0
1329989,3,2023,2023,11,5,5,17,31,290,33,0,1,1,-33.953407,151.123514,4,0,2,1,3,0,0,0,2,0,7,50,1,9859,9859,1,33,5,2,0,0,0,0
1329990,3,2023,2023,11,5,4,20,10,30,91,0,1,9,-35.357186,149.214066,58,2,1,1,3,0,0,0,2,0,0,60,2,775,775,4,5,0,2,0,0,0,0
1329992,3,2023,2023,1,5,4,475,31,169,41,0,1,9,-33.896967,151.206568,69,0,2,1,3,0,0,0,2,0,0,50,1,775,775,4,5,5,2,0,0,0,0
1330000,3,2023,2023,1,6,2,1,31,252,34609,0,1,1,-33.88446,151.212058,69,0,2,1,3,0,3,3,0,0,7,40,0,1282,1282,1,5,19,2,0,0,0,0
1330003,3,2023,2023,11,3,1,346,17,12,332,0,1,1,-28.852831,152.90112,60,1,0,1,3,0,0,0,0,0,7,100,2,1089,1089,7,0,40,1,0,0,0,0
1330004,3,2023,2023,11,0,3,1104,14,9,962,0,1,7,-33.759813,150.651993,55,0,2,0,3,0,3,4,2,0,0,60,2,395,395,1,8,5,2,0,0,0,0
1330006,3,2023,2023,11,2,5,3371,17,117,3342,0,1,2,-28.189075,153.525968,72,1,0,1,3,0,0,0,2,0,7,100,2,9859,9859,8,0,40,1,0,0,0,0
1330007,3,2023,2023,11,0,9,65,27,202,563,0,1,10,-33.941377,151.035262,15,0,2,1,3,0,0,0,3,0,15,70,2,150,150,4,5,0,2,0,0,0,0
1330009,3,2023,2023,11,2,5,109,27,56,174,0,1,9,-32.987925,151.520057,37,0,2,1,3,0,0,0,2,0,15,80,2,2852,2852,4,5,5,2,0,0,0,0
1330012,3,2023,2023,1,4,11,71,31,78,125,0,1,9,-33.847154,151.012657,21,0,2,1,3,0,0,0,0,3,7,60,1,5929,5929,1,10,5,2,0,0,0,0
1330013,3,2023,2023,1,2,5,280,10,54,240,0,1,7,-33.851144,150.876332,24,0,2,0,3,0,0,0,2,0,0,60,2,301,301,4,5,0,2,0,0,0,0
1330015,3,2023,2023,11,0,8,829,27,304,140,0,1,10,-33.90685,151.164522,32,0,2,1,3,0,0,0,2,2,7,60,1,5929,5929,1,0,5,2,0,0,0,0
1330019,3,2023,2023,11,2,6,18,31,108,57,0,1,10,-28.862064,153.558099,2,2,1,1,3,0,3,0,2,2,0,60,1,6545,6545,4,10,5,2,0,0,0,0
1330025,3,2023,2023,11,6,4,95,31,370,15,0,1,9,-34.061888,150.818608,13,0,2,1,3,0,0,0,2,0,6,60,1,941,941,1,0,5,2,0,0,0,0
1330026,3,2023,2023,1,6,8,113,27,78,111,0,1,1,-33.853038,150.78829,55,0,2,1,3,0,3,4,2,0,7,80,2,14295,14295,3,5,0,3,0,0,0,0
1330028,3,2023,2023,1,4,11,74,27,66,59,0,1,9,-34.478215,150.897618,80,0,2,1,3,0,0,0,0,0,0,80,2,782,985,5,5,40,1,0,0,0,0
1330031,3,2023,2023,11,2,7,117,1,210,121,0,1,10,-34.038741,151.091338,68,0,2,1,3,0,0,0,2,2,7,60,1,5929,5929,1,5,25,2,0,0,0,0
1330032,3,2023,2023,11,1,5,2126,17,75,2149,0,1,1,-33.710108,150.374795,8,2,2,1,3,0,0,0,2,0,7,60,2,14295,14295,3,0,5,2,0,0,0,0
1330033,3,2023,2023,5,6,3,2261,17,112,2252,0,1,9,-33.914341,150.924756,41,0,2,1,3,0,0,0,0,2,7,70,2,5929,5929,1,10,5,2,0,0,0,0
1330035,3,2023,2023,1,1,4,137,14,24,70,0,1,3,-32.763742,151.442637,17,1,0,1,3,0,0,0,2,0,7,110,2,204,204,1,8,5,2,0,0,0,0
1330037,3,2023,2023,11,4,8,5,31,65,19,0,1,9,-33.803543,150.958232,21,0,2,1,3,0,0,0,2,0,15,50,1,2852,2852,4,5,41,2,0,0,0,0
1330039,3,2023,2023,11,0,8,75,10,63,165,0,1,2,-33.931405,151.212445,4,0,2,1,3,0,0,0,2,0,7,80,2,1945,1945,5,10,40,1,0,0,0,0
1330042,3,2023,2023,1,3,4,2,27,7,15,0,1,1,-33.280467,148.264607,51,1,0,1,0,0,0,0,2,0,7,100,1,4026,4026,8,30,40,1,0,0,0,0
1330051,3,2023,2023,1,0,9,46,36,9,46,0,1,1,-32.692782,149.038087,22,1,0,0,3,0,0,0,4,0,7,100,1,4552,5151,8,34,40,1,0,0,0,0
1330052,3,2023,2023,11,2,9,387,36,115,69,0,1,10,-33.745719,151.222475,50,0,2,1,3,0,0,0,4,2,7,70,2,5929,5929,1,30,36,3,0,0,0,0
1330056,3,2023,2023,11,1,8,265,10,445,563,0,1,9,-33.859569,151.042915,21,0,2,1,3,0,0,0,4,0,7,70,2,1391,1391,1,10,0,2,0,0,0,0
1330057,3,2023,2023,11,1,4,234,27,112,217,0,1,9,-33.69434,151.018592,71,0,2,1,3,0,0,0,2,0,15,60,2,2852,2852,4,10,5,2,0,0,0,0
1330058,3,2023,2023,11,6,7,866,31,79,34609,0,1,10,-33.967924,151.118639,4,0,2,1,3,0,0,0,2,0,0,50,0,6545,6545,4,0,5,2,0,0,0,0
1330062,3,2023,2023,11,6,9,5,27,2,34609,0,1,1,-28.761215,152.876261,51,1,0,1,3,2,0,0,3,0,7,100,0,945,945,5,0,40,1,0,0,0,0
1330064,3,2023,2023,11,0,4,1,27,15,34609,0,1,1,-34.439575,150.886812,80,0,2,1,3,0,0,0,2,0,7,50,0,14295,14295,3,0,5,3,0,0,0,0
1330065,3,2023,2023,11,0,8,44,27,50,15,0,1,1,-33.235102,151.567208,16,2,2,0,3,0,0,0,2,0,7,50,1,4552,5151,8,9,40,1,0,0,0,0
1330066,3,2023,2023,1,6,1,157,17,36,158,0,1,1,-33.519322,149.263694,51,2,1,1,3,0,3,3,0,0,7,80,2,84,84,8,8,40,1,0,0,0,0
1330071,3,2023,2023,11,6,0,334,17,8,308,0,1,1,-30.981107,150.44994,51,2,1,1,3,0,0,0,0,0,7,70,2,4026,4026,8,30,40,3,0,0,0,0
1330073,3,2023,2023,1,5,8,27,36,29,27,0,1,1,-31.714018,149.723265,51,1,0,1,3,0,0,0,2,0,7,100,1,9859,9859,8,0,40,1,0,0,0,0
1330074,3,2023,2023,11,0,4,2261,17,284,2252,1,2,2,-33.905969,151.015188,15,0,2,1,3,0,0,0,2,0,7,40,2,14295,14295,3,5,0,3,0,0,0,0
1330075,3,2023,2023,11,5,8,75,10,108,34609,0,1,1,-28.848708,153.555116,2,2,1,1,3,0,0,0,2,0,7,60,0,14295,14295,3,5,13,2,0,0,0,0
1330083,3,2023,2023,11,3,3,6,10,76,34609,0,1,1,-35.352404,150.460961,63,2,1,1,3,0,0,0,1,0,7,50,0,9859,9859,1,5,4,2,0,0,0,0
1330084,3,2023,2023,5,0,8,7,27,3,9,0,1,1,-29.776279,150.715223,51,1,0,1,3,0,0,0,4,0,7,100,1,1089,1089,7,0,40,1,0,0,0,0
1330085,3,2023,2023,11,3,10,18,27,10,14,0,1,1,-28.793112,153.271996,39,2,1,1,3,0,0,0,0,0,7,80,1,4026,4026,8,0,40,1,0,0,0,0
1330087,3,2023,2023,1,1,9,1,27,2,34609,0,1,1,-30.278022,151.103861,51,1,0,1,3,0,0,0,0,0,7,100,0,1089,1089,7,0,40,1,0,0,0,0
1330099,3,2023,2023,11,0,4,294,17,56,288,0,1,1,-35.121699,147.38879,75,2,1,1,3,0,3,4,2,0,7,60,2,1669,1669,3,5,5,2,0,0,0,0
1330102,3,2023,2023,1,3,6,204,31,41,82,0,1,7,-35.126466,147.354296,75,2,1,1,3,0,0,0,2,0,0,60,1,926,926,4,33,0,2,0,0,0,0
1330105,3,2023,2023,11,2,7,117,27,73,702,0,1,10,-33.831387,151.088071,14,0,2,0,3,0,0,0,2,2,7,70,2,1383,1383,1,5,5,2,0,0,0,0
1330106,3,2023,2023,11,1,8,2126,17,163,2149,0,1,9,-33.868094,151.099174,14,0,2,1,3,0,0,0,2,2,7,60,2,14295,14295,3,8,0,2,0,0,0,0
1330107,3,2023,2023,11,1,3,7,10,66,260,0,1,1,-32.931254,151.653298,37,0,2,1,3,0,0,0,2,0,7,60,2,14295,14295,3,9,5,2,0,0,0,0
1330109,3,2023,2023,1,5,7,10,31,61,34609,0,1,10,-29.746895,151.733959,51,2,1,1,3,0,0,0,2,0,0,50,0,6545,6545,4,9,0,2,0,0,0,0
1330110,3,2023,2023,1,3,9,32,27,78,28,0,1,10,-33.884412,150.791981,41,0,2,1,2,0,0,0,4,0,0,60,1,2852,2852,4,0,0,2,0,0,0,0
1330111,3,2023,2023,1,6,4,8,27,164,8,0,1,9,-33.740186,150.885087,7,0,2,1,3,0,0,0,2,0,7,60,1,5929,5929,1,5,5,3,0,0,0,0
1330114,3,2023,2023,11,2,6,296,27,147,293,0,1,2,-33.873441,150.983351,15,0,2,1,3,0,0,0,2,0,7,70,2,1391,1391,1,8,0,2,0,0,0,0
1330115,3,2023,2023,11,2,11,162,31,53,148,0,1,10,-32.927818,151.763634,48,0,2,1,3,0,0,0,0,2,7,60,1,186,186,1,34,5,2,0,0,0,0
1330118,3,2023,2023,11,3,6,63,27,9,34,1,0,1,-32.948408,151.682833,37,0,2,1,1,0,0,0,2,0,7,60,1,14295,14295,3,0,36,2,0,0,0,0
1330123,3,2023,2023,11,0,8,15,27,18,46,0,1,9,-34.93966,150.705254,63,2,1,1,3,0,0,0,2,0,7,80,1,9859,9859,8,0,40,1,0,0,0,0
1330124,3,2023,2023,1,4,7,2,31,18,34609,0,1,1,-36.081484,146.896018,0,2,1,1,3,0,0,0,2,0,7,50,0,175,188,8,5,40,1,0,0,0,0
1330154,3,2023,2023,11,2,2,308,14,54,311,0,1,3,-33.876438,150.843535,24,0,2,1,2,0,0,0,1,0,7,100,2,1383,1383,1,5,40,2,0,0,0,0
1330170,3,2023,2023,1,0,11,30,27,86,93,0,1,7,-33.750649,150.926386,7,0,2,0,2,0,0,0,0,0,0,60,1,4552,5151,8,5,40,1,0,0,0,0
1330180,3,2023,2023,5,3,5,2126,17,346,2149,0,1,9,-33.867243,151.096321,14,0,2,1,0,0,0,0,2,2,7,60,2,1282,1282,1,0,5,2,0,0,0,0
1330186,3,2023,2023,1,4,9,27,27,17,62,0,1,1,-30.268057,153.048633,19,2,1,0,0,0,3,4,0,0,7,80,1,4552,5151,8,0,40,1,0,0,0,0
1330201,3,2023,2023,1,0,4,2,31,108,34609,0,1,1,-33.760157,151.269745,50,0,2,1,1,0,3,4,2,0,7,50,0,9859,9859,8,5,40,1,0,0,0,0
1330207,3,2023,2023,1,4,8,97,27,166,799,0,1,2,-33.929871,150.991334,15,0,2,1,1,0,0,0,2,0,7,70,2,14295,14295,3,34,25,3,0,0,0,0
1330210,3,2023,2023,11,2,7,3371,17,29,3342,0,1,2,-29.002782,153.443416,60,1,0,1,3,0,0,0,2,0,7,110,2,9859,9859,8,5,40,1,0,0,0,0
1330213,3,2023,2023,11,5,4,3371,17,18,3342,0,1,2,-30.909451,152.917583,34,1,0,0,3,0,0,0,2,0,7,110,2,1957,4009,8,5,40,1,0,0,0,0
1330214,3,2023,2023,1,3,2,2126,17,17,2149,0,1,1,-33.449929,149.815414,3,1,0,1,2,0,0,0,1,2,7,100,2,14295,14295,3,10,41,2,0,0,0,0
1330219,3,2023,2023,1,4,9,169,27,10,34609,0,1,1,-34.159763,142.175103,51,1,0,1,0,0,0,0,3,0,7,100,0,9859,9859,8,5,40,1,0,0,0,0
1330230,3,2023,2023,11,6,9,109,36,10,108,0,1,1,-28.41757,153.455285,72,2,1,0,1,0,0,0,0,0,7,80,1,1850,1463,5,0,40,1,0,0,0,0
1330234,3,2023,2023,11,5,4,11,22,10,34609,0,1,1,-28.434177,153.471779,72,2,1,1,1,0,0,0,2,0,7,50,0,9859,9859,1,5,13,2,0,0,0,0
1330237,3,2023,2023,11,6,11,21,31,107,34609,0,1,0,-33.876334,151.197946,69,0,2,1,2,0,0,0,0,0,7,50,0,9859,9859,8,5,40,1,0,0,0,0
1330240,3,2023,2023,1,0,8,8,27,6,34609,0,1,1,-32.340935,149.698724,44,1,0,1,0,0,0,0,3,0,7,100,0,4026,4026,8,10,40,1,0,0,0,0
1330244,3,2023,2023,1,2,10,33,31,71,34609,0,1,1,-33.970114,151.080401,25,0,2,1,2,0,0,0,0,0,7,50,0,9859,9859,1,5,0,3,0,0,0,0
1330261,3,2023,2023,11,3,0,62,27,63,166,0,1,10,-33.243716,151.468669,16,2,2,1,2,0,0,0,0,2,7,70,2,9859,9859,8,5,40,1,0,0,0,0
1330268,3,2023,2023,11,4,7,1,31,56,34609,0,1,1,-33.860129,151.179643,32,0,2,1,1,0,0,0,2,0,7,50,0,9859,9859,1,33,5,2,0,0,0,0
1330271,3,2023,2023,1,3,0,1,27,61,34609,0,1,1,-33.751606,150.894746,7,0,2,1,2,0,0,0,0,0,7,50,0,9859,9859,1,5,5,2,0,0,0,0
1330278,3,2023,2023,11,2,11,63,31,84,34609,0,1,2,-31.101186,150.92237,70,2,1,1,2,0,0,0,0,0,7,50,0,475,475,5,0,40,1,0,0,0,0
1330280,3,2023,2023,1,4,7,6,1,193,34609,0,1,9,-33.789434,151.071259,61,0,2,1,0,0,0,0,2,0,0,50,0,775,775,4,10,0,2,0,0,0,0
1330286,3,2023,2023,11,6,9,12,31,98,8,0,1,9,-30.971983,150.24583,51,2,1,0,2,0,3,0,0,0,7,50,1,3775,3775,0,5,13,2,0,0,0,0
1330291,3,2023,2023,1,5,9,1,1,294,34609,0,1,1,-33.935114,150.961438,41,0,2,1,2,0,0,0,0,0,7,50,0,4026,4026,1,5,0,2,0,0,0,0
1330305,3,2023,2023,1,6,8,2,27,149,34609,0,1,1,-33.868433,151.179421,32,0,2,1,0,0,0,0,2,0,7,20,0,4026,4026,8,30,40,1,0,0,0,0
1330310,3,2023,2023,1,4,0,265,17,9,193,0,1,1,-34.794237,147.79403,51,1,0,0,0,0,0,1,0,0,7,100,2,4552,5151,8,3,40,1,0,0,0,0
1330313,3,2023,2023,5,0,11,6,31,204,34609,0,1,1,-33.899893,150.935179,24,0,2,1,0,0,0,0,0,0,7,50,0,9859,9859,1,0,5,2,0,0,0,0
1330333,3,2023,2023,1,5,5,3371,17,54,3342,0,1,1,-33.235618,151.501356,16,2,2,1,3,0,0,0,2,0,7,60,2,14295,14295,3,10,0,2,0,0,0,0
1330336,3,2023,2023,3,0,6,9,31,62,34609,0,1,7,-33.724575,150.845835,7,0,2,1,1,0,0,3,2,0,0,50,0,9859,9859,8,10,40,1,0,0,0,0
1330344,3,2023,2023,8,2,2,133,10,21,121,0,1,1,-31.63516,152.728749,56,2,1,0,0,0,0,0,1,0,7,60,1,273,957,5,0,40,1,0,0,0,0
1330348,3,2023,2023,0,3,1,34,31,433,34609,0,1,10,-33.275685,149.097922,52,2,1,1,2,0,0,0,0,0,0,50,0,9859,9859,8,5,40,1,0,0,0,0
1330361,3,2023,2023,8,4,11,2209,17,34,2205,0,1,10,-37.057743,149.903047,5,2,1,1,0,0,0,0,0,0,0,60,2,6545,6545,4,23,5,2,0,0,0,0
1330369,3,2023,2023,6,4,4,15,31,201,34609,0,1,1,-34.897138,150.615578,63,2,1,1,1,0,0,0,2,0,7,50,0,4026,4026,1,5,0,2,0,0,0,0
1330375,3,2023,2023,8,2,0,8,32,290,34609,0,1,1,-33.94175,151.127412,4,0,2,1,0,0,0,0,0,0,7,50,0,9859,9859,8,5,40,2,0,0,0,0
1330391,3,2023,2023,6,1,9,11,31,228,39,0,1,9,-34.759145,149.717674,26,2,1,1,3,0,0,0,3,0,0,60,2,926,926,4,30,2,2,0,0,0,0
1330400,3,2023,2023,5,3,7,77,36,20,34609,0,1,1,-31.03749,152.879369,34,2,1,0,3,0,0,0,2,0,7,50,1,4552,5151,8,5,40,1,0,0,0,0
1330405,3,2023,2023,5,0,4,193,27,50,34609,0,1,1,-33.633261,150.840575,29,2,2,1,0,0,0,0,2,0,7,50,0,248,248,1,33,5,2,0,0,0,0
1330426,3,2023,2023,8,4,8,1,31,71,34609,0,1,1,-33.834778,150.966842,21,0,2,1,2,0,0,0,0,0,7,50,0,387,387,1,0,5,2,0,0,0,0
1330429,3,2023,2023,1,5,4,14,31,215,34609,0,1,1,-35.115603,147.369443,75,2,1,1,0,0,0,0,2,0,7,50,0,248,248,1,0,25,2,0,0,0,0
1330460,3,2023,2023,1,1,10,3371,17,24,3342,1,0,9,-33.709725,151.101535,31,0,2,0,2,0,3,4,0,0,7,60,2,380,714,5,30,40,1,0,0,0,0
1330469,3,2023,2023,5,4,9,7,36,24,103,0,1,1,-32.007766,151.971665,43,1,0,1,2,0,0,0,0,0,7,90,1,1089,1089,7,10,40,1,0,0,0,0
1330472,3,2023,2023,1,1,8,175,27,609,220,0,1,9,-33.767236,150.912522,7,0,2,1,2,0,3,0,3,0,0,60,2,6545,6545,4,5,5,2,0,0,0,0
1330507,3,2023,2023,1,3,6,103,36,3,103,0,1,1,-32.144807,151.940143,43,1,0,1,3,0,0,0,2,0,7,90,1,9859,9859,8,10,40,1,0,0,0,0
1330535,3,2023,2023,1,3,5,1,31,30,34609,1,0,9,-30.093672,145.946644,51,2,1,1,3,0,0,0,2,0,7,50,0,4026,4026,8,3,40,1,0,0,0,0
1330537,3,2023,2023,11,2,0,2,27,16,34609,0,1,9,-33.738356,150.483091,8,2,2,1,3,0,0,0,0,0,7,50,0,4026,4026,8,10,40,1,0,0,0,0
1330562,3,2023,2023,11,5,2,6,27,105,34609,0,1,1,-32.713655,151.51859,42,2,1,0,3,0,3,0,0,0,7,50,0,4552,5151,8,34,40,1,0,0,0,0
1330564,3,2023,2023,1,0,5,8,27,102,34609,1,0,1,-31.114345,150.907548,70,2,1,1,3,0,0,0,2,0,9,50,0,14295,14295,3,5,41,2,0,0,0,0
1330565,3,2023,2023,11,0,5,37,31,337,217,0,1,10,-33.732833,151.00689,71,0,2,1,3,0,3,4,2,2,7,60,2,5929,5929,1,0,12,2,0,0,0,0
1330568,3,2023,2023,11,5,10,33,27,16,41,0,1,9,-33.746819,150.744969,55,0,2,1,3,0,0,0,0,0,15,50,1,9859,9859,1,5,36,2,0,0,0,0
1330571,3,2023,2023,11,6,10,84,27,61,415,0,1,9,-33.773305,151.135386,36,0,2,1,3,0,0,0,0,2,7,70,2,14295,14295,3,0,5,2,0,0,0,0
1330573,3,2023,2023,11,1,10,2261,17,8,2252,0,1,2,-34.625276,150.205097,78,1,0,1,3,0,0,0,0,0,7,110,2,404,404,8,5,40,1,0,0,0,0
1330577,3,2023,2023,11,4,11,15,31,346,38,0,1,10,-33.875226,151.097691,9,0,2,1,3,0,0,0,0,2,7,50,1,5929,5929,1,5,5,2,0,0,0,0
1330578,3,2023,2023,11,5,7,3,31,137,34609,0,1,9,-33.905425,150.908381,24,0,2,1,3,0,0,0,2,0,7,50,0,4026,4026,8,0,40,1,0,0,0,0
1330579,3,2023,2023,11,2,7,46,27,104,262,0,1,9,-32.910226,151.7171,48,0,2,1,3,0,0,0,2,2,7,60,2,14295,14295,3,30,5,2,0,0,0,0
1330583,3,2023,2023,11,4,1,15,31,363,34609,0,1,1,-33.758494,150.705204,55,0,2,1,3,0,0,0,0,0,7,50,0,4026,4026,8,10,40,1,0,0,0,0
1330585,3,2023,2023,11,2,8,1,1,53,34609,0,1,9,-33.913863,150.843144,41,0,2,1,3,0,0,0,2,0,0,50,0,2585,777,8,30,40,1,0,0,0,0
1330586,3,2023,2023,11,1,5,95,27,42,605,0,1,9,-33.653948,151.321783,50,0,2,1,3,0,0,0,2,2,7,50,2,1383,1383,1,5,36,2,0,0,0,0
1330588,3,2023,2023,11,3,6,15,31,148,34609,0,1,1,-36.041133,146.943334,0,2,1,1,3,0,0,0,2,0,7,50,0,9859,9859,1,5,13,2,0,0,0,0
1330589,3,2023,2023,11,5,4,222,27,562,34609,0,1,10,-32.268718,148.614857,22,2,1,1,3,0,0,0,2,0,15,50,0,6545,6545,4,34,13,2,0,0,0,0
1330590,3,2023,2023,1,3,8,2126,17,283,2149,0,1,9,-33.830068,151.01068,54,0,2,1,2,0,0,0,3,2,7,60,2,5929,5929,1,5,0,2,0,0,0,0
1330595,3,2023,2023,1,6,10,71,31,61,34609,0,1,7,-32.912007,151.733222,48,0,2,0,3,0,3,4,0,0,0,50,0,256,256,4,0,40,2,0,0,0,0
1330596,3,2023,2023,1,4,9,40,31,49,24,0,1,10,-33.948113,151.223378,4,0,2,1,3,0,0,0,0,2,7,60,2,5929,5929,1,0,5,2,0,0,0,0
1330600,3,2023,2023,11,0,2,71,27,44,122,0,1,2,-34.563931,150.860101,62,0,2,1,3,0,3,4,1,0,7,70,2,9859,9859,8,0,40,1,0,0,0,0