Crash ID,Degree of crash - detailed,Reporting year,Year of crash,Month of crash,Day of week of crash,Two-hour intervals,Street of crash,Street type,Town,Route no.,School zone location,School zone active,Type of location,Latitude,Longitude,LGA,Urbanisation,Conurbation 1,Alignment,Street lighting,Road surface,Surface condition,Weather,Natural lighting,Signals operation,Other traffic control,Speed limit,Road classification,RUM - code,DCA - code,First impact type,Key TU type,Other TU type,No. of traffic units involved,No. killed,No. seriously injured,No. moderately injured,No. minor-other injured
1330601,3,2023,2023,11,2,5,26,27,92,25,0,1,1,-33.976384,150.830823,13,0,2,1,3,0,0,0,2,0,7,70,1,14295,14295,3,0,5,2,0,0,0,0
1330603,3,2023,2023,11,5,3,7,22,173,7,0,1,9,-33.876729,151.227178,69,0,2,1,3,0,0,0,2,0,7,60,2,14295,14295,3,0,0,2,0,0,0,0
1330604,3,2023,2023,11,3,10,34,31,433,34609,0,1,1,-33.274768,149.090887,52,2,1,1,3,0,0,0,0,0,7,50,0,175,188,8,5,40,1,0,0,0,0
1330606,3,2023,2023,11,0,8,23,1,173,34609,0,1,2,-33.777014,151.113333,61,0,2,1,3,0,0,0,2,0,0,30,0,5929,5929,1,5,5,2,0,0,0,0
1330610,3,2023,2023,11,5,8,866,17,110,793,0,1,2,-33.791204,150.998952,54,0,2,0,3,0,0,0,2,0,7,90,2,14295,14295,3,5,0,2,0,0,0,0
1330613,3,2023,2023,1,2,7,67,27,210,55,0,1,10,-34.029948,151.105681,68,0,2,1,3,0,0,0,2,2,7,60,2,14295,14295,3,5,12,2,0,0,0,0
1330614,3,2023,2023,1,6,5,133,17,6,121,0,1,1,-35.610248,149.151459,65,1,0,1,3,0,3,0,2,0,7,100,2,14295,14295,3,10,36,2,0,0,0,0
1330617,3,2023,2023,11,0,6,76,27,85,148,0,1,10,-32.933495,151.720901,48,0,2,1,3,0,3,4,2,0,15,60,1,6545,6545,4,5,5,2,0,0,0,0
1330622,3,2023,2023,1,0,8,220,14,27,220,0,1,3,-34.532426,150.786649,80,0,2,0,3,0,0,0,0,0,7,100,2,1259,5151,8,10,40,1,0,0,0,0
1330628,3,2023,2023,11,3,2,7,10,66,260,1,0,1,-32.929276,151.652784,37,0,2,1,3,0,0,0,1,0,7,60,2,9859,9859,1,5,0,3,0,0,0,0
1330633,3,2023,2023,11,6,4,5,27,197,22,0,1,1,-33.800693,151.11931,61,0,2,1,0,0,0,0,2,0,7,60,1,1383,1383,1,10,13,2,0,0,0,0
1330634,3,2023,2023,11,6,2,2209,17,115,2205,0,1,1,-33.916479,151.172902,32,0,2,1,3,0,0,0,4,0,7,60,2,1981,1981,4,0,10,2,0,0,0,0
1330637,3,2023,2023,11,5,9,7,31,90,34609,0,1,10,-32.923028,151.740065,48,0,2,1,3,0,0,0,3,0,0,50,0,6545,6545,4,5,5,2,0,0,0,0
1330638,3,2023,2023,11,0,3,234,27,34,217,0,1,9,-33.460501,150.994726,71,0,2,1,3,0,0,0,1,0,7,60,2,63,63,4,10,13,2,0,0,0,0
1330639,3,2023,2023,11,6,7,103,27,17,256,0,1,1,-34.118749,150.796713,13,0,2,1,3,0,0,0,2,0,7,80,2,14295,14295,3,5,13,3,0,0,0,0
1330641,3,2023,2023,11,2,9,15,27,15,34609,0,1,1,-32.713625,151.116567,64,1,0,1,3,0,0,0,3,0,7,100,0,1089,1089,7,0,40,1,0,0,0,0
1330645,3,2023,2023,11,1,4,2126,17,445,2149,0,1,10,-33.85484,151.061436,21,0,2,1,3,0,0,0,2,2,7,60,2,217,217,1,5,0,2,0,0,0,0
1330650,3,2023,2023,11,1,7,829,27,159,770,0,1,9,-33.806371,151.073539,61,0,2,1,3,0,0,0,2,0,7,70,2,515,515,1,5,5,2,0,0,0,0
1330653,3,2023,2023,1,6,4,1,23,253,34609,0,1,0,-33.967836,151.102387,25,0,2,0,1,0,0,0,2,0,7,50,0,387,387,1,19,5,2,0,0,0,0
1330654,3,2023,2023,11,0,4,255,27,71,166,0,1,9,-33.264346,151.544733,16,2,2,1,3,0,0,0,2,0,7,50,2,14295,14295,3,5,5,3,0,0,0,0
1330655,3,2023,2023,11,2,0,102,31,139,187,0,1,2,-33.87692,151.13015,32,0,2,1,3,0,0,0,0,0,7,60,2,1383,1383,1,5,5,2,0,0,0,0
1330664,3,2023,2023,11,5,8,12,10,35,34609,0,1,9,-34.100178,150.797936,13,0,2,1,3,0,0,0,2,0,7,60,0,14295,14295,3,5,0,2,0,0,0,0
1330666,3,2023,2023,6,0,8,213,17,8,213,0,1,1,-29.553563,148.621648,51,1,0,1,3,0,0,0,2,0,7,100,2,1089,1089,7,0,40,1,0,0,0,0
1330669,3,2023,2023,11,2,6,68,27,110,67,0,1,9,-33.778942,151.011228,54,0,2,1,3,0,0,0,2,0,0,60,1,941,941,1,5,5,2,0,0,0,0
1330670,3,2023,2023,11,4,3,56,27,251,11,0,1,1,-33.763073,150.950002,7,0,2,1,3,0,0,0,2,0,7,60,2,14295,14295,3,5,5,3,0,0,0,0
1330671,3,2023,2023,11,6,11,2209,17,130,2205,0,1,9,-34.449763,150.849301,80,0,2,1,3,0,0,0,0,2,7,60,1,5929,5929,1,5,5,2,0,0,0,0
1330675,3,2023,2023,11,1,10,39,31,96,34609,1,0,1,-35.355672,149.234544,58,2,1,1,3,0,0,0,0,0,7,50,0,4026,4026,8,5,40,1,0,0,0,0
1330676,3,2023,2023,11,4,2,8,27,7,34609,0,1,1,-33.454515,149.130659,51,2,1,1,3,0,0,0,1,0,7,80,0,1089,1089,7,10,40,1,0,0,0,0
1330683,3,2023,2023,11,6,7,98,27,609,220,0,1,9,-33.773745,150.915194,7,0,2,1,3,0,0,0,2,0,0,60,2,2852,2852,4,0,0,2,0,0,0,0
1330685,3,2023,2023,11,4,9,485,27,232,769,0,1,10,-33.690433,150.92216,7,0,2,1,3,0,0,0,3,2,7,80,2,1383,1383,1,5,0,2,0,0,0,0
1330686,3,2023,2023,11,1,1,2126,17,136,2149,0,1,2,-33.85658,151.064945,21,0,2,1,3,0,0,0,0,0,7,60,2,14295,14295,3,5,5,2,0,0,0,0
1330698,3,2023,2023,1,0,7,2126,17,17,2149,0,1,1,-33.447514,149.826356,3,1,0,0,3,0,3,4,2,0,7,100,2,2585,4009,8,10,40,1,0,0,0,0
1330699,3,2023,2023,11,0,5,37,31,175,34609,1,0,10,-33.772524,151.082426,54,0,2,1,3,0,0,0,2,2,7,50,0,1192,1192,1,5,40,2,0,0,0,0
1330703,3,2023,2023,11,4,4,3,27,5,34609,0,1,1,-30.305813,153.10109,19,2,1,1,3,0,0,0,2,0,7,50,0,1109,787,1,30,0,2,0,0,0,0
1330704,3,2023,2023,11,0,9,3371,17,57,3342,0,1,9,-33.676599,151.112303,31,0,2,0,3,0,0,0,0,2,7,60,2,926,926,4,10,5,2,0,0,0,0
1330705,3,2023,2023,11,6,10,500,27,41,799,0,1,9,-33.907558,151.125947,15,0,2,0,3,0,0,0,0,0,0,60,2,1383,1383,1,5,5,2,0,0,0,0
1330707,3,2023,2023,11,4,4,74,27,66,59,0,1,9,-34.473236,150.886472,80,0,2,1,3,0,0,0,2,2,7,60,2,14295,14295,3,0,5,2,0,0,0,0
1330708,3,2023,2023,11,0,8,5,31,41,18,0,1,2,-33.900436,151.189519,69,0,2,1,3,0,0,0,4,0,9,40,2,14295,14295,3,5,0,2,0,0,0,0
1330709,3,2023,2023,11,3,8,1,31,157,34609,0,1,9,-34.019446,151.096729,68,0,2,1,3,0,0,0,2,0,6,50,0,9859,9859,1,5,13,2,0,0,0,0
1330711,3,2023,2023,1,0,3,31,7,44,34609,0,1,1,-34.55698,150.847456,62,0,2,1,3,0,0,0,2,0,7,50,0,9859,9859,1,5,23,2,0,0,0,0
1330717,3,2023,2023,11,5,3,18,1,293,34609,0,1,9,-33.946648,151.236468,59,0,2,1,3,0,0,0,4,0,7,50,0,4026,4026,8,5,40,1,0,0,0,0
1330721,3,2023,2023,11,5,10,59,31,107,321,0,1,10,-33.874975,151.196972,69,0,2,1,3,0,3,0,0,2,7,50,2,14295,14295,3,0,0,3,0,0,0,0
1330741,3,2023,2023,11,5,11,9,1,78,34609,1,0,1,-33.856479,151.091881,14,0,2,1,2,0,0,0,0,0,7,50,0,9859,9859,1,0,0,3,0,0,0,0
1330762,3,2023,2023,11,0,8,2126,17,143,2149,1,0,9,-33.868503,151.102014,9,0,2,1,1,0,0,0,2,0,7,60,2,1192,1192,1,9,0,2,0,0,0,0
1330763,3,2023,2023,11,0,7,9,27,8,34609,0,1,1,-28.270295,153.457629,72,2,1,0,3,0,0,0,2,0,7,80,0,4552,5151,8,10,40,1,0,0,0,0
1330770,3,2023,2023,11,0,9,500,27,80,160,0,1,9,-33.973495,150.899502,13,0,2,1,2,0,0,0,0,0,7,60,2,1669,1669,3,10,5,2,0,0,0,0
1330772,3,2023,2023,1,2,9,2261,17,96,2252,0,1,3,-34.216456,150.682538,79,1,2,1,0,0,0,0,0,0,7,110,2,404,404,8,5,40,1,0,0,0,0
1330778,3,2023,2023,1,4,1,19,27,40,605,0,1,2,-33.800347,151.24715,50,0,2,0,2,0,3,3,0,0,7,60,2,4552,5151,8,5,40,1,0,0,0,0
1330804,3,2023,2023,11,0,3,126,27,30,168,0,1,10,-34.047939,150.761799,12,0,2,1,1,0,3,4,2,2,7,80,2,395,395,1,10,5,2,0,0,0,0
1330805,3,2023,2023,11,2,10,47,27,32,34609,0,1,1,-33.984967,151.12278,25,0,2,1,2,0,0,0,0,0,7,50,0,4026,4026,8,5,40,1,0,0,0,0
1330808,3,2023,2023,11,1,11,34,31,225,34609,0,1,9,-33.794848,151.192989,77,0,2,1,2,0,0,0,0,0,7,50,0,1282,1282,1,33,5,2,0,0,0,0
1330818,3,2023,2023,1,3,9,10,27,108,34609,0,1,9,-33.762871,151.26876,50,0,2,1,2,0,0,0,0,0,15,50,0,1192,1192,1,0,5,2,0,0,0,0
1330821,3,2023,2023,11,6,5,2,1,273,34609,0,1,1,-34.428615,150.878772,80,0,2,0,1,0,0,0,2,0,7,50,0,4552,5151,1,0,13,2,0,0,0,0
1330852,3,2023,2023,1,6,6,4,1,72,34609,0,1,1,-33.796779,151.058317,54,0,2,0,0,0,0,0,2,0,7,50,0,1957,4009,1,5,36,2,0,0,0,0
1330857,3,2023,2023,11,2,1,115,27,73,46,0,1,1,-34.188683,150.61595,79,2,2,0,0,0,0,0,0,0,7,80,2,4552,5151,8,5,40,1,0,0,0,0
1330864,3,2023,2023,5,1,4,169,31,37,83,0,1,1,-29.461888,153.197268,18,2,1,1,0,0,0,0,2,0,7,50,1,1109,787,1,10,5,2,0,0,0,0
1330866,3,2023,2023,1,6,3,344,27,62,382,0,1,2,-33.717842,150.844234,7,0,2,1,1,0,0,0,2,0,7,80,2,1383,1383,1,5,5,2,0,0,0,0
1330870,3,2023,2023,11,1,3,3371,17,56,3342,0,1,2,-31.132675,152.825013,34,1,0,1,0,0,0,0,2,0,7,110,2,1383,1383,1,19,0,2,0,0,0,0
1330875,3,2023,2023,1,5,10,3371,17,58,3342,0,1,2,-28.552579,153.537963,10,1,0,1,2,0,0,0,0,0,7,110,2,4026,4026,8,8,40,1,0,0,0,0
1330888,3,2023,2023,5,3,8,308,14,127,311,0,1,3,-33.843596,150.854795,24,0,2,1,2,0,0,0,3,0,7,100,2,9859,9859,8,5,40,1,0,0,0,0
1330903,3,2023,2023,1,1,5,1,31,90,34609,0,1,1,-33.890229,151.248004,81,0,2,1,1,0,0,0,2,0,7,50,0,220,220,8,5,40,2,0,0,0,0
1330907,3,2023,2023,1,2,7,20,31,433,34609,1,0,10,-33.283574,149.114328,52,2,1,1,0,0,0,0,2,0,15,50,0,4552,985,8,5,40,1,0,0,0,0
1330927,3,2023,2023,1,3,3,4,27,137,34609,1,0,1,-33.90534,150.910593,24,0,2,1,0,0,0,0,1,0,7,50,0,9859,9859,1,5,5,3,0,0,0,0
1330943,3,2023,2023,11,0,1,87,27,50,34609,0,1,1,-33.621589,151.335572,50,0,2,1,2,0,3,6,0,0,7,50,0,1282,1282,1,33,0,2,0,0,0,0
1330945,3,2023,2023,1,2,0,35,10,11,148,0,1,1,-34.174521,151.026408,80,0,2,0,0,0,0,0,0,0,7,60,2,1957,4009,8,5,40,1,0,0,0,0
1330963,3,2023,2023,1,4,5,916,17,27,917,0,1,1,-32.663432,151.367799,17,2,1,0,0,0,0,0,2,0,7,80,2,404,404,8,5,40,1,0,0,0,0
1330979,3,2023,2023,8,2,1,8,22,54,34609,0,1,3,-33.725092,151.101711,31,0,2,1,2,0,0,0,0,0,7,80,2,9859,9859,8,0,40,1,0,0,0,0
1330983,3,2023,2023,8,1,11,1104,14,460,962,0,1,3,-33.826787,150.993691,54,0,2,1,3,0,0,0,0,0,7,40,2,9859,9859,1,29,5,3,0,0,0,0
1330987,3,2023,2023,6,1,5,33,31,157,34609,0,1,1,-33.808362,151.010872,54,0,2,1,0,0,0,0,2,0,7,50,0,248,248,1,10,5,2,0,0,0,0
1330988,3,2023,2023,0,2,3,348,17,9,232,0,1,1,-32.20281,149.432068,44,1,0,1,3,0,0,1,1,0,7,100,2,323,323,1,5,13,2,0,0,0,0
1330989,3,2023,2023,6,4,11,4,27,71,34609,0,1,7,-33.767603,150.707753,55,0,2,1,2,0,0,0,0,0,0,50,0,6545,6545,4,10,5,2,0,0,0,0
1330994,3,2023,2023,6,0,0,25,18,125,34609,0,1,9,-33.865336,151.084176,67,0,2,1,2,0,0,0,0,0,8,50,0,4552,985,8,0,40,1,0,0,0,0
1331005,3,2023,2023,6,4,10,38,31,387,64,0,1,9,-33.926896,151.187931,4,0,2,0,3,0,0,0,0,2,7,60,2,5929,5929,1,10,5,2,0,0,0,0
1331007,3,2023,2023,6,3,8,2126,17,283,2149,0,1,10,-33.827598,151.004833,54,0,2,1,2,0,0,0,0,2,7,60,2,6545,6545,4,9,5,2,0,0,0,0
1331013,3,2023,2023,5,3,2,1,10,62,34609,0,1,1,-33.718147,150.854482,7,0,2,1,2,0,0,0,0,0,7,50,0,9859,9859,1,5,13,3,0,0,0,0
1331017,3,2023,2023,5,2,2,30,27,104,34609,0,1,1,-32.832054,151.689953,48,0,2,1,0,0,0,0,0,0,7,100,0,9859,9859,1,0,13,3,0,0,0,0
1331021,3,2023,2023,5,2,11,137,31,53,34609,0,1,1,-35.132858,147.348005,75,2,1,1,2,0,0,0,0,0,7,50,0,9859,9859,8,5,40,1,0,0,0,0
1331022,3,2023,2023,5,2,2,26,10,370,34609,0,1,2,-34.075729,150.78946,13,0,2,1,2,0,0,0,1,0,7,50,0,175,188,8,8,40,4,0,0,0,0
1331034,3,2023,2023,5,0,3,79,27,290,159,0,1,1,-33.943947,151.121224,4,0,2,1,3,0,0,0,2,0,7,60,2,4026,4026,8,21,40,1,0,0,0,0
1331057,3,2023,2023,6,0,11,3371,17,225,3342,0,1,10,-33.796129,151.1781,77,0,2,0,2,0,0,0,0,2,7,60,2,1669,1669,3,10,5,2,0,0,0,0
1331060,3,2023,2023,5,1,5,283,27,197,702,1,0,9,-33.949471,151.080762,25,0,2,1,1,0,0,0,2,2,7,60,2,926,926,4,5,5,2,0,0,0,0
1331068,3,2023,2023,5,1,5,4,10,23,34609,0,1,1,-34.625043,150.832756,62,0,2,1,1,0,0,0,2,0,7,40,0,9859,9859,1,30,13,2,0,0,0,0
1331109,3,2023,2023,1,1,5,19,31,532,34609,0,1,10,-33.863378,151.206358,69,0,2,1,1,0,0,3,2,2,7,40,0,1192,1192,1,33,0,2,0,0,0,0
1331143,3,2023,2023,1,6,11,2,27,11,34609,0,1,1,-28.223246,153.45884,72,1,0,0,3,0,3,3,0,0,7,100,0,1089,1089,7,10,40,1,0,0,0,0
1331144,3,2023,2023,11,4,8,6,31,149,34609,0,1,9,-34.001581,151.131064,4,0,2,1,3,0,0,0,2,0,7,50,0,1109,787,1,5,0,2,0,0,0,0
1331145,3,2023,2023,11,6,5,9,31,43,34609,0,1,10,-32.171433,152.501829,43,2,1,1,3,0,0,0,2,0,0,50,0,6545,6545,4,0,5,2,0,0,0,0
1331146,3,2023,2023,11,1,10,1052,14,149,928,0,1,3,-33.341271,151.372053,16,1,2,1,3,0,0,0,0,0,7,110,2,9859,9859,1,9,23,2,0,0,0,0
1331150,3,2023,2023,11,5,11,23,10,15,47,0,1,10,-32.896925,151.70617,48,0,2,1,2,0,0,0,0,2,7,60,2,5929,5929,1,5,5,2,0,0,0,0
1331152,3,2023,2023,11,1,8,9,27,8,68,0,1,7,-34.078887,150.797842,13,0,2,1,1,0,0,0,2,0,0,60,1,186,186,1,5,0,2,0,0,0,0
1331180,3,2023,2023,11,0,7,44,27,290,331,1,2,9,-33.960112,151.111027,4,0,2,1,3,0,0,0,2,0,7,40,2,14295,14295,3,5,5,2,0,0,0,0
1331184,3,2023,2023,11,4,5,109,27,137,105,0,1,9,-33.895601,150.908618,24,0,2,1,3,0,0,0,2,0,15,60,2,1669,1669,3,5,5,2,0,0,0,0
1331185,3,2023,2023,11,3,9,1,31,80,34609,0,1,1,-33.971898,150.900215,13,0,2,1,3,0,0,0,3,0,7,50,0,1981,1981,4,0,0,2,0,0,0,0
1331189,3,2023,2023,11,2,5,102,31,107,53,1,0,9,-33.877563,151.194851,69,0,2,1,3,0,0,0,2,2,7,50,2,926,926,4,5,0,2,0,0,0,0
1331190,3,2023,2023,11,4,6,102,27,26,34609,0,1,7,-34.579013,150.852786,62,0,2,0,3,0,0,0,2,0,0,60,0,926,926,4,0,5,2,0,0,0,0
1331197,3,2023,2023,11,1,4,38,27,53,38,0,1,1,-33.365451,151.448951,16,2,2,1,3,0,0,0,2,0,7,50,1,14295,14295,3,5,5,3,0,0,0,0
1331198,3,2023,2023,11,3,5,33,31,323,34609,0,1,9,-33.759326,151.002561,71,0,2,1,3,0,0,0,2,0,7,50,0,5929,5929,1,5,13,2,0,0,0,0
1331200,3,2023,2023,11,3,6,296,27,187,293,0,1,2,-33.889005,150.973475,24,0,2,0,3,0,0,0,2,0,0,70,2,14295,14295,3,5,5,3,0,0,0,0
1331203,3,2023,2023,11,6,9,1052,14,207,928,0,1,3,-33.618047,151.159482,31,0,2,1,3,0,0,0,0,0,7,110,2,404,404,8,0,40,2,0,0,0,0
1331206,3,2023,2023,0,1,10,191,17,32,189,0,1,1,-32.141677,150.289487,73,1,0,1,3,0,0,0,0,0,7,100,2,945,945,5,9,40,1,0,0,0,0
1331208,3,2023,2023,11,4,6,178,27,189,101,0,1,9,-33.943077,151.05388,15,0,2,1,3,0,0,0,2,2,7,50,1,926,926,4,9,25,2,0,0,0,0
1331209,3,2023,2023,11,4,8,1104,14,44,962,0,1,3,-33.802908,150.896009,7,0,2,1,3,0,0,0,2,0,7,100,2,14295,14295,3,10,0,4,0,0,0,0
1331210,3,2023,2023,11,0,5,2,31,68,34609,0,1,10,-34.846852,148.908482,82,2,1,1,3,0,0,0,2,0,0,50,0,6545,6545,4,5,0,2,0,0,0,0
1331211,3,2023,2023,11,6,8,35,27,155,231,0,1,9,-33.498898,151.329786,16,2,2,1,3,0,0,0,2,0,7,60,2,14295,14295,3,5,5,3,0,0,0,0
1331213,3,2023,2023,11,4,4,147,27,104,605,0,1,2,-33.831104,151.221381,49,0,2,1,3,0,0,0,2,0,7,60,2,1383,1383,1,9,41,2,0,0,0,0
1331216,3,2023,2023,1,4,7,1,27,5,8,0,1,1,-29.721275,143.122194,51,1,0,1,3,2,0,0,2,0,7,100,1,945,945,5,0,40,1,0,0,0,0
1331218,3,2023,2023,11,6,9,127,27,135,103,0,1,9,-32.898436,151.737982,48,0,2,1,3,0,0,0,0,2,7,50,1,1383,1383,1,5,5,2,0,0,0,0
1331220,3,2023,2023,11,3,7,1,31,9,34609,0,1,1,-32.669772,151.717856,57,2,1,0,3,2,0,0,2,0,7,80,0,418,714,5,5,40,1,0,0,0,0
1331222,3,2023,2023,11,2,6,12,1,30,34609,0,1,1,-34.872918,147.580436,51,2,1,1,3,0,0,0,2,0,7,50,0,220,220,1,10,0,2,0,0,0,0
1331224,3,2023,2023,11,0,5,25,27,35,34609,0,1,10,-34.368066,150.910346,80,0,2,1,3,0,0,0,2,2,7,50,0,945,945,5,5,40,1,0,0,0,0
1331227,3,2023,2023,11,6,5,71,17,43,71,0,1,1,-36.101491,144.752667,51,2,1,1,3,0,0,0,2,0,7,50,2,9859,9859,8,5,40,1,0,0,0,0
1331232,3,2023,2023,11,6,3,68,27,98,208,0,1,1,-33.742325,151.062787,31,0,2,1,3,0,0,0,2,0,7,60,2,14295,14295,3,5,0,3,0,0,0,0
1331234,3,2023,2023,11,2,6,5,27,323,34609,0,1,9,-33.751889,150.970734,71,0,2,1,3,0,0,0,2,0,7,50,0,14295,14295,3,5,0,3,0,0,0,0
1331240,3,2023,2023,11,0,11,20,31,387,13,0,1,10,-33.923861,151.183899,4,0,2,1,3,0,0,0,0,2,7,50,2,1850,985,5,29,40,1,0,0,0,0
1331241,3,2023,2023,11,0,3,234,27,54,217,0,1,9,-33.705924,151.011612,31,0,2,0,3,0,3,4,1,2,7,60,2,5929,5929,1,5,5,2,0,0,0,0
1331247,3,2023,2023,11,6,2,8,27,24,34609,0,1,1,-31.521082,152.728712,56,2,1,0,3,0,0,0,0,0,7,80,0,782,957,5,29,40,1,0,0,0,0
1331249,3,2023,2023,11,3,5,3,31,90,34609,0,1,1,-33.714787,150.318969,8,2,2,1,3,0,0,0,2,0,7,50,0,3775,3775,0,5,13,2,0,0,0,0
1331250,3,2023,2023,11,3,7,481,17,29,483,0,1,1,-31.263832,149.283989,51,2,1,0,3,0,0,0,2,0,7,70,2,380,714,5,10,40,1,0,0,0,0
1331251,3,2023,2023,11,6,7,2,10,337,34609,0,1,1,-33.725023,151.015244,71,0,2,1,3,0,0,0,2,0,7,50,0,941,941,1,5,5,2,0,0,0,0
1331254,3,2023,2023,11,0,5,1052,14,60,928,0,1,3,-33.433382,151.256165,16,1,2,1,3,0,0,0,2,0,7,110,2,4026,4026,8,0,40,1,0,0,0,0
1331260,3,2023,2023,11,6,9,1,31,117,34609,0,1,1,-28.179152,153.53826,72,2,1,1,3,0,0,0,4,0,7,50,0,9859,9859,1,9,0,2,0,0,0,0
1331263,3,2023,2023,11,1,3,6,27,113,34609,0,1,10,-33.790463,150.720204,55,0,2,1,0,0,0,0,1,0,15,70,0,6545,6545,4,10,13,2,0,0,0,0
1331267,3,2023,2023,11,1,5,2261,17,38,2252,0,1,3,-34.123462,150.75385,79,1,2,1,3,0,0,0,2,0,7,110,2,14295,14295,3,5,0,2,0,0,0,0
1331268,3,2023,2023,11,0,6,157,17,10,158,0,1,1,-33.852143,146.318009,51,1,0,1,3,0,0,0,2,0,7,100,2,945,945,5,0,40,1,0,0,0,0
1331273,3,2023,2023,11,5,4,48,31,83,34609,0,1,1,-33.912277,151.117573,15,0,2,1,3,0,0,0,2,0,7,50,0,5929,5929,1,5,5,2,0,0,0,0
1331274,3,2023,2023,6,6,3,3,31,19,18,1,0,10,-35.813163,145.569849,51,2,1,1,3,0,0,1,2,0,0,50,1,9859,9859,8,5,40,1,0,0,0,0
1331276,3,2023,2023,11,6,8,177,22,210,176,0,1,5,-34.035223,151.11343,68,0,2,1,3,0,0,0,0,2,7,60,2,1383,1383,1,5,5,2,0,0,0,0
1331277,3,2023,2023,11,4,9,12,31,87,34609,0,1,7,-28.809662,153.287892,39,2,1,1,3,0,0,0,0,0,0,50,0,217,217,1,5,0,2,0,0,0,0
1331280,3,2023,2023,11,0,5,31,27,304,34609,1,0,1,-33.910114,151.151171,32,0,2,0,3,0,0,0,2,0,7,50,0,1957,4009,1,9,0,2,0,0,0,0
1331284,3,2023,2023,11,5,3,2126,17,80,2149,0,1,10,-33.88786,151.167733,32,0,2,1,3,0,0,0,2,2,7,60,2,1383,1383,1,5,10,2,0,0,0,0
1331285,3,2023,2023,11,6,5,1,6,57,34609,0,1,1,-33.450713,151.368624,16,2,2,1,3,0,0,0,2,0,7,50,0,175,188,8,10,40,1,0,0,0,0
1331290,3,2023,2023,11,1,5,20,23,252,16,0,1,1,-33.92909,150.887853,41,0,2,1,3,0,0,0,2,0,7,60,1,14295,14295,3,5,5,2,0,0,0,0
1331291,3,2023,2023,11,6,5,24,27,201,47,0,1,2,-33.988012,150.861632,13,0,2,0,3,0,0,0,2,0,7,60,1,14295,14295,3,5,12,2,0,0,0,0
1331292,3,2023,2023,11,0,8,40,27,49,39,0,1,1,-33.194256,151.514936,16,1,2,1,3,0,0,0,2,0,7,100,1,9859,9859,8,0,40,1,0,0,0,0
1331293,3,2023,2023,11,1,7,192,10,84,114,0,1,7,-33.467866,151.383526,16,2,2,1,3,0,0,0,2,0,0,50,2,14295,14295,3,0,36,2,0,0,0,0
1331294,3,2023,2023,11,1,9,37,1,198,29,0,1,10,-33.904825,151.099697,15,0,2,1,3,0,0,0,3,2,7,50,1,5929,5929,1,5,0,2,0,0,0,0
1331298,3,2023,2023,11,0,4,30,27,120,154,0,1,2,-33.761913,150.863405,7,0,2,1,3,0,0,0,2,0,7,60,1,9859,9859,1,5,0,3,0,0,0,0
1331299,3,2023,2023,11,3,5,1,27,31,34609,0,1,1,-35.117495,148.073195,20,1,0,1,3,0,0,0,2,0,7,100,0,1945,1945,5,16,40,1,0,0,0,0
1331300,3,2023,2023,11,2,9,193,31,532,34,0,1,10,-33.873134,151.208121,69,0,2,1,3,0,0,0,3,2,9,40,1,6545,6545,4,5,5,2,0,0,0,0
1331305,3,2023,2023,11,0,7,2,27,47,14,0,1,1,-35.689352,147.220958,27,1,0,0,3,0,0,0,2,0,7,100,1,1957,4009,8,0,40,1,0,0,0,0
1331308,3,2023,2023,11,6,8,154,27,293,244,0,1,1,-33.925965,151.054107,15,0,2,1,3,0,0,0,2,0,7,60,2,9859,9859,1,8,5,2,0,0,0,0
1331311,3,2023,2023,11,0,5,234,27,323,217,0,1,2,-33.758558,150.992864,71,0,2,1,3,0,0,0,2,0,0,60,2,1981,1981,4,5,5,2,0,0,0,0
1331320,3,2023,2023,11,4,6,2261,17,80,2252,0,1,3,-33.971767,150.87377,13,0,2,1,0,0,0,0,2,0,7,110,2,1945,1945,5,8,40,1,0,0,0,0
1331334,3,2023,2023,11,5,7,2209,17,23,2205,0,1,9,-35.674944,150.213724,23,1,0,1,3,0,0,0,2,0,0,100,2,2852,2852,4,21,5,2,0,0,0,0
1331340,3,2023,2023,11,2,9,36,31,218,70,0,1,9,-33.767638,150.779989,55,0,2,1,2,0,0,0,0,2,7,60,1,237,162,8,5,40,1,0,0,0,0
1331344,3,2023,2023,11,4,3,251,14,82,124,0,1,3,-33.823533,151.207511,49,0,2,1,1,0,0,0,2,0,7,60,2,1383,1383,1,0,0,2,0,0,0,0
1331345,3,2023,2023,11,6,11,2,1,41,34609,0,1,1,-35.121773,147.373865,75,2,1,1,2,0,0,0,0,0,7,50,0,4026,4026,8,0,40,1,0,0,0,0
1331362,3,2023,2023,11,5,9,103,36,14,103,0,1,1,-32.462701,151.960743,43,2,1,1,2,0,0,0,0,0,7,70,1,945,945,5,5,40,1,0,0,0,0
1331377,3,2023,2023,1,0,7,361,31,82,34609,0,1,1,-34.373289,150.897993,80,0,2,1,1,0,0,0,2,0,7,50,0,1282,1282,1,5,0,2,0,0,0,0
1331381,3,2023,2023,11,2,1,3371,17,65,3342,0,1,9,-33.377591,151.374362,16,2,2,0,2,0,0,0,0,2,7,60,2,4552,5151,8,5,40,1,0,0,0,0
1331390,3,2023,2023,1,3,10,54,27,46,19,0,1,9,-33.942278,151.114695,4,0,2,1,2,0,0,0,0,0,7,50,1,9859,9859,1,5,5,2,0,0,0,0