Crash ID,Degree of crash - detailed,Reporting year,Year of crash,Month of crash,Day of week of crash,Two-hour intervals,Street of crash,Street type,Town,Route no.,School zone location,School zone active,Type of location,Latitude,Longitude,LGA,Urbanisation,Conurbation 1,Alignment,Street lighting,Road surface,Surface condition,Weather,Natural lighting,Signals operation,Other traffic control,Speed limit,Road classification,RUM - code,DCA - code,First impact type,Key TU type,Other TU type,No. of traffic units involved,No. killed,No. seriously injured,No. moderately injured,No. minor-other injured
1331397,3,2023,2023,1,0,10,3371,17,69,3342,0,1,9,-32.935882,151.749477,48,0,2,1,2,0,0,0,0,0,7,60,2,9859,9859,1,5,5,3,0,0,0,0
1331402,3,2023,2023,11,2,0,63,17,112,34609,0,1,1,-33.451458,151.438674,16,2,2,1,2,0,0,0,0,0,7,50,0,9859,9859,1,5,25,2,0,0,0,0
1331410,3,2023,2023,11,5,7,36,1,126,34609,0,1,7,-33.917949,150.808783,41,0,2,1,0,0,0,0,2,0,0,60,0,5929,5929,1,5,10,2,0,0,0,0
1331427,3,2023,2023,11,0,9,195,27,46,186,0,1,2,-33.925465,150.848127,41,0,2,1,2,0,0,0,3,0,7,70,2,591,591,1,16,0,2,0,0,0,0
1331434,3,2023,2023,1,6,2,1,25,71,34609,0,1,1,-33.965565,151.080236,25,0,2,1,3,0,2,6,1,0,7,50,0,1282,1282,1,33,36,2,0,0,0,0
1331450,3,2023,2023,1,2,2,119,31,103,34609,0,1,1,-34.30797,148.296226,30,2,1,1,0,0,3,4,0,0,7,50,0,9859,9859,1,33,5,2,0,0,0,0
1331470,3,2023,2023,1,5,5,74,27,609,163,0,1,10,-33.776616,150.901565,7,0,2,1,2,0,0,0,2,2,7,60,2,5929,5929,1,5,0,2,0,0,0,0
1331481,3,2023,2023,1,3,0,14,10,10,34609,0,1,0,-34.014484,151.05814,68,0,2,0,2,0,0,0,0,0,7,50,0,4552,5151,8,10,40,6,0,0,0,0
1331484,3,2023,2023,5,0,5,5,1,64,34609,0,1,10,-33.952633,150.995099,15,0,2,1,1,0,0,0,2,0,15,50,0,6545,6545,4,5,5,3,0,0,0,0
1331486,3,2023,2023,11,0,2,5,1,15,34609,0,1,1,-32.939646,151.761756,48,0,2,1,0,0,0,0,0,0,7,50,0,9859,9859,1,0,13,3,0,0,0,0
1331508,3,2023,2023,1,3,5,17,31,69,34609,0,1,10,-28.556461,153.500267,10,2,1,1,1,0,0,3,2,0,0,50,0,6545,6545,4,9,0,2,0,0,0,0
1331549,3,2023,2023,1,3,0,49,22,77,44,0,1,1,-33.729824,151.079677,31,0,2,1,1,0,0,0,0,0,7,50,1,9859,9859,8,10,40,1,0,0,0,0
1331550,3,2023,2023,11,4,0,2,10,12,34609,0,1,0,-32.925609,151.792609,48,0,2,0,0,0,0,0,0,0,7,50,0,4552,5151,1,5,12,2,0,0,0,0
1331552,3,2023,2023,11,4,5,3371,17,16,3342,0,1,2,-31.265908,152.813448,56,1,0,1,0,0,0,0,2,0,7,110,2,4026,4026,8,0,40,1,0,0,0,0
1331565,3,2023,2023,11,0,7,3371,17,41,3342,0,1,2,-32.811831,151.706245,57,2,1,1,1,0,0,0,2,0,7,80,2,14295,14295,3,33,0,5,0,0,0,0
1331569,3,2023,2023,7,4,9,1052,14,83,928,0,1,3,-33.479752,151.18413,16,1,2,0,3,0,3,4,0,0,7,100,2,204,204,1,5,5,2,0,0,0,0
1331572,3,2023,2023,8,2,2,3371,17,28,3342,0,1,2,-32.622252,151.956456,57,1,0,1,2,0,0,0,0,0,7,110,2,404,404,8,0,40,1,0,0,0,0
1331585,3,2023,2023,6,2,5,916,17,75,917,0,1,9,-32.787197,151.625906,42,1,0,1,3,0,0,0,2,0,3,90,2,4026,4026,8,5,40,1,0,0,0,0
1331589,3,2023,2023,6,2,11,89,31,316,34609,0,1,10,-31.428964,152.91214,56,2,1,1,2,0,0,0,0,0,0,50,0,6545,6545,4,5,5,2,0,0,0,0
1331592,3,2023,2023,6,4,6,3,31,148,34609,0,1,9,-36.046915,146.927263,0,2,1,1,0,0,0,0,2,0,15,50,0,2852,2852,4,5,13,2,0,0,0,0
1331600,3,2023,2023,6,0,8,81,17,83,33,0,1,1,-34.448378,150.440666,78,2,1,1,2,0,0,0,3,0,7,60,1,4026,4026,8,10,40,2,0,0,0,0
1331618,3,2023,2023,6,4,11,7,36,11,10,0,1,1,-32.513397,147.90576,53,1,0,0,0,2,3,4,0,0,7,100,1,782,957,5,3,40,1,0,0,0,0
1331625,3,2023,2023,5,2,9,2261,17,284,2252,0,1,10,-33.907262,151.020451,15,0,2,1,2,0,0,0,0,2,7,60,2,14295,14295,3,0,5,2,0,0,0,0
1331633,3,2023,2023,6,6,4,293,31,35,34609,1,2,10,-33.966485,151.242465,59,0,2,1,0,0,0,0,2,0,7,40,0,9859,9859,1,5,5,2,0,0,0,0
1331635,3,2023,2023,1,4,6,7,31,90,34609,1,0,9,-33.715095,150.311388,8,2,2,1,1,0,0,0,2,0,15,40,0,926,926,4,5,0,2,0,0,0,0
1331652,3,2023,2023,1,0,8,280,10,237,240,0,1,1,-33.863179,150.953733,24,0,2,1,1,0,0,0,2,0,7,60,2,1192,1192,1,0,5,2,0,0,0,0
1331662,3,2023,2023,1,3,1,478,17,50,480,0,1,1,-33.23704,151.561811,16,2,2,0,2,0,3,4,0,0,7,50,2,1850,1463,5,0,40,1,0,0,0,0
1331663,3,2023,2023,1,5,4,387,27,290,331,0,1,9,-33.952479,151.122719,4,0,2,1,3,0,0,0,2,2,7,60,2,5929,5929,1,0,5,2,0,0,0,0
1331673,3,2023,2023,1,4,7,1,1,133,34609,0,1,1,-34.520619,150.789703,80,0,2,1,0,0,0,0,2,0,7,60,0,3775,3775,0,10,0,2,0,0,0,0
1331696,3,2023,2023,11,1,6,68,27,110,67,1,0,1,-33.768142,151.028677,54,0,2,1,3,0,0,0,2,0,7,60,1,1981,1981,4,5,13,2,0,0,0,0
1331700,3,2023,2023,11,0,0,11,1,363,34609,0,1,1,-33.754505,150.708049,55,0,2,0,2,0,0,6,0,0,7,50,0,1391,1391,1,5,5,2,0,0,0,0
1331702,3,2023,2023,11,5,3,62,27,39,166,0,1,7,-33.24967,151.482805,16,2,2,1,3,0,0,0,1,0,0,70,2,6545,6545,4,5,0,2,0,0,0,0
1331715,3,2023,2023,11,6,1,20,27,438,34609,0,1,1,-33.84632,151.035628,21,0,2,1,2,0,0,0,0,0,7,50,0,9859,9859,1,5,5,3,0,0,0,0
1331724,3,2023,2023,11,2,7,15,7,92,34609,0,1,1,-33.753593,150.958699,71,0,2,1,3,0,0,0,2,0,7,60,0,14295,14295,3,0,5,3,0,0,0,0
1331725,3,2023,2023,11,6,4,1,7,151,34609,0,1,1,-34.030881,150.853116,13,0,2,0,1,0,0,0,2,0,7,50,0,2585,4009,1,5,5,2,0,0,0,0
1331726,3,2023,2023,11,1,4,85,31,219,34609,0,1,9,-32.90311,151.669645,48,0,2,1,3,0,0,0,2,2,7,60,0,9859,9859,1,5,5,2,0,0,0,0
1331729,3,2023,2023,11,0,1,2261,17,44,2252,0,1,2,-35.310957,147.677848,75,1,0,1,3,0,0,0,0,0,7,110,2,4026,4026,8,29,40,1,0,0,0,0
1331730,3,2023,2023,11,2,10,3371,17,29,3342,0,1,2,-32.219779,152.321562,43,2,1,1,3,0,0,0,0,0,7,80,2,1383,1383,1,0,5,2,0,0,0,0
1331745,3,2023,2023,1,3,3,3371,17,16,3342,0,1,9,-31.225525,152.823513,34,1,0,1,0,0,0,0,1,0,7,110,2,9859,9859,8,5,40,1,0,0,0,0
1331749,3,2023,2023,11,2,2,1,1,145,34609,0,1,1,-33.924673,151.148791,15,0,2,1,0,0,0,0,0,0,7,50,0,4026,4026,1,29,0,3,0,0,0,0
1331757,3,2023,2023,11,0,4,3371,17,463,3342,0,1,7,-30.28038,153.130918,19,2,1,0,1,0,0,0,2,0,0,60,1,6545,6545,4,10,0,2,0,0,0,0
1331762,3,2023,2023,11,6,5,2261,17,243,2252,0,1,2,-33.946635,150.908593,41,0,2,1,1,0,0,0,2,0,7,70,2,14295,14295,3,33,5,2,0,0,0,0
1331769,3,2023,2023,11,1,8,10,31,143,34609,0,1,7,-33.703011,151.103548,31,0,2,1,0,0,0,0,2,0,7,50,0,418,777,5,5,40,1,0,0,0,0
1331778,3,2023,2023,5,1,7,11,31,63,34609,0,1,9,-28.186755,153.523132,72,2,1,1,3,0,3,4,2,0,15,50,0,2852,2852,4,0,5,2,0,0,0,0
1331780,3,2023,2023,11,0,9,3,23,69,34609,0,1,1,-33.364749,151.47576,16,2,2,0,1,0,0,0,0,0,7,50,0,3775,3775,0,5,13,2,0,0,0,0
1331784,3,2023,2023,11,2,3,91,27,119,187,0,1,10,-33.874317,151.164686,32,0,2,1,3,0,0,0,2,2,7,70,2,6545,6545,4,30,0,2,0,0,0,0
1331789,3,2023,2023,11,3,6,5,27,58,34609,0,1,9,-33.205959,151.396556,16,1,2,1,3,0,0,0,2,0,7,100,0,926,926,4,30,0,2,0,0,0,0
1331793,3,2023,2023,11,5,11,114,27,10,65,0,1,1,-33.462236,151.122996,16,2,2,1,3,0,3,0,0,0,7,80,1,475,475,5,5,40,1,0,0,0,0
1331795,3,2023,2023,11,3,0,4,27,11,34609,0,1,1,-35.161563,147.431934,75,1,0,1,3,0,0,0,0,0,7,100,0,1089,1089,7,5,40,1,0,0,0,0
1331796,3,2023,2023,11,6,4,135,17,93,136,0,1,9,-36.075415,146.928375,0,2,1,1,3,0,0,0,2,2,7,60,2,623,623,3,5,13,2,0,0,0,0
1331797,3,2023,2023,11,6,8,133,31,646,97,0,1,9,-33.917225,151.021491,15,0,2,1,3,0,0,0,2,0,15,60,1,941,941,1,8,5,2,0,0,0,0
1331801,3,2023,2023,11,4,7,44,31,91,34609,0,1,10,-32.798456,151.653655,48,0,2,1,3,0,0,0,2,0,15,50,0,6545,6545,4,5,13,2,0,0,0,0
1331811,3,2023,2023,11,4,8,16,31,161,115,0,1,10,-33.726492,151.161663,36,0,2,1,3,0,0,0,2,2,7,60,1,1383,1383,1,5,0,3,0,0,0,0
1331813,3,2023,2023,11,0,10,2126,17,115,2149,0,1,9,-33.884524,151.192946,69,0,2,1,3,0,0,0,0,2,7,50,2,14295,14295,3,5,18,2,0,0,0,0
1331814,3,2023,2023,11,6,6,1104,14,104,962,0,1,3,-33.833661,151.025212,54,0,2,1,1,0,0,0,2,0,7,90,2,1282,1282,1,10,35,2,0,0,0,0
1331815,3,2023,2023,11,6,9,12,27,84,34609,0,1,7,-33.785895,151.108882,61,0,2,1,3,0,3,4,0,0,0,50,0,1282,1282,1,15,40,1,0,0,0,0
1331816,3,2023,2023,11,3,0,78,27,31,61,0,1,7,-33.892497,151.021975,15,0,2,1,3,0,0,0,0,0,0,60,1,623,623,3,0,25,2,0,0,0,0
1331818,3,2023,2023,11,2,11,387,27,290,331,1,0,9,-33.961781,151.114594,4,0,2,1,3,0,0,0,0,0,7,60,2,4552,985,8,5,40,1,0,0,0,0
1331822,3,2023,2023,11,4,7,3,27,5,34609,0,1,1,-31.879558,151.499904,43,1,0,0,3,2,0,0,2,0,7,100,0,2585,4009,8,5,40,1,0,0,0,0
1331828,3,2023,2023,11,0,10,115,27,79,34609,0,1,7,-34.90967,150.612055,63,2,1,1,3,0,0,0,0,0,0,60,0,6545,6545,4,0,0,2,0,0,0,0
1331830,3,2023,2023,8,6,10,27,27,54,65,0,1,7,-33.697282,151.000229,71,0,2,0,3,0,0,0,0,0,0,60,1,1957,4009,8,0,40,1,0,0,0,0
1331833,3,2023,2023,11,2,8,3,1,103,45,0,1,1,-34.317685,148.310699,30,2,1,0,3,2,0,0,2,0,7,60,1,175,188,8,10,40,1,0,0,0,0
1331835,3,2023,2023,11,2,5,61,27,232,70,0,1,1,-33.673927,150.911649,71,0,2,1,3,0,0,0,2,0,7,60,1,5929,5929,1,10,13,2,0,0,0,0
1331839,3,2023,2023,11,1,9,43,1,74,382,0,1,7,-33.758112,150.830862,7,0,2,1,3,0,0,0,3,0,0,60,2,926,926,4,5,5,2,0,0,0,0
1331840,3,2023,2023,11,2,9,42,31,94,34609,0,1,10,-33.884738,150.926258,24,0,2,1,3,0,0,0,3,0,0,50,0,1259,985,8,5,40,1,0,0,0,0
1331842,3,2023,2023,11,3,8,39,31,42,34609,0,1,1,-33.660755,151.310653,50,0,2,1,3,0,0,0,2,0,7,50,0,9859,9859,1,5,13,2,0,0,0,0
1331850,3,2023,2023,11,2,5,2261,17,30,2252,0,1,2,-34.812597,148.423563,30,1,0,0,3,0,0,0,2,0,7,110,2,14295,14295,3,21,0,2,0,0,0,0
1331852,3,2023,2023,11,0,7,82,31,39,34609,0,1,10,-35.313558,148.224449,66,2,1,1,3,0,0,0,2,0,0,50,0,6545,6545,4,10,5,2,0,0,0,0
1331853,3,2023,2023,11,4,9,8,1,201,34609,0,1,10,-34.876814,150.603841,63,2,1,1,3,0,0,0,3,2,7,50,0,5929,5929,1,5,5,2,0,0,0,0
1331854,3,2023,2023,11,0,8,109,27,204,105,0,1,9,-33.895913,150.934046,24,0,2,1,3,0,0,0,3,0,7,60,2,1391,1391,1,0,5,2,0,0,0,0
1331856,3,2023,2023,1,6,10,6,23,147,34609,0,1,1,-33.755627,151.285921,50,0,2,1,2,0,0,0,0,0,7,40,0,237,397,1,5,25,3,0,0,0,0
1331858,3,2023,2023,11,0,7,829,27,123,770,0,1,10,-33.814279,151.056237,54,0,2,0,3,0,0,0,2,2,7,70,2,515,515,1,5,0,2,0,0,0,0
1331861,3,2023,2023,11,1,6,916,17,13,917,0,1,1,-32.555037,151.155371,64,2,1,1,3,0,0,0,2,0,7,60,2,3775,3775,0,0,13,2,0,0,0,0
1331862,3,2023,2023,11,4,6,14,31,42,212,0,1,7,-35.350033,149.240905,58,2,1,1,3,0,0,0,2,0,0,60,2,926,926,4,6,5,2,0,0,0,0
1331863,3,2023,2023,11,0,5,171,1,57,104,0,1,2,-33.946098,151.224415,4,0,2,1,3,0,3,0,2,0,7,60,2,4026,4026,8,5,40,1,0,0,0,0
1331864,3,2023,2023,11,6,8,4,27,56,34609,1,0,10,-33.756525,150.780285,55,0,2,1,3,0,0,0,2,0,15,50,0,6545,6545,4,0,13,2,0,0,0,0
1331866,3,2023,2023,11,2,10,1,18,12,34609,0,1,1,-33.671807,150.280542,8,2,2,1,3,0,0,0,0,0,7,50,0,9859,9859,8,5,40,1,0,0,0,0
1331872,3,2023,2023,11,3,6,2,27,2,34609,0,1,1,-33.193628,151.616448,16,1,2,1,3,2,0,0,2,0,7,100,0,3775,3775,0,10,5,2,0,0,0,0
1331873,3,2023,2023,11,3,11,204,31,174,34609,0,1,1,-33.895647,151.213518,69,0,2,1,3,0,0,0,0,0,7,40,0,9859,9859,1,5,5,2,0,0,0,0
1331874,3,2023,2023,11,5,7,147,27,102,34609,0,1,9,-33.972007,151.228666,59,0,2,1,3,0,0,0,2,0,7,50,0,14295,14295,3,5,0,2,0,0,0,0
1331875,3,2023,2023,11,3,11,1052,14,207,928,0,1,3,-33.576766,151.192802,31,0,2,0,3,0,0,0,0,0,7,110,2,782,957,5,8,40,1,0,0,0,0
1331876,3,2023,2023,11,5,11,330,27,147,605,0,1,9,-33.74789,151.290615,50,0,2,1,3,0,0,0,0,2,7,60,2,1282,1282,1,9,18,2,0,0,0,0
1331879,3,2023,2023,11,1,3,80,31,204,187,0,1,1,-33.879363,151.124738,32,0,2,1,3,0,0,0,2,0,7,60,2,14295,14295,3,5,5,3,0,0,0,0
1331880,3,2023,2023,11,6,7,123,36,16,90,0,1,1,-31.515298,151.704027,51,1,0,1,3,0,0,0,2,0,7,100,1,1089,1089,7,10,40,1,0,0,0,0
1331882,3,2023,2023,11,3,10,11,31,64,46,0,1,9,-33.482758,150.152782,40,2,1,1,3,0,0,6,0,2,7,50,2,380,777,5,0,40,1,0,0,0,0
1331883,3,2023,2023,11,0,4,1,1,234,34609,0,1,7,-34.300847,146.032838,28,2,1,1,3,0,0,0,2,0,0,50,0,6545,6545,4,0,12,2,0,0,0,0
1331884,3,2023,2023,11,4,2,128,27,61,133,0,1,1,-33.857682,150.645953,55,0,2,1,3,0,3,4,0,0,7,80,2,9859,9859,8,5,40,1,0,0,0,0
1331889,3,2023,2023,11,6,3,2209,17,166,2205,0,1,9,-33.897732,151.178504,32,0,2,1,3,0,0,0,2,2,7,40,2,1391,1391,1,5,13,3,0,0,0,0
1331891,3,2023,2023,11,0,7,5,10,13,34609,0,1,1,-33.142235,151.625926,37,0,2,1,3,0,0,0,2,0,7,50,0,9859,9859,8,5,40,1,0,0,0,0
1331893,3,2023,2023,11,4,7,1,18,1,34609,0,1,1,-35.737542,147.652067,27,1,0,1,3,2,0,0,2,0,7,100,0,945,945,5,5,40,1,0,0,0,0
1331894,3,2023,2023,11,6,3,59,27,252,41,0,1,1,-33.937399,150.868317,41,0,2,1,3,0,0,0,1,0,7,60,1,96,96,0,5,0,2,0,0,0,0
1331896,3,2023,2023,11,4,9,44,31,253,34609,0,1,1,-33.962936,151.099609,25,0,2,1,3,0,0,0,0,0,7,50,0,9859,9859,1,0,0,2,0,0,0,0
1331897,3,2023,2023,1,2,0,16,27,20,34609,0,1,1,-32.972333,151.541652,37,0,2,1,3,0,0,0,0,0,7,90,0,9859,9859,8,0,40,1,0,0,0,0
1331899,3,2023,2023,11,6,10,866,17,71,793,0,1,2,-33.836721,150.958367,21,0,2,1,3,0,0,0,0,0,7,70,2,1192,1192,1,5,5,2,0,0,0,0
1331900,3,2023,2023,11,1,5,5,31,226,34609,0,1,1,-33.760024,150.820731,7,0,2,1,3,0,0,0,2,0,7,50,0,1669,1669,3,0,0,2,0,0,0,0
1331902,3,2023,2023,11,0,9,126,27,370,168,0,1,2,-34.069961,150.804029,13,0,2,1,3,0,0,0,0,0,7,60,2,14295,14295,3,5,5,3,0,0,0,0
1331903,3,2023,2023,11,3,7,18,31,155,34609,0,1,1,-33.504866,151.306983,16,2,2,1,3,0,0,0,2,0,7,50,0,3775,3775,0,9,0,6,0,0,0,0
1331904,3,2023,2023,11,1,7,478,17,70,480,1,0,1,-33.436377,151.348275,16,2,2,1,3,0,0,0,2,0,7,60,2,14295,14295,3,5,0,2,0,0,0,0
1331906,3,2023,2023,11,4,7,2209,17,88,2205,0,1,2,-33.988122,151.111996,25,0,2,0,3,0,0,0,2,0,7,70,2,1192,1192,1,8,5,2,0,0,0,0
1331908,3,2023,2023,11,1,7,109,27,20,62,0,1,10,-32.764538,151.527796,42,2,1,1,3,0,0,0,2,2,7,60,2,5929,5929,1,5,12,2,0,0,0,0
1331909,3,2023,2023,11,3,9,1052,14,53,928,0,1,3,-33.687778,151.121152,31,0,2,1,3,0,0,0,3,0,7,110,2,14295,14295,3,5,0,3,0,0,0,0
1331914,3,2023,2023,11,5,3,3,31,207,9,0,1,10,-31.97252,141.449668,51,2,1,1,1,0,0,0,1,0,0,50,1,6545,6545,4,5,5,2,0,0,0,0
1331915,3,2023,2023,11,4,2,512,17,11,441,0,1,1,-32.904234,148.891284,11,1,0,1,3,0,0,0,0,0,7,100,2,475,475,5,8,40,1,0,0,0,0
1331920,3,2023,2023,11,2,10,4,1,18,34609,0,1,1,-28.330169,153.566148,72,2,1,1,0,0,3,4,0,0,7,50,0,945,945,5,30,40,1,0,0,0,0
1331940,3,2023,2023,11,3,9,12,27,147,12,0,1,1,-33.750352,151.280087,50,0,2,1,2,0,0,0,0,0,7,50,1,9859,9859,1,5,5,2,0,0,0,0
1331946,3,2023,2023,1,5,5,346,17,3,332,0,1,1,-28.861386,152.956955,60,1,0,1,0,0,0,0,2,0,7,100,2,83,83,5,0,40,1,0,0,0,0
1331954,3,2023,2023,11,3,8,71,27,22,122,0,1,2,-34.506761,150.877666,80,0,2,0,1,0,0,0,2,0,7,80,2,1957,4009,1,10,25,2,0,0,0,0
1331963,3,2023,2023,1,1,4,5,1,64,34609,0,1,1,-33.951807,150.995135,15,0,2,0,1,0,0,0,2,0,7,50,0,4552,5151,1,34,5,2,0,0,0,0
1331978,3,2023,2023,11,3,1,1,10,179,34609,0,1,1,-31.891855,152.466085,43,2,1,0,2,0,0,0,0,0,7,50,0,220,220,8,10,40,2,0,0,0,0
1331982,3,2023,2023,11,3,10,15,31,90,34609,0,1,1,-33.888566,151.255025,81,0,2,1,2,0,0,0,0,0,7,50,0,9859,9859,1,5,5,4,0,0,0,0
1331986,3,2023,2023,11,3,8,1,27,3,34609,0,1,1,-36.135871,149.938794,23,1,0,0,0,0,0,0,3,0,7,100,0,3775,3775,0,5,0,2,0,0,0,0
1331993,3,2023,2023,11,5,4,42,31,316,6,0,1,2,-31.434868,152.900791,56,2,1,1,0,0,0,0,2,0,7,60,1,1383,1383,1,5,0,4,0,0,0,0
1332003,3,2023,2023,11,4,9,78,31,273,34609,0,1,9,-34.427729,150.889398,80,0,2,1,1,0,0,0,0,0,7,50,0,190,190,1,10,5,2,0,0,0,0
1332006,3,2023,2023,1,1,10,478,17,35,480,0,1,7,-33.269333,151.560421,16,2,2,1,2,0,0,0,2,0,7,60,2,9859,9859,8,5,40,1,0,0,0,0
1332009,3,2023,2023,5,5,6,20,31,433,34609,0,1,7,-33.281711,149.101481,52,2,1,1,0,0,3,4,2,0,0,50,0,9859,9859,1,5,0,2,0,0,0,0
1332010,3,2023,2023,1,3,2,2,31,111,34609,1,0,1,-33.920142,151.249595,59,0,2,1,0,0,0,0,0,0,7,50,0,175,188,1,5,5,4,0,0,0,0
1332031,3,2023,2023,11,0,7,3371,17,18,3342,0,1,9,-30.818087,152.877208,47,1,0,1,0,0,0,0,2,0,0,100,2,1383,1383,1,33,5,2,0,0,0,0
1332046,3,2023,2023,11,3,0,1,27,56,34609,1,0,1,-33.75074,150.781332,55,0,2,1,2,0,0,0,0,0,7,50,0,9859,9859,1,0,13,2,0,0,0,0
1332056,3,2023,2023,11,1,9,18,31,273,34609,0,1,10,-34.426044,150.892832,80,0,2,1,1,0,0,0,2,2,7,50,0,6545,6545,4,0,0,2,0,0,0,0
1332057,3,2023,2023,11,5,3,99,31,237,105,0,1,5,-33.872935,150.945472,24,0,2,1,2,0,0,0,2,2,7,60,1,6545,6545,4,9,0,3,0,0,0,0
1332062,3,2023,2023,11,4,3,81,27,66,34609,0,1,1,-32.928968,151.662226,37,0,2,1,0,0,3,0,2,0,7,60,0,9859,9859,1,5,4,2,0,0,0,0
1332066,3,2023,2023,11,0,11,2,7,70,34609,0,1,9,-33.881726,150.882235,24,0,2,0,2,0,0,0,0,0,7,50,0,4552,985,8,0,40,1,0,0,0,0
1332093,3,2023,2023,11,1,9,34,31,523,34609,0,1,1,-33.915996,150.928586,41,0,2,1,2,0,0,0,0,0,7,50,0,1282,1282,1,33,5,2,0,0,0,0
1332118,3,2023,2023,11,0,8,95,31,78,34609,0,1,1,-33.861518,151.089397,14,0,2,1,2,0,0,0,2,0,7,50,0,9859,9859,1,33,0,2,0,0,0,0
1332127,3,2023,2023,11,2,2,85,31,179,70,0,1,10,-31.899558,152.487225,43,2,1,1,2,0,0,0,0,2,7,60,1,9859,9859,8,5,40,1,0,0,0,0
1332143,3,2023,2023,11,3,1,3371,17,57,3342,0,1,6,-28.635836,153.550591,10,2,1,0,2,0,3,3,0,0,7,60,2,1259,5151,8,21,40,1,0,0,0,0
1332162,3,2023,2023,1,6,9,2126,17,55,2149,0,1,2,-33.797554,150.895747,7,0,2,1,2,0,0,0,0,0,7,80,2,14295,14295,3,0,5,3,0,0,0,0
1332174,3,2023,2023,10,6,3,15,31,99,30,0,1,9,-33.889821,151.275589,76,0,2,1,3,0,0,3,2,2,7,40,1,5929,5929,1,10,36,2,0,0,0,0
1332175,3,2023,2023,8,6,9,157,17,18,158,0,1,1,-33.598344,149.163963,51,1,0,1,0,0,0,0,0,0,7,100,2,1383,1383,1,0,13,2,0,0,0,0
1332176,3,2023,2023,11,6,7,22,31,59,47,0,1,1,-32.891567,151.72452,48,0,2,1,3,0,0,0,2,0,7,60,2,14295,14295,3,0,5,2,0,0,0,0
1332182,3,2023,2023,10,4,0,6,27,2,34609,1,0,1,-28.648793,153.113925,39,2,1,1,3,0,0,0,0,0,7,80,0,4026,4026,8,0,40,1,0,0,0,0
1332185,3,2023,2023,11,0,4,40,31,84,34609,0,1,10,-31.096212,150.918893,70,2,1,1,3,0,0,0,2,0,0,50,0,6545,6545,4,5,13,2,0,0,0,0
1332186,3,2023,2023,10,3,9,98,27,294,799,0,1,2,-33.928915,150.958675,41,0,2,1,3,0,0,0,2,0,7,70,2,9859,9859,1,9,5,2,0,0,0,0
1332188,3,2023,2023,11,4,5,1,31,7,34609,0,1,9,-33.814427,151.139119,61,0,2,0,3,0,3,0,2,0,7,50,0,14295,14295,3,10,0,2,0,0,0,0
1332196,3,2023,2023,11,2,3,3371,17,28,3342,0,1,2,-31.831655,152.61715,43,1,0,1,3,0,0,0,1,0,7,100,2,9859,9859,8,0,40,1,0,0,0,0
1332197,3,2023,2023,5,6,6,28,31,137,34609,0,1,7,-34.031471,151.054763,68,0,2,1,0,0,0,0,2,0,0,50,0,14295,14295,3,0,13,2,0,0,0,0
1332199,3,2023,2023,11,6,10,1,18,6,34609,0,1,1,-30.720724,152.843846,47,1,0,0,3,0,0,0,0,0,7,100,0,418,714,5,10,40,1,0,0,0,0
1332200,3,2023,2023,5,1,5,330,23,54,233,0,1,2,-33.90098,151.222468,69,0,2,1,1,0,0,0,2,0,7,60,2,4026,4026,8,5,40,1,0,0,0,0
1332202,3,2023,2023,11,2,9,515,14,523,518,0,1,3,-33.938856,150.918082,41,0,2,1,3,0,0,0,0,0,7,100,2,1383,1383,1,10,36,2,0,0,0,0
1332219,3,2023,2023,11,2,6,37,31,176,34609,0,1,7,-33.962365,151.141298,4,0,2,0,3,0,0,0,2,0,0,50,0,6545,6545,4,0,5,2,0,0,0,0
1332224,3,2023,2023,10,6,4,78,17,23,58,0,1,1,-35.025144,149.016802,82,1,0,1,3,0,0,3,2,0,7,100,2,14295,14295,3,0,5,2,0,0,0,0
1332228,3,2023,2023,11,2,9,11,31,21,10,0,1,10,-33.951451,151.15995,4,0,2,1,3,0,0,0,0,0,15,60,1,6545,6545,4,5,5,2,0,0,0,0
1332231,3,2023,2023,10,4,7,55,36,22,35,0,1,1,-32.875944,149.948014,44,1,0,1,3,0,0,0,2,0,7,100,1,14295,14295,3,10,13,2,0,0,0,0
1332238,3,2023,2023,11,1,6,15,27,11,34609,0,1,1,-28.221299,153.473116,72,2,1,0,3,0,0,0,2,0,15,80,0,14295,14295,3,0,0,2,0,0,0,0
1332242,3,2023,2023,11,5,2,89,36,4,19,0,1,1,-28.757985,152.655454,51,1,0,0,3,0,3,1,0,0,7,100,1,1850,1463,5,9,40,1,0,0,0,0
1332248,3,2023,2023,11,0,7,71,36,234,61,0,1,7,-34.299508,146.047114,28,2,1,1,3,0,0,0,2,0,0,60,2,14295,14295,3,5,13,2,0,0,0,0
1332249,3,2023,2023,10,0,8,1052,27,104,262,0,1,9,-32.909137,151.701874,48,0,2,1,3,0,0,0,2,0,15,60,2,14295,14295,3,21,5,2,0,0,0,0
1332254,3,2023,2023,11,2,0,1,7,62,34609,0,1,1,-34.085337,150.816604,13,0,2,0,2,0,0,0,0,0,7,50,0,4552,5151,1,0,36,2,0,0,0,0
1332262,3,2023,2023,11,2,5,3371,17,463,3342,0,1,2,-30.278546,153.132687,19,2,1,1,3,0,0,0,2,0,7,60,2,14295,14295,3,5,0,2,0,0,0,0
1332265,3,2023,2023,5,0,1,143,31,173,181,0,1,9,-33.881117,151.21814,69,0,2,1,2,0,0,0,0,2,7,50,2,5929,5929,1,0,5,2,0,0,0,0