Crash ID,Degree of crash - detailed,Reporting year,Year of crash,Month of crash,Day of week of crash,Two-hour intervals,Street of crash,Street type,Town,Route no.,School zone location,School zone active,Type of location,Latitude,Longitude,LGA,Urbanisation,Conurbation 1,Alignment,Street lighting,Road surface,Surface condition,Weather,Natural lighting,Signals operation,Other traffic control,Speed limit,Road classification,RUM - code,DCA - code,First impact type,Key TU type,Other TU type,No. of traffic units involved,No. killed,No. seriously injured,No. moderately injured,No. minor-other injured
1332266,3,2023,2023,11,5,4,2,27,173,34609,0,1,7,-33.780977,151.123039,61,0,2,1,3,0,0,0,2,0,0,50,0,1109,397,1,5,0,2,0,0,0,0
1332268,3,2023,2023,11,6,9,4,31,77,34609,0,1,7,-33.865221,150.946931,24,0,2,1,3,0,3,4,4,0,0,50,0,14295,14295,3,5,36,2,0,0,0,0
1332276,3,2023,2023,11,6,2,3,10,36,34609,0,1,9,-34.39221,150.848528,80,0,2,0,3,0,3,1,0,0,0,60,0,1282,1282,1,10,13,2,0,0,0,0
1332278,3,2023,2023,10,6,2,106,27,46,106,0,1,2,-33.927787,150.873487,41,0,2,1,3,0,0,0,0,0,7,70,2,1383,1383,1,30,5,2,0,0,0,0
1332284,3,2023,2023,1,2,11,1,31,41,34609,0,1,9,-33.90533,151.182655,69,0,2,1,2,0,3,4,0,0,7,50,0,9859,9859,1,5,0,5,0,0,0,0
1332293,3,2023,2023,10,6,10,95,27,106,605,0,1,2,-33.672447,151.312683,50,0,2,0,3,0,3,4,0,0,7,60,2,380,714,5,10,40,1,0,0,0,0
1332301,3,2023,2023,10,6,10,50,27,10,34609,0,1,1,-33.451429,151.435142,16,2,2,0,3,0,0,0,0,0,7,50,0,4552,5151,1,0,5,2,0,0,0,0
1332302,3,2023,2023,10,3,9,29,31,37,83,0,1,1,-29.4668,153.204581,18,2,1,0,3,0,0,0,0,0,7,50,1,782,957,5,10,40,1,0,0,0,0
1332303,3,2023,2023,11,0,6,8,31,137,34609,1,0,7,-34.034593,151.062786,68,0,2,0,3,0,0,0,2,0,0,50,0,6545,6545,4,5,0,2,0,0,0,0
1332315,3,2023,2023,10,5,5,62,10,122,62,0,1,9,-33.424253,151.344844,16,2,2,1,3,0,0,0,2,0,7,60,2,14295,14295,3,0,0,2,0,0,0,0
1332316,3,2023,2023,10,3,9,35,31,532,34609,0,1,10,-33.876149,151.204522,69,0,2,1,3,0,0,0,0,2,9,40,0,3775,3775,0,5,27,2,0,0,0,0
1332320,3,2023,2023,11,6,0,2261,17,17,2252,0,1,9,-34.795176,149.272592,74,1,0,1,3,0,0,0,0,0,15,110,2,4026,4026,8,10,40,1,0,0,0,0
1332321,3,2023,2023,11,4,10,9,27,18,6,0,1,7,-32.801663,151.466646,17,2,1,1,3,0,0,0,0,0,0,60,1,301,301,4,5,5,2,0,0,0,0
1332325,3,2023,2023,11,4,5,143,31,123,181,1,0,2,-33.88825,151.231727,81,0,2,1,3,0,0,0,2,0,7,50,2,387,387,1,5,0,2,0,0,0,0
1332326,3,2023,2023,11,0,9,387,27,115,331,0,1,2,-33.958665,151.064656,25,0,2,1,2,0,0,0,0,0,7,60,2,1383,1383,1,33,5,3,0,0,0,0
1332329,3,2023,2023,11,0,6,916,17,8,917,0,1,1,-31.756998,150.821009,73,2,1,1,3,0,0,0,2,0,7,60,2,1945,1945,5,0,40,1,0,0,0,0
1332338,3,2023,2023,1,3,2,3371,17,90,3342,0,1,2,-28.226142,153.55684,72,1,0,0,3,0,2,6,0,0,7,100,2,204,204,1,5,5,2,0,0,0,0
1332353,3,2023,2023,11,6,6,195,27,53,186,0,1,10,-33.924564,150.848335,41,0,2,1,1,0,0,0,2,2,7,70,2,1192,1192,1,8,0,2,0,0,0,0
1332354,3,2023,2023,11,0,3,14,31,243,34609,0,1,1,-33.938342,150.908129,41,0,2,0,3,0,0,0,2,0,7,50,0,4552,5151,1,5,5,4,0,0,0,0
1332356,3,2023,2023,11,0,7,330,27,106,605,0,1,9,-33.681731,151.303025,50,0,2,1,3,0,0,0,2,0,15,70,2,5929,5929,1,0,12,2,0,0,0,0
1332357,3,2023,2023,10,3,11,82,31,179,369,0,1,10,-33.760662,150.710957,55,0,2,1,2,0,0,0,0,2,7,70,2,926,926,4,5,5,3,0,0,0,0
1332360,3,2023,2023,11,4,3,22,22,139,22,0,1,3,-33.842473,151.210977,49,0,2,1,3,0,0,0,2,0,7,80,2,14295,14295,3,5,5,3,0,0,0,0
1332368,3,2023,2023,11,4,8,68,31,8,34609,0,1,1,-33.648603,151.313246,50,0,2,1,3,0,0,0,2,0,7,50,0,4026,4026,1,5,5,3,0,0,0,0
1332370,3,2023,2023,5,2,4,112,27,31,256,0,1,7,-34.020283,150.835411,13,0,2,1,1,0,2,6,2,0,0,70,2,9859,9859,8,10,40,1,0,0,0,0
1332374,3,2023,2023,10,0,6,42,1,77,34609,0,1,1,-33.730373,151.080736,31,0,2,1,3,0,0,0,2,0,7,50,0,14295,14295,3,10,5,2,0,0,0,0
1332377,3,2023,2023,10,3,4,114,27,9,228,0,1,1,-33.516431,150.955077,71,0,2,0,0,0,0,0,2,0,7,80,2,1850,1463,5,16,40,1,0,0,0,0
1332386,3,2023,2023,5,6,7,8,1,271,34609,0,1,9,-33.953552,151.020027,15,0,2,1,3,0,0,0,2,0,7,50,0,4026,4026,1,10,5,2,0,0,0,0
1332389,3,2023,2023,8,0,3,103,27,149,260,0,1,10,-33.990573,151.133006,25,0,2,1,1,0,0,0,2,2,7,70,2,395,395,1,5,5,2,0,0,0,0
1332390,3,2023,2023,11,0,0,37,27,10,36,0,1,1,-32.61854,151.707964,57,2,1,0,3,0,0,0,0,0,7,80,1,4552,5151,8,5,40,1,0,0,0,0
1332392,3,2023,2023,11,0,1,2126,17,283,2149,0,1,10,-33.830735,151.012242,54,0,2,1,3,0,3,4,0,2,7,60,2,1282,1282,1,5,5,2,0,0,0,0
1332396,3,2023,2023,10,1,11,3,27,154,34609,0,1,7,-33.705014,150.957606,71,0,2,1,3,0,0,0,0,0,0,50,0,475,475,5,5,40,1,0,0,0,0
1332397,3,2023,2023,10,6,7,57,1,46,34609,0,1,9,-33.929978,150.858108,41,0,2,1,3,0,0,0,2,0,7,50,0,83,83,1,0,5,2,0,0,0,0
1332399,3,2023,2023,5,5,1,57,27,30,126,0,1,9,-32.767369,151.63072,42,2,1,0,3,0,0,0,0,0,15,80,2,418,985,5,0,40,1,0,0,0,0
1332404,3,2023,2023,11,3,1,308,14,127,311,0,1,3,-33.839563,150.855928,24,0,2,1,2,0,0,0,0,0,7,100,2,9859,9859,8,0,40,1,0,0,0,0
1332406,3,2023,2023,11,0,5,44,31,82,6,0,1,1,-33.792798,151.265176,50,0,2,1,3,0,0,0,2,2,9,50,1,2585,4009,8,5,40,1,0,0,0,0
1332409,3,2023,2023,10,5,8,1,27,35,34609,0,1,1,-29.941801,148.296994,51,1,0,1,3,0,0,0,2,0,7,100,0,1089,1089,7,0,40,1,0,0,0,0
1332410,3,2023,2023,1,4,3,1104,14,223,962,0,1,3,-33.8061,150.921277,7,0,2,1,3,0,0,0,1,0,7,100,2,1391,1391,1,5,36,5,0,0,0,0
1332411,3,2023,2023,10,1,7,120,36,10,148,0,1,1,-30.530883,151.819078,1,1,0,0,3,0,0,0,2,0,7,100,2,1957,4009,8,5,40,1,0,0,0,0
1332416,3,2023,2023,1,0,5,1,1,154,34609,0,1,1,-33.705603,150.96499,71,0,2,1,1,0,0,0,2,0,7,50,0,186,186,1,10,0,2,0,0,0,0
1332422,3,2023,2023,11,4,3,308,14,104,311,0,1,3,-33.742368,150.932481,7,0,2,1,3,0,3,4,1,0,7,100,2,14295,14295,3,8,13,3,0,0,0,0
1332426,3,2023,2023,11,6,5,158,27,68,207,0,1,10,-33.87713,151.244873,81,0,2,1,3,0,0,0,2,2,7,60,2,1391,1391,1,8,0,2,0,0,0,0
1332428,3,2023,2023,10,5,5,9,10,67,34609,0,1,9,-33.703508,150.902813,7,0,2,1,3,0,0,0,2,0,15,50,0,4026,4026,8,0,40,1,0,0,0,0
1332443,3,2023,2023,11,0,8,5,31,47,212,0,1,1,-35.256524,149.442682,58,2,1,1,3,0,0,0,2,0,7,50,2,1981,1981,4,10,5,2,0,0,0,0
1332444,3,2023,2023,11,4,10,330,23,150,112,0,1,2,-33.93424,151.237361,59,0,2,1,2,0,0,0,4,0,7,50,2,1981,1981,4,5,5,3,0,0,0,0
1332447,3,2023,2023,11,1,5,475,31,162,240,0,1,1,-33.850266,150.8992,24,0,2,1,0,0,0,0,2,0,7,70,2,1981,1981,4,5,5,2,0,0,0,0
1332450,3,2023,2023,10,3,7,14,27,39,34609,1,0,1,-34.316584,150.922074,80,0,2,1,3,0,0,0,2,0,7,50,0,9859,9859,1,5,5,2,0,0,0,0
1332480,3,2023,2023,11,2,11,8,31,166,34609,0,1,7,-33.412286,149.584925,3,2,1,1,3,0,0,0,0,0,0,50,0,5929,5929,1,5,5,2,0,0,0,0
1332491,3,2023,2023,10,6,7,9,27,110,34609,0,1,1,-33.754319,151.034629,71,0,2,1,3,0,3,4,2,0,7,50,0,14295,14295,3,5,5,2,0,0,0,0
1332492,3,2023,2023,11,4,8,57,27,122,34609,0,1,1,-33.423507,151.34122,16,2,2,1,3,0,0,0,2,0,7,50,0,14295,14295,3,5,5,2,0,0,0,0
1332493,3,2023,2023,10,4,5,829,27,123,770,0,1,9,-33.80856,151.066763,54,0,2,1,3,0,0,0,2,2,7,70,2,14295,14295,3,5,5,2,0,0,0,0
1332494,3,2023,2023,8,6,0,387,27,115,331,0,1,2,-33.957995,151.065954,25,0,2,0,0,0,0,0,0,0,7,60,2,1957,4009,8,5,40,1,0,0,0,0
1332497,3,2023,2023,1,6,4,12,10,65,34609,0,1,1,-36.056722,146.975266,0,2,1,1,3,0,0,0,2,0,7,80,0,14295,14295,3,10,25,2,0,0,0,0
1332498,3,2023,2023,10,5,6,171,1,387,104,0,1,10,-33.934164,151.1972,4,0,2,1,3,0,0,0,2,0,0,60,2,1282,1282,1,5,40,1,0,0,0,0
1332501,3,2023,2023,10,1,9,1,31,20,34609,0,1,10,-31.020465,151.072503,70,2,1,1,3,0,0,0,2,0,0,50,0,6545,6545,4,5,5,2,0,0,0,0
1332503,3,2023,2023,11,1,1,2261,17,49,2252,0,1,2,-34.736875,149.787236,26,1,0,1,3,0,0,0,0,0,7,110,2,1945,1945,5,21,40,1,0,0,0,0
1332504,3,2023,2023,11,5,0,193,1,85,34609,0,1,1,-32.940083,151.714197,48,0,2,1,2,0,0,0,0,0,7,60,0,475,475,5,5,40,1,0,0,0,0
1332508,3,2023,2023,11,4,2,2,31,50,34609,1,0,9,-34.347296,150.908912,80,0,2,1,0,0,0,0,1,0,7,50,0,9859,9859,1,10,5,2,0,0,0,0
1332511,3,2023,2023,11,6,2,2,27,15,34609,0,1,1,-35.736743,146.937436,27,1,0,1,3,0,0,1,1,0,7,100,0,1089,1089,7,5,40,1,0,0,0,0
1332512,3,2023,2023,11,4,6,2,25,137,34609,0,1,1,-33.905339,150.908571,24,0,2,1,3,0,0,0,2,0,7,50,0,248,248,1,5,5,2,0,0,0,0
1332519,3,2023,2023,10,5,5,115,27,113,173,0,1,2,-34.363493,150.85376,80,0,2,0,3,0,0,0,2,0,7,80,2,14295,14295,3,5,10,2,0,0,0,0
1332524,3,2023,2023,11,4,9,2261,17,14,2252,0,1,3,-34.445827,150.387842,78,1,0,1,3,0,0,0,0,0,7,110,2,404,404,8,9,40,1,0,0,0,0
1332525,3,2023,2023,10,6,9,485,27,187,769,1,0,2,-33.792723,150.999002,54,0,2,1,3,0,2,6,0,2,7,60,2,1981,1981,4,5,5,2,0,0,0,0
1332541,3,2023,2023,10,5,9,32,31,73,34609,0,1,1,-35.145608,147.366999,75,2,1,0,3,0,0,3,3,0,7,50,0,4552,5151,1,5,13,2,0,0,0,0
1332543,3,2023,2023,5,2,9,55,27,137,96,0,1,9,-32.956704,151.686671,37,0,2,1,3,0,0,0,3,2,7,60,2,2852,2852,4,10,0,2,0,0,0,0
1332544,3,2023,2023,10,5,9,4,18,82,34609,0,1,7,-31.046899,150.926427,70,2,1,1,2,0,0,0,2,0,0,50,0,1669,1669,3,10,5,2,0,0,0,0
1332545,3,2023,2023,11,2,8,9,27,70,34609,0,1,1,-33.883702,150.8731,24,0,2,1,2,0,0,0,3,0,7,50,0,9859,9859,1,0,41,2,0,0,0,0
1332547,3,2023,2023,11,0,5,2209,17,70,2205,0,1,7,-34.84265,150.594331,63,2,1,1,3,0,0,0,2,0,0,70,2,6545,6545,4,0,35,2,0,0,0,0
1332549,3,2023,2023,10,5,11,916,17,8,917,0,1,9,-31.750686,150.812338,73,1,0,0,3,0,0,0,0,0,7,100,2,2585,4009,8,5,40,1,0,0,0,0
1332557,3,2023,2023,11,6,9,2126,17,136,2149,0,1,10,-33.859913,151.072892,67,0,2,1,3,0,3,3,0,0,15,60,2,6545,6545,4,5,5,2,0,0,0,0
1332563,3,2023,2023,10,3,8,334,17,98,308,0,1,1,-30.983994,150.262909,51,2,1,1,3,0,0,0,2,0,7,50,2,941,941,1,5,13,2,0,0,0,0
1332564,3,2023,2023,11,2,7,2,27,173,34609,0,1,9,-33.779698,151.121229,61,0,2,1,3,0,0,0,2,0,7,50,0,1391,1391,1,30,5,2,0,0,0,0
1332566,3,2023,2023,11,0,2,3371,17,51,3342,0,1,7,-33.251934,151.489797,16,2,2,0,3,0,3,4,0,0,0,70,2,273,985,5,10,40,1,0,0,0,0
1332567,3,2023,2023,11,0,7,37,27,21,36,0,1,1,-32.576134,151.767447,51,1,0,1,3,0,0,0,2,0,7,90,1,4026,4026,8,5,40,1,0,0,0,0
1332573,3,2023,2023,11,0,8,13,25,64,34609,0,1,1,-34.039787,150.743695,12,0,2,1,3,0,0,0,2,0,7,50,0,14295,14295,3,10,5,3,0,0,0,0
1332574,3,2023,2023,10,6,7,2126,17,65,2149,0,1,2,-33.538747,150.160502,40,2,1,0,3,0,3,4,2,0,7,80,2,1259,5151,8,5,40,1,0,0,0,0
1332575,3,2023,2023,10,3,2,3371,17,57,3342,0,1,2,-28.632361,153.54896,10,1,0,1,3,0,0,0,0,0,7,100,2,9859,9859,8,9,40,1,0,0,0,0
1332580,3,2023,2023,11,1,6,22,31,44,34609,0,1,10,-32.809676,151.429946,17,2,1,1,3,0,0,0,2,0,0,50,0,6545,6545,4,10,5,2,0,0,0,0
1332583,3,2023,2023,11,0,7,12,31,73,34609,0,1,1,-33.893654,151.170272,32,0,2,1,1,0,0,0,2,0,7,50,0,9859,9859,1,5,5,3,0,0,0,0
1332584,3,2023,2023,11,0,9,175,27,609,220,1,0,2,-33.759502,150.913975,7,0,2,1,3,0,0,0,0,0,7,70,2,14295,14295,3,30,5,3,0,0,0,0
1332591,3,2023,2023,11,6,11,36,31,363,34609,0,1,1,-33.817676,151.011107,54,0,2,1,2,0,0,0,0,0,7,40,0,1282,1282,1,33,19,2,0,0,0,0
1332593,3,2023,2023,11,6,4,4,31,92,34609,0,1,1,-33.871548,150.977103,24,0,2,1,0,0,0,0,2,0,7,50,0,9859,9859,1,5,5,4,0,0,0,0
1332599,3,2023,2023,11,4,3,1,6,162,34609,0,1,1,-33.84587,150.877264,24,0,2,1,3,0,0,0,1,0,7,50,0,84,84,8,5,40,1,0,0,0,0
1332600,3,2023,2023,10,0,6,14,31,131,34609,1,0,10,-36.083072,146.917808,0,2,1,1,3,0,0,0,2,2,7,50,0,4026,4026,8,9,40,1,0,0,0,0
1332603,3,2023,2023,10,4,3,16,31,169,382,0,1,10,-33.601883,150.753396,29,2,2,1,3,0,0,0,2,2,7,60,2,6545,6545,4,0,5,2,0,0,0,0
1332604,3,2023,2023,1,2,9,224,27,102,321,0,1,9,-33.951802,151.199422,4,0,2,1,2,0,0,0,0,0,7,50,2,9859,9859,1,10,5,4,0,0,0,0
1332609,3,2023,2023,10,5,7,72,14,169,71,0,1,3,-33.899125,151.215467,69,0,2,1,3,0,0,0,2,0,7,80,2,9859,9859,8,5,40,2,0,0,0,0
1332614,3,2023,2023,11,3,1,77,31,179,34609,1,0,1,-33.756376,150.721649,55,0,2,1,1,0,0,0,0,0,7,50,0,9859,9859,1,5,12,3,0,0,0,0
1332616,3,2023,2023,11,6,9,62,10,33,62,0,1,1,-33.415472,151.349132,16,2,2,1,3,0,0,0,0,0,7,60,2,1282,1282,1,0,0,3,0,0,0,0
1332617,3,2023,2023,10,2,6,171,27,89,369,0,1,1,-33.662391,150.761456,55,0,2,1,3,0,0,3,2,0,7,80,2,14295,14295,3,5,12,2,0,0,0,0
1332620,3,2023,2023,11,6,6,78,32,646,34609,0,1,1,-33.917642,151.037587,15,0,2,1,1,0,0,0,2,0,7,40,0,84,84,8,9,40,1,0,0,0,0
1332624,3,2023,2023,1,3,1,56,31,58,34609,0,1,7,-32.78023,151.738288,57,2,1,1,3,0,0,0,0,0,0,70,0,475,475,5,5,40,1,0,0,0,0
1332627,3,2023,2023,10,1,3,3,31,68,34609,0,1,1,-34.828876,148.909672,82,2,1,1,3,0,0,0,1,0,7,50,0,9859,9859,1,5,13,2,0,0,0,0
1332630,3,2023,2023,10,2,4,485,27,50,769,0,1,9,-33.622876,150.837297,29,2,2,1,3,0,0,0,2,0,15,80,2,2852,2852,4,0,13,2,0,0,0,0
1332633,3,2023,2023,11,0,4,866,17,278,793,0,1,9,-33.777737,151.051808,54,0,2,1,3,0,3,4,2,2,7,60,2,1192,1192,1,29,0,2,0,0,0,0
1332634,3,2023,2023,10,1,7,3,31,24,34609,0,1,9,-33.662883,150.872941,7,0,2,1,3,2,0,0,2,0,7,50,0,380,777,5,10,40,1,0,0,0,0
1332635,3,2023,2023,10,5,5,10,31,283,34609,1,0,9,-33.83383,151.0097,21,0,2,0,3,0,0,0,2,0,0,50,0,941,941,1,5,5,2,0,0,0,0
1332636,3,2023,2023,10,4,7,16,27,12,34609,0,1,7,-32.932099,151.586112,37,0,2,1,3,0,0,0,2,0,0,60,0,9859,9859,1,0,0,5,0,0,0,0
1332645,3,2023,2023,10,5,6,1052,14,56,928,0,1,3,-32.991498,151.516588,37,0,2,1,3,0,0,0,2,0,7,110,2,14295,14295,3,29,5,2,0,0,0,0
1332650,3,2023,2023,11,4,10,15,10,7,34609,0,1,9,-34.084247,151.146971,68,0,2,0,3,0,0,0,0,0,7,50,0,782,957,5,5,40,1,0,0,0,0
1332656,3,2023,2023,10,6,5,9,31,215,34609,0,1,9,-35.099847,147.366994,75,2,1,1,3,0,0,0,2,0,15,60,0,14295,14295,3,0,5,2,0,0,0,0
1332659,3,2023,2023,10,2,6,33,10,69,34609,0,1,1,-28.541318,153.498967,10,1,0,0,3,0,3,4,2,0,7,100,0,782,957,5,10,40,1,0,0,0,0
1332664,3,2023,2023,10,0,3,1104,14,323,962,0,1,6,-33.798258,150.856504,7,0,2,1,3,0,0,0,2,2,7,100,2,1192,1192,1,29,5,2,0,0,0,0
1332665,3,2023,2023,11,4,9,8,27,63,45,0,1,1,-33.736871,150.799178,7,0,2,0,2,0,0,0,0,0,7,50,1,4552,5151,8,0,40,1,0,0,0,0
1332666,3,2023,2023,11,2,6,222,27,19,34609,0,1,1,-33.692484,150.885163,7,0,2,1,3,0,0,0,2,0,7,60,0,941,941,1,5,5,2,0,0,0,0
1332669,3,2023,2023,10,6,4,916,17,75,917,0,1,9,-32.793067,151.633358,42,2,1,1,3,0,0,0,2,0,0,60,2,2585,777,8,5,40,1,0,0,0,0
1332671,3,2023,2023,10,6,8,65,27,202,563,0,1,10,-33.941377,151.035262,15,0,2,1,3,0,0,3,2,0,7,70,2,945,945,5,5,40,1,0,0,0,0
1332674,3,2023,2023,10,0,8,3371,17,173,3342,1,0,9,-33.727889,151.120066,36,0,2,0,3,0,3,3,2,2,7,60,2,14295,14295,3,0,5,2,0,0,0,0
1332675,3,2023,2023,10,1,6,36,27,438,25,0,1,1,-33.857647,151.019677,21,0,2,1,3,0,0,0,2,0,7,50,1,1981,1981,4,0,0,2,0,0,0,0
1332679,3,2023,2023,10,5,7,149,10,136,702,0,1,2,-33.857817,151.069869,67,0,2,1,3,0,0,0,2,0,7,80,2,1383,1383,1,10,5,2,0,0,0,0
1332685,3,2023,2023,10,0,7,76,31,112,34609,0,1,9,-36.068887,146.931298,0,2,1,1,3,0,0,0,2,0,0,50,0,1669,1669,3,0,0,2,0,0,0,0
1332687,3,2023,2023,10,6,9,2,27,69,34609,0,1,1,-33.775771,150.978293,54,0,2,0,3,0,3,4,3,0,7,50,0,4552,5151,1,0,0,2,0,0,0,0
1332689,3,2023,2023,10,0,11,1,18,8,34609,0,1,1,-32.938301,151.405948,17,1,0,1,3,0,0,0,0,0,7,100,0,1089,1089,7,21,40,1,0,0,0,0
1332691,3,2023,2023,11,3,0,26,10,370,68,0,1,7,-34.078454,150.797696,13,0,2,1,2,0,0,0,0,0,0,60,1,9859,9859,8,5,40,1,0,0,0,0
1332692,3,2023,2023,10,1,10,81,31,133,80,0,1,1,-33.9304,151.011551,15,0,2,1,2,0,0,0,0,0,7,60,1,9859,9859,1,5,5,3,0,0,0,0
1332694,3,2023,2023,10,1,8,475,10,70,268,0,1,10,-33.883405,150.864787,24,0,2,1,3,0,0,0,2,2,7,70,2,14295,14295,3,9,36,3,0,0,0,0
1332695,3,2023,2023,11,4,6,30,31,207,34609,0,1,1,-31.97917,141.478704,51,2,1,1,3,0,0,0,2,0,7,50,0,4026,4026,8,0,40,1,0,0,0,0
1332700,3,2023,2023,10,6,8,36,10,66,34609,1,0,1,-32.80945,151.664659,48,0,2,1,3,0,0,0,2,0,7,50,0,9859,9859,1,5,0,2,0,0,0,0
1332702,3,2023,2023,1,0,7,36,27,3,83,0,1,1,-29.431468,153.311524,18,2,1,0,3,0,0,0,2,0,7,70,1,14295,14295,3,0,41,3,0,0,0,0
1332707,3,2023,2023,10,0,2,30,27,193,34609,0,1,9,-33.789407,151.071362,61,0,2,1,3,0,0,0,0,0,7,50,0,9859,9859,1,0,25,3,0,0,0,0
1332711,3,2023,2023,10,4,4,28,3,21,117,0,1,2,-32.966441,151.67579,37,0,2,0,3,0,0,0,2,0,7,90,2,1109,787,1,5,13,3,0,0,0,0
1332714,3,2023,2023,11,3,3,251,27,115,212,0,1,10,-33.752424,151.243751,50,0,2,1,2,0,0,0,2,2,7,70,2,14295,14295,3,0,36,2,0,0,0,0
1332716,3,2023,2023,10,2,10,5,31,169,34609,0,1,9,-28.646007,153.616371,10,2,1,0,3,0,3,4,0,0,0,50,0,1669,1669,3,0,5,2,0,0,0,0
1332717,3,2023,2023,1,5,7,125,27,43,144,0,1,1,-32.806787,151.863186,57,2,1,1,3,0,0,0,2,0,7,80,2,489,489,8,5,40,1,0,0,0,0
1332719,3,2023,2023,11,6,6,3371,17,57,3342,0,1,9,-32.988614,151.691093,37,0,2,1,3,0,0,0,2,2,7,60,2,14295,14295,3,10,5,3,0,0,0,0
1332721,3,2023,2023,11,3,1,296,27,187,293,0,1,10,-33.881886,150.977495,24,0,2,1,2,0,0,0,0,2,7,60,2,945,945,5,5,40,1,0,0,0,0
1332724,3,2023,2023,10,4,7,15,1,17,69,0,1,1,-33.792524,151.162844,77,0,2,0,3,0,0,0,2,0,7,50,2,14295,14295,3,8,36,2,0,0,0,0
1332729,3,2023,2023,10,3,8,92,27,55,36,0,1,7,-35.71296,150.185781,23,2,1,1,3,0,0,0,2,0,0,60,1,6545,6545,4,0,13,2,0,0,0,0
1332730,3,2023,2023,6,5,6,225,17,76,180,0,1,1,-34.547437,150.373264,78,2,1,0,3,0,0,0,2,0,7,50,2,387,387,1,8,0,2,0,0,0,0
1332731,3,2023,2023,11,2,1,485,27,52,769,0,1,2,-33.702498,150.929581,7,0,2,1,2,0,0,0,0,0,7,80,2,1945,1945,5,0,40,1,0,0,0,0
1332733,3,2023,2023,10,3,8,68,31,363,14,0,1,10,-33.815653,150.997492,54,0,2,1,3,0,0,0,2,2,7,50,2,14295,14295,3,5,5,2,0,0,0,0
1332738,3,2023,2023,11,5,5,177,22,210,176,0,1,2,-34.035116,151.112353,68,0,2,1,3,0,0,0,2,0,7,60,2,9859,9859,8,29,40,2,0,0,0,0
1332740,3,2023,2023,11,4,0,4,31,194,34609,0,1,1,-30.510804,151.644116,1,2,1,1,1,0,0,0,0,0,7,50,0,945,945,5,5,40,1,0,0,0,0
1332745,3,2023,2023,10,5,5,78,31,57,34609,0,1,10,-32.819323,151.481267,17,2,1,1,3,0,0,0,2,0,0,50,0,6545,6545,4,0,13,2,0,0,0,0
1332746,3,2023,2023,10,3,8,308,14,323,311,0,1,3,-33.797906,150.854117,7,0,2,1,3,0,0,0,3,0,7,100,2,1282,1282,1,5,0,2,0,0,0,0
1332749,3,2023,2023,10,2,7,232,36,109,331,0,1,2,-33.953284,150.856258,41,0,2,1,3,0,0,0,2,0,7,70,2,14295,14295,3,5,0,2,0,0,0,0
1332753,3,2023,2023,10,0,8,2261,17,35,2252,0,1,3,-34.177908,150.727952,79,1,2,1,3,0,0,0,3,0,3,110,2,1282,1282,1,5,40,1,0,0,0,0
1332756,3,2023,2023,1,6,4,34,31,145,140,0,1,10,-33.927406,151.124435,15,0,2,0,3,0,0,0,2,2,7,50,1,217,217,1,8,0,2,0,0,0,0
1332766,3,2023,2023,10,1,3,62,31,124,34609,1,0,1,-33.815155,151.045449,54,0,2,1,3,0,0,0,2,0,7,50,0,941,941,1,5,0,2,0,0,0,0
1332771,3,2023,2023,11,2,2,118,18,323,34609,1,0,1,-33.744078,150.977255,71,0,2,1,3,0,0,0,0,0,7,50,0,9859,9859,1,21,13,2,0,0,0,0
1332774,3,2023,2023,10,3,4,117,1,239,121,0,1,9,-34.04254,151.118242,68,0,2,1,3,0,0,0,2,0,7,60,1,775,775,4,0,5,2,0,0,0,0
1332777,3,2023,2023,11,6,9,222,31,131,212,0,1,9,-33.783568,151.191545,36,0,2,1,3,0,0,0,0,2,7,60,2,14295,14295,3,5,0,2,0,0,0,0
1332782,3,2023,2023,10,2,6,2209,17,176,2205,1,0,9,-33.964314,151.137121,25,0,2,1,3,0,0,0,2,2,7,60,2,14295,14295,3,5,5,3,0,0,0,0
1332790,3,2023,2023,10,6,8,30,27,41,24,0,1,9,-32.813055,151.773512,57,2,1,1,3,0,0,3,2,0,0,80,2,623,623,3,0,5,2,0,0,0,0
1332791,3,2023,2023,10,5,4,28,27,346,63,0,1,10,-33.875125,151.086557,67,0,2,1,3,0,0,0,2,2,7,50,1,5929,5929,1,5,0,2,0,0,0,0
1332792,3,2023,2023,11,2,8,3,27,18,41,0,1,1,-29.00579,153.272533,60,1,0,1,0,0,0,0,2,0,7,100,1,9859,9859,1,5,13,2,0,0,0,0
1332794,3,2023,2023,11,0,3,85,10,167,702,0,1,2,-33.840811,151.082984,14,0,2,1,0,0,0,0,2,0,7,80,2,14295,14295,3,5,5,2,0,0,0,0
1332795,3,2023,2023,11,3,9,15,27,32,34609,1,0,1,-33.666271,151.003762,71,0,2,0,3,0,3,0,0,0,7,60,0,1089,1089,7,5,40,1,0,0,0,0
1332806,3,2023,2023,11,1,10,361,31,155,34609,0,1,1,-33.492481,151.315483,16,2,2,1,0,0,0,0,0,0,7,60,0,387,387,1,5,0,2,0,0,0,0
1332810,3,2023,2023,10,2,9,829,27,189,34609,0,1,9,-33.938897,151.052405,15,0,2,1,3,0,0,0,3,0,0,50,0,926,926,4,21,25,2,0,0,0,0
1332819,3,2023,2023,10,4,4,2209,17,6,2205,0,1,1,-35.837952,150.129086,23,1,0,1,0,0,3,3,2,0,7,100,2,4026,4026,8,5,40,1,0,0,0,0