Crash ID,Degree of crash - detailed,Reporting year,Year of crash,Month of crash,Day of week of crash,Two-hour intervals,Street of crash,Street type,Town,Route no.,School zone location,School zone active,Type of location,Latitude,Longitude,LGA,Urbanisation,Conurbation 1,Alignment,Street lighting,Road surface,Surface condition,Weather,Natural lighting,Signals operation,Other traffic control,Speed limit,Road classification,RUM - code,DCA - code,First impact type,Key TU type,Other TU type,No. of traffic units involved,No. killed,No. seriously injured,No. moderately injured,No. minor-other injured
1332820,3,2023,2023,11,0,1,109,27,247,106,0,1,10,-33.829732,150.948877,21,0,2,1,3,0,0,0,0,2,7,60,1,9859,9859,8,9,40,1,0,0,0,0
1332824,3,2023,2023,10,5,4,21,1,51,34609,0,1,1,-33.254505,151.493011,16,2,2,1,3,0,0,0,2,0,7,50,0,4026,4026,8,5,40,1,0,0,0,0
1332830,3,2023,2023,1,1,11,63,10,19,34609,0,1,1,-28.204626,153.490097,72,2,1,1,3,0,0,0,0,0,7,60,0,9859,9859,8,5,40,1,0,0,0,0
1332836,3,2023,2023,11,6,10,296,27,290,293,1,0,9,-33.848629,150.997218,21,0,2,1,2,0,3,4,0,0,7,70,2,14295,14295,3,33,0,2,0,0,0,0
1332837,3,2023,2023,11,0,8,89,17,137,54,0,1,9,-34.030449,151.063735,68,0,2,1,3,0,0,0,2,0,3,70,2,5929,5929,1,5,0,2,0,0,0,0
1332842,3,2023,2023,10,3,4,23,27,4,34609,0,1,1,-28.765872,153.439274,39,2,1,1,3,0,3,4,2,0,7,80,0,9859,9859,8,5,40,1,0,0,0,0
1332843,3,2023,2023,11,0,7,71,31,78,125,0,1,9,-33.855963,151.011161,21,0,2,1,3,0,0,0,2,0,7,60,1,5929,5929,1,9,25,2,0,0,0,0
1332844,3,2023,2023,10,4,4,91,27,139,187,0,1,10,-33.870878,151.141936,32,0,2,1,3,0,0,0,2,2,7,60,2,14295,14295,3,0,0,2,0,0,0,0
1332847,3,2023,2023,10,3,8,2126,17,323,2149,0,1,10,-33.788773,150.854467,7,0,2,1,3,0,0,0,2,2,7,80,2,6545,6545,4,5,5,2,0,0,0,0
1332851,3,2023,2023,10,2,1,68,27,98,208,0,1,1,-33.754638,151.068358,31,0,2,1,3,0,3,4,0,0,7,60,2,1945,1945,5,5,40,1,0,0,0,0
1332852,3,2023,2023,11,2,7,2209,17,106,2205,0,1,2,-34.560638,150.795632,62,0,2,1,3,0,0,0,2,0,7,60,2,941,941,1,5,5,2,0,0,0,0
1332854,3,2023,2023,10,1,7,485,27,67,769,0,1,9,-33.659374,150.876459,71,0,2,0,3,0,0,0,2,0,0,80,2,150,150,4,5,12,2,0,0,0,0
1332863,3,2023,2023,10,3,6,19,27,137,34609,0,1,1,-33.896063,150.897022,24,0,2,1,3,0,0,0,2,0,7,50,0,1981,1981,4,0,0,4,0,0,0,0
1332866,3,2023,2023,11,4,5,205,27,161,415,0,1,10,-33.727898,151.164528,36,0,2,1,3,0,0,0,2,2,7,60,2,1391,1391,1,0,12,2,0,0,0,0
1332867,3,2023,2023,10,4,3,1,31,79,34609,0,1,1,-33.966345,151.125946,4,0,2,1,3,0,0,0,4,1,7,50,0,237,162,8,0,40,1,0,0,0,0
1332875,3,2023,2023,10,0,10,106,27,523,106,0,1,9,-33.927784,150.908517,41,0,2,1,3,0,0,3,0,2,7,60,2,14295,14295,3,5,5,2,0,0,0,0
1332877,3,2023,2023,10,6,8,3,31,316,34609,0,1,10,-31.43494,152.917561,56,2,1,1,3,0,0,0,2,0,0,50,0,6545,6545,4,5,0,2,0,0,0,0
1332878,3,2023,2023,11,4,9,344,27,42,163,0,1,9,-33.735603,150.851743,7,0,2,1,3,0,0,0,2,2,0,70,2,5929,5929,1,5,13,2,0,0,0,0
1332880,3,2023,2023,10,5,7,82,31,179,369,1,2,10,-33.754285,150.712782,55,0,2,1,3,0,0,0,2,2,7,40,2,5929,5929,1,5,5,2,0,0,0,0
1332890,3,2023,2023,10,4,5,481,17,155,483,0,1,10,-33.141542,148.170421,53,2,1,0,0,0,0,0,2,0,0,50,2,6545,6545,4,3,35,2,0,0,0,0
1332892,3,2023,2023,10,4,3,13,27,5,17,0,1,1,-29.450012,150.92004,33,1,0,1,3,0,0,0,2,0,7,100,1,9859,9859,8,10,40,1,0,0,0,0
1332894,3,2023,2023,10,0,8,916,17,165,917,0,1,9,-32.325971,150.944527,46,1,0,1,3,0,0,0,2,0,15,100,2,5929,5929,1,5,13,2,0,0,0,0
1332895,3,2023,2023,10,1,6,3371,17,463,3342,0,1,10,-30.289957,153.121076,19,2,1,1,3,0,0,0,2,2,7,60,2,14295,14295,3,5,5,3,0,0,0,0
1332903,3,2023,2023,10,1,8,3371,17,463,3342,0,1,10,-30.29718,153.112986,19,2,1,1,3,0,0,0,2,2,7,60,2,5929,5929,1,5,13,2,0,0,0,0
1332905,3,2023,2023,10,4,6,3371,17,137,3342,0,1,9,-32.959067,151.698701,37,0,2,1,3,0,0,0,2,0,7,60,2,5929,5929,1,0,40,2,0,0,0,0
1332908,3,2023,2023,10,4,6,16,2,168,34609,0,1,10,-33.695124,150.819053,7,0,2,1,3,0,0,0,2,0,15,50,0,5929,5929,1,0,0,2,0,0,0,0
1332911,3,2023,2023,10,5,8,3371,17,77,3342,0,1,2,-33.026137,151.661935,37,0,2,1,3,0,0,0,3,0,7,60,2,1391,1391,1,29,5,2,0,0,0,0
1332913,3,2023,2023,6,2,9,1,27,27,34609,0,1,1,-33.572916,150.235047,8,2,2,1,3,0,2,6,0,0,7,50,0,4026,4026,8,9,40,1,0,0,0,0
1332916,3,2023,2023,11,0,3,2,27,40,34609,0,1,1,-33.811945,151.211606,77,0,2,1,1,0,0,0,2,0,7,50,0,1282,1282,1,33,5,2,0,0,0,0
1332932,3,2023,2023,11,4,9,4,1,646,34609,0,1,7,-33.923806,151.02797,15,0,2,1,2,0,0,0,3,0,0,50,0,186,186,1,0,5,2,0,0,0,0
1332952,3,2023,2023,11,3,6,7,27,10,81,0,1,1,-32.091101,152.443018,43,2,1,0,0,0,0,0,2,0,7,80,2,4552,5151,8,5,40,1,0,0,0,0
1332955,3,2023,2023,10,3,5,916,17,105,917,0,1,1,-32.719509,151.530682,42,2,1,1,1,0,0,0,2,0,7,60,2,1282,1282,1,5,40,2,0,0,0,0
1332956,3,2023,2023,11,2,9,1,31,15,34609,0,1,1,-33.997209,151.04985,68,0,2,1,2,0,0,0,0,0,7,50,0,9859,9859,1,0,5,3,0,0,0,0
1332957,3,2023,2023,5,2,3,344,27,7,382,0,1,9,-33.658847,150.795814,29,2,2,1,1,0,0,0,2,0,15,80,2,489,489,8,5,40,1,0,0,0,0
1332968,3,2023,2023,6,6,3,45,27,47,44,0,1,10,-33.816856,151.151571,38,0,2,1,2,0,3,4,2,2,7,60,2,63,63,4,0,12,2,0,0,0,0
1332979,3,2023,2023,5,0,4,2,1,273,34609,0,1,1,-34.42863,150.878721,80,0,2,0,1,0,0,0,2,0,7,50,0,3775,3775,0,19,13,2,0,0,0,0
1333018,3,2023,2023,10,5,7,2,10,29,34609,0,1,1,-35.095313,150.630886,63,2,1,0,1,0,0,0,2,0,7,50,0,2585,4009,8,0,40,1,0,0,0,0
1333026,3,2023,2023,10,4,5,63,17,207,63,0,1,7,-31.981297,141.459236,51,2,1,1,0,0,0,0,2,0,0,50,2,9859,9859,8,5,40,1,0,0,0,0
1333048,3,2023,2023,10,4,1,330,27,65,605,0,1,9,-33.699207,151.300165,50,0,2,1,2,0,0,0,0,0,7,70,2,9859,9859,1,30,36,2,0,0,0,0
1333064,3,2023,2023,1,5,4,2126,17,107,2149,0,1,2,-33.884251,151.198751,69,0,2,1,1,0,0,0,2,0,7,50,2,1282,1282,1,33,5,2,0,0,0,0
1333073,3,2023,2023,5,6,10,6,27,55,10,0,1,1,-33.941448,150.888892,41,0,2,1,2,0,0,0,0,0,7,50,1,9859,9859,1,0,5,3,0,0,0,0
1333078,3,2023,2023,10,5,7,3,31,46,34609,0,1,10,-28.825002,153.293215,39,2,1,1,0,0,0,0,2,0,0,50,0,6545,6545,4,10,0,2,0,0,0,0
1333090,3,2023,2023,10,1,8,25,31,278,34609,0,1,1,-33.779907,151.049441,54,0,2,1,0,0,0,0,3,0,7,50,0,1282,1282,1,33,5,2,0,0,0,0
1333092,3,2023,2023,10,1,9,232,36,40,331,0,1,10,-33.950038,150.838787,41,0,2,1,2,0,0,0,0,2,7,70,2,926,926,4,5,40,2,0,0,0,0
1333097,3,2023,2023,10,0,0,178,31,273,34609,0,1,1,-34.422498,150.889937,80,0,2,1,2,0,0,0,0,0,7,50,0,9859,9859,1,0,36,2,0,0,0,0
1333111,3,2023,2023,10,5,4,48,10,463,52,0,1,7,-30.31741,153.111145,19,2,1,0,0,0,0,0,2,0,0,60,1,14295,14295,3,10,35,2,0,0,0,0
1333119,3,2023,2023,8,0,0,6,31,460,34609,0,1,1,-33.832358,150.989946,21,0,2,1,2,0,0,0,0,0,7,50,0,9859,9859,1,5,0,6,0,0,0,0
1333127,3,2023,2023,10,4,7,59,27,252,21,0,1,7,-33.932422,150.869542,41,0,2,0,1,0,0,0,2,0,0,60,2,515,515,1,33,5,2,0,0,0,0
1333129,3,2023,2023,10,0,4,1,27,1,34609,0,1,9,-29.812904,150.157125,51,1,0,0,0,0,0,0,2,0,7,100,0,782,985,5,3,40,1,0,0,0,0
1333134,3,2023,2023,10,3,1,348,17,8,232,0,1,1,-32.475299,149.506394,44,1,0,1,0,0,0,0,0,0,7,100,2,1089,1089,7,19,40,1,0,0,0,0
1333137,3,2023,2023,1,6,11,55,36,22,95,0,1,1,-33.188364,148.733422,11,1,0,1,0,0,0,0,0,0,7,100,2,3775,3775,0,5,13,2,0,0,0,0
1333153,3,2023,2023,10,3,11,16,10,91,34609,0,1,1,-33.991703,150.901935,13,0,2,1,1,0,0,0,0,0,7,50,0,9859,9859,1,5,5,2,0,0,0,0
1333155,3,2023,2023,1,1,6,475,31,532,75,0,1,10,-33.878399,151.20927,69,0,2,1,1,0,0,0,2,2,7,40,1,6545,6545,4,16,0,2,0,0,0,0
1333158,3,2023,2023,5,3,6,478,17,70,480,0,1,1,-33.436231,151.347306,16,2,2,1,1,0,0,0,2,0,7,60,2,9859,9859,8,19,40,1,0,0,0,0
1333204,3,2023,2023,10,5,2,19,27,609,34609,0,1,1,-33.767345,150.886295,7,0,2,1,2,0,0,0,1,0,7,50,0,9859,9859,1,5,5,2,0,0,0,0
1333218,3,2023,2023,10,6,10,18,27,253,7,0,1,7,-33.95476,151.089898,25,0,2,1,1,0,0,0,0,0,7,50,1,9859,9859,1,5,36,3,0,0,0,0
1333222,3,2023,2023,11,3,0,149,10,346,702,0,1,9,-33.875349,151.067121,67,0,2,1,2,0,0,0,0,2,7,80,2,1282,1282,1,0,0,2,0,0,0,0
1333238,3,2023,2023,1,3,5,76,27,15,148,0,1,1,-32.938666,151.757494,48,0,2,1,1,0,0,3,2,0,7,60,1,9859,9859,1,5,0,3,0,0,0,0
1333244,3,2023,2023,6,4,4,2209,17,115,2205,1,2,9,-34.029646,151.080709,68,0,2,1,1,0,0,0,2,2,7,40,2,150,150,4,10,5,3,0,0,0,0
1333266,3,2023,2023,1,4,3,109,27,100,105,1,0,10,-33.894052,150.89743,24,0,2,1,1,0,3,4,2,2,7,60,2,6545,6545,4,10,36,2,0,0,0,0
1333284,3,2023,2023,10,3,3,157,17,123,158,0,1,10,-33.834001,148.686283,51,2,1,1,1,0,0,0,2,2,7,50,2,4026,4026,8,5,40,1,0,0,0,0
1333286,3,2023,2023,6,2,8,92,31,17,34609,0,1,1,-31.871147,152.684782,43,2,1,0,1,0,0,0,2,0,7,50,0,1957,4009,8,5,40,1,0,0,0,0
1333289,3,2023,2023,10,4,8,25,31,31,34609,0,1,1,-33.869238,151.030145,21,0,2,1,1,0,0,0,3,0,7,50,0,1981,1981,4,5,13,3,0,0,0,0
1333291,3,2023,2023,11,3,7,1052,14,21,928,0,1,3,-32.904466,151.564057,37,0,2,1,0,0,2,6,2,0,7,110,2,1383,1383,1,0,5,2,0,0,0,0
1333297,3,2023,2023,10,4,8,296,27,460,293,0,1,2,-33.838108,151.000188,21,0,2,1,1,0,0,0,2,0,7,70,2,14295,14295,3,0,40,2,0,0,0,0
1333303,3,2023,2023,11,5,3,5,27,370,34609,0,1,1,-34.074449,150.802069,13,0,2,1,1,0,0,0,2,0,7,50,0,1282,1282,1,33,5,2,0,0,0,0
1333313,3,2023,2023,10,4,9,22,1,16,34609,0,1,1,-33.726322,151.27943,50,0,2,1,2,0,0,0,3,0,7,50,0,9859,9859,1,0,0,3,0,0,0,0
1333314,3,2023,2023,10,5,7,1,27,29,34609,0,1,4,-33.754346,151.268904,50,0,2,0,0,0,3,0,2,0,7,50,0,2585,4009,8,5,40,1,0,0,0,0
1333325,3,2023,2023,1,5,3,251,14,139,124,0,1,3,-33.833192,151.211703,49,0,2,1,1,0,0,0,2,0,7,80,2,1282,1282,1,8,5,2,0,0,0,0
1333330,3,2023,2023,10,6,8,346,17,103,332,0,1,9,-28.812944,153.310248,39,2,1,1,0,0,0,0,2,0,0,60,2,256,256,4,33,5,2,0,0,0,0
1333331,3,2023,2023,5,3,8,128,27,61,133,0,1,1,-33.817956,150.651181,55,0,2,0,0,0,0,0,3,0,7,80,2,1957,4009,8,10,40,1,0,0,0,0
1333336,3,2023,2023,6,1,8,97,27,271,799,0,1,10,-33.93625,151.011384,15,0,2,1,2,0,0,0,0,2,7,70,2,14295,14295,3,5,13,4,0,0,0,0
1333357,3,2023,2023,10,0,4,344,27,363,369,0,1,9,-33.737856,150.716916,55,0,2,1,3,0,0,0,2,0,15,70,2,5929,5929,1,0,5,2,0,0,0,0
1333358,3,2023,2023,11,2,10,60,27,101,262,0,1,7,-32.902507,151.621983,37,0,2,1,2,0,0,0,0,0,0,90,2,1192,1192,1,0,5,2,0,0,0,0
1333385,3,2023,2023,10,5,7,1,7,112,34609,0,1,1,-33.451327,151.447073,16,2,2,0,0,0,0,0,2,0,7,50,0,2585,4009,1,33,5,2,0,0,0,0
1333386,3,2023,2023,11,6,3,8,31,35,34609,0,1,1,-35.348344,149.223007,58,2,1,1,3,0,0,0,2,0,7,50,0,9859,9859,1,0,5,3,0,0,0,0
1333393,3,2023,2023,10,4,9,4,27,73,34609,0,1,9,-33.7296,150.707847,55,0,2,1,3,0,0,0,3,0,7,50,0,1383,1383,1,10,0,2,0,0,0,0
1333394,3,2023,2023,10,0,9,2209,17,5,2205,0,1,1,-36.760664,149.81084,5,1,0,1,3,0,3,4,3,0,7,100,2,9859,9859,8,10,40,1,0,0,0,0
1333400,3,2023,2023,10,2,1,7,27,73,34609,0,1,1,-33.88961,151.16951,32,0,2,1,2,0,3,4,0,0,7,50,0,9859,9859,1,9,5,4,0,0,0,0
1333402,3,2023,2023,10,0,3,481,17,77,483,0,1,1,-30.27322,149.800023,51,1,0,0,3,0,0,0,2,0,7,110,2,782,957,5,3,40,1,0,0,0,0
1333408,3,2023,2023,10,3,4,67,27,112,34609,0,1,9,-33.451707,151.44414,16,2,2,1,3,0,0,0,2,0,7,50,0,9859,9859,1,10,0,2,0,0,0,0
1333428,3,2023,2023,1,3,7,5,27,21,34609,0,1,1,-33.872442,151.237906,81,0,2,1,1,0,3,4,2,0,7,50,0,1282,1282,1,0,0,2,0,0,0,0
1333429,3,2023,2023,10,0,8,3,31,80,34609,0,1,1,-33.979009,150.89984,13,0,2,1,0,0,0,0,2,0,7,50,0,220,220,1,9,0,2,0,0,0,0
1333432,3,2023,2023,10,0,5,2,31,316,34609,0,1,10,-31.435886,152.902787,56,2,1,1,3,0,0,0,2,0,0,50,0,6545,6545,4,0,0,2,0,0,0,0
1333435,3,2023,2023,1,4,7,92,27,55,36,0,1,10,-35.708421,150.177612,23,2,1,1,1,0,0,0,2,2,7,50,1,3775,3775,0,5,36,2,0,0,0,0
1333436,3,2023,2023,10,5,4,22,27,14,26,0,1,1,-34.835892,147.21581,51,2,1,1,3,0,0,0,2,0,7,80,1,14295,14295,3,10,0,2,0,0,0,0
1333445,3,2023,2023,11,3,6,4,27,4,34609,0,1,1,-31.998631,151.834955,43,1,0,0,3,0,0,0,2,0,7,100,0,1957,4009,8,10,40,1,0,0,0,0
1333457,3,2023,2023,11,3,8,3,36,73,34609,0,1,9,-33.722051,150.718969,55,0,2,1,1,0,0,0,3,0,7,50,0,2585,777,8,30,40,1,0,0,0,0
1333461,3,2023,2023,10,6,8,2,27,5,34609,0,1,1,-35.424429,149.465354,58,1,0,0,3,2,0,0,2,0,7,100,0,782,957,5,0,40,1,0,0,0,0
1333464,3,2023,2023,11,4,8,2209,17,137,2205,0,1,10,-34.03164,151.066889,68,0,2,1,1,0,0,0,2,2,7,70,2,395,395,1,33,0,2,0,0,0,0
1333471,3,2023,2023,1,6,6,2261,17,35,2252,0,1,3,-34.340261,150.554951,78,1,0,1,3,0,0,3,2,0,7,110,2,9859,9859,8,10,40,1,0,0,0,0
1333473,3,2023,2023,10,5,11,1104,14,44,962,0,1,3,-33.802789,150.894794,7,0,2,1,3,0,3,4,0,0,7,100,2,1383,1383,1,0,5,2,0,0,0,0
1333482,3,2023,2023,10,0,8,485,27,232,769,0,1,2,-33.674212,150.910106,71,0,2,0,3,0,0,0,2,0,7,80,2,14295,14295,3,9,12,3,0,0,0,0
1333483,3,2023,2023,10,0,4,30,27,187,94,0,1,9,-33.880563,150.97922,15,0,2,1,3,0,0,0,2,0,0,60,1,14295,14295,3,0,5,2,0,0,0,0
1333493,3,2023,2023,10,1,5,229,14,323,237,0,1,3,-33.769142,150.993251,71,0,2,1,3,0,0,0,2,0,7,100,2,14295,14295,3,5,13,3,0,0,0,0
1333497,3,2023,2023,10,2,6,104,1,71,34609,0,1,1,-33.969387,151.064127,25,0,2,0,3,0,0,0,2,0,7,50,0,4552,5151,8,5,40,1,0,0,0,0
1333501,3,2023,2023,11,3,3,177,31,77,208,0,1,1,-33.8616,150.936185,24,0,2,1,2,0,0,0,0,0,7,60,1,9859,9859,1,33,5,2,0,0,0,0
1333505,3,2023,2023,10,6,9,1,27,74,34609,0,1,1,-34.630926,148.157501,20,1,0,0,3,0,0,0,3,0,7,100,0,1089,1089,7,16,40,1,0,0,0,0
1333506,3,2023,2023,10,6,8,1,1,54,34609,0,1,1,-33.710566,150.999901,71,0,2,0,1,0,3,3,2,0,7,50,0,4552,5151,8,0,40,1,0,0,0,0
1333514,3,2023,2023,11,5,4,1,4,2,34609,0,1,1,-32.881865,151.715434,48,0,2,0,1,0,0,0,2,0,7,50,0,1957,4009,1,0,13,2,0,0,0,0
1333521,3,2023,2023,10,3,5,28,18,232,34609,0,1,0,-33.691425,150.924532,71,0,2,1,3,0,0,0,2,0,7,50,0,941,941,1,5,5,2,0,0,0,0
1333522,3,2023,2023,10,0,4,17,2,74,34609,0,1,10,-34.024504,150.770739,12,0,2,1,3,0,0,0,2,2,7,50,0,14295,14295,3,0,0,2,0,0,0,0
1333525,3,2023,2023,11,5,9,1,7,70,34609,1,0,9,-33.874911,150.879281,24,0,2,1,2,0,0,0,0,0,7,50,0,9859,9859,8,5,40,1,0,0,0,0
1333526,3,2023,2023,10,1,7,2261,17,17,2252,0,1,2,-34.797065,149.277764,74,1,0,1,3,0,0,0,2,0,7,110,2,1192,1192,1,10,13,2,0,0,0,0
1333532,3,2023,2023,10,6,7,37,31,80,19,1,2,1,-33.878029,151.172226,32,0,2,1,3,0,0,0,2,0,7,40,2,4026,4026,1,30,0,3,0,0,0,0
1333533,3,2023,2023,10,1,3,3,27,3,34609,0,1,1,-35.572776,149.276124,58,1,0,0,3,2,0,0,2,0,7,100,0,782,957,5,5,40,1,0,0,0,0
1333535,3,2023,2023,10,4,7,28,27,346,63,1,2,9,-33.87377,151.086815,67,0,2,1,3,0,0,0,2,0,0,40,1,144,144,1,21,0,2,0,0,0,0
1333541,3,2023,2023,10,4,7,21,31,219,34609,1,2,10,-32.907926,151.670404,48,0,2,1,3,0,0,0,2,0,7,40,0,248,248,1,0,5,2,0,0,0,0
1333542,3,2023,2023,11,6,5,5,23,115,34609,1,0,1,-34.034279,151.077441,68,0,2,1,1,0,0,0,2,0,7,50,0,9859,9859,1,5,0,2,0,0,0,0
1333552,3,2023,2023,11,5,1,5,1,102,34609,0,1,1,-31.107441,150.913129,70,2,1,1,2,0,0,0,0,0,7,50,0,4026,4026,8,10,40,1,0,0,0,0
1333553,3,2023,2023,10,4,8,2261,17,32,2252,0,1,2,-34.837,149.015541,82,1,0,0,0,0,0,3,2,0,7,110,2,14295,14295,3,29,10,2,0,0,0,0
1333554,3,2023,2023,10,1,4,293,31,160,260,0,1,9,-33.106128,151.497191,37,0,2,1,3,0,0,0,2,2,7,60,2,14295,14295,3,5,36,2,0,0,0,0
1333560,3,2023,2023,1,3,9,3,27,67,34609,0,1,1,-33.875058,150.884918,24,0,2,1,2,0,0,0,0,0,7,50,0,1981,1981,4,30,5,2,0,0,0,0
1333562,3,2023,2023,11,3,10,10,31,253,34609,0,1,1,-33.966052,151.108316,25,0,2,1,2,0,0,0,0,0,7,50,0,9859,9859,1,5,5,2,0,0,0,0
1333575,3,2023,2023,10,5,4,43,27,56,87,0,1,2,-34.462783,150.87196,80,0,2,1,3,0,3,3,2,0,7,80,2,1383,1383,1,5,10,2,0,0,0,0
1333577,3,2023,2023,6,5,3,17,31,198,34609,0,1,1,-33.908529,151.11294,15,0,2,1,0,0,3,4,2,0,7,50,0,9859,9859,1,10,5,2,0,0,0,0
1333584,3,2023,2023,10,4,8,30,31,433,34609,0,1,10,-33.277842,149.089776,52,2,1,1,3,0,0,0,2,0,0,50,0,14295,14295,3,5,5,2,0,0,0,0
1333587,3,2023,2023,10,1,7,3371,17,18,3342,0,1,2,-28.788889,153.524768,2,1,0,1,3,0,0,0,2,0,7,110,2,1282,1282,1,0,13,2,0,0,0,0
1333593,3,2023,2023,5,5,3,12,31,131,34609,0,1,1,-36.073439,146.903978,0,2,1,0,1,0,3,3,2,0,7,60,0,4552,5151,8,30,40,1,0,0,0,0
1333622,3,2023,2023,11,6,7,23,31,44,34609,0,1,10,-32.049446,150.876535,73,2,1,1,0,0,0,0,2,0,0,50,0,9859,9859,8,30,40,1,0,0,0,0
1333624,3,2023,2023,8,0,10,8,31,210,34609,0,1,1,-34.033146,151.107571,68,0,2,1,1,0,0,0,0,0,7,50,0,9859,9859,1,5,0,2,0,0,0,0
1333629,3,2023,2023,10,3,4,6,1,66,34609,1,0,2,-33.706085,150.926548,7,0,2,1,3,0,0,0,2,0,7,50,0,144,144,1,5,5,2,0,0,0,0
1333643,3,2023,2023,10,2,5,107,22,115,34609,0,1,1,-34.025984,151.078325,68,0,2,1,3,0,0,0,2,0,7,50,0,9859,9859,1,5,5,2,0,0,0,0
1333650,3,2023,2023,11,6,9,12,27,148,34609,0,1,10,-36.042428,146.930033,0,2,1,0,3,0,0,0,0,0,7,50,0,2585,4009,1,0,12,2,0,0,0,0
1333655,3,2023,2023,10,4,1,143,31,173,181,0,1,9,-33.880734,151.217028,69,0,2,1,2,0,3,2,0,2,7,50,2,5929,5929,1,19,5,2,0,0,0,0
1333656,3,2023,2023,10,1,6,1,27,42,605,0,1,2,-33.665985,151.316992,50,0,2,0,1,0,0,0,2,0,7,60,2,1957,4009,1,30,41,2,0,0,0,0
1333672,3,2023,2023,10,0,7,177,31,65,208,0,1,10,-33.858883,150.916357,24,0,2,1,3,0,0,0,2,2,7,60,1,14295,14295,3,5,0,3,0,0,0,0
1333674,3,2023,2023,10,3,1,51,27,72,34609,0,1,1,-33.785564,151.05308,54,0,2,1,2,0,0,0,0,0,7,50,0,9859,9859,8,5,40,1,0,0,0,0
1333675,3,2023,2023,11,4,6,2209,17,29,2205,0,1,10,-35.311118,150.431917,63,2,1,1,3,0,0,0,2,0,15,50,2,4026,4026,8,10,40,1,0,0,0,0
1333685,3,2023,2023,10,3,4,2261,17,187,2252,0,1,10,-33.889499,150.97312,24,0,2,1,3,0,0,0,2,2,7,70,2,14295,14295,3,5,5,2,0,0,0,0
1333696,3,2023,2023,10,0,2,81,31,30,3,0,1,9,-34.876529,147.582645,51,2,1,1,3,0,0,0,0,0,0,50,1,782,985,5,0,40,1,0,0,0,0
1333703,3,2023,2023,10,6,5,35,10,132,148,0,1,1,-34.161386,151.01613,68,0,2,1,3,0,0,0,2,0,7,60,2,945,945,5,0,40,1,0,0,0,0
1333704,3,2023,2023,1,5,1,39,31,131,34609,0,1,9,-36.071296,146.922243,0,2,1,1,2,0,0,0,0,0,0,60,0,1391,1391,1,5,5,2,0,0,0,0
1333707,3,2023,2023,10,3,8,280,10,162,82,0,1,9,-33.85073,150.91253,24,0,2,1,3,0,0,0,3,0,0,60,1,6545,6545,4,0,0,2,0,0,0,0
1333708,3,2023,2023,10,0,9,36,31,29,34609,0,1,9,-32.93336,151.763429,48,0,2,1,3,0,0,0,3,0,0,60,0,5929,5929,1,5,5,2,0,0,0,0
1333710,3,2023,2023,10,6,8,5,31,58,34609,0,1,1,-33.752924,151.147982,36,0,2,1,3,0,0,0,2,0,7,50,0,941,941,1,5,0,2,0,0,0,0
1333718,3,2023,2023,10,4,8,8,31,134,34609,0,1,10,-33.893351,151.247109,76,0,2,1,3,0,0,0,2,2,7,50,0,515,515,1,5,12,2,0,0,0,0
1333721,3,2023,2023,10,3,0,1,31,87,34609,0,1,1,-33.697062,150.954437,71,0,2,1,3,0,0,0,0,0,7,50,0,9859,9859,1,5,3,2,0,0,0,0
1333725,3,2023,2023,10,6,9,109,27,323,382,1,0,10,-33.785897,150.853182,7,0,2,1,3,0,0,0,3,2,7,60,2,5929,5929,1,0,0,2,0,0,0,0
1333726,3,2023,2023,10,6,2,512,17,4,441,0,1,1,-29.067464,145.762322,51,1,0,1,3,0,0,0,0,0,7,110,2,1089,1089,7,5,40,1,0,0,0,0
1333727,3,2023,2023,10,1,5,27,31,103,34609,0,1,10,-32.942283,151.661696,37,0,2,1,3,0,0,0,2,0,7,50,0,4026,4026,1,0,5,2,0,0,0,0
1333729,3,2023,2023,11,4,11,165,31,523,34609,0,1,1,-33.917026,150.925979,41,0,2,1,2,0,0,0,0,0,7,50,0,1957,4009,1,5,5,2,0,0,0,0
1333731,3,2023,2023,10,0,5,4,1,123,34609,0,1,10,-33.814239,151.053578,54,0,2,1,3,0,0,0,2,0,0,50,0,5929,5929,1,5,5,2,0,0,0,0
1333743,3,2023,2023,10,2,1,70,27,78,100,0,1,1,-33.69097,150.578567,8,2,2,0,2,0,3,4,0,0,7,60,2,4552,5151,8,10,40,1,0,0,0,0
1333744,3,2023,2023,11,3,7,515,14,202,518,0,1,3,-33.939913,151.032525,15,0,2,0,3,0,0,0,2,0,7,100,2,1391,1391,1,5,5,2,0,0,0,0
1333750,3,2023,2023,10,1,8,95,27,50,605,0,1,7,-33.642705,151.327965,50,0,2,0,3,0,0,0,2,0,0,60,2,5929,5929,1,0,36,2,0,0,0,0
1333752,3,2023,2023,10,3,9,1,31,204,34609,0,1,1,-33.89758,150.943077,24,0,2,1,0,0,0,0,0,0,7,50,0,9859,9859,1,33,5,2,0,0,0,0
1333770,3,2023,2023,11,6,7,26,31,171,34609,0,1,9,-33.807427,150.97002,21,0,2,1,3,0,0,0,2,0,7,50,0,1282,1282,1,5,5,2,0,0,0,0
1333774,3,2023,2023,10,6,8,83,27,433,19,0,1,9,-33.2983,149.119256,52,2,1,1,3,0,3,4,3,0,0,50,2,5929,5929,1,5,12,2,0,0,0,0
1333782,3,2023,2023,1,0,6,2,31,182,34609,0,1,1,-32.825364,151.351355,17,2,1,1,1,0,0,0,2,0,7,50,0,9859,9859,1,5,12,2,0,0,0,0