Crash ID,Degree of crash - detailed,Reporting year,Year of crash,Month of crash,Day of week of crash,Two-hour intervals,Street of crash,Street type,Town,Route no.,School zone location,School zone active,Type of location,Latitude,Longitude,LGA,Urbanisation,Conurbation 1,Alignment,Street lighting,Road surface,Surface condition,Weather,Natural lighting,Signals operation,Other traffic control,Speed limit,Road classification,RUM - code,DCA - code,First impact type,Key TU type,Other TU type,No. of traffic units involved,No. killed,No. seriously injured,No. moderately injured,No. minor-other injured
1333786,3,2023,2023,10,3,7,19,31,182,174,0,1,10,-32.839816,151.355358,17,2,1,1,3,0,0,0,2,2,7,50,2,945,945,5,5,40,1,0,0,0,0
1333795,3,2023,2023,10,2,8,10,4,43,34609,0,1,9,-33.72558,150.783406,7,0,2,1,3,0,0,0,2,0,0,50,0,256,256,4,5,0,2,0,0,0,0
1333798,3,2023,2023,10,4,8,2,1,18,34609,0,1,1,-32.698013,151.532828,42,2,1,0,3,0,0,0,2,0,7,50,0,2585,4009,8,5,40,1,0,0,0,0
1333803,3,2023,2023,10,4,11,1,31,51,34609,1,0,9,-34.186668,150.987226,80,0,2,1,3,0,0,0,0,0,7,50,0,945,945,5,5,40,1,0,0,0,0
1333819,3,2023,2023,10,1,6,89,27,165,34609,0,1,1,-32.275874,150.880329,46,2,1,0,3,0,0,0,2,0,7,50,0,1282,1282,1,10,0,2,0,0,0,0
1333832,3,2023,2023,11,3,6,2261,17,70,2252,0,1,2,-34.606267,150.228959,78,1,0,1,1,0,0,0,2,0,7,110,2,1282,1282,1,33,0,2,0,0,0,0
1333834,3,2023,2023,10,1,9,361,23,204,34609,0,1,1,-33.897822,150.93796,24,0,2,1,3,0,0,0,3,0,7,50,0,9859,9859,1,9,5,2,0,0,0,0
1333848,3,2023,2023,10,4,1,118,17,22,118,0,1,9,-31.37041,150.527223,51,1,0,1,3,0,0,0,0,0,0,100,2,1089,1089,7,29,40,1,0,0,0,0
1333852,3,2023,2023,10,1,3,32,27,56,62,0,1,1,-33.806233,151.199203,77,0,2,1,3,0,0,0,2,0,7,60,2,14295,14295,3,5,5,2,0,0,0,0
1333854,3,2023,2023,10,4,4,2126,17,75,2149,0,1,9,-33.70858,150.350884,8,2,2,0,3,0,0,0,2,0,15,80,2,2852,2852,4,5,5,2,0,0,0,0
1333865,3,2023,2023,10,4,6,2,25,133,34609,0,1,9,-34.520941,150.786937,80,0,2,0,3,0,0,0,2,0,0,50,0,2852,2852,4,5,5,2,0,0,0,0
1333869,3,2023,2023,10,2,4,6,1,463,34609,0,1,9,-30.283401,153.099809,19,2,1,0,3,0,0,0,2,0,7,50,0,4552,5151,1,30,0,2,0,0,0,0
1333885,3,2023,2023,1,3,5,500,27,293,799,0,1,2,-33.932477,151.045378,15,0,2,1,0,0,0,0,2,0,7,60,2,14295,14295,3,5,5,2,0,0,0,0
1333904,3,2023,2023,10,0,4,16,2,168,34609,0,1,10,-33.695124,150.819053,7,0,2,1,3,0,0,0,2,0,15,50,0,5929,5929,1,5,5,2,0,0,0,0
1333911,3,2023,2023,10,4,9,280,10,127,240,0,1,2,-33.844079,150.86592,24,0,2,1,3,0,0,0,3,0,7,70,2,9859,9859,8,5,40,1,0,0,0,0
1333914,3,2023,2023,11,1,10,45,27,304,96,0,1,10,-33.907603,151.159162,32,0,2,1,3,0,0,0,0,2,7,60,2,5929,5929,1,5,5,2,0,0,0,0
1333924,3,2023,2023,10,2,10,51,1,63,34609,0,1,9,-33.924405,151.207901,4,0,2,1,3,0,0,0,0,0,7,40,0,14295,14295,3,5,5,2,0,0,0,0
1333926,3,2023,2023,10,3,5,12,31,18,34609,0,1,1,-36.072918,146.887824,0,2,1,1,3,0,0,0,2,0,7,50,0,3775,3775,0,10,0,2,0,0,0,0
1333943,3,2023,2023,10,3,1,11,31,90,49,0,1,10,-32.924775,151.751396,48,0,2,1,2,0,0,0,0,2,7,60,1,5929,5929,1,33,5,2,0,0,0,0
1333947,3,2023,2023,10,5,8,2209,17,273,2205,0,1,1,-34.423845,150.893369,80,0,2,1,2,0,3,4,2,0,7,50,2,9859,9859,1,5,0,2,0,0,0,0
1333949,3,2023,2023,10,1,4,3371,17,107,3342,0,1,10,-33.289225,151.424163,16,2,2,1,3,0,0,0,2,0,0,50,2,2852,2852,4,5,5,2,0,0,0,0
1333950,3,2023,2023,10,1,5,265,17,7,193,0,1,9,-34.207189,148.438824,30,1,0,0,3,0,0,0,2,0,7,100,2,1957,4009,8,10,40,1,0,0,0,0
1333951,3,2023,2023,10,1,3,2,27,155,34609,0,1,9,-33.491375,151.3306,16,2,2,1,0,0,0,0,2,0,7,50,0,256,256,4,0,0,2,0,0,0,0
1333953,3,2023,2023,11,2,9,2261,17,284,2252,0,1,9,-33.907275,151.023962,15,0,2,1,1,0,0,0,2,2,7,60,2,14295,14295,3,33,5,3,0,0,0,0
1333959,3,2023,2023,10,5,9,17,31,123,145,0,1,10,-33.797665,151.060362,54,0,2,1,3,0,3,4,3,2,7,70,2,14295,14295,3,5,0,2,0,0,0,0
1333965,3,2023,2023,10,1,7,2,7,93,34609,0,1,1,-36.082734,146.943422,0,2,1,1,3,0,0,0,2,0,7,50,0,9859,9859,8,5,40,1,0,0,0,0
1333966,3,2023,2023,10,2,1,3371,17,24,3342,0,1,2,-32.528808,152.188561,43,1,0,1,3,0,0,0,0,0,7,110,2,4026,4026,8,5,40,1,0,0,0,0
1333969,3,2023,2023,11,0,5,1,27,23,34609,0,1,9,-33.058309,151.031415,17,1,0,0,3,2,0,0,2,0,7,100,0,3775,3775,0,0,0,2,0,0,0,0
1333987,3,2023,2023,10,0,3,55,27,112,70,0,1,1,-33.705147,151.02603,31,0,2,1,0,0,0,0,2,0,7,60,2,9859,9859,8,16,40,1,0,0,0,0
1333990,3,2023,2023,10,4,8,81,17,14,33,0,1,1,-34.438994,150.411064,78,2,1,1,0,0,0,0,2,0,7,80,1,14295,14295,3,33,0,2,0,0,0,0
1334005,3,2023,2023,10,4,11,7,27,18,34609,0,1,1,-33.339261,149.006911,11,2,1,0,0,0,0,0,0,0,7,40,0,782,957,5,10,40,1,0,0,0,0
1334020,3,2023,2023,10,3,4,8,27,4,34609,0,1,1,-33.462206,150.226258,40,1,0,0,3,2,0,0,2,0,7,100,0,1089,1089,7,33,40,1,0,0,0,0
1334025,3,2023,2023,11,2,9,3371,17,44,3342,0,1,9,-33.209655,151.516171,16,2,2,0,3,0,0,0,0,0,7,50,2,380,714,5,34,40,1,0,0,0,0
1334027,3,2023,2023,10,3,4,133,31,70,97,0,1,9,-33.915757,150.998393,15,0,2,1,3,0,0,0,2,0,7,60,1,2852,2852,4,0,5,2,0,0,0,0
1334030,3,2023,2023,10,2,6,5,10,6,34609,0,1,9,-32.947569,151.639786,37,0,2,1,3,0,0,0,2,0,7,50,0,2852,2852,4,10,5,2,0,0,0,0
1334035,3,2023,2023,10,6,4,232,36,134,331,0,1,9,-33.962365,150.819133,41,0,2,1,3,0,0,0,2,2,9,80,2,1391,1391,1,5,5,2,0,0,0,0
1334037,3,2023,2023,10,4,5,9,27,115,34609,0,1,1,-33.877932,151.18415,69,0,2,1,0,0,0,0,2,0,7,50,0,9859,9859,1,19,5,2,0,0,0,0
1334051,3,2023,2023,10,6,7,3371,17,69,3342,0,1,1,-32.930678,151.754244,48,0,2,1,0,0,0,0,2,0,7,60,2,14295,14295,3,30,0,2,0,0,0,0
1334053,3,2023,2023,10,3,1,118,31,218,34609,0,1,1,-33.767098,150.776258,55,0,2,1,2,0,0,0,0,0,7,50,0,9859,9859,1,0,5,2,0,0,0,0
1334054,3,2023,2023,6,4,8,500,27,83,799,0,1,9,-33.915254,151.111644,15,0,2,1,1,0,0,0,2,0,7,60,2,2852,2852,4,5,0,2,0,0,0,0
1334062,3,2023,2023,10,2,1,21,27,43,34609,0,1,1,-33.558892,150.804405,29,2,2,1,3,0,2,6,0,0,7,60,0,1945,1945,5,10,40,1,0,0,0,0
1334073,3,2023,2023,10,4,10,3371,17,108,3342,0,1,9,-33.294752,151.422734,16,2,2,1,2,0,0,0,0,2,7,60,2,1669,1669,3,33,5,2,0,0,0,0
1334076,3,2023,2023,10,2,7,10,31,646,34609,0,1,1,-33.906959,151.038467,15,0,2,1,3,0,0,0,2,0,7,50,0,175,188,8,0,40,1,0,0,0,0
1334086,3,2023,2023,10,0,8,2209,17,29,2205,0,1,9,-35.310994,150.431866,63,2,1,1,3,0,0,0,2,0,7,50,2,14295,14295,3,5,12,2,0,0,0,0
1334090,3,2023,2023,10,6,3,97,17,34,88,0,1,2,-34.836131,149.581757,26,1,0,1,0,0,0,3,2,0,7,110,2,9859,9859,8,29,40,1,0,0,0,0
1334091,3,2023,2023,10,6,8,8,27,21,34609,0,1,1,-34.45845,144.981288,51,1,0,1,0,0,3,3,2,0,7,110,0,475,475,5,8,40,1,0,0,0,0
1334093,3,2023,2023,10,2,7,2209,17,45,2205,0,1,9,-33.887951,151.19289,69,0,2,1,3,0,3,0,2,0,7,50,2,14295,14295,3,0,0,3,0,0,0,0
1334105,3,2023,2023,10,5,2,97,27,271,799,0,1,9,-33.937507,151.01544,15,0,2,1,0,0,0,0,0,0,0,70,2,775,775,4,5,19,2,0,0,0,0
1334114,3,2023,2023,10,4,3,175,27,55,220,0,1,9,-33.741347,150.917393,7,0,2,1,3,0,0,0,2,2,7,70,2,14295,14295,3,5,5,2,0,0,0,0
1334117,3,2023,2023,10,3,0,2261,17,20,2252,0,1,2,-35.439625,147.617017,75,1,0,0,3,0,0,0,0,0,7,110,2,273,957,5,5,40,1,0,0,0,0
1334120,3,2023,2023,10,3,0,192,10,57,114,0,1,2,-33.446845,151.371624,16,2,2,0,3,0,0,0,0,0,7,70,2,782,957,5,34,40,1,0,0,0,0
1334130,3,2023,2023,10,2,7,222,27,562,34609,1,0,1,-32.268048,148.610045,22,2,1,1,0,0,0,0,2,0,7,50,0,9859,9859,1,5,0,2,0,0,0,0
1334131,3,2023,2023,10,6,5,294,17,56,288,0,1,9,-35.122954,147.39788,75,2,1,1,3,0,0,0,2,0,7,60,2,14295,14295,3,5,13,3,0,0,0,0
1334139,3,2023,2023,10,1,4,127,31,3,15,0,1,10,-32.657197,151.361354,17,2,1,1,0,0,0,0,2,2,7,60,1,6545,6545,4,10,5,2,0,0,0,0
1334142,3,2023,2023,10,6,7,829,27,304,140,0,1,1,-33.906419,151.164876,32,0,2,1,3,0,0,0,2,0,7,60,1,14295,14295,3,5,5,2,0,0,0,0
1334149,3,2023,2023,10,5,7,829,27,157,770,0,1,9,-33.808581,151.016238,54,0,2,1,3,0,0,0,2,0,7,60,2,1391,1391,1,5,0,2,0,0,0,0
1334159,3,2023,2023,10,1,6,12,18,18,42,0,1,10,-33.534998,150.758858,29,2,2,1,3,0,0,0,2,0,0,60,1,6545,6545,4,10,0,2,0,0,0,0
1334162,3,2023,2023,10,6,4,3,10,11,34609,0,1,1,-34.027213,150.807748,13,0,2,1,3,0,3,5,2,0,7,50,0,9859,9859,8,5,40,1,0,0,0,0
1334165,3,2023,2023,11,4,10,49,22,3,96,0,1,1,-32.970675,151.637156,37,0,2,0,3,0,0,0,0,0,7,60,2,1957,4009,8,5,40,1,0,0,0,0
1334168,3,2023,2023,10,0,7,112,17,27,112,0,1,1,-31.693279,143.766469,51,1,0,1,3,0,0,0,2,0,7,110,2,404,404,8,5,40,1,0,0,0,0
1334169,3,2023,2023,10,4,5,866,17,112,793,0,1,2,-33.912397,150.919344,41,0,2,1,3,0,0,0,2,0,7,70,2,1383,1383,1,5,35,2,0,0,0,0
1334176,3,2023,2023,10,0,8,3371,17,147,3342,0,1,9,-33.749203,151.145969,36,0,2,1,3,0,0,0,2,2,7,60,2,14295,14295,3,5,36,2,0,0,0,0
1334179,3,2023,2023,10,4,6,109,27,169,34609,1,0,9,-33.764304,150.838536,7,0,2,0,3,0,0,0,2,0,0,50,0,4552,5151,8,5,40,1,0,0,0,0
1334182,3,2023,2023,10,5,7,35,27,31,231,0,1,9,-33.500569,151.330871,16,2,2,0,3,0,0,0,2,0,7,60,2,623,623,3,9,0,2,0,0,0,0
1334183,3,2023,2023,10,2,9,2209,17,55,2205,0,1,2,-35.736829,150.164253,23,1,0,1,3,0,0,0,3,0,7,90,2,1089,1089,7,0,40,1,0,0,0,0
1334185,3,2023,2023,10,1,5,112,27,29,769,0,1,1,-33.539852,150.636247,29,2,2,0,3,0,0,0,2,0,7,60,2,4552,5151,8,8,40,1,0,0,0,0
1334191,3,2023,2023,11,0,5,2209,17,34,2205,0,1,9,-37.078299,149.872422,5,1,0,0,0,0,0,0,2,0,0,100,2,4552,985,8,0,40,1,0,0,0,0
1334192,3,2023,2023,11,5,8,1,25,10,34609,1,2,1,-34.046229,151.080532,68,0,2,0,1,0,2,6,2,0,7,40,0,1259,5151,1,0,5,2,0,0,0,0
1334193,3,2023,2023,11,0,2,916,17,91,917,0,1,7,-32.809647,151.634091,48,0,2,1,3,0,3,4,0,0,0,60,2,4026,4026,8,5,40,1,0,0,0,0
1334194,3,2023,2023,10,2,3,56,27,130,34609,0,1,10,-33.870788,151.195722,69,0,2,1,3,0,0,0,1,2,7,40,0,1383,1383,1,5,5,2,0,0,0,0
1334197,3,2023,2023,10,5,3,10,27,5,34609,0,1,9,-33.840974,151.222185,49,0,2,0,1,0,0,0,2,0,7,50,0,1282,1282,1,33,5,2,0,0,0,0
1334211,3,2023,2023,1,6,7,3371,17,58,3342,0,1,2,-28.559314,153.542054,10,1,0,0,0,0,0,0,2,0,7,110,2,14295,14295,3,33,0,2,0,0,0,0
1334213,3,2023,2023,10,1,3,1104,14,223,962,0,1,3,-33.80644,150.925471,7,0,2,1,3,0,0,0,2,0,7,100,2,14295,14295,3,0,0,2,0,0,0,0
1334214,3,2023,2023,10,4,8,125,27,43,144,0,1,7,-32.808086,151.850352,57,2,1,0,3,0,3,4,2,0,7,80,2,150,150,4,0,5,2,0,0,0,0
1334224,3,2023,2023,10,2,11,387,18,26,34609,0,1,4,-31.974583,152.579183,43,2,1,0,2,0,0,0,0,0,7,50,0,2585,4009,1,10,13,2,0,0,0,0
1334239,3,2023,2023,10,1,10,387,27,204,331,0,1,9,-33.939567,151.14123,4,0,2,1,2,0,0,0,0,0,7,60,2,1109,787,1,5,5,2,0,0,0,0
1334242,3,2023,2023,10,4,0,3371,17,18,3342,0,1,2,-33.005352,151.685453,37,0,2,1,3,0,3,4,0,0,7,80,2,4026,4026,8,5,40,1,0,0,0,0
1334249,3,2023,2023,10,3,5,3,1,346,34609,0,1,1,-33.872165,151.076037,67,0,2,1,3,0,0,0,2,0,7,50,0,248,248,1,8,5,2,0,0,0,0
1334262,3,2023,2023,10,6,5,21,31,107,34609,0,1,9,-33.876539,151.197436,69,0,2,1,3,0,0,0,2,0,7,40,0,4026,4026,8,8,40,1,0,0,0,0
1334264,3,2023,2023,10,2,4,485,27,187,769,0,1,1,-33.789595,150.995862,54,0,2,1,3,0,0,0,2,0,7,60,2,14295,14295,3,0,5,2,0,0,0,0
1334277,3,2023,2023,11,2,7,12,31,21,34609,0,1,10,-32.915783,151.578855,37,0,2,1,2,0,0,0,2,0,7,50,0,4026,4026,1,16,5,2,0,0,0,0
1334279,3,2023,2023,10,5,3,59,27,18,34609,0,1,1,-35.628131,150.137512,23,1,0,0,3,2,0,0,1,0,7,100,0,3775,3775,0,10,13,2,0,0,0,0
1334280,3,2023,2023,10,2,10,134,10,363,133,0,1,9,-33.81685,151.022125,54,0,2,1,3,0,0,0,0,0,0,70,2,5929,5929,1,0,0,2,0,0,0,0
1334286,3,2023,2023,11,1,6,829,27,159,770,0,1,2,-33.810795,151.094015,61,0,2,0,1,0,0,0,2,0,7,60,2,1981,1981,4,9,5,2,0,0,0,0
1334288,3,2023,2023,10,4,11,7,31,174,34609,0,1,1,-33.89455,151.209028,69,0,2,1,2,0,0,0,0,0,7,40,0,489,489,8,5,40,1,0,0,0,0
1334290,3,2023,2023,10,4,8,1,27,41,15,0,1,7,-33.786983,151.269909,50,0,2,1,0,0,0,0,2,0,0,50,1,9859,9859,1,10,0,4,0,0,0,0
1334294,3,2023,2023,11,0,3,866,17,98,793,0,1,2,-33.738425,151.073551,31,0,2,0,3,0,3,0,2,0,7,70,2,1957,4009,8,9,40,1,0,0,0,0
1334297,3,2023,2023,10,6,9,8,1,29,34609,1,0,10,-32.935311,151.761655,48,0,2,1,2,0,3,4,3,2,6,60,0,5929,5929,1,5,0,2,0,0,0,0
1334299,3,2023,2023,10,1,8,133,31,133,97,0,1,9,-33.916193,151.001037,15,0,2,1,3,0,0,0,2,0,7,60,1,14295,14295,3,0,0,3,0,0,0,0
1334305,3,2023,2023,6,1,1,92,27,106,63,0,1,1,-33.920093,151.089727,15,0,2,1,2,0,0,0,0,0,7,40,1,9859,9859,1,0,0,2,0,0,0,0
1334319,3,2023,2023,10,0,2,1,17,2,34609,0,1,9,-32.79145,148.219815,53,1,0,1,3,0,0,0,1,0,0,100,0,2585,777,8,10,40,1,0,0,0,0
1334323,3,2023,2023,11,4,10,7,1,433,34609,0,1,1,-33.307413,149.117047,52,2,1,0,0,0,0,0,0,0,7,50,0,4552,5151,8,5,40,1,0,0,0,0
1334335,3,2023,2023,10,3,9,1,18,169,34609,0,1,9,-33.773256,150.844318,7,0,2,1,2,0,0,0,2,0,4,50,0,9859,9859,8,10,40,1,0,0,0,0
1334344,3,2023,2023,6,3,7,1,31,204,34609,0,1,1,-33.891474,151.122364,32,0,2,1,3,0,0,0,2,0,7,50,0,144,144,1,10,5,2,0,0,0,0
1334349,3,2023,2023,1,5,4,829,27,123,770,0,1,2,-33.814048,151.054024,54,0,2,1,3,0,0,0,2,0,7,70,2,404,404,8,5,40,1,0,0,0,0
1334363,3,2023,2023,10,4,7,77,12,45,331,0,1,1,-34.307372,150.592346,79,2,2,1,3,0,0,0,2,0,7,80,1,14295,14295,3,0,5,2,0,0,0,0
1334367,3,2023,2023,10,2,7,20,31,91,34609,0,1,10,-33.959805,151.085689,25,0,2,1,3,0,0,0,2,0,15,50,0,14295,14295,3,0,0,2,0,0,0,0
1334372,3,2023,2023,10,1,6,137,31,53,103,0,1,10,-32.923818,151.755782,48,0,2,1,3,0,0,0,2,2,7,60,1,6545,6545,4,0,0,2,0,0,0,0
1334373,3,2023,2023,5,4,6,177,22,239,176,0,1,9,-34.043052,151.122854,68,0,2,0,1,0,0,0,2,2,7,60,2,5929,5929,1,5,13,2,0,0,0,0
1334377,3,2023,2023,10,2,5,1,31,25,34609,0,1,10,-32.837524,151.365607,17,2,1,1,3,0,0,0,2,0,0,50,0,301,301,4,5,13,2,0,0,0,0
1334378,3,2023,2023,10,4,11,67,27,56,62,1,0,9,-33.803548,151.199589,77,0,2,1,2,0,0,0,0,2,7,50,2,9859,9859,8,5,40,1,0,0,0,0
1334399,3,2023,2023,10,0,4,1,31,283,34609,1,2,1,-33.834973,151.005355,21,0,2,1,0,0,0,0,2,0,7,40,0,941,941,1,0,0,2,0,0,0,0
1334406,3,2023,2023,10,5,6,294,17,11,288,0,1,1,-35.178029,147.670147,75,1,0,1,3,0,0,0,2,0,7,100,2,945,945,5,0,40,1,0,0,0,0
1334414,3,2023,2023,10,5,8,100,27,323,100,0,1,2,-33.799524,150.85287,7,0,2,1,0,0,0,0,2,0,7,70,2,101,101,8,0,40,2,0,0,0,0
1334420,3,2023,2023,10,5,9,48,31,33,45,0,1,10,-33.419034,151.343482,16,2,2,1,3,0,0,3,0,2,7,60,1,515,515,1,29,5,2,0,0,0,0
1334438,3,2023,2023,10,1,3,330,27,121,102,0,1,1,-33.792326,151.285507,50,0,2,1,0,0,0,0,2,0,7,50,2,387,387,1,22,5,2,0,0,0,0
1334443,3,2023,2023,10,5,7,1,31,87,34609,0,1,10,-34.480918,150.427697,78,2,1,1,3,0,0,0,2,0,0,50,0,6545,6545,4,5,0,2,0,0,0,0
1334444,3,2023,2023,10,4,3,3371,17,58,3342,0,1,1,-32.778802,151.750021,57,2,1,0,0,0,0,0,2,0,7,80,2,1259,5151,8,30,40,1,0,0,0,0
1334445,3,2023,2023,10,2,4,1,27,45,34609,0,1,7,-33.349998,151.497834,16,2,2,1,3,0,0,0,2,0,0,50,0,6545,6545,4,30,5,2,0,0,0,0
1334458,3,2023,2023,10,3,11,1,10,32,34609,0,1,1,-33.926034,150.999596,15,0,2,0,0,0,0,0,0,0,7,50,0,2585,4009,8,5,40,1,0,0,0,0
1334468,3,2023,2023,10,0,11,29,31,609,48,1,0,10,-33.769156,150.892413,7,0,2,1,2,0,0,0,0,2,7,60,1,5929,5929,1,5,5,2,0,0,0,0
1334471,3,2023,2023,10,2,6,9,27,63,34609,1,0,10,-33.250102,151.46732,16,2,2,1,3,0,0,0,2,2,7,50,0,926,926,4,30,0,2,0,0,0,0
1334474,3,2023,2023,10,0,4,7,27,9,39,0,1,1,-33.479889,150.913532,71,0,2,0,3,0,3,3,2,0,7,80,1,1957,4009,8,0,40,1,0,0,0,0
1334489,3,2023,2023,10,1,2,1052,14,149,928,0,1,3,-33.344161,151.369881,16,1,2,1,3,0,0,0,1,0,7,110,2,14295,14295,3,0,13,2,0,0,0,0
1334497,3,2023,2023,10,6,9,89,36,68,81,0,1,1,-34.723826,148.838577,82,1,0,0,3,0,0,0,3,0,7,100,2,4552,5151,8,5,40,1,0,0,0,0
1334509,3,2023,2023,10,0,2,3371,17,58,3342,0,1,2,-32.791809,151.724492,57,2,1,1,2,0,0,0,0,0,7,70,2,14295,14295,3,10,35,2,0,0,0,0
1334516,3,2023,2023,10,3,9,9,1,147,34609,0,1,10,-33.870209,151.135447,14,0,2,1,3,0,0,0,2,0,15,50,0,6545,6545,4,5,5,2,0,0,0,0
1334530,3,2023,2023,10,6,9,2,31,24,34609,0,1,1,-33.83017,151.166394,38,0,2,1,0,0,0,0,0,0,7,50,0,4026,4026,1,0,0,3,0,0,0,0
1334533,3,2023,2023,10,2,4,1,1,4,34609,0,1,1,-35.260483,150.437331,63,2,1,1,3,0,0,0,2,0,7,50,0,175,188,1,10,13,2,0,0,0,0
1334537,3,2023,2023,1,1,0,330,1,144,34609,0,1,1,-34.060809,151.010117,68,0,2,1,3,0,0,0,0,0,7,50,0,9859,9859,1,5,5,2,0,0,0,0
1334549,3,2023,2023,10,4,7,512,17,53,441,0,1,1,-32.248131,148.332653,51,1,0,1,0,0,0,0,2,0,7,110,2,9859,9859,8,0,40,1,0,0,0,0
1334555,3,2023,2023,10,6,9,39,31,246,99,0,1,10,-33.901753,151.200142,69,0,2,1,2,0,3,3,3,2,7,50,2,14295,14295,3,9,0,3,0,0,0,0
1334561,3,2023,2023,10,4,9,2261,17,228,2252,0,1,2,-34.775749,149.698946,26,1,0,1,3,0,0,0,3,0,7,110,2,1282,1282,1,0,2,2,0,0,0,0
1334588,3,2023,2023,6,4,8,4,31,109,34609,0,1,1,-33.911689,151.139776,32,0,2,1,1,0,0,0,2,0,7,50,0,3775,3775,0,9,0,2,0,0,0,0
1334597,3,2023,2023,10,1,3,26,27,40,18,0,1,9,-33.807861,151.204812,77,0,2,1,3,0,0,0,2,0,7,60,1,2852,2852,4,5,5,2,0,0,0,0
1334598,3,2023,2023,10,5,9,118,27,646,118,0,1,10,-33.914483,151.034342,15,0,2,1,3,0,0,0,3,2,7,60,1,14295,14295,3,5,5,2,0,0,0,0
1334604,3,2023,2023,10,0,7,63,27,224,605,0,1,2,-33.812218,151.244798,45,0,2,1,3,0,0,3,2,0,7,60,2,14295,14295,3,30,0,3,0,0,0,0
1334610,3,2023,2023,10,4,9,2261,17,284,2252,1,0,2,-33.90791,151.027014,15,0,2,1,3,0,3,4,3,0,7,60,2,4026,4026,8,5,40,1,0,0,0,0
1334611,3,2023,2023,10,5,5,232,36,109,331,0,1,2,-33.955325,150.865359,41,0,2,1,3,0,0,0,2,0,7,70,2,1981,1981,4,0,10,2,0,0,0,0
1334618,3,2023,2023,10,4,10,195,27,15,186,0,1,9,-33.905315,150.854958,41,0,2,1,3,0,3,3,0,2,7,70,2,1391,1391,1,10,13,2,0,0,0,0
1334619,3,2023,2023,11,1,11,115,27,113,48,0,1,6,-34.368314,150.860167,80,0,2,0,3,0,0,0,0,0,7,100,2,2585,4009,8,29,40,1,0,0,0,0
1334621,3,2023,2023,10,1,8,37,1,35,212,0,1,2,-35.352874,149.213343,58,2,1,1,3,0,0,3,2,0,7,60,2,14295,14295,3,10,36,3,0,0,0,0
1334624,3,2023,2023,10,4,6,361,32,111,65,0,1,9,-33.706347,150.874832,7,0,2,1,3,0,0,0,2,2,7,60,1,14295,14295,3,16,12,2,0,0,0,0
1334626,3,2023,2023,10,3,6,15,27,188,140,0,1,7,-33.934434,151.088468,15,0,2,1,3,0,0,0,2,0,0,50,1,14295,14295,3,5,5,4,0,0,0,0
1334627,3,2023,2023,10,5,6,485,27,323,769,0,1,2,-33.743379,150.982452,71,0,2,1,3,0,0,0,2,0,7,60,2,1981,1981,4,0,5,2,0,0,0,0
1334628,3,2023,2023,10,3,5,3371,17,58,3342,0,1,7,-32.781872,151.739157,57,2,1,1,3,0,0,0,2,0,0,70,2,1192,1192,1,9,12,2,0,0,0,0
1334630,3,2023,2023,10,4,4,1,31,25,34609,0,1,9,-35.03452,150.6651,63,2,1,1,3,0,0,0,2,0,0,50,0,14295,14295,3,0,5,2,0,0,0,0
1334631,3,2023,2023,10,5,4,34,31,111,34609,0,1,1,-33.925708,151.253289,59,0,2,1,3,0,0,0,2,0,7,50,0,14295,14295,3,10,0,2,0,0,0,0
1334635,3,2023,2023,10,4,6,63,36,30,16,0,1,9,-32.631446,152.135743,43,2,1,1,3,0,3,4,2,0,7,80,1,395,395,1,10,0,2,0,0,0,0
1334640,3,2023,2023,10,0,4,12,27,19,19,0,1,2,-33.213422,151.468953,16,1,2,1,3,0,3,4,2,0,7,100,2,9859,9859,8,0,40,1,0,0,0,0
1334643,3,2023,2023,1,4,6,48,31,33,45,0,1,1,-33.417718,151.343747,16,2,2,1,3,0,0,0,2,0,7,60,1,1981,1981,4,5,0,2,0,0,0,0
1334644,3,2023,2023,5,1,6,485,27,232,769,0,1,10,-33.693599,150.925067,71,0,2,1,1,0,0,0,2,2,7,80,2,5929,5929,1,5,0,2,0,0,0,0
1334645,3,2023,2023,9,4,2,30,27,57,52,0,1,1,-33.902544,151.172153,32,0,2,1,3,0,0,0,0,0,7,60,1,9859,9859,1,5,5,2,0,0,0,0
1334648,3,2023,2023,11,2,8,3,27,29,34609,0,1,1,-35.103216,150.619999,63,2,1,0,3,0,0,3,4,0,7,50,0,273,957,5,34,40,1,0,0,0,0
1334649,3,2023,2023,10,0,9,3371,17,57,3342,0,1,10,-32.988636,151.691224,37,0,2,1,3,0,3,4,3,2,7,60,2,5929,5929,1,10,25,2,0,0,0,0
1334653,3,2023,2023,10,3,9,2,31,314,34609,0,1,1,-33.845367,150.938281,21,0,2,0,3,0,0,0,3,0,7,60,0,1259,5151,1,5,10,2,0,0,0,0
1334660,3,2023,2023,10,4,11,24,31,314,34609,0,1,7,-33.854848,150.921412,24,0,2,1,3,0,3,4,0,0,0,50,0,6545,6545,4,0,36,2,0,0,0,0
1334662,3,2023,2023,10,2,4,280,10,314,82,0,1,10,-33.852252,150.931859,24,0,2,1,3,0,0,0,2,0,15,60,1,14295,14295,3,0,0,2,0,0,0,0
1334663,3,2023,2023,10,1,4,330,1,107,34609,0,1,7,-33.28203,151.42447,16,2,2,1,3,0,0,0,2,0,0,50,0,2585,777,8,30,40,1,0,0,0,0
1334665,3,2023,2023,10,1,5,4,27,224,34609,0,1,7,-33.826743,151.235121,45,0,2,0,0,0,0,0,2,0,0,50,0,1259,985,8,19,40,1,0,0,0,0