Crash ID,Degree of crash - detailed,Reporting year,Year of crash,Month of crash,Day of week of crash,Two-hour intervals,Street of crash,Street type,Town,Route no.,School zone location,School zone active,Type of location,Latitude,Longitude,LGA,Urbanisation,Conurbation 1,Alignment,Street lighting,Road surface,Surface condition,Weather,Natural lighting,Signals operation,Other traffic control,Speed limit,Road classification,RUM - code,DCA - code,First impact type,Key TU type,Other TU type,No. of traffic units involved,No. killed,No. seriously injured,No. moderately injured,No. minor-other injured
1334670,3,2023,2023,11,3,7,54,27,85,49,0,1,1,-32.934784,151.725774,48,0,2,1,3,0,0,0,2,0,7,60,1,941,941,1,21,36,2,0,0,0,0
1334672,3,2023,2023,11,4,10,87,31,130,34609,0,1,1,-34.446463,150.844436,80,0,2,0,3,0,0,0,0,0,7,50,0,1957,4009,1,5,4,2,0,0,0,0
1334677,3,2023,2023,10,1,0,46,31,273,34609,1,0,10,-34.421815,150.896333,80,0,2,1,3,0,0,0,0,2,7,50,0,4552,985,1,10,36,4,0,0,0,0
1334681,3,2023,2023,10,1,3,512,27,246,15,0,1,1,-33.898796,151.194976,69,0,2,1,3,0,0,0,2,0,7,50,1,1109,397,1,0,5,2,0,0,0,0
1334682,3,2023,2023,10,5,9,7,31,234,34609,0,1,10,-34.277438,146.049431,28,2,1,1,3,0,0,0,3,0,0,50,0,6545,6545,4,0,0,2,0,0,0,0
1334684,3,2023,2023,10,5,4,478,17,50,480,0,1,9,-33.232809,151.55069,16,2,2,1,3,0,0,0,2,0,0,50,2,3775,3775,0,10,5,2,0,0,0,0
1334685,3,2023,2023,10,4,9,9,27,63,34609,1,0,10,-33.250102,151.46732,16,2,2,1,3,0,3,4,4,2,7,50,0,5929,5929,1,5,5,2,0,0,0,0
1334686,3,2023,2023,10,3,2,1,27,134,36,0,1,1,-33.53276,151.307343,16,2,2,1,3,0,0,0,0,0,7,60,1,9859,9859,1,5,5,2,0,0,0,0
1334687,3,2023,2023,10,5,8,125,27,108,123,0,1,7,-33.306132,151.40913,16,2,2,1,1,0,0,0,2,0,0,70,2,1383,1383,1,5,0,2,0,0,0,0
1334689,3,2023,2023,10,2,6,27,31,107,34609,0,1,10,-29.686734,152.930266,18,2,1,1,3,0,0,0,2,0,0,50,0,6545,6545,4,0,5,2,0,0,0,0
1334692,3,2023,2023,9,0,7,39,27,337,34609,0,1,9,-33.718704,151.027478,31,0,2,0,3,0,0,0,2,0,7,50,0,2585,4009,8,0,40,1,0,0,0,0
1334694,3,2023,2023,9,6,8,41,27,58,80,0,1,9,-32.976604,151.67125,37,0,2,0,3,0,0,0,2,0,15,60,1,14295,14295,3,5,5,2,0,0,0,0
1334695,3,2023,2023,9,6,7,4,31,135,34609,0,1,9,-32.906089,151.736942,48,0,2,1,3,0,0,0,2,0,7,50,0,323,323,1,10,0,2,0,0,0,0
1334696,3,2023,2023,10,0,11,11,10,2,34609,0,1,1,-36.04551,147.019053,0,2,1,1,3,2,0,0,0,0,7,80,0,1089,1089,7,10,40,1,0,0,0,0
1334698,3,2023,2023,10,1,4,8,27,6,34609,0,1,1,-34.038468,151.023485,68,0,2,1,3,0,0,0,2,0,7,50,0,941,941,1,10,36,3,0,0,0,0
1334700,3,2023,2023,9,6,4,20,31,433,34609,0,1,1,-33.282677,149.108045,52,2,1,1,3,0,0,0,2,0,7,50,0,1981,1981,4,0,0,2,0,0,0,0
1334708,3,2023,2023,10,6,3,149,27,60,198,0,1,10,-33.95565,150.955505,41,0,2,1,3,0,0,0,2,2,7,60,2,14295,14295,3,0,0,2,0,0,0,0
1334709,3,2023,2023,10,1,3,8,27,31,34609,0,1,1,-33.429564,151.371163,16,2,2,1,3,0,0,0,1,0,7,50,0,4026,4026,8,0,40,1,0,0,0,0
1334710,3,2023,2023,10,0,7,3,2,43,34609,0,1,7,-33.733469,150.779594,7,0,2,1,3,0,0,0,2,0,0,50,0,14295,14295,3,10,5,2,0,0,0,0
1334711,3,2023,2023,10,5,9,234,27,34,228,0,1,1,-33.422487,150.972612,31,0,2,0,3,0,0,0,0,0,7,80,2,1089,1089,7,5,40,1,0,0,0,0
1334716,3,2023,2023,10,5,4,220,14,133,220,0,1,3,-34.498514,150.797184,80,0,2,1,3,0,3,0,2,0,7,100,2,14295,14295,3,5,0,2,0,0,0,0
1334718,3,2023,2023,10,0,10,19,27,23,34609,1,0,1,-34.017987,151.024722,68,0,2,1,3,0,3,4,0,0,7,60,0,945,945,5,5,40,1,0,0,0,0
1334719,3,2023,2023,10,2,5,63,31,30,16,0,1,1,-32.639759,152.143641,43,2,1,1,3,0,0,0,2,0,7,80,1,1957,777,8,0,40,1,0,0,0,0
1334721,3,2023,2023,9,6,6,9,27,81,34609,0,1,1,-33.886411,151.261706,81,0,2,0,3,0,0,0,2,0,7,50,0,1282,1282,1,0,0,2,0,0,0,0
1334728,3,2023,2023,11,0,7,92,27,55,36,0,1,7,-35.708482,150.176221,23,2,1,0,3,0,0,0,2,0,0,50,1,1192,1192,1,5,0,2,0,0,0,0
1334729,3,2023,2023,10,4,7,123,36,17,90,0,1,1,-31.768071,151.895501,43,2,1,0,3,0,3,4,2,0,7,80,1,404,404,8,5,40,1,0,0,0,0
1334731,3,2023,2023,10,0,4,16,10,30,15,0,1,1,-33.203491,151.586862,16,2,2,1,0,0,0,0,2,0,7,50,1,623,623,3,10,5,2,0,0,0,0
1334732,3,2023,2023,10,5,3,89,36,3,17,0,1,1,-29.582845,152.764187,18,1,0,1,3,0,0,0,2,0,7,100,1,1981,1981,4,10,13,2,0,0,0,0
1334736,3,2023,2023,10,2,5,7,23,87,34609,0,1,9,-34.067353,151.155433,68,0,2,1,3,0,0,0,2,0,7,50,0,1109,397,1,5,13,2,0,0,0,0
1334738,3,2023,2023,11,2,6,2126,17,142,2149,0,1,10,-33.827567,151.004726,54,0,2,1,3,0,0,0,2,1,7,60,2,1282,1282,1,33,5,2,0,0,0,0
1334739,3,2023,2023,10,2,9,14,31,646,34609,0,1,1,-33.919682,151.035859,15,0,2,1,3,0,0,0,3,0,7,40,0,9859,9859,1,0,5,5,0,0,0,0
1334746,3,2023,2023,10,1,10,4,25,112,34609,0,1,9,-33.706468,151.027619,31,0,2,1,3,0,0,0,4,0,7,50,0,2852,2852,4,0,5,2,0,0,0,0
1334747,3,2023,2023,10,3,8,1052,14,207,928,0,1,3,-33.606787,151.163423,31,0,2,0,3,0,0,0,2,0,7,110,2,14295,14295,3,30,13,3,0,0,0,0
1334750,3,2023,2023,10,1,8,3371,17,57,3342,0,1,2,-28.645089,153.548657,10,1,0,1,3,0,0,0,2,0,7,110,2,404,404,8,0,40,1,0,0,0,0
1334751,3,2023,2023,10,2,10,27,17,23,34609,0,1,1,-33.316012,151.410666,16,2,2,0,3,0,0,0,0,0,7,60,0,4552,5151,8,30,40,1,0,0,0,0
1334794,3,2023,2023,10,5,4,43,2,104,42,0,1,10,-33.742876,150.944018,7,0,2,1,1,0,0,0,2,2,7,70,2,395,395,1,5,5,2,0,0,0,0
1334796,3,2023,2023,6,1,10,25,27,32,34609,0,1,1,-33.865288,150.963332,21,0,2,1,2,0,0,0,0,0,7,50,0,4026,4026,1,5,0,2,0,0,0,0
1334799,3,2023,2023,10,4,10,46,27,39,34609,0,1,1,-32.877961,151.648077,48,0,2,1,2,0,3,4,0,0,7,60,0,9859,9859,8,5,40,1,0,0,0,0
1334828,3,2023,2023,10,1,1,83,31,90,34609,0,1,1,-33.888183,151.247954,81,0,2,1,0,0,0,6,0,0,7,50,0,1282,1282,1,0,0,4,0,0,0,0
1334831,3,2023,2023,10,4,10,3,27,284,34609,0,1,1,-33.899647,151.020008,15,0,2,0,2,0,3,4,0,0,7,50,0,2585,4009,1,5,13,3,0,0,0,0
1334841,3,2023,2023,10,6,3,171,1,90,22,0,1,9,-33.787811,150.951917,54,0,2,1,0,0,0,0,2,0,7,60,1,1282,1282,1,33,0,2,0,0,0,0
1334856,3,2023,2023,10,2,0,23,23,50,34609,0,1,1,-33.632343,151.33829,50,0,2,0,2,0,3,0,0,0,7,50,0,4552,5151,1,0,0,2,0,0,0,0
1334884,3,2023,2023,10,0,5,2261,17,49,2252,0,1,2,-34.732961,149.805711,26,1,0,1,0,0,0,0,2,0,7,110,2,204,204,1,33,5,2,0,0,0,0
1334893,3,2023,2023,6,0,8,104,27,63,140,0,1,9,-33.924645,151.215329,4,0,2,1,1,0,0,0,2,1,9,60,2,14295,14295,3,0,12,2,0,0,0,0
1334923,3,2023,2023,10,3,4,1,27,40,34609,0,1,1,-32.02714,152.500471,43,2,1,0,0,2,0,0,2,0,7,50,0,2585,4009,8,5,40,1,0,0,0,0
1334927,3,2023,2023,10,5,10,1,1,53,34609,0,1,1,-35.136378,147.353682,75,2,1,1,2,0,0,0,0,0,7,50,0,9859,9859,1,5,0,2,0,0,0,0
1334933,3,2023,2023,10,3,0,37,27,19,52,0,1,9,-33.898749,150.612215,79,2,2,1,2,0,0,0,0,0,15,60,1,237,162,8,5,40,1,0,0,0,0
1334937,3,2023,2023,1,4,0,15,27,15,34609,0,1,1,-30.134292,153.047638,19,2,1,0,0,0,3,4,0,0,7,80,0,273,957,5,10,40,1,0,0,0,0
1334952,3,2023,2023,10,4,8,95,31,218,34609,0,1,1,-33.767027,150.773978,55,0,2,1,0,0,0,0,2,0,7,40,0,9859,9859,1,33,12,2,0,0,0,0
1334955,3,2023,2023,11,5,9,23,27,61,21,0,1,1,-33.746225,150.896441,7,0,2,1,2,0,3,4,0,0,7,60,1,14295,14295,3,10,13,4,0,0,0,0
1334967,3,2023,2023,10,0,8,17,10,63,34609,0,1,1,-33.247847,151.497307,16,2,2,0,1,0,3,4,2,0,7,50,0,4552,5151,8,5,40,1,0,0,0,0
1334978,3,2023,2023,10,0,2,71,36,9,61,0,1,1,-34.754289,145.954951,51,1,0,1,0,0,0,0,1,0,7,100,2,945,945,5,3,40,1,0,0,0,0
1334989,3,2023,2023,10,3,3,98,27,2,24,0,1,1,-33.603208,151.11735,31,0,2,0,0,0,0,0,2,0,7,40,1,4552,5151,8,5,40,1,0,0,0,0
1334992,3,2023,2023,11,1,6,49,22,224,34609,0,1,1,-33.823876,151.250759,45,0,2,1,0,0,0,0,2,0,7,50,0,1282,1282,1,0,40,1,0,0,0,0
1335038,3,2023,2023,10,2,0,109,27,137,105,0,1,10,-33.894813,150.903059,24,0,2,1,2,0,3,4,0,2,7,60,2,5929,5929,1,5,12,2,0,0,0,0
1335058,3,2023,2023,11,4,3,3371,17,9,3342,0,1,2,-29.197869,153.271632,60,1,0,1,0,0,0,0,2,0,7,110,2,9859,9859,8,3,40,1,0,0,0,0
1335076,3,2023,2023,10,5,9,4,7,13,34609,0,1,1,-35.147781,147.456861,75,2,1,0,2,0,0,0,3,0,7,50,0,1957,4009,1,5,0,2,0,0,0,0
1335077,3,2023,2023,1,4,7,38,27,290,159,0,1,9,-33.950279,151.129646,4,0,2,1,1,0,0,0,2,0,7,60,2,1109,397,1,0,13,3,0,0,0,0
1335099,3,2023,2023,10,5,10,21,27,147,34609,0,1,1,-33.887165,151.00008,15,0,2,1,2,0,3,4,0,0,7,60,0,9859,9859,1,5,5,2,0,0,0,0
1335102,3,2023,2023,10,6,5,4,31,107,34609,0,1,10,-29.679626,152.942893,18,2,1,1,0,0,0,0,2,0,0,50,0,6545,6545,4,5,0,2,0,0,0,0
1335110,3,2023,2023,5,1,6,10,1,89,34609,0,1,1,-33.388438,151.462195,16,2,2,1,1,0,0,3,2,0,7,50,0,3775,3775,0,5,5,2,0,0,0,0
1335129,3,2023,2023,10,0,2,5,32,197,17,0,1,9,-33.948227,151.082349,25,0,2,1,1,0,0,0,0,0,7,50,1,1282,1282,1,33,5,2,0,0,0,0
1335145,3,2023,2023,11,6,0,42,31,82,118,0,1,9,-31.075757,150.915528,70,2,1,1,2,0,0,0,0,0,0,60,2,9859,9859,1,10,5,2,0,0,0,0
1335149,3,2023,2023,10,0,0,32,31,143,34609,0,1,10,-33.880518,151.098284,9,0,2,1,2,0,3,0,0,0,15,50,0,395,395,1,0,0,2,0,0,0,0
1335161,3,2023,2023,10,0,5,3371,17,44,3342,0,1,2,-32.423093,152.207685,43,1,0,0,0,0,0,3,2,0,7,110,2,1192,1192,1,10,2,2,0,0,0,0
1335177,3,2023,2023,1,3,2,3371,17,463,3342,0,1,10,-30.283806,153.126776,19,2,1,1,2,0,0,0,0,2,7,60,2,4026,4026,8,5,40,1,0,0,0,0
1335181,3,2023,2023,9,4,9,119,31,173,207,0,1,1,-33.874639,151.217827,69,0,2,1,3,0,0,0,0,0,7,50,2,1192,1192,1,8,0,2,0,0,0,0
1335186,3,2023,2023,9,0,6,1052,14,149,928,0,1,3,-33.347847,151.366067,16,1,2,1,0,0,0,0,2,0,7,110,2,1945,1945,5,10,40,1,0,0,0,0
1335187,3,2023,2023,10,4,5,224,27,246,321,0,1,10,-33.896661,151.199255,69,0,2,1,1,0,0,0,2,2,7,50,2,515,515,1,33,36,2,0,0,0,0
1335190,3,2023,2023,9,2,7,3371,17,107,3342,0,1,9,-33.280612,151.426685,16,2,2,1,0,0,0,0,2,0,0,50,2,1669,1669,3,10,5,2,0,0,0,0
1335197,3,2023,2023,9,6,5,3371,17,14,3342,0,1,9,-33.056902,151.653558,37,0,2,1,3,0,0,0,2,2,7,60,2,14295,14295,3,0,13,3,0,0,0,0
1335216,3,2023,2023,10,0,7,109,27,74,382,0,1,9,-33.756971,150.84005,7,0,2,1,0,0,0,0,2,0,7,60,2,926,926,4,5,5,2,0,0,0,0
1335238,3,2023,2023,10,2,11,27,10,7,20,0,1,7,-33.332721,151.400492,16,2,2,1,2,0,0,0,0,0,0,80,1,4026,4026,8,5,40,1,0,0,0,0
1335245,3,2023,2023,9,0,11,6,27,20,34609,0,1,1,-30.324226,149.477382,51,1,0,1,3,0,0,0,0,0,7,100,0,1089,1089,7,10,40,1,0,0,0,0
1335255,3,2023,2023,9,4,4,1,25,42,34609,0,1,1,-35.33542,149.248817,58,2,1,1,3,0,0,0,2,0,7,50,0,9859,9859,1,33,0,2,0,0,0,0
1335260,3,2023,2023,9,6,6,33,27,16,41,0,1,10,-33.745618,150.73739,55,0,2,1,3,0,0,0,2,2,7,50,1,14295,14295,3,0,0,2,0,0,0,0
1335261,3,2023,2023,9,2,6,84,27,61,415,0,1,2,-33.770729,151.135805,36,0,2,1,3,0,3,3,2,0,7,70,2,14295,14295,3,10,0,3,0,0,0,0
1335273,3,2023,2023,9,3,3,71,27,19,69,0,1,1,-36.35295,148.760198,65,1,0,1,3,0,3,3,2,0,7,100,2,945,945,5,5,40,1,0,0,0,0
1335275,3,2023,2023,9,0,9,5,27,337,34609,0,1,10,-33.738359,150.998748,71,0,2,1,3,0,0,0,3,0,15,50,0,5929,5929,1,5,0,2,0,0,0,0
1335276,3,2023,2023,10,2,9,134,10,157,133,0,1,2,-33.803503,151.024438,54,0,2,0,0,0,0,0,0,0,7,70,2,14295,14295,3,33,5,2,0,0,0,0
1335279,3,2023,2023,9,5,0,1,6,31,34609,0,1,1,-30.347852,153.075859,19,2,1,1,2,0,0,0,0,0,7,50,0,9859,9859,1,10,12,2,0,0,0,0
1335282,3,2023,2023,11,5,3,481,17,155,483,0,1,10,-33.140764,148.171822,53,2,1,1,1,0,0,0,1,0,0,50,2,6545,6545,4,5,10,2,0,0,0,0
1335288,3,2023,2023,9,1,10,7,27,61,34609,0,1,2,-35.152793,149.165262,82,2,1,1,0,0,0,0,0,0,7,60,0,9859,9859,8,5,40,1,0,0,0,0
1335290,3,2023,2023,5,6,11,39,31,290,34609,1,0,1,-33.86067,150.999406,21,0,2,1,2,0,0,0,0,0,7,50,0,4026,4026,1,5,25,5,0,0,0,0
1335296,3,2023,2023,10,6,4,90,31,252,165,0,1,10,-33.886195,151.218068,69,0,2,1,3,0,0,0,2,2,7,60,2,14295,14295,3,5,5,2,0,0,0,0
1335308,3,2023,2023,9,1,8,18,27,3,14,0,1,1,-28.742668,153.298959,39,2,1,0,3,0,3,4,2,0,7,80,1,4552,5151,8,5,40,1,0,0,0,0
1335324,3,2023,2023,10,5,2,115,27,43,46,0,1,1,-34.201785,150.650974,79,1,2,1,3,0,0,0,0,0,7,100,2,9859,9859,8,29,40,2,0,0,0,0
1335325,3,2023,2023,9,1,2,3371,10,316,34609,0,1,1,-31.442821,152.925279,56,2,1,1,3,0,3,3,0,0,7,50,0,4026,4026,1,5,0,2,0,0,0,0
1335354,3,2023,2023,9,6,7,133,17,12,121,0,1,9,-36.104901,149.144315,65,1,0,1,3,0,3,0,2,0,7,100,2,9859,9859,8,8,40,1,0,0,0,0
1335361,3,2023,2023,1,5,4,3371,17,173,3342,1,2,2,-33.719453,151.115419,36,0,2,1,1,0,0,0,2,0,7,40,2,1282,1282,1,33,5,2,0,0,0,0
1335362,3,2023,2023,9,1,7,10,31,134,34609,0,1,1,-33.892552,151.251462,76,0,2,1,3,0,0,0,2,0,7,50,0,941,941,1,0,0,2,0,0,0,0
1335366,3,2023,2023,9,4,3,165,31,22,369,0,1,7,-33.6343,150.788596,29,2,2,1,1,0,0,0,2,0,0,60,2,14295,14295,3,5,5,2,0,0,0,0
1335371,3,2023,2023,9,2,2,16,2,168,34609,0,1,10,-33.695124,150.819053,7,0,2,1,3,0,0,0,0,0,15,50,0,1282,1282,1,0,40,1,0,0,0,0
1335376,3,2023,2023,9,4,8,265,17,17,193,0,1,10,-35.748461,147.016959,27,1,0,1,3,0,0,0,3,0,0,100,2,926,926,4,30,2,2,0,0,0,0
1335377,3,2023,2023,9,0,11,193,27,149,34609,0,1,9,-33.986642,151.141393,4,0,2,1,3,0,3,4,0,0,7,50,0,2585,777,1,5,5,2,0,0,0,0
1335387,3,2023,2023,10,1,10,3,7,247,34609,0,1,1,-33.831401,150.930069,21,0,2,0,3,0,0,0,0,0,7,50,0,4552,5151,1,5,5,3,0,0,0,0
1335409,3,2023,2023,9,0,8,107,22,293,34609,0,1,7,-33.92569,151.057153,15,0,2,1,1,0,0,0,2,0,7,50,0,9859,9859,1,5,0,2,0,0,0,0
1335414,3,2023,2023,10,3,6,283,27,145,702,1,0,9,-33.925812,151.070225,15,0,2,1,3,0,0,6,2,0,7,60,2,5929,5929,1,5,0,2,0,0,0,0
1335426,3,2023,2023,9,1,5,4,18,293,34609,0,1,10,-33.926554,151.051175,15,0,2,1,3,0,0,0,2,0,15,50,0,6545,6545,4,9,5,2,0,0,0,0
1335428,3,2023,2023,9,5,7,829,31,346,34609,0,1,1,-33.880014,151.084309,67,0,2,1,3,0,0,0,2,0,7,50,0,9859,9859,1,5,5,2,0,0,0,0
1335433,3,2023,2023,9,3,4,3371,17,14,3342,0,1,2,-28.987732,153.436583,2,1,0,1,0,0,3,4,2,0,7,110,2,475,475,5,5,40,1,0,0,0,0
1335436,3,2023,2023,6,6,4,346,17,46,332,0,1,7,-28.814635,153.281759,39,2,1,1,3,0,0,0,2,0,0,60,2,14295,14295,3,30,5,2,0,0,0,0
1335446,3,2023,2023,9,6,3,135,17,12,136,0,1,1,-36.006263,146.729667,27,1,0,0,3,0,0,0,2,0,7,100,2,1089,1089,7,5,40,1,0,0,0,0
1335454,3,2023,2023,9,3,8,1,10,130,34609,0,1,1,-33.868959,151.189971,69,0,2,0,1,0,0,3,2,0,7,40,0,404,404,8,5,40,1,0,0,0,0
1335458,3,2023,2023,9,3,1,101,10,239,121,0,1,7,-34.038388,151.13453,68,0,2,0,3,0,3,4,0,0,0,70,1,4552,985,8,5,40,1,0,0,0,0
1335462,3,2023,2023,5,2,11,8,7,93,34609,0,1,1,-33.415346,149.612313,3,2,1,1,2,0,0,0,0,0,7,50,0,9859,9859,1,0,5,2,0,0,0,0
1335466,3,2023,2023,5,4,5,308,14,323,311,0,1,3,-33.817397,150.852063,7,0,2,1,0,0,0,0,2,0,7,100,2,14295,14295,3,5,0,2,0,0,0,0
1335474,3,2023,2023,9,2,5,15,31,78,34609,0,1,1,-34.479112,150.849912,80,0,2,1,3,0,3,4,2,0,7,50,0,1192,1192,1,5,13,2,0,0,0,0
1335489,3,2023,2023,1,5,10,31,31,79,34609,0,1,1,-33.8209,151.209089,49,0,2,1,2,0,0,0,0,0,7,50,0,4026,4026,1,5,0,2,0,0,0,0
1335491,3,2023,2023,10,2,4,1,27,21,36,0,1,1,-32.593736,151.756234,51,1,0,1,1,0,0,0,2,0,7,90,1,3775,3775,0,8,5,3,0,0,0,0
1335498,3,2023,2023,10,3,6,283,27,145,702,0,1,10,-33.921376,151.067473,15,0,2,1,3,0,0,0,2,2,7,60,2,515,515,1,10,5,2,0,0,0,0
1335501,3,2023,2023,10,1,5,7,31,53,1,0,1,2,-32.230151,148.240007,51,2,1,1,3,0,0,0,2,0,0,50,2,941,941,1,5,0,2,0,0,0,0
1335513,3,2023,2023,1,5,5,2261,17,49,2252,0,1,9,-34.736486,149.787303,26,1,0,1,3,0,0,0,2,0,0,110,2,5929,5929,1,5,10,2,0,0,0,0
1335515,3,2023,2023,11,0,9,109,27,95,382,0,1,9,-33.734102,150.846947,7,0,2,1,2,0,0,0,0,2,7,60,2,1850,985,5,29,40,1,0,0,0,0
1335517,3,2023,2023,11,6,3,113,27,78,111,0,1,1,-33.832355,150.780934,55,0,2,1,1,0,0,0,2,0,7,80,2,1282,1282,1,5,10,3,0,0,0,0
1335518,3,2023,2023,9,4,11,866,17,98,793,0,1,9,-33.739515,151.066375,31,0,2,1,2,0,0,0,0,2,7,70,2,2852,2852,4,5,40,2,0,0,0,0
1335523,3,2023,2023,9,2,6,16,31,228,34609,0,1,10,-34.765892,149.697624,26,2,1,1,3,0,0,3,2,0,0,50,0,6545,6545,4,0,5,2,0,0,0,0
1335528,3,2023,2023,9,4,8,92,31,70,48,0,1,1,-32.727703,151.549952,42,2,1,1,3,0,0,0,2,0,7,50,1,3775,3775,0,5,0,2,0,0,0,0
1335530,3,2023,2023,9,3,6,1052,14,57,928,0,1,3,-33.679103,151.120305,31,0,2,1,3,0,3,4,2,0,7,110,2,14295,14295,3,5,0,3,0,0,0,0
1335531,3,2023,2023,9,1,4,109,27,247,106,0,1,1,-33.829669,150.952777,21,0,2,1,3,0,0,0,2,0,7,60,1,1109,787,1,5,13,2,0,0,0,0
1335537,3,2023,2023,9,4,11,334,17,53,308,0,1,2,-31.090545,150.92876,70,2,1,1,2,0,0,0,0,0,7,50,2,9859,9859,1,0,12,2,0,0,0,0
1335558,3,2023,2023,9,6,11,8,27,7,36,0,1,9,-33.607008,150.877191,29,2,2,1,3,0,3,3,0,0,7,70,1,1089,1089,7,30,40,1,0,0,0,0
1335563,3,2023,2023,10,4,1,40,31,14,24,0,1,1,-33.95681,151.223654,4,0,2,1,2,0,3,0,0,0,7,60,2,4026,4026,1,0,5,4,0,0,0,0
1335569,3,2023,2023,10,0,10,15,27,24,228,0,1,1,-33.562438,150.904236,29,2,2,0,3,0,0,3,0,0,7,80,2,1957,4009,8,5,40,1,0,0,0,0
1335586,3,2023,2023,11,2,10,12,27,11,34609,0,1,9,-33.925407,150.679088,41,0,2,0,2,0,0,0,3,0,15,80,0,1957,4009,8,5,40,1,0,0,0,0
1335588,3,2023,2023,10,0,3,2209,17,10,2205,0,1,2,-33.981703,151.117819,25,0,2,1,1,0,3,4,2,0,7,70,2,1282,1282,1,5,36,2,0,0,0,0
1335595,3,2023,2023,9,2,11,19,31,161,34609,0,1,9,-33.88035,151.148862,32,0,2,1,3,0,3,0,0,0,0,50,0,301,301,4,0,5,2,0,0,0,0
1335615,3,2023,2023,9,2,9,1,27,24,34609,0,1,1,-33.988134,150.674443,12,0,2,0,3,0,3,3,2,0,7,80,0,1850,1463,5,5,40,1,0,0,0,0
1335619,3,2023,2023,10,0,7,16,31,169,382,0,1,10,-33.603877,150.757259,29,2,2,0,1,0,0,0,2,2,7,60,2,5929,5929,1,5,5,2,0,0,0,0
1335621,3,2023,2023,9,0,5,2,10,155,34609,0,1,9,-33.500229,151.303688,16,2,2,1,3,0,0,0,2,0,7,50,0,5929,5929,1,0,5,2,0,0,0,0
1335624,3,2023,2023,5,6,9,224,27,246,321,1,0,9,-33.903455,151.202101,69,0,2,1,2,0,0,0,3,2,7,50,2,1282,1282,1,0,5,2,0,0,0,0
1335630,3,2023,2023,9,6,11,13,27,5,34609,0,1,1,-35.569549,149.809204,58,1,0,0,3,0,3,3,0,0,7,100,0,273,957,5,5,40,1,0,0,0,0
1335631,3,2023,2023,9,0,0,15,27,151,160,0,1,1,-34.019109,150.852778,13,0,2,1,2,0,0,0,0,0,7,60,2,9859,9859,1,5,13,2,0,0,0,0
1335643,3,2023,2023,9,2,7,3371,17,28,3342,0,1,2,-32.632197,151.996303,43,1,0,0,3,0,0,0,2,0,7,110,2,4552,5151,8,10,40,1,0,0,0,0
1335645,3,2023,2023,10,5,8,13,31,55,34609,0,1,10,-35.716222,150.17933,23,2,1,0,1,0,0,0,2,0,15,50,0,6545,6545,4,0,13,2,0,0,0,0
1335646,3,2023,2023,9,5,5,43,27,136,76,0,1,10,-32.923214,151.722752,48,0,2,1,3,0,0,0,2,2,7,60,1,1383,1383,1,5,5,2,0,0,0,0
1335649,3,2023,2023,10,0,10,154,27,136,244,0,1,2,-33.911792,151.072463,15,0,2,1,2,0,0,0,0,0,7,60,2,190,190,1,5,12,2,0,0,0,0
1335653,3,2023,2023,10,0,11,1052,14,60,928,0,1,3,-33.432349,151.253684,16,1,2,1,3,0,3,4,0,0,7,110,2,9859,9859,8,0,40,1,0,0,0,0
1335655,3,2023,2023,9,1,5,2,27,61,34609,0,1,9,-35.505174,145.017333,51,1,0,1,3,0,0,0,2,0,0,100,0,1957,777,8,0,40,1,0,0,0,0
1335657,3,2023,2023,10,1,8,30,24,167,34609,0,1,9,-33.83087,151.07131,54,0,2,1,3,0,0,0,2,0,0,50,0,5929,5929,1,0,5,2,0,0,0,0
1335678,3,2023,2023,9,0,3,916,17,32,917,0,1,1,-32.603558,151.200829,64,2,1,1,3,0,0,0,2,0,7,80,2,9859,9859,1,10,5,2,0,0,0,0
1335681,3,2023,2023,9,6,9,25,31,278,34609,0,1,1,-33.781927,151.049508,54,0,2,1,3,0,0,0,3,0,7,50,0,186,186,1,30,5,2,0,0,0,0
1335688,3,2023,2023,11,4,10,42,31,150,34609,0,1,1,-33.919933,151.230133,59,0,2,1,0,0,0,0,0,0,7,50,0,1282,1282,1,33,5,2,0,0,0,0
1335689,3,2023,2023,9,5,0,113,27,78,111,0,1,10,-33.831456,150.780968,55,0,2,1,2,0,0,0,0,2,7,80,2,4026,4026,8,5,40,1,0,0,0,0
1335694,3,2023,2023,10,4,2,220,14,56,220,0,1,3,-34.441103,150.864466,80,0,2,1,2,0,0,0,0,0,7,100,2,475,475,5,5,40,1,0,0,0,0
1335697,3,2023,2023,9,3,5,120,36,9,148,0,1,1,-30.383309,152.564406,6,1,0,0,3,0,3,4,2,0,7,100,2,273,957,5,5,40,1,0,0,0,0
1335704,3,2023,2023,9,3,1,475,31,532,34609,0,1,10,-33.866346,151.210736,69,0,2,1,3,0,3,4,0,2,7,40,0,5929,5929,1,5,5,2,0,0,0,0
1335709,3,2023,2023,11,6,3,171,1,80,104,0,1,10,-33.940619,151.215482,4,0,2,1,0,0,0,0,2,2,7,70,2,5929,5929,1,5,0,2,0,0,0,0
1335712,3,2023,2023,11,4,0,6,10,32,34609,0,1,1,-33.985493,151.121653,25,0,2,0,3,0,0,0,0,0,7,50,0,1259,5151,1,5,0,3,0,0,0,0
1335739,3,2023,2023,9,0,11,220,14,67,220,0,1,3,-34.428079,150.867168,80,0,2,0,3,0,3,4,0,0,7,90,2,1957,4009,8,34,40,1,0,0,0,0
1335745,3,2023,2023,11,3,5,84,1,226,34609,0,1,9,-33.764606,150.808168,7,0,2,1,1,0,0,0,2,0,7,50,0,5929,5929,1,0,0,2,0,0,0,0