Crash ID,Degree of crash - detailed,Reporting year,Year of crash,Month of crash,Day of week of crash,Two-hour intervals,Street of crash,Street type,Town,Route no.,School zone location,School zone active,Type of location,Latitude,Longitude,LGA,Urbanisation,Conurbation 1,Alignment,Street lighting,Road surface,Surface condition,Weather,Natural lighting,Signals operation,Other traffic control,Speed limit,Road classification,RUM - code,DCA - code,First impact type,Key TU type,Other TU type,No. of traffic units involved,No. killed,No. seriously injured,No. moderately injured,No. minor-other injured
1335748,3,2023,2023,9,4,4,7,31,57,52,0,1,7,-33.896221,151.170998,32,0,2,1,3,0,0,0,2,0,7,60,1,9859,9859,1,19,13,2,0,0,0,0
1335751,3,2023,2023,1,2,5,3371,17,24,3342,0,1,9,-32.652609,151.866133,57,1,0,1,1,0,0,0,2,0,15,100,2,6545,6545,4,0,5,2,0,0,0,0
1335757,3,2023,2023,8,5,9,115,27,96,46,0,1,1,-34.223896,150.662518,79,1,2,1,3,0,0,0,0,0,7,100,2,1089,1089,7,0,40,1,0,0,0,0
1335760,3,2023,2023,0,0,5,2209,17,33,2205,0,1,2,-34.712254,150.839805,35,2,1,0,3,0,3,3,2,0,7,80,2,1192,1192,1,5,22,2,0,0,0,0
1335766,3,2023,2023,6,4,9,3371,17,65,3342,0,1,2,-30.362295,153.056699,19,1,0,1,2,0,3,4,0,0,7,110,2,1282,1282,1,10,40,2,0,0,0,0
1335770,3,2023,2023,6,2,6,1052,14,56,928,0,1,3,-32.989192,151.518309,37,0,2,1,1,0,0,0,2,0,7,110,2,1192,1192,1,0,40,2,0,0,0,0
1335782,3,2023,2023,9,4,7,45,3,39,331,0,1,6,-34.03826,150.746929,12,0,2,0,3,0,3,4,2,0,7,100,2,273,957,5,5,40,1,0,0,0,0
1335785,3,2023,2023,10,5,5,78,18,218,34609,0,1,0,-33.763633,150.773833,55,0,2,1,0,0,0,0,2,0,7,50,0,4026,4026,1,33,0,2,0,0,0,0
1335795,3,2023,2023,10,1,8,1052,14,23,928,0,1,3,-33.320926,151.392826,16,1,2,1,0,0,3,0,2,0,7,110,2,1192,1192,1,30,35,2,0,0,0,0
1335804,3,2023,2023,9,4,2,330,27,294,34609,0,1,9,-33.943886,150.924279,41,0,2,1,3,0,0,0,0,2,7,60,0,14295,14295,3,10,0,2,0,0,0,0
1335807,3,2023,2023,9,2,6,109,27,95,382,0,1,1,-33.742034,150.843156,7,0,2,1,3,0,0,0,2,0,7,60,2,14295,14295,3,0,5,3,0,0,0,0
1335815,3,2023,2023,9,6,9,32,31,646,34609,0,1,1,-33.921217,151.038722,15,0,2,1,3,0,0,0,3,0,7,50,0,1981,1981,4,5,0,3,0,0,0,0
1335830,3,2023,2023,9,1,9,829,27,124,770,0,1,2,-33.811,151.033733,54,0,2,1,3,0,0,0,3,0,7,60,2,14295,14295,3,5,5,2,0,0,0,0
1335843,3,2023,2023,9,0,1,829,27,309,770,1,0,9,-33.821082,151.119627,61,0,2,1,2,0,0,0,0,2,7,60,2,9859,9859,8,5,40,1,0,0,0,0
1335844,3,2023,2023,10,2,5,73,27,387,140,0,1,9,-33.921491,151.18423,4,0,2,0,1,0,0,0,2,2,7,60,2,14295,14295,3,33,0,2,0,0,0,0
1335849,3,2023,2023,9,0,8,344,27,363,369,0,1,9,-33.737856,150.716916,55,0,2,1,3,0,0,0,4,0,15,70,2,5929,5929,1,10,5,2,0,0,0,0
1335855,3,2023,2023,9,6,6,171,27,179,369,0,1,10,-33.775508,150.71219,55,0,2,1,3,0,0,0,2,2,7,70,2,6545,6545,4,0,5,2,0,0,0,0
1335863,3,2023,2023,11,1,11,11,23,139,34609,0,1,1,-33.877327,151.146944,32,0,2,1,2,0,0,0,0,0,7,50,0,9859,9859,1,5,5,2,0,0,0,0
1335866,3,2023,2023,9,2,5,1052,14,54,928,0,1,3,-33.458486,151.202217,16,1,2,0,1,0,0,0,2,0,7,110,2,1282,1282,1,33,0,2,0,0,0,0
1335871,3,2023,2023,9,2,6,2261,17,5,2252,0,1,3,-34.498284,150.310445,78,1,0,1,3,0,0,0,2,0,7,110,2,14295,14295,3,5,0,2,0,0,0,0
1335884,3,2023,2023,9,0,7,34,27,53,34609,0,1,7,-35.130796,147.34282,75,2,1,1,3,0,0,0,2,0,0,50,0,5929,5929,1,0,5,2,0,0,0,0
1335886,3,2023,2023,9,1,10,1,6,41,34609,0,1,1,-30.3433,153.091794,19,2,1,1,2,0,0,0,0,0,7,60,0,9859,9859,1,9,23,2,0,0,0,0
1335887,3,2023,2023,9,1,7,3,7,133,34609,0,1,1,-33.920335,150.998414,15,0,2,1,3,0,0,0,2,0,7,50,0,623,623,3,5,5,2,0,0,0,0
1335890,3,2023,2023,10,3,1,6,10,232,34609,0,1,9,-33.69664,150.930763,71,0,2,1,0,0,0,0,0,0,7,50,0,9859,9859,1,5,10,2,0,0,0,0
1335892,3,2023,2023,10,5,8,95,27,50,605,0,1,1,-33.628857,151.33158,50,0,2,1,1,0,0,0,2,0,7,60,2,14295,14295,3,0,22,3,0,0,0,0
1335899,3,2023,2023,9,3,10,8,31,112,34609,0,1,9,-33.91401,150.93255,41,0,2,1,2,0,0,0,0,0,7,50,0,9859,9859,1,0,5,2,0,0,0,0
1335900,3,2023,2023,9,3,5,3371,17,17,3342,0,1,2,-28.866924,153.495494,2,1,0,1,3,0,0,0,2,0,7,110,2,9859,9859,8,0,40,1,0,0,0,0
1335903,3,2023,2023,9,3,0,12,27,2,34609,0,1,1,-33.568108,150.769133,29,2,2,0,3,2,0,0,0,0,7,60,0,1850,1463,5,10,40,1,0,0,0,0
1335906,3,2023,2023,9,0,5,123,36,11,90,0,1,1,-31.728574,151.869112,43,2,1,0,3,0,0,0,2,0,7,80,1,4552,5151,8,10,40,1,0,0,0,0
1335910,3,2023,2023,1,5,3,10,31,198,34609,0,1,7,-33.915078,151.098914,15,0,2,1,3,0,0,3,1,0,0,50,0,4026,4026,8,5,40,1,0,0,0,0
1335911,3,2023,2023,10,3,10,72,27,121,102,0,1,9,-33.796115,151.280455,50,0,2,1,3,0,2,6,0,0,0,60,2,9859,9859,1,10,5,4,0,0,0,0
1335918,3,2023,2023,9,0,8,109,27,247,106,0,1,9,-33.829901,150.958319,21,0,2,1,3,0,0,0,2,0,0,60,1,2852,2852,4,5,5,2,0,0,0,0
1335922,3,2023,2023,1,2,0,1,7,14,34609,0,1,1,-33.952952,151.227935,4,0,2,1,2,0,0,0,0,0,7,50,0,4026,4026,1,0,5,2,0,0,0,0
1335925,3,2023,2023,9,1,5,10,31,193,34609,0,1,1,-33.790624,151.085597,61,0,2,1,3,0,0,3,2,0,7,50,0,237,397,1,5,0,2,0,0,0,0
1335930,3,2023,2023,10,0,11,2126,17,65,2149,0,1,2,-33.812639,150.957059,21,0,2,1,3,0,0,0,0,0,7,80,2,14295,14295,3,5,5,2,0,0,0,0
1335932,3,2023,2023,9,0,5,515,14,189,518,0,1,3,-33.942772,151.054642,15,0,2,1,3,0,0,0,2,0,7,80,2,1383,1383,1,8,5,2,0,0,0,0
1335945,3,2023,2023,10,3,7,1,1,29,34609,0,1,1,-31.101917,150.939177,70,2,1,1,0,0,0,0,2,0,7,60,0,9859,9859,8,5,40,1,0,0,0,0
1335949,3,2023,2023,9,4,6,2209,17,82,34609,0,1,10,-34.37497,150.896585,80,0,2,1,3,0,0,0,2,2,7,60,0,6545,6545,4,5,5,2,0,0,0,0
1335955,3,2023,2023,9,2,4,2261,17,523,2252,0,1,9,-33.932405,150.916854,41,0,2,1,3,0,0,0,2,2,7,60,2,5929,5929,1,0,5,2,0,0,0,0
1335960,3,2023,2023,9,3,5,27,27,5,34609,0,1,1,-31.553707,151.818381,43,1,0,0,3,2,3,4,2,0,7,100,0,4552,5151,8,10,40,1,0,0,0,0
1335973,3,2023,2023,9,3,9,82,31,41,34609,0,1,9,-33.86558,150.982155,24,0,2,1,3,0,0,0,3,0,7,50,0,941,941,1,10,5,2,0,0,0,0
1335983,3,2023,2023,9,6,4,13,27,25,34609,0,1,1,-33.748617,150.808011,7,0,2,1,3,0,0,0,2,0,7,50,0,9859,9859,1,5,5,2,0,0,0,0
1335988,3,2023,2023,9,2,7,89,27,8,228,0,1,1,-33.228179,150.980319,29,2,2,0,3,2,0,0,2,0,7,50,1,418,714,5,0,40,1,0,0,0,0
1335992,3,2023,2023,9,6,1,3371,17,463,3342,0,1,6,-30.281187,153.129804,19,2,1,0,2,0,0,0,0,0,7,60,2,4552,5151,8,5,40,1,0,0,0,0
1335995,3,2023,2023,9,0,8,387,27,290,331,0,1,1,-33.944654,151.128684,4,0,2,1,3,0,0,0,2,0,7,60,2,14295,14295,3,0,36,2,0,0,0,0
1335996,3,2023,2023,9,5,4,361,1,5,34609,0,1,1,-34.266305,150.964994,80,0,2,0,3,0,0,0,2,0,7,50,0,3775,3775,0,0,5,2,0,0,0,0
1336018,3,2023,2023,10,2,9,255,31,74,34609,0,1,2,-34.049186,150.757172,12,0,2,1,2,0,0,0,3,0,7,50,0,9859,9859,8,5,40,1,0,0,0,0
1336019,3,2023,2023,9,0,5,30,27,43,24,0,1,1,-32.813013,151.775523,57,2,1,1,3,0,3,3,2,0,7,80,2,9859,9859,8,19,40,1,0,0,0,0
1336037,3,2023,2023,9,4,7,42,10,78,39,0,1,7,-34.476974,150.838665,80,0,2,1,3,0,3,4,2,0,7,70,1,9859,9859,1,30,5,2,0,0,0,0
1336039,3,2023,2023,11,1,9,149,27,68,198,0,1,2,-34.079561,151.009956,68,0,2,0,2,0,0,0,0,0,7,70,2,4552,5151,8,10,40,1,0,0,0,0
1336042,3,2023,2023,10,1,7,3371,17,54,3342,0,1,1,-33.221978,151.504659,16,2,2,1,0,0,3,0,2,0,7,70,2,14295,14295,3,5,13,3,0,0,0,0
1336053,3,2023,2023,10,5,0,21,31,182,34609,0,1,1,-32.834487,151.344756,17,2,1,0,2,0,0,0,0,0,7,50,0,2585,4009,8,30,40,2,0,0,0,0
1336058,3,2023,2023,9,2,8,11,18,273,34609,0,1,10,-34.423308,150.892812,80,0,2,1,3,0,3,4,2,0,0,50,0,6545,6545,4,5,5,2,0,0,0,0
1336063,3,2023,2023,9,6,7,147,27,25,34609,0,1,10,-33.864949,151.280821,76,0,2,1,3,0,0,0,2,0,15,50,0,6545,6545,4,5,5,2,0,0,0,0
1336065,3,2023,2023,9,5,5,4,1,337,34609,0,1,1,-33.730086,150.991651,71,0,2,1,3,0,0,0,2,0,7,50,0,9859,9859,8,21,40,1,0,0,0,0
1336071,3,2023,2023,9,4,3,28,27,16,62,0,1,1,-36.73826,149.950382,5,2,1,0,3,0,3,4,4,0,7,60,1,380,714,5,5,40,1,0,0,0,0
1336075,3,2023,2023,9,1,8,3371,17,463,3342,0,1,7,-30.280582,153.131289,19,2,1,1,3,0,0,3,2,0,0,60,1,926,926,4,10,13,2,0,0,0,0
1336079,3,2023,2023,9,2,7,40,27,609,24,0,1,9,-33.773028,150.904041,7,0,2,1,3,0,0,0,2,0,7,60,1,5929,5929,1,0,0,2,0,0,0,0
1336088,3,2023,2023,9,0,4,8,27,149,20,0,1,1,-33.349381,151.377122,16,2,2,0,3,0,0,0,2,0,7,60,1,3775,3775,0,10,5,2,0,0,0,0
1336089,3,2023,2023,9,6,10,44,27,23,126,0,1,1,-32.767348,151.824637,57,2,1,1,3,0,0,0,0,0,7,80,2,387,387,1,5,5,2,0,0,0,0
1336090,3,2023,2023,9,3,9,475,10,137,268,0,1,9,-33.912407,150.904851,41,0,2,1,2,0,3,3,2,3,7,70,2,1192,1192,1,10,5,2,0,0,0,0
1336095,3,2023,2023,9,2,5,46,31,22,43,0,1,7,-35.954935,146.888723,27,2,1,1,3,0,0,0,2,0,0,50,1,6545,6545,4,10,5,2,0,0,0,0
1336099,3,2023,2023,9,3,6,51,27,69,63,0,1,9,-34.554401,150.853294,62,0,2,1,3,0,0,0,2,2,7,70,2,5929,5929,1,10,36,2,0,0,0,0
1336107,3,2023,2023,9,2,11,154,27,293,244,0,1,1,-33.924366,151.056559,15,0,2,1,3,0,0,0,0,0,7,60,2,941,941,1,5,5,2,0,0,0,0
1336113,3,2023,2023,9,4,8,133,17,14,121,0,1,1,-35.705036,149.158161,65,1,0,1,3,0,0,0,2,0,7,100,2,84,84,8,0,40,1,0,0,0,0
1336115,3,2023,2023,9,1,8,97,17,14,88,0,1,2,-35.067676,149.373478,82,1,0,1,3,0,0,0,2,0,0,110,2,4026,4026,8,5,40,1,0,0,0,0
1336119,3,2023,2023,9,4,9,2,27,65,34609,0,1,1,-36.03109,146.996784,0,1,0,1,3,2,0,0,2,0,7,100,0,9859,9859,8,0,40,1,0,0,0,0
1336126,3,2023,2023,9,0,9,12,27,18,42,0,1,1,-33.544357,150.755073,29,2,2,1,0,0,0,0,0,0,7,80,1,9859,9859,8,0,40,1,0,0,0,0
1336134,3,2023,2023,9,0,4,7,18,562,34609,0,1,2,-32.252447,148.629995,22,2,1,1,3,0,0,0,2,0,7,60,0,1383,1383,1,5,13,2,0,0,0,0
1336140,3,2023,2023,9,0,4,73,24,17,88,0,1,10,-33.739463,151.244526,50,0,2,1,3,0,0,0,2,2,7,80,2,1383,1383,1,0,13,2,0,0,0,0
1336144,3,2023,2023,9,5,5,4,31,83,34609,0,1,1,-29.703598,152.934374,18,2,1,1,3,0,0,0,2,0,7,50,0,186,186,1,10,36,2,0,0,0,0
1336154,3,2023,2023,9,2,7,39,31,193,145,0,1,10,-33.794132,151.075204,61,0,2,1,3,0,0,0,2,0,7,60,2,1669,1669,3,5,5,2,0,0,0,0
1336162,3,2023,2023,9,4,2,296,27,460,293,0,1,9,-33.838358,151.000067,21,0,2,1,3,0,0,0,0,2,7,70,2,945,945,5,0,40,1,0,0,0,0
1336166,3,2023,2023,5,0,5,2,1,121,34609,0,1,1,-33.796362,151.286621,50,0,2,1,1,0,0,0,2,0,7,30,0,1282,1282,1,5,40,1,0,0,0,0
1336168,3,2023,2023,11,6,4,6,31,204,34609,0,1,1,-33.895078,151.123638,32,0,2,1,1,0,0,0,2,0,7,50,0,9859,9859,1,33,5,2,0,0,0,0
1336179,3,2023,2023,0,5,5,34,27,36,39,0,1,1,-35.487988,149.736925,58,1,0,1,0,0,0,0,2,0,7,100,1,9859,9859,8,10,40,1,0,0,0,0
1336190,3,2023,2023,9,4,7,5,10,22,34609,0,1,1,-33.818405,150.930974,21,0,2,1,3,0,0,0,2,0,7,50,0,941,941,1,5,0,2,0,0,0,0
1336195,3,2023,2023,9,0,8,3,10,23,34609,0,1,9,-32.991822,151.65701,37,0,2,1,3,0,0,0,4,0,7,50,0,2852,2852,4,5,0,2,0,0,0,0
1336198,3,2023,2023,9,3,6,14,31,38,34609,0,1,10,-32.807938,151.462641,17,2,1,1,3,0,0,0,2,0,0,50,0,5929,5929,1,5,0,2,0,0,0,0
1336212,3,2023,2023,10,1,7,5,31,135,34609,0,1,10,-32.903158,151.737699,48,0,2,1,3,0,0,0,2,0,15,50,0,6545,6545,4,5,0,2,0,0,0,0
1336218,3,2023,2023,9,2,4,8,31,42,34609,0,1,1,-33.730187,151.264073,50,0,2,1,3,0,0,0,2,0,7,50,0,9859,9859,1,5,5,2,0,0,0,0
1336220,3,2023,2023,9,5,0,10,10,41,34609,0,1,1,-35.13429,147.373107,75,2,1,0,3,0,3,4,0,0,7,50,0,2585,4009,8,0,40,1,0,0,0,0
1336221,3,2023,2023,9,1,8,171,1,147,29,0,1,7,-33.74476,151.286702,50,0,2,1,0,0,0,0,2,0,0,50,1,14295,14295,3,30,5,3,0,0,0,0
1336226,3,2023,2023,9,4,5,280,10,46,240,1,0,1,-33.886325,150.967854,24,0,2,1,3,0,3,0,2,0,7,60,2,9859,9859,8,5,40,1,0,0,0,0
1336227,3,2023,2023,9,3,1,36,31,69,34609,0,1,1,-32.935481,151.741338,48,0,2,1,3,2,3,0,0,0,7,50,0,945,945,5,0,40,1,0,0,0,0
1336231,3,2023,2023,10,1,7,37,31,253,34609,0,1,10,-33.965516,151.104911,25,0,2,1,1,0,0,0,2,2,7,50,0,14295,14295,3,5,0,2,0,0,0,0
1336241,3,2023,2023,9,4,8,1,27,9,34609,0,1,1,-29.066683,148.860064,51,1,0,1,3,2,3,4,2,0,7,100,0,3775,3775,0,0,13,2,0,0,0,0
1336251,3,2023,2023,9,4,8,55,1,167,34609,0,1,10,-33.845404,151.071632,54,0,2,1,3,0,0,0,2,0,15,60,0,6545,6545,4,5,5,2,0,0,0,0
1336264,3,2023,2023,10,1,10,126,27,74,168,0,1,2,-34.047833,150.761383,12,0,2,1,3,0,0,0,0,2,9,80,2,14295,14295,3,8,12,2,0,0,0,0
1336266,3,2023,2023,11,4,7,6,18,137,34609,0,1,9,-34.033115,151.056715,68,0,2,1,0,0,0,0,2,0,7,50,0,1383,1383,1,22,19,2,0,0,0,0
1336272,3,2023,2023,9,6,10,2,36,12,34609,0,1,9,-31.064421,150.904446,70,2,1,1,3,0,2,6,0,0,7,50,0,2585,777,1,10,6,2,0,0,0,0
1336277,3,2023,2023,9,5,4,512,17,19,441,0,1,1,-32.384006,148.813139,22,1,0,0,1,0,0,0,2,0,7,110,2,3775,3775,0,5,10,3,0,0,0,0
1336283,3,2023,2023,1,0,0,196,10,166,168,0,1,2,-33.945998,150.982082,15,0,2,1,3,0,0,0,0,0,7,60,2,1945,1945,5,5,40,1,0,0,0,0
1336288,3,2023,2023,9,3,6,57,27,337,47,0,1,2,-33.728788,150.995118,71,0,2,1,3,0,0,0,2,0,7,60,2,14295,14295,3,5,5,4,0,0,0,0
1336294,3,2023,2023,10,2,11,39,31,131,34609,0,1,10,-36.081315,146.920736,0,2,1,1,3,0,0,0,0,2,7,50,0,5929,5929,1,21,13,2,0,0,0,0
1336296,3,2023,2023,10,2,1,2209,17,157,2205,0,1,9,-34.008182,151.107468,68,0,2,0,2,0,0,0,0,0,7,70,2,782,957,5,10,40,1,0,0,0,0
1336309,3,2023,2023,9,5,4,32,27,11,34609,0,1,1,-33.133241,149.147731,11,1,0,1,3,2,0,0,2,0,7,100,0,9859,9859,8,5,40,1,0,0,0,0
1336313,3,2023,2023,9,5,3,1104,14,140,962,0,1,3,-33.797371,150.852194,7,0,2,1,0,0,0,0,2,0,7,100,2,14295,14295,3,9,13,3,0,0,0,0
1336318,3,2023,2023,9,5,6,4,27,50,34609,0,1,1,-33.638212,151.32827,50,0,2,1,3,0,0,0,2,0,7,40,0,9859,9859,1,0,5,2,0,0,0,0
1336322,3,2023,2023,9,6,7,8,31,123,13,0,1,10,-33.839491,148.695289,51,2,1,1,1,0,0,0,2,0,0,50,1,6545,6545,4,5,0,2,0,0,0,0
1336324,3,2023,2023,9,5,5,6,31,115,34609,0,1,0,-33.873213,151.183776,69,0,2,1,3,0,0,0,2,0,7,50,0,387,387,1,5,36,2,0,0,0,0
1336343,3,2023,2023,9,2,5,47,31,51,34609,0,1,1,-34.185348,150.993364,80,0,2,1,3,0,0,0,2,0,7,50,0,9859,9859,8,0,40,1,0,0,0,0
1336345,3,2023,2023,9,4,6,11,27,18,34609,0,1,9,-34.502909,150.812847,80,0,2,0,3,0,0,0,2,0,0,60,0,14295,14295,3,5,41,2,0,0,0,0
1336354,3,2023,2023,9,4,4,2,1,609,34609,0,1,1,-33.776507,150.92149,7,0,2,1,3,0,0,0,2,0,7,50,0,1981,1981,4,10,5,2,0,0,0,0
1336355,3,2023,2023,9,2,7,1,31,316,34609,0,1,1,-33.920311,151.243304,59,0,2,1,3,0,0,0,2,0,7,40,0,248,248,1,5,12,2,0,0,0,0
1336358,3,2023,2023,9,2,8,1,9,76,34609,0,1,1,-35.341626,150.460412,63,2,1,0,3,0,0,0,2,0,7,50,0,14295,14295,3,0,0,2,0,0,0,0
1336362,3,2023,2023,9,6,3,46,31,273,34609,1,0,0,-34.421714,150.895679,80,0,2,1,3,0,0,0,1,0,7,50,0,9859,9859,1,5,5,3,0,0,0,0
1336368,3,2023,2023,9,5,5,500,27,83,799,0,1,1,-33.910052,151.122317,15,0,2,1,1,0,0,0,2,0,7,60,2,1981,1981,4,5,5,2,0,0,0,0
1336373,3,2023,2023,9,4,7,234,27,34,228,0,1,1,-33.437918,150.99141,71,0,2,0,1,0,0,0,2,0,7,80,2,4552,5151,8,10,40,1,0,0,0,0
1336375,3,2023,2023,10,0,9,63,31,273,34609,0,1,10,-34.426218,150.902147,80,0,2,1,3,0,3,4,2,2,7,50,0,6545,6545,4,10,5,2,0,0,0,0
1336376,3,2023,2023,9,2,5,4,27,532,75,0,1,9,-33.869858,151.211959,69,0,2,0,1,0,0,0,2,2,7,40,1,1391,1391,1,30,5,2,0,0,0,0
1336388,3,2023,2023,9,0,3,10,31,61,34609,0,1,10,-29.746895,151.733959,51,2,1,1,0,0,3,0,2,0,0,50,0,6545,6545,4,10,0,2,0,0,0,0
1336389,3,2023,2023,9,6,0,3,27,15,34609,0,1,1,-34.614724,150.303249,78,2,1,1,0,0,0,0,0,0,7,60,0,9859,9859,8,10,40,1,0,0,0,0
1336397,3,2023,2023,9,3,8,14,31,16,34609,0,1,1,-32.902699,151.702742,48,0,2,1,3,2,0,0,2,0,7,50,0,9859,9859,1,10,0,3,0,0,0,0
1336399,3,2023,2023,9,4,10,2,31,104,34609,0,1,10,-33.83907,151.220519,49,0,2,1,3,0,0,0,0,0,15,50,0,6545,6545,4,5,5,3,0,0,0,0
1336403,3,2023,2023,9,5,8,2,31,57,34609,0,1,10,-32.821244,151.479536,17,2,1,1,3,0,0,0,2,0,15,50,0,6545,6545,4,0,5,2,0,0,0,0
1336405,3,2023,2023,9,0,5,4,10,6,34609,0,1,1,-35.318464,150.46667,63,2,1,1,1,0,0,0,2,0,7,50,0,9859,9859,1,33,5,2,0,0,0,0
1336406,3,2023,2023,10,4,10,22,31,155,34609,0,1,1,-33.127656,148.16537,53,2,1,0,3,0,0,0,0,0,7,50,0,1957,4009,8,5,40,1,0,0,0,0
1336414,3,2023,2023,9,5,8,27,31,562,34609,0,1,1,-32.24313,148.601026,22,2,1,1,0,0,0,0,2,0,7,50,0,3775,3775,0,34,0,2,0,0,0,0
1336420,3,2023,2023,9,0,8,225,17,76,180,0,1,1,-34.547769,150.38096,78,2,1,1,3,0,0,0,2,0,7,60,2,9859,9859,1,5,13,2,0,0,0,0
1336426,3,2023,2023,9,2,11,2,31,57,34609,0,1,10,-34.676657,150.839714,35,2,1,1,3,0,0,0,0,0,7,50,0,6545,6545,4,0,5,2,0,0,0,0
1336436,3,2023,2023,9,3,10,10,7,293,34609,0,1,1,-33.951569,151.245634,59,0,2,0,0,0,0,0,0,0,7,50,0,1282,1282,1,33,0,2,0,0,0,0
1336437,3,2023,2023,9,3,0,63,17,6,114,0,1,1,-33.464322,151.411238,16,2,2,1,3,0,0,0,0,0,7,60,2,945,945,5,5,40,1,0,0,0,0
1336460,3,2023,2023,9,1,8,2261,17,7,2252,0,1,2,-34.827953,149.082917,74,1,0,0,3,0,0,3,2,0,7,110,2,4552,5151,8,30,40,1,0,0,0,0
1336463,3,2023,2023,10,2,5,92,27,106,63,0,1,1,-33.91587,151.087411,15,0,2,1,3,0,3,0,2,0,7,50,1,9859,9859,1,30,22,4,0,0,0,0
1336474,3,2023,2023,10,6,9,45,27,110,45,0,1,9,-33.746034,151.048644,31,0,2,1,2,0,0,0,0,2,7,60,2,5929,5929,1,5,5,2,0,0,0,0
1336482,3,2023,2023,9,0,7,5,1,130,34609,0,1,1,-34.458822,150.856032,80,0,2,1,3,0,0,0,2,0,7,60,0,1669,1669,3,8,13,2,0,0,0,0
1336484,3,2023,2023,9,4,6,2261,17,45,2252,0,1,9,-33.889113,150.969748,15,0,2,1,3,0,0,0,2,2,7,70,2,14295,14295,3,33,0,3,0,0,0,0
1336494,3,2023,2023,9,4,10,22,27,73,34609,0,1,7,-33.890718,151.168009,32,0,2,1,2,0,0,0,0,0,0,50,0,6545,6545,4,33,0,2,0,0,0,0
1336500,3,2023,2023,9,0,5,12,27,19,23,0,1,1,-28.565725,153.52338,10,2,1,1,3,0,0,0,2,0,7,80,1,9859,9859,8,0,40,1,0,0,0,0
1336506,3,2023,2023,9,3,7,104,27,443,702,0,1,10,-33.907784,151.064269,15,0,2,0,3,0,0,0,2,2,7,70,2,1383,1383,1,5,5,2,0,0,0,0
1336509,3,2023,2023,1,5,2,162,31,29,28,0,1,1,-33.945885,150.784884,41,0,2,1,2,0,0,0,1,0,7,70,1,1109,787,1,5,13,2,0,0,0,0
1336511,3,2023,2023,9,2,11,4,1,109,34609,0,1,1,-33.966403,150.861054,41,0,2,1,3,0,0,0,0,0,7,50,0,9859,9859,8,0,40,1,0,0,0,0
1336516,3,2023,2023,9,6,7,308,14,53,311,0,1,3,-33.910747,150.848065,41,0,2,1,3,0,0,0,2,0,7,100,2,1383,1383,1,8,5,2,0,0,0,0
1336524,3,2023,2023,10,1,9,387,27,253,34609,0,1,0,-33.967173,151.103342,25,0,2,1,3,0,0,0,0,0,7,40,0,941,941,1,5,5,2,0,0,0,0
1336529,3,2023,2023,9,1,10,36,31,109,34609,0,1,1,-33.901308,151.13605,32,0,2,1,3,0,0,0,0,0,7,50,0,9859,9859,1,10,36,3,0,0,0,0
1336530,3,2023,2023,9,0,7,3371,17,28,3342,0,1,2,-32.643935,151.927089,57,1,0,1,3,0,0,0,2,0,7,110,2,945,945,5,10,40,1,0,0,0,0
1336536,3,2023,2023,9,5,6,3371,17,49,3342,0,1,9,-33.205781,151.516385,16,2,2,1,3,0,0,0,2,2,7,80,2,926,926,4,30,0,2,0,0,0,0
1336538,3,2023,2023,9,1,6,55,27,137,96,0,1,9,-32.957574,151.687463,37,0,2,0,3,0,0,3,2,0,0,60,2,2852,2852,4,0,0,2,0,0,0,0
1336543,3,2023,2023,10,0,2,500,27,80,160,0,1,7,-33.967163,150.900509,13,0,2,0,2,0,0,0,1,0,0,60,2,515,515,1,0,0,2,0,0,0,0
1336546,3,2023,2023,9,3,3,361,32,460,42,0,1,1,-33.842808,150.991442,21,0,2,0,2,0,0,0,1,0,7,50,1,4552,5151,1,5,5,2,0,0,0,0
1336557,3,2023,2023,9,6,4,41,1,150,34609,0,1,7,-33.922112,151.219282,59,0,2,1,3,0,0,3,2,0,0,50,0,6545,6545,4,10,5,2,0,0,0,0
1336558,3,2023,2023,9,2,7,205,27,161,415,0,1,10,-33.733505,151.155125,36,0,2,1,3,0,3,0,2,1,6,60,2,4552,985,8,5,40,1,0,0,0,0
1336566,3,2023,2023,9,1,7,161,17,23,161,0,1,1,-36.59935,149.442356,5,2,1,1,3,0,3,4,2,0,7,80,2,945,945,5,5,40,1,0,0,0,0
1336569,3,2023,2023,10,4,10,44,27,304,21,0,1,1,-33.90119,151.160807,32,0,2,1,2,0,3,4,0,0,7,50,1,387,387,1,33,5,2,0,0,0,0
1336570,3,2023,2023,9,1,8,15,31,228,34609,0,1,2,-34.752608,149.719371,26,2,1,1,0,0,0,0,2,0,7,50,0,1981,1981,4,5,13,2,0,0,0,0
1336571,3,2023,2023,11,0,9,481,17,113,483,0,1,1,-29.613711,149.800298,51,1,0,1,3,0,0,0,0,0,14,110,2,1089,1089,7,0,40,1,0,0,0,0
1336573,3,2023,2023,9,6,3,19,31,215,34609,0,1,7,-35.114998,147.36043,75,2,1,1,3,0,0,0,1,0,7,50,0,9859,9859,8,5,40,1,0,0,0,0
1336576,3,2023,2023,10,5,8,83,27,433,19,0,1,1,-33.297565,149.118492,52,2,1,1,3,0,0,0,2,0,7,50,2,14295,14295,3,5,13,2,0,0,0,0
1336578,3,2023,2023,10,2,7,7,10,19,34609,0,1,7,-34.079399,150.794115,13,0,2,0,3,0,0,0,2,0,0,60,0,6545,6545,4,0,5,2,0,0,0,0