Crash ID,Degree of crash - detailed,Reporting year,Year of crash,Month of crash,Day of week of crash,Two-hour intervals,Street of crash,Street type,Town,Route no.,School zone location,School zone active,Type of location,Latitude,Longitude,LGA,Urbanisation,Conurbation 1,Alignment,Street lighting,Road surface,Surface condition,Weather,Natural lighting,Signals operation,Other traffic control,Speed limit,Road classification,RUM - code,DCA - code,First impact type,Key TU type,Other TU type,No. of traffic units involved,No. killed,No. seriously injured,No. moderately injured,No. minor-other injured
1336589,3,2023,2023,9,0,7,916,17,172,917,0,1,10,-32.752011,151.586186,42,2,1,1,3,0,0,0,2,0,7,60,2,1391,1391,1,0,0,2,0,0,0,0
1336591,3,2023,2023,9,2,5,265,10,445,563,0,1,10,-33.861557,151.042165,21,0,2,1,3,0,0,0,2,2,7,70,2,2852,2852,4,0,5,2,0,0,0,0
1336599,3,2023,2023,10,5,4,14,31,445,34609,0,1,1,-33.867673,151.043448,21,0,2,1,2,0,0,6,2,0,7,50,0,1282,1282,1,33,5,2,0,0,0,0
1336601,3,2023,2023,10,3,11,93,1,523,34609,0,1,9,-33.924761,150.922155,41,0,2,1,2,0,0,0,0,2,7,50,0,9859,9859,8,5,40,1,0,0,0,0
1336608,3,2023,2023,9,0,2,2209,17,133,2205,0,1,9,-34.524204,150.788652,80,0,2,1,3,0,0,0,0,0,7,80,1,14295,14295,3,10,10,2,0,0,0,0
1336612,3,2023,2023,9,6,0,2261,17,65,2252,0,1,2,-36.047708,146.965577,0,1,0,1,2,0,0,0,0,0,7,110,2,1391,1391,1,8,5,2,0,0,0,0
1336613,3,2023,2023,9,0,9,78,27,64,61,1,0,9,-33.886462,151.023205,15,0,2,1,3,0,0,0,3,0,7,60,1,941,941,1,0,0,2,0,0,0,0
1336614,3,2023,2023,9,6,7,120,36,12,148,0,1,1,-30.514035,152.01156,1,1,0,0,3,0,3,4,2,0,7,100,2,2585,4009,8,5,40,1,0,0,0,0
1336616,3,2023,2023,9,4,6,25,1,69,34609,1,0,1,-28.559452,153.494724,10,2,1,1,3,0,0,0,2,0,7,50,0,1981,1981,4,0,0,2,0,0,0,0
1336618,3,2023,2023,9,3,7,93,1,523,34609,0,1,9,-33.922625,150.906347,41,0,2,1,3,0,0,0,2,0,0,50,0,1259,985,8,9,40,1,0,0,0,0
1336621,3,2023,2023,9,6,4,2126,17,163,2149,0,1,2,-33.868321,151.100149,14,0,2,0,3,0,0,0,2,0,7,60,2,14295,14295,3,5,10,2,0,0,0,0
1336622,3,2023,2023,9,6,9,55,27,74,9,0,1,1,-33.734902,151.044999,31,0,2,1,3,0,0,0,3,0,7,60,1,14295,14295,3,10,13,2,0,0,0,0
1336623,3,2023,2023,9,6,1,9,1,20,260,0,1,2,-32.943091,151.624465,37,0,2,1,2,0,0,0,0,0,7,60,2,4026,4026,8,30,40,1,0,0,0,0
1336625,3,2023,2023,1,2,1,5,31,150,34609,0,1,1,-33.933723,151.230766,59,0,2,1,0,0,0,0,0,0,7,50,0,9859,9859,1,8,5,2,0,0,0,0
1336627,3,2023,2023,10,3,1,7,27,61,34609,1,0,1,-33.746743,150.892486,7,0,2,1,3,0,3,0,0,0,7,50,0,9859,9859,1,5,5,2,0,0,0,0
1336640,3,2023,2023,9,0,7,500,27,83,799,0,1,10,-33.910786,151.121233,15,0,2,1,1,0,0,0,2,0,7,60,2,14295,14295,3,30,0,2,0,0,0,0
1336644,3,2023,2023,9,2,8,2,31,26,7,0,1,9,-31.512831,150.676595,51,2,1,1,3,0,0,0,2,0,7,50,1,9859,9859,8,5,40,1,0,0,0,0
1336647,3,2023,2023,9,4,10,224,27,246,321,0,1,10,-33.901489,151.201136,69,0,2,1,3,0,0,0,0,2,7,50,2,6545,6545,4,5,5,2,0,0,0,0
1336655,3,2023,2023,9,0,7,294,17,11,288,0,1,9,-35.178151,147.673306,75,1,0,0,3,0,0,0,2,0,0,100,2,14295,14295,3,10,13,3,0,0,0,0
1336664,3,2023,2023,9,1,4,132,6,232,34609,0,1,1,-33.674895,150.930095,71,0,2,0,3,0,0,3,2,0,7,50,0,220,220,8,5,40,1,0,0,0,0
1336670,3,2023,2023,10,2,9,24,1,145,52,0,1,1,-33.925014,151.14146,15,0,2,1,1,0,0,0,3,0,7,50,1,1981,1981,4,10,5,2,0,0,0,0
1336671,3,2023,2023,10,5,9,2,31,73,34609,0,1,1,-33.872711,151.221372,69,0,2,1,3,0,0,0,0,0,7,40,0,4026,4026,1,5,5,4,0,0,0,0
1336673,3,2023,2023,10,0,11,11,27,42,34609,0,1,1,-33.889761,150.8725,24,0,2,1,2,0,0,0,0,0,7,60,0,9859,9859,8,9,40,1,0,0,0,0
1336680,3,2023,2023,10,1,5,12,27,39,34609,0,1,2,-34.042773,150.763559,12,0,2,1,0,0,0,0,2,0,7,60,0,190,190,1,5,5,2,0,0,0,0
1336688,3,2023,2023,9,3,1,61,27,19,70,0,1,1,-33.658281,150.934494,71,0,2,0,0,0,0,0,0,0,7,70,1,4552,5151,8,5,40,1,0,0,0,0
1336689,3,2023,2023,9,4,9,22,31,283,125,0,1,10,-33.830741,151.01027,54,0,2,1,1,0,0,0,2,0,0,60,1,515,515,1,5,5,2,0,0,0,0
1336694,3,2023,2023,5,3,9,387,27,253,331,0,1,10,-33.963628,151.092901,25,0,2,1,2,0,0,0,3,2,7,60,2,5929,5929,1,0,13,2,0,0,0,0
1336702,3,2023,2023,9,0,8,2,31,22,34609,0,1,9,-34.468626,150.872174,80,0,2,1,0,0,0,0,2,0,15,50,0,1391,1391,1,5,5,2,0,0,0,0
1336703,3,2023,2023,9,5,8,36,31,218,70,0,1,9,-33.767638,150.779989,55,0,2,1,3,0,0,0,2,2,7,60,1,2852,2852,4,5,0,2,0,0,0,0
1336704,3,2023,2023,11,0,5,829,27,125,770,0,1,9,-33.823745,151.123701,61,0,2,1,3,0,0,0,2,2,7,60,2,5929,5929,1,5,0,2,0,0,0,0
1336711,3,2023,2023,1,2,5,51,31,85,34609,0,1,1,-34.57332,150.77393,62,0,2,0,1,0,3,3,2,0,7,50,0,3775,3775,0,10,0,2,0,0,0,0
1336717,3,2023,2023,9,3,0,178,27,189,101,0,1,9,-33.945292,151.053418,15,0,2,1,2,0,0,0,0,2,7,50,1,3775,3775,0,0,0,2,0,0,0,0
1336732,3,2023,2023,9,2,8,6,36,5,6,0,1,1,-35.001147,143.413927,51,1,0,1,0,0,0,0,2,0,7,100,2,945,945,5,5,40,1,0,0,0,0
1336736,3,2023,2023,9,0,7,2209,17,137,2205,0,1,2,-34.045811,151.052339,68,0,2,0,3,0,0,0,2,0,7,80,2,4552,5151,8,30,40,1,0,0,0,0
1336747,3,2023,2023,9,0,7,14,10,67,34609,0,1,10,-33.63899,150.9044,71,0,2,1,3,0,0,0,2,0,15,50,0,5929,5929,1,5,5,2,0,0,0,0
1336753,3,2023,2023,9,6,3,2126,17,163,2149,0,1,9,-33.868118,151.099271,14,0,2,1,3,0,0,0,2,2,7,60,2,1192,1192,1,5,41,2,0,0,0,0
1336761,3,2023,2023,9,1,9,5,31,228,34609,0,1,1,-34.766438,149.704794,26,2,1,0,3,0,3,4,3,0,7,50,0,4552,5151,8,5,40,1,0,0,0,0
1336764,3,2023,2023,9,0,5,10,27,237,34609,0,1,1,-33.869197,150.957414,24,0,2,1,3,0,0,0,2,0,7,40,0,220,220,1,0,13,2,0,0,0,0
1336768,3,2023,2023,9,6,2,8,31,271,34609,0,1,1,-33.932358,150.9994,15,0,2,1,3,0,0,0,0,0,7,60,0,1981,1981,4,0,5,2,0,0,0,0
1336769,3,2023,2023,9,0,4,42,27,87,34609,0,1,7,-33.685825,150.950623,71,0,2,1,3,0,0,0,2,0,0,60,0,2852,2852,4,5,5,2,0,0,0,0
1336784,3,2023,2023,9,0,8,33,10,54,34609,0,1,1,-28.519736,153.520794,10,2,1,0,0,0,0,3,2,0,7,50,0,4552,5151,8,0,40,1,0,0,0,0
1336790,3,2023,2023,9,0,6,2126,17,40,2149,0,1,2,-33.701758,150.531435,8,2,2,0,3,0,0,0,2,0,7,80,2,1282,1282,1,5,5,2,0,0,0,0
1336800,3,2023,2023,9,0,10,20,1,433,34609,0,1,7,-33.281834,149.101581,52,2,1,1,2,0,3,4,0,0,0,50,0,14295,14295,3,10,5,2,0,0,0,0
1336802,3,2023,2023,9,0,4,4,10,75,34609,0,1,9,-32.786587,151.638073,42,2,1,1,3,0,0,3,2,0,15,60,0,2852,2852,4,5,5,2,0,0,0,0
1336803,3,2023,2023,10,1,7,43,22,237,34609,0,1,7,-33.871264,150.958019,24,0,2,0,1,0,0,0,2,0,0,40,0,1282,1282,1,5,40,1,0,0,0,0
1336805,3,2023,2023,9,3,9,230,27,175,284,0,1,10,-33.773792,151.087106,54,0,2,1,3,0,0,0,3,2,7,60,2,395,395,1,16,5,2,0,0,0,0
1336806,3,2023,2023,9,5,8,2261,17,646,2252,0,1,9,-33.907379,151.031707,15,0,2,0,2,0,0,0,0,0,0,60,2,4552,5151,1,5,5,2,0,0,0,0
1336809,3,2023,2023,9,0,7,85,31,228,39,0,1,10,-34.757772,149.709492,26,2,1,1,3,0,0,0,2,0,0,60,2,1669,1669,3,5,0,2,0,0,0,0
1336811,3,2023,2023,9,1,8,2209,17,29,2205,0,1,2,-36.962525,149.876552,5,1,0,0,3,0,3,4,2,0,7,100,2,2585,4009,8,5,40,1,0,0,0,0
1336814,3,2023,2023,9,3,5,44,27,202,563,0,1,2,-33.959752,151.037546,15,0,2,1,3,0,0,0,2,0,7,70,2,14295,14295,3,0,41,2,0,0,0,0
1336829,3,2023,2023,9,2,6,13,27,278,24,0,1,9,-33.766732,151.043053,54,0,2,1,3,0,0,0,2,0,7,50,1,5929,5929,1,0,5,2,0,0,0,0
1336834,3,2023,2023,9,6,8,361,32,111,65,0,1,10,-33.692813,150.867949,7,0,2,1,3,0,0,0,2,2,7,50,1,1957,777,8,5,40,1,0,0,0,0
1336846,3,2023,2023,9,0,7,81,31,133,80,0,1,1,-33.92837,151.011969,15,0,2,1,3,0,0,0,2,0,7,60,1,1981,1981,4,5,5,2,0,0,0,0
1336848,3,2023,2023,9,1,4,17,2,74,34609,0,1,9,-34.031366,150.788427,12,0,2,1,3,0,0,0,2,2,7,50,0,1669,1669,3,21,5,3,0,0,0,0
1336855,3,2023,2023,9,2,5,2209,17,77,2205,0,1,9,-33.92703,151.158678,32,0,2,1,3,0,0,0,2,2,7,60,2,5929,5929,1,5,0,2,0,0,0,0
1336866,3,2023,2023,9,1,6,6,31,155,95,0,1,10,-33.141142,148.173213,53,2,1,1,3,0,0,0,2,0,0,50,2,6545,6545,4,0,5,2,0,0,0,0
1336867,3,2023,2023,9,2,8,103,27,29,15,0,1,9,-34.206925,150.784703,79,2,2,1,3,0,0,0,2,0,15,50,1,2852,2852,4,10,5,2,0,0,0,0
1336873,3,2023,2023,9,1,8,1104,14,323,962,0,1,3,-33.800439,150.866562,7,0,2,1,3,0,0,0,2,0,7,100,2,14295,14295,3,5,10,2,0,0,0,0
1336883,3,2023,2023,9,4,3,3371,17,39,3342,0,1,2,-29.79848,153.027489,18,1,0,0,0,0,0,0,2,0,7,110,2,4552,5151,8,0,40,1,0,0,0,0
1336884,3,2023,2023,9,0,5,3,31,316,34609,0,1,7,-31.433363,152.908334,56,2,1,1,3,0,0,0,2,0,0,50,0,1957,777,8,10,40,1,0,0,0,0
1336895,3,2023,2023,9,4,11,133,31,284,97,0,1,7,-33.916338,151.005473,15,0,2,0,3,0,3,4,0,0,0,60,1,782,957,5,5,40,1,0,0,0,0
1336898,3,2023,2023,11,1,5,11,1,64,11,0,1,1,-32.939473,151.695717,48,0,2,1,0,0,0,0,2,0,7,70,1,9859,9859,8,0,40,1,0,0,0,0
1336899,3,2023,2023,9,6,11,23,27,58,34609,0,1,1,-34.057137,151.114917,68,0,2,0,3,0,0,0,0,0,7,50,0,4552,5151,8,5,40,1,0,0,0,0
1336902,3,2023,2023,9,3,7,2209,17,17,2205,0,1,1,-35.085291,150.516288,63,2,1,1,3,0,0,0,2,0,7,80,2,9859,9859,8,0,40,1,0,0,0,0
1336903,3,2023,2023,9,3,4,361,1,11,7,0,1,1,-34.649143,150.317893,78,2,1,1,3,0,0,0,2,0,7,60,1,9859,9859,8,29,40,1,0,0,0,0
1336916,3,2023,2023,9,6,6,78,17,15,58,0,1,1,-35.12497,149.046038,82,1,0,1,0,0,2,6,2,0,7,100,2,14295,14295,3,9,40,2,0,0,0,0
1336919,3,2023,2023,9,2,9,39,27,293,91,1,0,10,-33.947634,151.251577,59,0,2,1,3,0,0,0,2,2,7,50,1,6545,6545,4,5,5,2,0,0,0,0
1336928,3,2023,2023,9,4,7,3371,17,53,3342,0,1,2,-33.688506,151.10774,31,0,2,1,3,0,0,0,2,3,9,60,2,14295,14295,3,0,5,2,0,0,0,0
1336931,3,2023,2023,9,5,11,12,31,24,34609,0,1,9,-32.897205,151.787961,48,0,2,1,3,0,0,0,0,0,7,50,0,3775,3775,0,0,5,2,0,0,0,0
1336934,3,2023,2023,9,1,5,18,1,57,34609,0,1,1,-33.946774,151.224112,4,0,2,1,1,0,0,0,2,0,7,50,0,4026,4026,1,10,0,2,0,0,0,0
1336939,3,2023,2023,3,1,8,344,27,168,382,0,1,10,-33.717694,150.843996,7,0,2,1,3,0,0,0,2,2,7,80,2,14295,14295,3,8,5,2,0,0,0,0
1336940,3,2023,2023,9,1,1,7,27,21,34609,0,1,1,-33.042213,151.584037,37,0,2,1,2,0,0,0,0,0,7,50,0,9859,9859,8,0,40,1,0,0,0,0
1336943,3,2023,2023,9,1,2,22,27,136,702,0,1,2,-33.860953,151.068279,67,0,2,1,3,0,0,0,1,0,7,60,2,1383,1383,1,0,5,2,0,0,0,0
1336956,3,2023,2023,9,6,9,255,27,71,166,0,1,1,-33.262608,151.527959,16,2,2,0,1,0,0,0,3,0,7,50,2,1957,4009,1,0,5,4,0,0,0,0
1336961,3,2023,2023,9,5,10,3,27,179,34609,0,1,1,-31.880222,152.418656,43,2,1,0,3,2,0,0,0,0,7,50,0,4552,5151,8,0,40,1,0,0,0,0
1336972,3,2023,2023,5,5,9,37,31,346,2252,0,1,9,-33.892623,151.08691,67,0,2,1,2,0,0,0,0,0,7,60,2,1259,985,1,5,5,2,0,0,0,0
1336994,3,2023,2023,9,2,4,92,31,18,34609,0,1,9,-32.961507,151.710545,37,0,2,1,3,0,3,4,2,0,0,60,0,2852,2852,4,0,5,2,0,0,0,0
1336998,3,2023,2023,9,2,7,191,17,25,189,0,1,1,-32.379767,150.71159,46,2,1,1,3,0,0,3,2,0,7,80,2,9859,9859,8,10,40,1,0,0,0,0
1337003,3,2023,2023,9,5,10,5,7,23,34609,1,0,1,-33.729561,150.80496,7,0,2,1,2,0,0,0,0,0,7,50,0,1981,1981,4,5,40,2,0,0,0,0
1337004,3,2023,2023,9,0,9,62,10,122,62,0,1,10,-33.426277,151.344406,16,2,2,1,3,0,3,3,4,2,7,50,2,926,926,4,10,0,2,0,0,0,0
1337007,3,2023,2023,9,6,6,1,1,160,34609,0,1,1,-33.117952,151.47128,37,0,2,1,3,0,0,0,2,0,7,50,0,1109,397,1,0,5,2,0,0,0,0
1337010,3,2023,2023,9,4,3,294,17,11,288,0,1,1,-34.488245,145.314071,51,1,0,0,0,0,0,0,2,0,7,110,2,782,957,5,3,40,1,0,0,0,0
1337011,3,2023,2023,9,0,11,7,27,218,34609,0,1,9,-33.779595,150.780286,55,0,2,1,3,0,3,4,0,0,7,50,0,926,926,4,5,5,2,0,0,0,0
1337012,3,2023,2023,9,4,7,23,27,433,95,0,1,9,-33.27369,149.080758,52,2,1,1,3,0,0,0,2,0,0,50,2,1669,1669,3,5,5,2,0,0,0,0
1337014,3,2023,2023,9,0,7,2,31,194,34609,0,1,1,-30.517631,151.656897,1,2,1,1,3,0,0,0,2,0,7,50,0,14295,14295,3,10,40,3,0,0,0,0
1337016,3,2023,2023,9,6,5,109,27,169,382,0,1,9,-33.780014,150.850357,7,0,2,1,3,0,0,0,2,2,7,60,2,1669,1669,3,5,5,2,0,0,0,0
1337017,3,2023,2023,9,3,7,5,31,41,18,1,0,9,-33.900156,151.186693,69,0,2,1,3,0,0,0,2,0,7,40,2,2852,2852,4,5,18,2,0,0,0,0
1337023,3,2023,2023,10,4,10,2,7,164,34609,0,1,10,-33.74264,150.878164,7,0,2,1,2,0,0,0,0,0,7,50,0,1282,1282,1,5,40,1,0,0,0,0
1337024,3,2023,2023,9,3,6,2126,17,171,2149,0,1,10,-33.812996,150.958629,21,0,2,1,3,0,0,0,2,2,7,80,2,1669,1669,3,5,0,2,0,0,0,0
1337025,3,2023,2023,9,5,9,18,24,66,34609,0,1,2,-33.717805,150.919144,7,0,2,1,3,0,3,4,3,2,7,60,0,5929,5929,1,5,0,2,0,0,0,0
1337026,3,2023,2023,9,2,6,22,27,160,260,0,1,2,-33.119163,151.464573,37,0,2,1,0,0,3,5,2,0,7,60,2,4026,4026,8,0,40,1,0,0,0,0
1337044,3,2023,2023,9,0,7,126,1,32,17,0,1,2,-33.734696,150.821894,7,0,2,1,3,0,0,3,2,0,7,60,1,9859,9859,1,5,5,2,0,0,0,0
1337055,3,2023,2023,9,5,10,1,10,60,34609,0,1,1,-34.020017,150.720426,12,0,2,1,2,0,0,0,0,0,7,50,0,4026,4026,8,5,40,1,0,0,0,0
1337056,3,2023,2023,9,4,3,1052,14,207,928,0,1,3,-33.602047,151.167618,31,0,2,1,3,0,0,0,2,0,7,110,2,9859,9859,8,0,40,1,0,0,0,0
1337057,3,2023,2023,9,6,11,26,27,28,34609,0,1,9,-35.142193,147.34039,75,2,1,1,2,0,0,0,0,0,7,70,0,9859,9859,8,16,40,1,0,0,0,0
1337064,3,2023,2023,10,6,4,78,17,23,58,0,1,1,-35.025593,149.016843,82,1,0,1,0,0,0,0,2,0,7,100,2,101,101,8,5,10,3,0,0,0,0
1337069,3,2023,2023,10,0,4,109,27,71,106,0,1,1,-33.832094,150.968718,21,0,2,1,1,0,0,0,2,0,7,60,1,1981,1981,4,9,0,2,0,0,0,0
1337070,3,2023,2023,9,5,6,42,10,65,34609,1,0,10,-34.488738,150.893976,80,0,2,0,2,0,0,3,2,2,7,60,0,782,957,5,0,40,1,0,0,0,0
1337071,3,2023,2023,9,5,10,220,14,133,220,0,1,3,-34.522392,150.78833,80,0,2,1,3,0,0,0,0,0,7,100,2,9859,9859,8,9,40,1,0,0,0,0
1337074,3,2023,2023,10,6,5,2,27,92,34609,0,1,1,-33.73778,150.962015,71,0,2,1,1,0,0,0,2,0,7,50,0,1981,1981,4,5,5,2,0,0,0,0
1337075,3,2023,2023,9,0,5,25,27,49,27,0,1,1,-34.398097,148.757741,30,1,0,1,3,0,0,0,2,0,7,100,1,945,945,5,10,40,1,0,0,0,0
1337078,3,2023,2023,9,1,9,387,27,253,331,0,1,10,-33.963628,151.092901,25,0,2,1,3,0,0,0,3,2,7,60,2,5929,5929,1,30,5,2,0,0,0,0
1337079,3,2023,2023,9,0,11,24,27,106,41,0,1,1,-28.873386,153.056282,60,2,1,1,1,0,0,0,0,0,7,50,1,945,945,5,10,40,1,0,0,0,0
1337082,3,2023,2023,9,6,1,475,31,162,240,0,1,9,-33.848813,150.89948,24,0,2,1,3,0,0,0,0,2,7,60,2,4552,985,8,0,40,1,0,0,0,0
1337100,3,2023,2023,9,1,7,154,27,443,244,0,1,10,-33.909582,151.075461,15,0,2,0,3,0,0,0,2,2,7,60,2,14295,14295,3,5,5,2,0,0,0,0
1337101,3,2023,2023,9,4,11,1,31,6,34609,0,1,1,-33.85184,151.138353,14,0,2,1,2,0,0,0,0,0,7,50,0,9859,9859,1,5,3,2,0,0,0,0
1337112,3,2023,2023,9,3,8,3371,17,463,3342,0,1,2,-30.291753,153.118862,19,2,1,1,3,0,0,3,2,0,7,60,2,1383,1383,1,5,12,2,0,0,0,0
1337119,3,2023,2023,9,4,8,2126,17,140,2149,0,1,2,-33.77973,150.815902,7,0,2,1,3,0,0,0,2,0,7,80,2,14295,14295,3,10,13,2,0,0,0,0
1337123,3,2023,2023,9,2,6,3371,17,20,3342,0,1,2,-32.287522,152.340964,43,1,0,0,3,0,3,4,2,0,7,110,2,2585,4009,8,5,40,1,0,0,0,0
1337127,3,2023,2023,9,4,7,2126,17,609,2149,0,1,9,-33.799264,150.900058,7,0,2,1,3,0,0,3,2,2,7,80,2,623,623,3,0,12,2,0,0,0,0
1337136,3,2023,2023,9,0,10,4,27,12,34609,0,1,1,-33.378469,149.972523,40,1,0,0,3,0,3,4,0,0,7,100,0,2585,4009,8,10,40,1,0,0,0,0
1337143,3,2023,2023,1,5,9,14,31,7,34609,0,1,4,-33.850109,151.183493,32,0,2,1,2,0,0,0,3,0,7,40,0,237,397,1,19,5,2,0,0,0,0
1337146,3,2023,2023,9,6,8,14,10,13,34609,0,1,10,-33.63899,150.9044,71,0,2,1,3,0,3,3,3,0,15,50,0,6545,6545,4,0,5,2,0,0,0,0
1337148,3,2023,2023,9,3,9,69,31,646,563,0,1,2,-33.917697,151.040852,15,0,2,1,3,0,0,0,3,0,7,60,2,1383,1383,1,5,5,2,0,0,0,0
1337151,3,2023,2023,9,5,5,56,23,31,144,0,1,9,-33.893161,151.090575,9,0,2,1,3,0,3,4,2,0,7,60,2,2852,2852,4,5,5,2,0,0,0,0
1337162,3,2023,2023,9,6,2,36,31,39,34609,0,1,1,-33.775442,150.752999,55,0,2,1,3,0,0,0,1,0,7,50,0,9859,9859,1,5,13,2,0,0,0,0
1337165,3,2023,2023,9,2,5,2126,17,161,2149,0,1,10,-33.887862,151.161232,32,0,2,0,3,0,3,4,2,2,7,60,2,1259,5151,8,5,40,1,0,0,0,0
1337183,3,2023,2023,9,4,6,251,27,147,212,0,1,2,-33.758473,151.279124,50,0,2,0,3,0,0,0,2,0,7,60,2,2585,4009,1,5,5,3,0,0,0,0
1337185,3,2023,2023,10,3,5,19,27,164,65,0,1,9,-33.718219,150.892407,7,0,2,1,1,0,0,0,2,2,7,60,1,2852,2852,4,0,13,2,0,0,0,0
1337188,3,2023,2023,9,5,6,500,27,646,799,0,1,2,-33.933735,151.02768,15,0,2,1,3,0,3,4,2,0,7,60,2,1981,1981,4,10,0,2,0,0,0,0
1337196,3,2023,2023,9,3,3,85,27,85,6,0,1,9,-33.742382,151.115133,36,0,2,1,3,0,3,4,2,0,7,50,1,9859,9859,8,0,40,1,0,0,0,0
1337207,3,2023,2023,11,6,4,1104,14,104,962,0,1,3,-33.832845,151.02304,54,0,2,0,3,0,0,0,2,0,7,90,2,14295,14295,3,5,22,2,0,0,0,0
1337210,3,2023,2023,9,3,0,7,27,22,34609,0,1,1,-33.479186,150.871335,29,2,2,0,3,0,3,1,0,0,7,60,0,4552,5151,8,5,40,1,0,0,0,0
1337211,3,2023,2023,9,2,10,103,27,14,98,0,1,1,-33.417926,150.805338,29,2,2,0,3,0,3,3,0,0,7,80,2,1259,5151,8,30,40,1,0,0,0,0
1337216,3,2023,2023,9,1,11,2,31,182,34609,0,1,10,-32.826059,151.349349,17,2,1,1,3,0,0,0,0,0,15,50,0,6545,6545,4,5,12,2,0,0,0,0
1337223,3,2023,2023,9,2,3,3,1,44,34609,1,0,1,-34.563644,150.854033,62,0,2,1,0,0,0,0,2,0,7,50,0,9859,9859,8,0,40,1,0,0,0,0
1337226,3,2023,2023,9,6,9,5,1,25,34609,0,1,1,-32.896227,151.692143,48,0,2,1,1,0,0,0,3,0,7,50,0,96,96,0,16,36,2,0,0,0,0
1337228,3,2023,2023,11,0,0,485,27,112,39,0,1,1,-33.603569,150.822913,29,2,2,1,2,0,0,0,0,0,7,50,2,9859,9859,8,5,40,1,0,0,0,0
1337230,3,2023,2023,10,5,7,191,17,562,189,0,1,1,-32.243101,148.617868,22,2,1,1,0,0,0,0,2,0,7,60,2,9859,9859,8,10,40,1,0,0,0,0
1337232,3,2023,2023,9,3,3,2261,17,47,2252,0,1,2,-35.792855,147.253634,27,1,0,0,3,0,0,0,1,0,7,110,2,1957,4009,8,5,40,1,0,0,0,0
1337234,3,2023,2023,10,0,6,36,27,172,34609,0,1,9,-32.764646,151.583609,42,2,1,1,3,0,0,0,2,0,15,50,0,5929,5929,1,9,12,2,0,0,0,0
1337242,3,2023,2023,11,0,9,153,27,188,147,0,1,9,-33.951211,151.091809,25,0,2,1,2,0,0,0,0,2,7,60,2,14295,14295,3,33,0,3,0,0,0,0
1337250,3,2023,2023,9,2,10,16,31,463,34609,0,1,1,-30.308346,153.136018,19,2,1,0,0,0,0,0,0,0,7,50,0,4552,5151,8,10,40,1,0,0,0,0
1337251,3,2023,2023,9,3,10,481,17,562,483,0,1,10,-32.208052,148.618697,22,2,1,1,3,0,0,0,0,0,0,80,2,6545,6545,4,10,0,2,0,0,0,0
1337254,3,2023,2023,9,2,6,4,27,532,34609,0,1,0,-33.869135,151.202892,69,0,2,1,3,0,3,4,2,0,7,50,0,14295,14295,3,5,5,2,0,0,0,0
1337259,3,2023,2023,9,4,4,9,27,144,34609,0,1,9,-34.048205,151.021351,68,0,2,1,3,0,0,0,2,0,7,50,0,9859,9859,1,0,5,2,0,0,0,0
1337268,3,2023,2023,9,5,7,119,31,166,34609,0,1,2,-33.416361,149.583057,3,2,1,1,1,0,0,0,2,0,7,50,0,248,248,1,33,5,2,0,0,0,0
1337269,3,2023,2023,5,5,10,5,31,78,34609,0,1,1,-34.474302,150.837703,80,0,2,0,2,0,0,0,0,0,7,50,0,2585,4009,8,5,40,2,0,0,0,0
1337271,3,2023,2023,9,1,8,1,10,87,34609,0,1,1,-33.928783,150.968863,41,0,2,1,3,0,0,3,3,0,7,50,0,144,144,1,5,5,2,0,0,0,0
1337273,3,2023,2023,9,2,7,485,31,169,769,0,1,10,-33.600735,150.75931,29,2,2,1,3,0,3,4,2,2,7,60,2,5929,5929,1,0,13,2,0,0,0,0
1337279,3,2023,2023,9,2,1,3,27,13,34609,0,1,1,-33.394663,149.027435,11,1,0,1,3,0,3,4,0,0,7,100,0,945,945,5,5,40,1,0,0,0,0
1337285,3,2023,2023,10,0,11,50,27,169,382,0,1,10,-33.777236,150.848196,7,0,2,1,3,0,0,3,0,2,7,60,2,14295,14295,3,8,5,2,0,0,0,0
1337288,3,2023,2023,1,1,1,1052,27,69,262,0,1,7,-32.906644,151.692838,48,0,2,0,2,0,0,0,0,0,0,60,2,3775,3775,0,0,5,2,0,0,0,0
1337291,3,2023,2023,9,3,8,23,36,15,62,0,1,1,-30.207049,153.011841,19,1,0,1,3,0,3,3,3,0,7,100,1,4026,4026,8,34,40,1,0,0,0,0
1337304,3,2023,2023,9,1,8,10,10,121,34609,0,1,1,-28.202683,153.542475,72,2,1,1,3,0,3,4,2,0,7,50,0,1981,1981,4,0,5,2,0,0,0,0
1337306,3,2023,2023,9,2,1,512,17,562,441,0,1,1,-32.306138,148.715651,22,1,0,1,3,0,3,4,0,0,7,110,2,9859,9859,8,33,40,1,0,0,0,0
1337307,3,2023,2023,9,2,7,2261,17,34,2252,0,1,2,-34.79079,149.620191,26,1,0,0,0,0,0,0,2,0,7,110,2,1259,5151,8,5,40,1,0,0,0,0
1337312,3,2023,2023,9,4,7,12,27,56,12,0,1,2,-34.443658,150.867921,80,0,2,1,0,0,3,4,2,0,7,80,2,14295,14295,3,5,25,2,0,0,0,0
1337326,3,2023,2023,9,2,0,38,27,218,70,0,1,7,-33.747658,150.777279,55,0,2,1,2,0,3,0,0,0,0,60,1,5929,5929,1,5,0,2,0,0,0,0
1337329,3,2023,2023,9,3,9,361,31,323,34609,0,1,1,-33.755895,150.998439,71,0,2,1,3,0,0,0,3,0,7,50,0,14295,14295,3,5,5,2,0,0,0,0
1337338,3,2023,2023,9,5,6,89,36,4,81,0,1,1,-33.614695,148.441106,51,2,1,1,3,0,0,3,2,0,7,80,2,9859,9859,8,10,40,1,0,0,0,0