Crash ID,Degree of crash - detailed,Reporting year,Year of crash,Month of crash,Day of week of crash,Two-hour intervals,Street of crash,Street type,Town,Route no.,School zone location,School zone active,Type of location,Latitude,Longitude,LGA,Urbanisation,Conurbation 1,Alignment,Street lighting,Road surface,Surface condition,Weather,Natural lighting,Signals operation,Other traffic control,Speed limit,Road classification,RUM - code,DCA - code,First impact type,Key TU type,Other TU type,No. of traffic units involved,No. killed,No. seriously injured,No. moderately injured,No. minor-other injured
1337339,3,2023,2023,5,2,9,57,31,147,34609,1,0,1,-33.749033,151.286055,50,0,2,1,3,0,0,0,0,0,7,50,0,4026,4026,1,0,5,2,0,0,0,0
1337343,3,2023,2023,9,5,9,2209,17,40,2205,0,1,1,-35.026076,150.578543,63,2,1,0,3,0,3,4,3,0,7,80,2,84,84,8,5,40,1,0,0,0,0
1337344,3,2023,2023,9,1,2,1,7,179,34609,0,1,9,-31.885463,152.466146,43,2,1,0,2,0,0,0,0,0,7,50,0,2585,4009,1,0,5,2,0,0,0,0
1337354,3,2023,2023,9,2,5,57,36,24,25,0,1,1,-33.621432,150.827207,29,2,2,1,1,0,0,0,2,0,7,70,2,14295,14295,3,10,0,2,0,0,0,0
1337357,3,2023,2023,9,0,10,158,27,46,207,0,1,2,-33.879079,151.237365,81,0,2,1,2,0,0,0,0,0,7,60,2,14295,14295,3,0,0,2,0,0,0,0
1337360,3,2023,2023,9,2,8,42,31,166,21,1,0,9,-33.904369,151.17506,32,0,2,1,3,0,0,0,2,0,9,50,1,14295,14295,3,10,5,2,0,0,0,0
1337376,3,2023,2023,9,0,8,43,2,92,42,0,1,7,-33.738579,150.950049,71,0,2,1,3,0,3,4,2,0,0,70,2,1391,1391,1,5,36,2,0,0,0,0
1337384,3,2023,2023,9,5,7,18,4,57,34609,0,1,1,-34.684925,150.845133,35,2,1,1,0,0,3,4,2,0,7,50,0,9859,9859,1,33,5,2,0,0,0,0
1337385,3,2023,2023,9,4,7,3371,17,13,3342,0,1,9,-33.186017,151.537363,16,2,2,1,3,0,0,0,2,2,7,80,2,926,926,4,8,13,2,0,0,0,0
1337386,3,2023,2023,9,0,10,18,27,6,20,0,1,1,-33.717179,149.951152,51,1,0,1,3,0,3,4,0,0,7,100,2,14295,14295,3,34,5,2,0,0,0,0
1337398,3,2023,2023,9,2,2,26,10,8,68,0,1,7,-34.078849,150.79773,13,0,2,0,3,0,0,0,0,0,0,60,1,6545,6545,4,5,5,2,0,0,0,0
1337403,3,2023,2023,9,2,3,24,27,57,36,0,1,9,-33.616914,151.019293,71,0,2,0,3,0,3,4,4,0,7,60,1,273,957,5,5,40,1,0,0,0,0
1337413,3,2023,2023,9,5,7,5,27,9,34609,0,1,1,-32.642708,151.745849,57,2,1,1,3,0,0,3,2,0,7,70,0,9859,9859,8,8,40,1,0,0,0,0
1337414,3,2023,2023,5,3,6,3371,17,104,3342,0,1,9,-32.840061,151.689327,48,0,2,1,1,0,0,0,2,2,7,80,2,14295,14295,3,5,5,2,0,0,0,0
1337422,3,2023,2023,9,5,6,147,27,290,34609,0,1,1,-33.858537,150.980915,21,0,2,1,3,0,3,4,2,0,7,50,0,9859,9859,8,10,40,1,0,0,0,0
1337424,3,2023,2023,11,6,7,3371,17,25,3342,0,1,2,-32.87228,151.710885,48,0,2,1,3,0,0,0,2,0,7,80,2,1282,1282,1,21,12,2,0,0,0,0
1337430,3,2023,2023,9,1,2,3371,17,29,3342,0,1,2,-31.784157,152.648156,43,1,0,1,3,0,0,0,1,0,7,110,2,9859,9859,8,5,40,1,0,0,0,0
1337433,3,2023,2023,9,6,9,39,31,131,34609,1,0,10,-36.083387,146.920346,0,2,1,1,3,0,0,0,2,3,7,50,0,6545,6545,4,5,0,2,0,0,0,0
1337435,3,2023,2023,1,1,7,3371,17,41,3342,0,1,2,-32.815067,151.699161,57,2,1,1,0,0,0,0,2,0,7,80,2,14295,14295,3,5,10,3,0,0,0,0
1337437,3,2023,2023,11,6,4,21,1,123,25,0,1,1,-33.904692,151.215557,59,0,2,1,0,0,0,0,2,0,7,50,1,1109,787,1,10,13,2,0,0,0,0
1337439,3,2023,2023,2,0,7,86,27,7,34609,0,1,1,-30.784224,152.439862,34,1,0,1,3,2,0,0,2,0,7,100,0,9859,9859,8,0,40,1,0,0,0,0
1337444,3,2023,2023,1,6,11,3,31,112,34609,0,1,0,-33.908653,151.205761,69,0,2,1,2,0,0,0,0,0,4,50,0,4026,4026,1,0,0,2,0,0,0,0
1337447,3,2023,2023,9,5,7,2261,17,23,2252,0,1,2,-34.809793,148.636226,82,1,0,0,3,0,0,0,2,0,7,110,2,1957,4009,8,5,40,1,0,0,0,0
1337454,3,2023,2023,9,6,9,5,1,30,34609,0,1,1,-34.874152,147.581366,51,2,1,1,1,0,0,0,2,0,7,50,0,175,188,8,21,40,1,0,0,0,0
1337457,3,2023,2023,9,6,8,1104,11,532,770,0,1,9,-33.873001,151.202429,69,0,2,1,1,0,0,0,2,2,7,50,2,14295,14295,3,5,0,2,0,0,0,0
1337459,3,2023,2023,9,3,11,2261,17,140,2252,0,1,9,-33.901892,150.999576,15,0,2,1,2,0,0,0,0,0,0,70,2,515,515,1,33,5,2,0,0,0,0
1337460,3,2023,2023,9,5,11,105,27,65,109,0,1,9,-33.869353,150.905055,24,0,2,1,2,0,0,0,0,2,7,60,1,1192,1192,1,5,40,2,0,0,0,0
1337461,3,2023,2023,9,6,4,5,10,169,34609,0,1,1,-28.657999,153.622028,10,2,1,0,3,0,3,4,2,0,7,50,0,2585,4009,1,0,4,2,0,0,0,0
1337462,3,2023,2023,9,2,5,107,22,210,121,1,0,9,-34.030703,151.111138,68,0,2,1,3,0,0,3,2,0,7,60,1,5929,5929,1,5,0,2,0,0,0,0
1337463,3,2023,2023,9,1,9,65,10,132,148,0,1,1,-34.151265,151.032837,68,0,2,1,3,0,0,0,3,0,7,60,2,3775,3775,0,5,19,2,0,0,0,0
1337469,3,2023,2023,9,5,7,5,27,70,34609,0,1,1,-34.545434,150.303742,78,1,0,1,3,0,3,4,2,0,7,90,0,1089,1089,7,5,40,1,0,0,0,0
1337475,3,2023,2023,9,0,8,2126,17,346,2149,0,1,9,-33.867466,151.097169,9,0,2,1,1,0,0,0,2,0,7,60,2,1383,1383,1,8,0,2,0,0,0,0
1337483,3,2023,2023,9,0,7,22,31,64,61,0,1,7,-33.884205,151.02804,21,0,2,1,3,0,3,4,2,0,0,50,1,5929,5929,1,5,0,2,0,0,0,0
1337484,3,2023,2023,9,6,4,57,27,58,75,0,1,9,-33.474869,151.288394,16,2,2,1,3,0,0,0,2,0,7,80,1,3775,3775,0,0,12,2,0,0,0,0
1337486,3,2023,2023,9,4,0,230,27,197,284,0,1,2,-33.788997,151.127477,61,0,2,1,3,0,0,3,0,0,7,70,2,9859,9859,8,0,40,1,0,0,0,0
1337488,3,2023,2023,9,0,11,251,27,147,212,0,1,9,-33.757624,151.277792,50,0,2,1,2,0,0,0,0,0,15,60,2,775,775,4,5,5,2,0,0,0,0
1337490,3,2023,2023,9,5,9,14,31,48,34609,0,1,1,-28.248181,153.569166,72,2,1,1,3,0,3,4,3,0,7,50,0,14295,14295,3,10,0,3,0,0,0,0
1337491,3,2023,2023,10,4,3,125,27,155,75,0,1,1,-33.493311,151.318709,16,2,2,1,1,0,3,4,2,0,7,60,1,941,941,1,5,10,2,0,0,0,0
1337501,3,2023,2023,9,4,5,2126,17,65,2149,0,1,1,-33.542876,150.168009,40,2,1,0,3,0,3,4,2,0,7,80,2,2585,4009,8,5,40,1,0,0,0,0
1337502,3,2023,2023,9,0,8,4,27,54,34609,0,1,9,-33.243941,151.493967,16,2,2,1,3,0,3,3,2,0,7,50,0,1259,985,8,5,40,1,0,0,0,0
1337503,3,2023,2023,9,5,7,7,1,29,34609,0,1,9,-33.915112,150.894957,41,0,2,1,3,0,3,4,2,0,7,50,0,782,985,5,5,40,1,0,0,0,0
1337507,3,2023,2023,11,6,9,4,31,70,34609,0,1,10,-33.912432,150.978751,15,0,2,1,2,0,0,0,0,0,0,50,0,323,323,1,5,5,2,0,0,0,0
1337508,3,2023,2023,9,6,4,85,27,72,145,0,1,9,-33.799075,151.053967,54,0,2,1,3,0,0,0,2,0,0,70,2,14295,14295,3,5,0,2,0,0,0,0
1337512,3,2023,2023,9,4,6,36,1,137,34609,0,1,1,-33.90155,150.90405,24,0,2,0,3,0,0,0,2,0,7,50,0,1957,4009,8,0,40,1,0,0,0,0
1337516,3,2023,2023,9,0,7,4,31,74,34609,0,1,2,-33.770397,150.672439,55,0,2,1,3,0,2,6,2,0,7,50,0,1981,1981,4,5,13,2,0,0,0,0
1337528,3,2023,2023,9,5,11,171,27,55,34609,0,1,1,-33.85861,151.273908,81,0,2,1,3,0,0,3,0,0,7,50,0,9859,9859,1,0,0,2,0,0,0,0
1337532,3,2023,2023,11,0,8,478,17,128,480,0,1,9,-33.427292,151.329638,16,2,2,1,3,0,0,0,3,0,7,70,2,14295,14295,3,0,5,3,0,0,0,0
1337535,3,2023,2023,9,6,8,11,27,29,25,0,1,9,-33.478803,151.435369,16,2,2,0,3,0,0,0,2,0,0,50,1,273,985,5,0,40,1,0,0,0,0
1337543,3,2023,2023,9,0,8,11,31,273,34609,0,1,7,-34.420117,150.898562,80,0,2,1,3,0,0,0,2,0,0,50,0,941,941,1,5,5,2,0,0,0,0
1337546,3,2023,2023,9,2,10,3371,17,63,3342,0,1,7,-33.238494,151.499388,16,2,2,0,3,0,3,4,0,0,0,60,2,1391,1391,1,5,0,2,0,0,0,0
1337554,3,2023,2023,9,5,6,67,27,210,55,0,1,5,-34.029962,151.105448,68,0,2,0,3,0,0,3,2,2,7,60,2,775,775,4,5,12,2,0,0,0,0
1337562,3,2023,2023,9,4,9,85,31,228,39,0,1,10,-34.761296,149.70668,26,2,1,1,3,0,0,0,3,0,0,60,2,5929,5929,1,5,5,2,0,0,0,0
1337573,3,2023,2023,9,6,3,2209,17,40,2205,0,1,2,-34.703852,150.838422,35,2,1,1,3,0,0,0,2,0,7,80,2,1391,1391,1,8,13,2,0,0,0,0
1337574,3,2023,2023,9,2,4,1,27,87,34609,1,0,9,-34.04028,151.158719,68,0,2,1,1,0,0,0,2,0,7,50,0,2852,2852,4,5,5,2,0,0,0,0
1337575,3,2023,2023,9,4,6,14,31,215,34609,0,1,10,-35.111915,147.370131,75,2,1,1,3,0,0,0,2,2,7,50,0,5929,5929,1,5,5,2,0,0,0,0
1337586,3,2023,2023,9,5,7,42,27,71,34609,0,1,1,-33.770253,150.687565,55,0,2,1,3,0,0,3,2,0,7,50,0,1981,1981,4,33,5,2,0,0,0,0
1337590,3,2023,2023,9,0,9,13,27,76,14,0,1,1,-34.540673,150.36221,78,2,1,1,3,0,3,4,0,0,7,50,1,9859,9859,8,5,40,1,0,0,0,0
1337592,3,2023,2023,10,2,11,9,31,215,34609,0,1,7,-35.106429,147.367401,75,2,1,1,0,0,0,0,0,0,0,50,0,4552,985,8,10,40,1,0,0,0,0
1337594,3,2023,2023,9,2,3,5,27,23,34609,0,1,9,-34.392972,150.878974,80,0,2,1,3,0,0,0,2,0,15,50,0,489,489,5,5,40,1,0,0,0,0
1337608,3,2023,2023,2,2,7,106,27,76,106,0,1,2,-33.926099,150.854694,41,0,2,1,3,0,0,0,2,0,7,70,2,14295,14295,3,0,5,3,0,0,0,0
1337610,3,2023,2023,9,6,4,916,17,70,917,0,1,7,-32.739078,151.551529,42,2,1,0,3,0,0,3,2,2,0,60,2,5929,5929,1,5,10,2,0,0,0,0
1337613,3,2023,2023,9,6,7,5,27,143,34609,0,1,0,-33.703348,151.111194,31,0,2,1,3,0,0,0,2,0,7,50,0,1981,1981,4,0,0,2,0,0,0,0
1337616,3,2023,2023,9,4,6,15,10,121,34609,0,1,1,-28.205655,153.536334,72,2,1,0,3,0,0,0,2,0,7,50,0,1981,1981,4,5,5,2,0,0,0,0
1337618,3,2023,2023,9,2,8,4,27,12,2,0,1,9,-35.742416,145.795233,51,1,0,0,3,0,0,0,2,0,7,100,1,3775,3775,0,0,40,2,0,0,0,0
1337620,3,2023,2023,9,5,7,73,27,387,140,0,1,9,-33.921491,151.18423,4,0,2,0,3,0,3,4,2,2,7,60,2,1391,1391,1,0,13,3,0,0,0,0
1337623,3,2023,2023,9,0,7,3371,17,107,3342,0,1,1,-33.269363,151.441118,16,2,2,1,3,0,0,0,2,0,7,70,2,1282,1282,1,10,25,2,0,0,0,0
1337625,3,2023,2023,2,3,4,12,27,22,34609,0,1,2,-33.790982,151.27405,50,0,2,0,3,0,0,0,2,0,7,50,0,1981,1981,4,0,5,2,0,0,0,0
1337626,3,2023,2023,11,3,5,1,27,48,34609,0,1,1,-32.722554,152.128648,57,2,1,1,3,0,0,0,2,0,7,50,0,4026,4026,8,10,40,1,0,0,0,0
1337627,3,2023,2023,9,6,8,12,24,55,34609,0,1,2,-35.381859,149.200752,58,2,1,0,3,0,3,0,2,0,7,50,0,4552,5151,8,5,40,1,0,0,0,0
1337628,3,2023,2023,2,1,4,330,23,123,233,0,1,9,-33.914854,151.225406,59,0,2,1,3,0,0,0,2,2,7,50,2,395,395,1,0,13,2,0,0,0,0
1337631,3,2023,2023,9,1,4,57,27,1,26,0,1,1,-35.217219,149.665681,58,1,0,1,3,0,0,0,2,0,7,100,2,77,77,1,19,36,2,0,0,0,0
1337642,3,2023,2023,2,4,8,9,27,2,45,0,1,1,-34.660236,148.955848,74,1,0,1,3,0,0,0,2,0,7,100,1,14295,14295,3,10,13,2,0,0,0,0
1337645,3,2023,2023,2,2,7,31,27,50,34609,0,1,1,-33.514006,151.338062,16,2,2,1,3,0,0,0,2,0,7,50,0,14295,14295,3,5,0,2,0,0,0,0
1337650,3,2023,2023,2,2,7,3,31,64,34609,0,1,10,-33.487598,150.143694,40,2,1,1,3,0,0,0,2,0,0,50,0,1259,985,8,5,40,1,0,0,0,0
1337652,3,2023,2023,2,0,10,153,27,77,34609,0,1,1,-30.31437,149.841605,51,1,0,1,3,0,0,0,4,0,7,100,0,1109,787,1,5,5,2,0,0,0,0
1337653,3,2023,2023,2,1,3,3,31,207,34609,0,1,10,-31.938164,141.463199,51,2,1,1,3,0,0,0,2,0,0,50,0,6545,6545,4,10,5,2,0,0,0,0
1337654,3,2023,2023,9,0,7,1052,14,46,928,0,1,3,-33.285032,151.406431,16,1,2,1,3,0,0,0,2,0,7,110,2,1282,1282,1,29,0,3,0,0,0,0
1337655,3,2023,2023,9,5,8,77,31,64,563,0,1,9,-33.885729,151.039766,21,0,2,1,3,0,3,2,2,0,0,80,2,2852,2852,4,5,36,2,0,0,0,0
1337656,3,2023,2023,2,2,9,6,27,24,34609,0,1,9,-33.401511,151.407373,16,2,2,1,3,0,3,4,0,0,15,60,0,2852,2852,4,5,5,2,0,0,0,0
1337660,3,2023,2023,9,4,7,2209,17,26,2205,0,1,9,-33.919162,151.16927,32,0,2,1,3,0,0,0,2,2,7,60,2,5929,5929,1,0,13,2,0,0,0,0
1337661,3,2023,2023,2,5,11,2209,17,41,2205,0,1,9,-33.907142,151.181529,69,0,2,1,3,0,0,0,0,2,7,40,2,5929,5929,1,0,5,2,0,0,0,0
1337662,3,2023,2023,2,1,6,1,31,304,34609,0,1,1,-33.901314,151.164856,32,0,2,1,3,0,0,3,2,0,7,50,0,4026,4026,8,5,40,1,0,0,0,0
1337664,3,2023,2023,2,1,9,1,27,2,34609,0,1,1,-31.767002,152.436676,43,1,0,1,3,2,0,0,3,0,7,100,0,9859,9859,8,0,40,1,0,0,0,0
1337665,3,2023,2023,2,0,8,22,1,92,34609,0,1,1,-33.402706,151.359116,16,2,2,0,3,0,0,0,2,0,7,50,0,2585,4009,8,5,40,1,0,0,0,0
1337671,3,2023,2023,9,0,5,265,10,445,563,0,1,2,-33.853968,151.040628,21,0,2,1,3,0,0,0,2,0,7,70,2,14295,14295,3,0,5,3,0,0,0,0
1337673,3,2023,2023,9,6,9,293,31,112,369,0,1,1,-33.612791,150.814584,29,2,2,1,3,0,3,3,3,0,7,60,2,1383,1383,1,5,13,2,0,0,0,0
1337677,3,2023,2023,2,4,7,32,31,132,26,0,1,1,-29.771361,151.114809,33,2,1,1,3,0,0,0,2,0,7,40,1,144,144,1,5,19,2,0,0,0,0
1337678,3,2023,2023,9,3,9,2126,17,77,2149,0,1,10,-33.884358,151.198574,69,0,2,1,3,0,0,0,0,2,7,50,2,6545,6545,4,0,12,2,0,0,0,0
1337679,3,2023,2023,2,0,6,100,31,363,769,0,1,2,-33.807296,151.001958,54,0,2,1,3,0,0,0,2,0,7,60,2,1981,1981,4,0,0,2,0,0,0,0
1337681,3,2023,2023,9,6,7,115,27,81,114,0,1,5,-33.885109,151.267869,76,0,2,1,1,0,0,0,2,2,7,50,2,14295,14295,3,5,0,2,0,0,0,0
1337682,3,2023,2023,2,0,7,104,27,63,140,0,1,2,-33.925197,151.219319,4,0,2,1,3,0,0,0,2,0,7,60,2,1383,1383,1,5,5,2,0,0,0,0
1337683,3,2023,2023,9,0,11,78,17,22,75,0,1,8,-33.852968,151.210189,69,0,2,1,3,0,3,4,0,0,7,70,2,14295,14295,3,5,0,2,0,0,0,0
1337685,3,2023,2023,10,5,9,5,9,42,34609,0,1,1,-33.943333,150.940718,41,0,2,0,2,0,0,0,0,0,7,40,0,1259,5151,1,0,5,2,0,0,0,0
1337687,3,2023,2023,9,4,6,330,23,150,233,0,1,10,-33.924615,151.228119,59,0,2,0,3,0,0,0,2,2,7,60,2,14295,14295,3,0,25,4,0,0,0,0
1337688,3,2023,2023,2,6,5,9,1,55,34609,0,1,1,-33.371109,151.465767,16,2,2,1,3,0,0,0,2,0,7,50,0,9859,9859,1,5,5,2,0,0,0,0
1337689,3,2023,2023,11,3,5,80,31,204,187,0,1,10,-33.88415,151.12026,32,0,2,1,3,0,0,0,2,2,7,60,2,3775,3775,0,0,5,2,0,0,0,0
1337690,3,2023,2023,2,6,4,5,31,132,34609,0,1,10,-29.771439,151.117062,33,2,1,1,3,0,0,0,2,0,15,50,0,6545,6545,4,34,5,2,0,0,0,0
1337696,3,2023,2023,2,1,8,500,27,129,799,0,1,9,-33.930533,151.06721,15,0,2,1,3,0,0,0,2,0,7,60,2,1383,1383,1,10,0,2,0,0,0,0
1337697,3,2023,2023,11,6,10,101,10,239,35,0,1,7,-34.038624,151.134346,68,0,2,1,2,0,0,0,0,0,0,70,2,2852,2852,4,0,0,2,0,0,0,0
1337704,3,2023,2023,9,2,8,123,36,16,90,0,1,1,-31.580437,151.745496,51,1,0,1,3,0,3,4,2,0,7,100,1,4026,4026,8,5,40,1,0,0,0,0
1337707,3,2023,2023,2,1,7,5,27,2,118,0,1,1,-29.763125,150.545898,51,1,0,1,3,2,0,0,2,0,7,100,2,9859,9859,1,5,0,2,0,0,0,0
1337709,3,2023,2023,1,2,11,1,31,112,34609,0,1,1,-36.057837,146.943718,0,2,1,1,3,0,0,0,0,0,7,50,0,9859,9859,8,0,40,1,0,0,0,0
1337711,3,2023,2023,2,3,7,165,31,226,34609,0,1,9,-33.777412,150.824982,7,0,2,1,3,0,0,0,2,0,7,50,0,2852,2852,4,0,5,2,0,0,0,0
1337712,3,2023,2023,2,0,2,481,17,20,483,0,1,1,-31.186262,149.354785,51,1,0,1,3,0,0,0,1,0,7,100,2,1945,1945,5,3,40,1,0,0,0,0
1337713,3,2023,2023,2,3,3,98,27,128,382,0,1,1,-33.63086,150.776701,29,2,2,1,3,0,0,0,1,0,7,80,2,1089,1089,7,0,40,1,0,0,0,0
1337715,3,2023,2023,9,6,4,1,31,252,34609,0,1,0,-33.879012,151.210434,69,0,2,1,3,0,3,4,2,0,7,40,0,1282,1282,1,10,5,2,0,0,0,0
1337716,3,2023,2023,2,0,11,1,27,13,34609,0,1,7,-33.630076,150.905365,71,0,2,0,3,0,0,0,0,0,7,50,0,1259,5151,8,0,40,1,0,0,0,0
1337723,3,2023,2023,2,0,8,2126,17,73,2149,0,1,10,-33.887964,151.16771,32,0,2,1,3,0,0,0,3,2,7,60,2,6545,6545,4,16,0,2,0,0,0,0
1337724,3,2023,2023,9,4,7,481,17,17,483,0,1,1,-33.654758,147.57282,51,1,0,1,3,0,0,0,2,0,7,110,2,9859,9859,8,29,40,1,0,0,0,0
1337730,3,2023,2023,2,2,5,33,27,26,260,0,1,2,-33.060265,151.56322,37,0,2,0,3,0,3,4,2,0,7,90,2,4552,5151,8,5,40,1,0,0,0,0
1337733,3,2023,2023,9,2,3,280,10,162,82,0,1,9,-33.849755,150.90589,24,0,2,1,3,0,3,4,2,1,7,60,1,4026,4026,8,5,40,1,0,0,0,0
1337739,3,2023,2023,11,1,3,34,31,82,124,0,1,9,-33.821338,151.204249,49,0,2,1,3,0,0,0,2,2,7,60,2,14295,14295,3,0,0,2,0,0,0,0
1337741,3,2023,2023,2,0,5,196,10,166,168,0,1,9,-33.93714,150.982681,15,0,2,0,3,0,0,0,2,2,7,60,2,14295,14295,3,8,0,2,0,0,0,0
1337742,3,2023,2023,9,2,7,1,27,22,34609,0,1,1,-33.331142,151.504969,16,2,2,1,3,0,3,4,2,0,7,50,0,945,945,5,5,40,1,0,0,0,0
1337743,3,2023,2023,9,4,8,7,36,17,103,0,1,1,-32.043722,152.245114,43,1,0,1,3,0,0,0,2,0,7,90,1,9859,9859,8,10,40,1,0,0,0,0
1337748,3,2023,2023,9,6,8,169,27,40,61,0,1,1,-33.827165,151.188637,38,0,2,1,3,0,3,4,2,0,7,50,1,14295,14295,3,10,0,4,0,0,0,0
1337749,3,2023,2023,2,5,7,95,31,82,34609,0,1,1,-34.36417,150.903269,80,0,2,1,3,0,0,0,2,0,7,50,0,4026,4026,1,5,5,2,0,0,0,0
1337751,3,2023,2023,2,5,9,38,27,218,70,0,1,2,-33.754594,150.775865,55,0,2,1,3,0,0,0,3,0,7,60,1,14295,14295,3,10,0,3,0,0,0,0
1337752,3,2023,2023,2,6,8,2,27,5,34609,0,1,1,-28.190586,153.559139,72,2,1,0,3,2,0,0,3,0,7,50,0,418,714,5,5,40,1,0,0,0,0
1337754,3,2023,2023,2,0,9,14,31,42,34609,0,1,2,-35.349476,149.240486,58,2,1,1,3,0,3,4,3,0,7,50,0,941,941,1,5,5,2,0,0,0,0
1337758,3,2023,2023,9,4,5,33,27,100,34609,0,1,9,-33.961035,151.151308,4,0,2,1,3,0,0,0,2,0,7,50,0,2852,2852,4,5,5,2,0,0,0,0
1337775,3,2023,2023,9,5,11,48,10,19,121,0,1,9,-31.41661,152.859483,56,2,1,1,0,0,0,0,0,0,0,80,1,926,926,4,5,0,2,0,0,0,0
1337791,3,2023,2023,2,2,0,22,31,67,34609,0,1,1,-33.891917,151.012839,15,0,2,1,2,0,0,0,0,0,7,50,0,9859,9859,1,0,36,2,0,0,0,0
1337818,3,2023,2023,9,5,10,46,31,65,34609,0,1,1,-33.809911,150.95728,21,0,2,1,3,0,2,6,0,0,7,50,0,9859,9859,1,0,0,2,0,0,0,0
1337831,3,2023,2023,10,2,11,1,27,3,34609,0,1,1,-33.834217,151.117987,61,0,2,1,0,0,0,0,0,0,7,50,0,4026,4026,1,0,5,2,0,0,0,0
1337847,3,2023,2023,9,3,4,59,10,84,231,0,1,10,-33.474106,151.394612,16,2,2,0,1,0,0,0,2,0,0,60,2,3775,3775,0,0,0,2,0,0,0,0
1337853,3,2023,2023,9,3,4,192,10,84,114,0,1,7,-33.46931,151.395513,16,2,2,1,1,0,0,0,2,0,0,60,2,1669,1669,3,0,5,2,0,0,0,0
1337876,3,2023,2023,11,2,6,2,31,14,34609,0,1,2,-33.05487,151.653797,37,0,2,1,1,0,0,0,2,0,7,50,0,9859,9859,1,5,0,2,0,0,0,0
1337881,3,2023,2023,2,2,9,2,31,82,34609,0,1,1,-34.364623,150.904427,80,0,2,1,1,0,3,4,3,0,7,50,0,9859,9859,1,5,41,2,0,0,0,0
1337896,3,2023,2023,9,2,10,7,27,19,9,0,1,1,-29.821797,150.562066,51,1,0,1,0,0,3,4,0,0,7,100,1,1089,1089,7,29,40,1,0,0,0,0
1337900,3,2023,2023,9,5,8,110,27,23,173,0,1,3,-34.382926,150.859325,80,0,2,1,0,0,3,4,2,0,7,80,2,1192,1192,1,10,2,2,0,0,0,0
1337921,3,2023,2023,9,4,7,98,27,6,34609,0,1,1,-33.837705,151.196824,49,0,2,0,0,0,3,0,2,0,7,50,0,4552,5151,1,30,5,2,0,0,0,0
1337922,3,2023,2023,9,6,1,2261,17,8,2252,0,1,9,-34.61898,150.21298,78,1,0,1,0,0,3,4,0,0,7,110,2,623,623,3,3,2,2,0,0,0,0
1337932,3,2023,2023,9,1,4,308,14,127,311,0,1,3,-33.858494,150.849545,24,0,2,1,1,0,0,0,2,0,7,100,2,1945,1945,5,9,40,1,0,0,0,0
1337936,3,2023,2023,1,3,11,134,10,69,133,0,1,9,-33.82398,151.021157,54,0,2,1,2,0,3,4,0,2,3,70,2,2852,2852,4,5,0,2,0,0,0,0
1337943,3,2023,2023,9,3,10,14,10,278,34609,0,1,1,-33.772686,151.045788,54,0,2,1,2,0,0,0,0,0,7,50,0,9859,9859,1,5,5,2,0,0,0,0
1337947,3,2023,2023,2,3,1,866,17,314,793,0,1,10,-33.853469,150.940729,24,0,2,1,2,0,3,0,0,2,7,70,2,475,475,5,10,40,1,0,0,0,0
1337951,3,2023,2023,5,1,3,6,27,187,34609,0,1,1,-33.790224,150.989156,54,0,2,0,2,0,3,4,0,0,7,50,0,2585,4009,1,5,5,3,0,0,0,0
1337956,3,2023,2023,2,0,4,2126,17,44,2149,0,1,2,-33.762547,150.615219,8,2,2,1,1,0,0,0,2,0,7,80,2,204,204,1,33,0,2,0,0,0,0
1337961,3,2023,2023,9,6,6,11,31,198,34609,0,1,9,-33.91017,151.1024,15,0,2,1,1,0,0,0,2,0,7,50,0,1282,1282,1,33,0,2,0,0,0,0
1337971,3,2023,2023,2,2,4,2,10,24,34609,0,1,1,-33.935994,150.740152,41,0,2,1,1,0,3,2,2,0,7,60,0,9859,9859,8,5,40,1,0,0,0,0
1337977,3,2023,2023,9,1,11,42,10,62,172,0,1,2,-32.918518,151.598136,37,0,2,1,2,0,0,0,0,0,0,80,2,1383,1383,1,10,2,2,0,0,0,0
1337982,3,2023,2023,9,4,6,330,27,147,605,0,1,2,-33.751763,151.287843,50,0,2,1,1,0,0,3,2,0,7,60,2,9859,9859,1,5,5,2,0,0,0,0
1338016,3,2023,2023,9,2,5,7,1,147,34609,0,1,1,-33.749779,151.288029,50,0,2,1,1,0,3,3,2,0,7,50,0,1981,1981,4,5,5,2,0,0,0,0
1338018,3,2023,2023,9,1,1,205,27,161,415,0,1,2,-33.708338,151.188693,36,0,2,1,2,0,0,0,0,0,7,90,2,9859,9859,8,5,40,1,0,0,0,0
1338050,3,2023,2023,11,2,4,135,17,36,136,0,1,10,-36.084559,146.912324,0,2,1,1,1,0,0,0,2,2,6,50,2,256,256,4,5,13,2,0,0,0,0
1338053,3,2023,2023,9,2,6,229,14,110,237,0,1,3,-33.764117,151.015624,54,0,2,1,1,0,0,0,2,0,7,100,2,1282,1282,1,10,5,2,0,0,0,0
1338068,3,2023,2023,9,6,8,33,27,54,233,0,1,10,-33.895248,151.221747,69,0,2,1,3,0,3,6,2,3,7,60,2,1850,777,5,9,40,1,0,0,0,0
1338081,3,2023,2023,10,5,2,81,17,83,100,0,1,9,-34.451061,150.447483,78,2,1,0,2,0,0,0,1,2,7,50,2,1259,5151,8,5,40,1,0,0,0,0
1338090,3,2023,2023,2,2,0,8,2,284,34609,0,1,1,-33.900915,151.029364,15,0,2,1,2,0,0,0,0,0,7,50,0,9859,9859,1,5,5,2,0,0,0,0
1338101,3,2023,2023,9,4,9,3,27,112,34609,0,1,1,-33.448692,151.440031,16,2,2,1,2,0,3,4,0,0,7,50,0,9859,9859,1,33,5,2,0,0,0,0
1338102,3,2023,2023,10,3,2,4,27,387,34609,0,1,1,-33.932269,151.192588,4,0,2,1,2,0,0,0,0,0,7,50,0,9859,9859,1,8,36,2,0,0,0,0