Crash ID,Degree of crash - detailed,Reporting year,Year of crash,Month of crash,Day of week of crash,Two-hour intervals,Street of crash,Street type,Town,Route no.,School zone location,School zone active,Type of location,Latitude,Longitude,LGA,Urbanisation,Conurbation 1,Alignment,Street lighting,Road surface,Surface condition,Weather,Natural lighting,Signals operation,Other traffic control,Speed limit,Road classification,RUM - code,DCA - code,First impact type,Key TU type,Other TU type,No. of traffic units involved,No. killed,No. seriously injured,No. moderately injured,No. minor-other injured
1338112,3,2023,2023,9,6,7,3,27,65,34609,0,1,1,-34.486981,150.879528,80,0,2,0,0,0,0,0,2,0,7,50,0,1259,5151,1,16,0,2,0,0,0,0
1338115,3,2023,2023,2,0,11,32,31,16,34609,0,1,9,-33.267185,151.489645,16,2,2,1,2,0,0,0,0,0,7,50,0,4026,4026,1,30,40,2,0,0,0,0
1338127,3,2023,2023,9,0,11,4,31,174,34609,0,1,9,-33.86272,150.933372,24,0,2,1,2,0,3,4,0,0,0,50,0,775,775,4,0,0,2,0,0,0,0
1338130,3,2023,2023,9,0,10,1,31,43,34609,0,1,9,-36.11092,144.771757,51,2,1,1,1,0,0,0,2,0,7,60,0,4026,4026,8,10,40,1,0,0,0,0
1338134,3,2023,2023,9,0,6,69,31,646,563,0,1,9,-33.915343,151.041571,15,0,2,1,1,0,0,0,2,0,7,60,2,14295,14295,3,33,5,2,0,0,0,0
1338183,3,2023,2023,9,3,5,251,27,29,212,0,1,9,-33.755757,151.275566,50,0,2,1,1,0,0,0,2,0,15,60,2,1282,1282,1,30,0,3,0,0,0,0
1338206,3,2023,2023,2,3,9,15,27,30,34609,0,1,1,-34.496006,150.819746,80,0,2,1,0,0,0,0,3,0,7,60,0,4026,4026,8,5,40,1,0,0,0,0
1338233,3,2023,2023,2,3,0,13,10,92,34609,0,1,1,-33.736901,150.948167,71,0,2,1,2,0,0,0,0,0,7,50,0,4552,5151,1,5,41,4,0,0,0,0
1338239,3,2023,2023,2,0,11,27,27,17,62,0,1,1,-30.25816,153.052158,19,2,1,0,0,0,0,0,0,0,7,50,1,4552,5151,8,0,40,1,0,0,0,0
1338248,3,2023,2023,2,4,7,2261,17,443,2252,0,1,9,-33.89932,151.047292,15,0,2,1,3,0,0,0,2,0,7,70,2,775,775,4,5,13,2,0,0,0,0
1338252,3,2023,2023,2,2,10,67,27,165,78,0,1,9,-33.855115,151.14835,14,0,2,1,3,0,0,0,0,0,0,50,2,2852,2852,4,0,5,2,0,0,0,0
1338259,3,2023,2023,2,1,6,11,27,253,34609,0,1,9,-33.974273,151.099379,25,0,2,1,3,0,0,0,2,0,7,50,0,5929,5929,1,30,5,2,0,0,0,0
1338260,3,2023,2023,2,0,1,3,10,26,34609,0,1,1,-34.58743,150.847986,62,0,2,1,2,0,0,3,0,0,7,50,0,4026,4026,1,5,13,2,0,0,0,0
1338262,3,2023,2023,2,6,11,78,23,30,34,0,1,9,-34.21952,150.558755,79,1,2,1,3,0,3,4,0,0,7,100,1,404,404,8,10,40,1,0,0,0,0
1338264,3,2023,2023,9,2,10,5,10,73,34609,1,0,1,-33.75397,150.811072,7,0,2,0,2,0,0,3,0,0,7,50,0,4552,5151,1,10,5,2,0,0,0,0
1338269,3,2023,2023,9,4,10,1104,14,223,962,0,1,3,-33.804944,150.911672,7,0,2,1,2,0,3,4,0,0,7,100,2,1282,1282,1,3,5,2,0,0,0,0
1338276,3,2023,2023,2,4,2,178,27,189,101,0,1,10,-33.943077,151.05388,15,0,2,1,3,0,0,0,1,2,7,50,1,1669,1669,3,0,12,2,0,0,0,0
1338279,3,2023,2023,2,5,4,478,17,122,480,0,1,2,-33.429027,151.337259,16,2,2,1,3,0,0,0,2,0,7,60,2,14295,14295,3,8,5,3,0,0,0,0
1338280,3,2023,2023,2,0,3,109,27,247,106,0,1,1,-33.829693,150.950387,21,0,2,1,3,0,0,0,2,0,7,60,1,623,623,3,10,5,2,0,0,0,0
1338285,3,2023,2023,2,2,7,5,27,9,34609,0,1,1,-28.840701,153.24635,39,2,1,0,3,0,0,0,2,0,7,80,0,1957,4009,8,5,40,1,0,0,0,0
1338289,3,2023,2023,2,4,8,334,17,6,308,0,1,1,-30.873456,151.268836,70,1,0,1,3,0,0,0,2,0,7,100,2,4026,4026,8,30,40,1,0,0,0,0
1338291,3,2023,2023,1,0,0,3,31,95,34609,0,1,1,-33.735157,150.831451,7,0,2,1,2,0,0,0,0,0,7,50,0,9859,9859,1,5,5,2,0,0,0,0
1338293,3,2023,2023,2,3,7,69,31,93,34609,0,1,1,-36.091856,146.932242,0,2,1,0,1,0,0,0,2,0,7,60,0,3775,3775,0,5,0,2,0,0,0,0
1338298,3,2023,2023,2,0,0,57,31,532,30,0,1,10,-33.878286,151.208601,69,0,2,1,3,0,0,0,0,2,7,40,1,6545,6545,4,5,10,2,0,0,0,0
1338305,3,2023,2023,2,2,4,478,17,78,480,0,1,2,-33.418114,151.446702,16,2,2,0,3,0,3,4,2,0,7,60,2,4552,5151,8,10,40,1,0,0,0,0
1338314,3,2023,2023,10,2,0,23,31,194,34609,0,1,1,-30.499192,151.656425,1,2,1,1,2,0,0,0,0,0,7,50,0,9859,9859,1,5,5,2,0,0,0,0
1338317,3,2023,2023,11,0,9,14,31,44,34609,0,1,1,-34.562625,150.853621,62,0,2,1,2,0,0,0,3,0,7,50,0,9859,9859,8,5,40,1,0,0,0,0
1338323,3,2023,2023,9,0,5,171,31,219,34609,0,1,10,-32.904274,151.669899,48,0,2,1,0,0,0,0,2,0,0,50,0,6545,6545,4,5,5,2,0,0,0,0
1338328,3,2023,2023,2,6,4,2261,17,9,2252,0,1,2,-34.821672,149.369391,74,1,0,1,3,0,0,0,2,0,7,110,2,14295,14295,3,3,35,2,0,0,0,0
1338329,3,2023,2023,2,2,9,283,27,197,702,0,1,9,-33.94325,151.076976,15,0,2,1,3,0,0,3,3,2,7,60,2,14295,14295,3,5,5,2,0,0,0,0
1338341,3,2023,2023,2,3,0,8,27,4,5,0,1,1,-32.516529,151.577966,51,2,1,1,3,0,0,0,0,0,7,80,1,1089,1089,7,10,40,1,0,0,0,0
1338343,3,2023,2023,1,2,8,3371,17,92,3342,0,1,2,-33.399362,151.347022,16,2,2,1,2,0,0,0,3,0,7,60,2,1282,1282,1,5,5,2,0,0,0,0
1338346,3,2023,2023,2,1,7,101,10,42,33,0,1,1,-34.035966,151.160349,68,0,2,1,3,0,0,0,2,0,7,70,1,9859,9859,8,0,40,1,0,0,0,0
1338360,3,2023,2023,9,5,7,118,17,77,118,0,1,1,-30.364523,149.767959,51,1,0,0,3,0,0,3,2,0,7,100,2,1259,5151,8,10,40,1,0,0,0,0
1338362,3,2023,2023,2,3,5,3371,17,4,3342,0,1,9,-29.298571,153.21303,18,1,0,1,3,0,0,0,2,0,0,110,2,14295,14295,3,5,5,2,0,0,0,0
1338367,3,2023,2023,9,6,2,7,27,61,34609,0,1,1,-32.916197,151.732229,48,0,2,1,1,0,0,0,0,0,7,50,0,4026,4026,1,5,0,2,0,0,0,0
1338369,3,2023,2023,2,2,5,177,31,174,109,0,1,7,-33.860494,150.927487,24,0,2,1,3,0,0,0,2,0,0,60,1,6545,6545,4,0,36,2,0,0,0,0
1338370,3,2023,2023,2,2,7,866,17,110,793,0,1,10,-33.745781,151.052327,31,0,2,1,3,0,0,0,2,2,7,70,2,14295,14295,3,5,5,2,0,0,0,0
1338374,3,2023,2023,2,6,3,3371,17,8,3342,0,1,2,-30.764009,152.903986,47,1,0,1,2,0,0,0,1,0,7,110,2,4026,4026,8,8,40,1,0,0,0,0
1338382,3,2023,2023,2,1,8,2261,17,30,2252,0,1,9,-34.805802,148.574375,30,1,0,0,0,0,3,4,2,0,0,110,2,2585,4009,8,29,40,1,0,0,0,0
1338395,3,2023,2023,2,5,7,500,27,83,799,0,1,1,-33.915903,151.110054,15,0,2,1,3,0,0,0,2,0,7,60,2,1383,1383,1,5,5,2,0,0,0,0
1338399,3,2023,2023,2,3,7,7,31,99,34609,0,1,1,-33.889253,151.272653,76,0,2,1,1,0,0,0,2,0,7,40,0,4026,4026,1,0,10,2,0,0,0,0
1338401,3,2023,2023,2,0,4,60,27,101,262,0,1,2,-32.90251,151.620861,37,0,2,1,3,0,0,0,2,0,7,90,2,14295,14295,3,10,0,2,0,0,0,0
1338410,3,2023,2023,2,1,7,220,27,104,222,0,1,2,-33.737465,150.945297,7,0,2,1,0,0,0,0,2,0,7,80,2,9859,9859,8,8,40,1,0,0,0,0
1338413,3,2023,2023,2,5,0,123,36,37,90,0,1,1,-31.143778,151.59071,51,1,0,1,3,0,0,0,0,0,7,100,1,1089,1089,7,0,40,1,0,0,0,0
1338417,3,2023,2023,2,2,4,3371,17,8,3342,0,1,2,-28.309804,153.514302,72,1,0,0,3,0,0,0,2,0,7,110,2,2585,4009,8,33,40,1,0,0,0,0
1338418,3,2023,2023,9,4,5,2261,17,93,2252,0,1,2,-36.079409,146.926616,0,1,0,1,3,0,0,0,2,0,7,110,2,1945,1945,5,5,40,1,0,0,0,0
1338426,3,2023,2023,2,3,9,2261,17,68,2252,0,1,9,-34.773753,148.820723,82,1,0,0,3,0,0,0,3,0,0,110,2,1259,5151,8,0,40,1,0,0,0,0
1338433,3,2023,2023,2,4,9,1,10,34,34609,0,1,1,-34.00334,150.756315,12,0,2,1,3,0,0,0,3,0,7,50,0,14295,14295,3,5,0,2,0,0,0,0
1338454,3,2023,2023,1,6,9,21,27,19,22,0,1,1,-32.754013,151.977329,57,1,0,1,0,0,0,0,0,0,7,100,1,4026,4026,8,5,40,1,0,0,0,0
1338455,3,2023,2023,2,4,6,191,27,309,208,0,1,9,-33.813698,151.105975,61,0,2,1,3,0,0,0,2,2,7,60,2,3775,3775,0,5,0,2,0,0,0,0
1338469,3,2023,2023,11,5,8,119,31,73,207,0,1,1,-33.874904,151.22017,69,0,2,1,1,0,0,0,3,0,7,50,2,1282,1282,1,5,5,2,0,0,0,0
1338473,3,2023,2023,9,1,4,115,27,138,114,0,1,9,-33.881371,151.270168,81,0,2,1,0,0,0,0,2,0,0,50,2,926,926,4,10,5,2,0,0,0,0
1338477,3,2023,2023,2,2,0,59,27,109,34609,0,1,2,-33.95523,150.864099,41,0,2,1,2,0,0,0,0,0,7,60,0,3775,3775,0,5,5,2,0,0,0,0
1338483,3,2023,2023,2,0,9,2,7,155,34609,0,1,9,-33.488892,151.327555,16,2,2,0,3,0,0,0,3,0,7,50,0,1109,787,1,5,13,2,0,0,0,0
1338486,3,2023,2023,2,6,8,39,31,193,145,0,1,10,-33.794132,151.075204,61,0,2,1,3,0,0,0,3,0,15,60,2,5929,5929,1,5,13,2,0,0,0,0
1338490,3,2023,2023,2,0,11,3371,17,173,3342,0,1,10,-33.718228,151.109925,31,0,2,0,2,0,0,0,0,2,7,60,2,1383,1383,1,33,5,2,0,0,0,0
1338503,3,2023,2023,9,6,5,2126,17,323,154,0,1,10,-33.792382,150.871442,7,0,2,1,3,0,0,0,2,2,7,80,1,1282,1282,1,5,13,2,0,0,0,0
1338506,3,2023,2023,9,5,5,57,36,112,769,0,1,10,-33.611258,150.810962,29,2,2,1,1,0,3,4,2,0,0,60,2,5929,5929,1,5,12,2,0,0,0,0
1338507,3,2023,2023,2,0,7,2261,17,35,2252,0,1,2,-34.884128,148.223858,20,1,0,0,3,0,0,0,2,0,7,110,2,1850,1463,5,0,40,1,0,0,0,0
1338508,3,2023,2023,1,3,1,100,31,49,18,0,1,1,-33.967888,151.147498,4,0,2,1,2,0,3,4,0,0,7,60,1,9859,9859,1,5,5,2,0,0,0,0
1338513,3,2023,2023,9,3,1,1104,14,140,962,0,1,3,-33.791376,150.829225,7,0,2,1,2,0,3,4,0,0,7,110,2,4026,4026,8,5,40,1,0,0,0,0
1338514,3,2023,2023,2,3,0,866,17,174,793,0,1,10,-33.873784,150.925875,24,0,2,1,3,0,0,0,0,2,7,70,2,395,395,1,5,5,2,0,0,0,0
1338520,3,2023,2023,2,6,10,39,27,284,563,0,1,9,-33.897042,151.037564,15,0,2,1,3,0,0,0,0,2,7,70,2,14295,14295,3,5,5,2,0,0,0,0
1338522,3,2023,2023,2,0,5,361,23,253,165,0,1,9,-33.968712,151.104231,25,0,2,0,3,0,0,0,2,2,7,50,1,395,395,1,8,0,2,0,0,0,0
1338525,3,2023,2023,2,0,8,346,17,8,332,0,1,9,-28.865968,153.095769,60,1,0,1,0,0,0,0,2,0,7,100,2,9859,9859,8,0,40,1,0,0,0,0
1338531,3,2023,2023,2,0,8,21,27,148,60,0,1,9,-36.042893,146.950635,0,2,1,0,1,0,0,3,2,0,7,60,1,5929,5929,1,5,0,2,0,0,0,0
1338536,3,2023,2023,2,1,4,5,23,16,34609,0,1,1,-33.725977,151.28682,50,0,2,1,3,0,0,0,2,0,7,50,0,3775,3775,0,5,5,2,0,0,0,0
1338543,3,2023,2023,2,5,8,500,27,83,799,0,1,9,-33.908712,151.124303,15,0,2,1,3,0,0,0,3,0,7,60,2,14295,14295,3,0,0,2,0,0,0,0
1338545,3,2023,2023,2,0,8,168,10,387,260,0,1,2,-33.946011,151.181846,4,0,2,1,3,0,0,0,3,0,7,70,2,14295,14295,3,5,5,3,0,0,0,0
1338553,3,2023,2023,2,1,2,150,27,309,415,0,1,2,-33.801097,151.114089,61,0,2,1,3,0,0,0,1,0,7,70,2,204,204,1,5,5,2,0,0,0,0
1338555,3,2023,2023,1,2,9,35,27,13,34,0,1,1,-29.952575,151.216622,33,2,1,1,0,0,0,0,3,0,7,50,1,1089,1089,7,0,40,1,0,0,0,0
1338557,3,2023,2023,9,4,8,330,27,108,605,0,1,9,-33.760981,151.277067,50,0,2,0,0,0,3,3,2,0,6,60,2,5929,5929,1,0,13,2,0,0,0,0
1338560,3,2023,2023,5,2,4,110,27,113,173,0,1,2,-34.372317,150.860367,80,0,2,1,0,0,0,0,2,0,7,80,2,1383,1383,1,33,5,2,0,0,0,0
1338561,3,2023,2023,2,2,5,143,31,123,181,1,0,9,-33.887345,151.230722,81,0,2,1,3,0,0,0,2,0,7,50,2,9859,9859,1,0,0,2,0,0,0,0
1338564,3,2023,2023,2,2,8,4,31,11,34609,0,1,9,-30.736561,150.71715,70,2,1,1,3,0,0,0,3,0,7,50,0,926,926,4,10,13,2,0,0,0,0
1338567,3,2023,2023,2,2,4,222,31,131,212,0,1,9,-33.783568,151.191545,36,0,2,1,3,0,0,0,2,2,7,60,2,14295,14295,3,5,0,2,0,0,0,0
1338571,3,2023,2023,2,0,5,6,1,53,34609,0,1,1,-31.090123,150.927581,70,2,1,1,0,0,0,0,2,0,7,40,0,5929,5929,1,0,5,2,0,0,0,0
1338580,3,2023,2023,9,4,1,2,27,2,34609,0,1,1,-30.605079,151.781006,1,1,0,0,3,2,0,0,0,0,7,100,0,380,714,5,10,40,1,0,0,0,0
1338586,3,2023,2023,9,2,5,49,27,19,62,0,1,10,-33.697339,150.887422,7,0,2,1,1,0,3,4,2,2,7,70,2,5929,5929,1,5,0,2,0,0,0,0
1338601,3,2023,2023,11,2,8,133,27,46,260,0,1,2,-32.916547,151.658768,48,0,2,0,1,0,0,0,2,0,7,70,2,2585,4009,8,10,40,1,0,0,0,0
1338607,3,2023,2023,2,1,7,117,27,72,144,1,2,1,-33.840582,151.088427,14,0,2,1,3,0,0,0,2,0,7,40,2,1192,1192,1,5,5,2,0,0,0,0
1338617,3,2023,2023,11,4,2,126,1,94,144,0,1,7,-33.785536,150.806044,55,0,2,0,2,0,0,0,0,0,0,70,2,14295,14295,3,5,5,2,0,0,0,0
1338620,3,2023,2023,2,4,8,8,31,48,62,0,1,10,-36.674282,149.843252,5,2,1,1,3,0,0,0,2,0,0,50,1,6545,6545,4,5,13,2,0,0,0,0
1338622,3,2023,2023,2,3,5,154,27,293,244,0,1,9,-33.922007,151.059966,15,0,2,1,3,0,0,0,2,0,7,60,2,14295,14295,3,5,0,2,0,0,0,0
1338624,3,2023,2023,2,4,8,8,1,363,34609,1,0,9,-33.757144,150.708216,55,0,2,1,3,0,0,0,2,0,15,50,0,1109,787,1,0,5,2,0,0,0,0
1338625,3,2023,2023,2,4,3,24,27,70,24,0,1,1,-34.855758,150.610418,63,2,1,1,3,0,0,0,1,0,7,60,1,4026,4026,1,0,13,5,0,0,0,0
1338626,3,2023,2023,2,1,5,162,31,532,24,0,1,0,-33.869136,151.210069,69,0,2,1,3,0,0,0,2,0,7,40,1,175,188,1,5,5,4,0,0,0,0
1338646,3,2023,2023,2,0,9,16,31,161,115,0,1,1,-33.726421,151.161129,36,0,2,1,3,0,0,0,3,0,7,60,1,248,248,1,30,0,2,0,0,0,0
1338654,3,2023,2023,9,0,11,1,1,8,34609,0,1,9,-33.776913,151.199598,36,0,2,1,2,0,3,4,0,0,15,50,0,9859,9859,8,10,40,1,0,0,0,0
1338657,3,2023,2023,2,3,10,6,31,438,34609,0,1,1,-33.847907,151.02615,21,0,2,1,2,0,0,0,0,0,7,50,0,14295,14295,3,5,0,3,0,0,0,0
1338663,3,2023,2023,2,5,7,916,17,5,917,0,1,1,-30.121681,151.68995,1,1,0,0,3,0,0,0,2,0,7,100,2,1957,4009,8,5,40,1,0,0,0,0
1338667,3,2023,2023,1,3,0,9,7,316,34609,0,1,9,-31.429282,152.892997,56,2,1,0,2,0,3,0,0,0,7,50,0,4552,5151,1,5,5,3,0,0,0,0
1338668,3,2023,2023,2,6,8,27,31,68,34609,1,0,10,-34.08678,151.006265,68,0,2,1,3,0,0,0,2,0,15,50,0,5929,5929,1,5,0,2,0,0,0,0
1338669,3,2023,2023,9,6,10,14,27,20,34609,0,1,1,-33.465097,150.724861,29,2,2,1,0,2,0,0,0,0,7,50,0,3775,3775,0,10,13,2,0,0,0,0
1338674,3,2023,2023,2,3,7,57,27,172,126,0,1,1,-32.762975,151.618106,42,2,1,1,3,0,0,0,2,0,7,80,2,1981,1981,4,30,0,2,0,0,0,0
1338675,3,2023,2023,2,5,6,39,10,87,65,0,1,10,-33.699778,150.958893,71,0,2,1,3,0,0,0,2,2,7,60,1,5929,5929,1,0,5,2,0,0,0,0
1338677,3,2023,2023,2,3,1,65,27,202,563,0,1,10,-33.940292,151.035642,15,0,2,1,3,0,3,0,0,2,7,70,2,5929,5929,1,5,5,2,0,0,0,0
1338683,3,2023,2023,2,1,8,308,14,323,311,0,1,3,-33.764175,150.9627,71,0,2,1,3,0,2,6,2,0,7,100,2,14295,14295,3,33,5,2,0,0,0,0
1338684,3,2023,2023,2,6,8,1,31,60,34609,0,1,10,-34.036591,150.742503,12,0,2,1,3,0,0,0,3,0,15,50,0,6545,6545,4,5,13,3,0,0,0,0
1338695,3,2023,2023,2,4,10,133,17,55,121,1,0,10,-36.220156,149.133497,65,2,1,1,2,0,0,0,0,0,15,60,2,6545,6545,4,33,5,2,0,0,0,0
1338696,3,2023,2023,2,6,7,348,17,105,232,0,1,1,-32.608032,149.599673,44,2,1,1,0,0,0,0,2,0,7,50,2,9859,9859,1,8,13,2,0,0,0,0
1338713,3,2023,2023,11,3,7,42,10,78,39,0,1,9,-34.481529,150.84323,80,0,2,1,1,0,0,0,2,0,7,70,1,9859,9859,1,5,0,2,0,0,0,0
1338715,3,2023,2023,2,0,6,500,27,80,160,0,1,10,-33.978838,150.898521,13,0,2,1,3,0,0,0,2,0,15,60,2,1282,1282,1,9,0,2,0,0,0,0
1338722,3,2023,2023,2,2,4,101,10,239,35,0,1,10,-34.032163,151.122035,68,0,2,1,3,0,0,0,2,0,0,60,2,6545,6545,4,5,25,2,0,0,0,0
1338728,3,2023,2023,10,0,6,3,7,532,19,0,1,1,-33.869759,151.218166,69,0,2,0,0,0,0,0,2,0,7,50,2,3775,3775,0,10,5,2,0,0,0,0
1338731,3,2023,2023,2,2,4,348,17,25,232,0,1,10,-31.710465,148.669829,51,2,1,1,3,0,0,0,2,0,0,40,2,1109,787,1,21,0,2,0,0,0,0
1338735,3,2023,2023,9,0,7,147,27,224,605,0,1,2,-33.824414,151.237723,45,0,2,1,3,0,0,3,2,0,7,60,2,1383,1383,1,0,0,2,0,0,0,0
1338738,3,2023,2023,2,0,6,103,27,34,98,0,1,1,-32.813512,150.883826,64,1,0,0,3,0,0,0,2,0,7,100,2,52,52,8,8,40,1,0,0,0,0
1338741,3,2023,2023,9,3,2,19,31,9,34609,0,1,1,-31.087522,152.840335,34,2,1,1,2,0,0,0,0,0,7,50,0,4026,4026,8,0,40,1,0,0,0,0
1338742,3,2023,2023,9,1,5,118,17,29,118,0,1,1,-30.655095,150.041614,51,1,0,1,3,0,3,4,2,0,7,100,2,623,623,3,8,0,2,0,0,0,0
1338744,3,2023,2023,10,4,8,56,27,251,34609,0,1,9,-33.77841,150.931637,7,0,2,1,3,0,2,6,3,0,7,50,0,9859,9859,8,5,40,1,0,0,0,0
1338748,3,2023,2023,2,6,6,6,27,40,34609,0,1,1,-34.235806,150.578356,79,2,2,0,3,0,0,0,2,0,7,60,0,4552,5151,8,0,40,1,0,0,0,0
1338756,3,2023,2023,2,6,9,11,27,445,34609,0,1,9,-33.871757,151.038405,21,0,2,1,3,0,0,0,3,0,15,50,0,775,775,4,5,5,4,0,0,0,0
1338760,3,2023,2023,2,1,8,22,10,387,64,0,1,2,-33.93308,151.191394,4,0,2,0,3,0,0,0,2,0,7,70,2,1391,1391,1,0,5,3,0,0,0,0
1338770,3,2023,2023,9,0,3,43,27,12,34609,0,1,1,-35.677609,145.925214,51,1,0,1,3,0,0,0,2,0,7,100,0,1945,1945,5,8,40,1,0,0,0,0
1338771,3,2023,2023,2,6,7,2,1,10,34609,1,2,7,-35.152311,147.36231,75,2,1,1,3,0,0,0,2,0,0,40,0,9859,9859,8,10,40,1,0,0,0,0
1338774,3,2023,2023,2,2,5,92,31,225,34609,0,1,9,-33.791474,151.198575,77,0,2,1,3,0,0,0,2,2,7,50,0,5929,5929,1,5,5,2,0,0,0,0
1338777,3,2023,2023,2,2,6,106,27,523,106,0,1,9,-33.928751,150.916648,41,0,2,1,3,0,0,0,2,0,7,60,2,14295,14295,3,0,5,3,0,0,0,0
1338792,3,2023,2023,2,5,4,387,27,6,34609,0,1,7,-34.043886,151.100201,68,0,2,1,3,0,0,0,2,0,0,50,0,217,217,1,5,5,2,0,0,0,0
1338803,3,2023,2023,9,4,9,3371,17,59,3342,0,1,2,-32.880978,151.718006,48,0,2,1,2,0,0,0,3,0,15,80,2,1981,1981,4,30,0,2,0,0,0,0
1338806,3,2023,2023,11,1,8,72,14,532,71,0,1,3,-33.866631,151.215547,69,0,2,1,0,0,0,0,2,0,7,80,2,14295,14295,3,5,13,2,0,0,0,0
1338814,3,2023,2023,2,3,6,89,27,3,228,0,1,1,-32.847168,151.330096,17,2,1,1,3,0,0,0,2,0,7,60,1,1981,1981,4,10,36,2,0,0,0,0
1338815,3,2023,2023,2,3,8,3371,17,18,3342,0,1,2,-30.832342,152.89567,47,1,0,0,0,0,0,0,2,0,7,100,2,1957,4009,8,0,40,1,0,0,0,0
1338823,3,2023,2023,2,5,5,63,17,207,63,0,1,7,-31.94158,141.470244,51,2,1,1,3,0,0,0,2,0,0,50,2,217,217,1,0,5,2,0,0,0,0
1338826,3,2023,2023,2,6,0,3371,17,20,3342,0,1,2,-33.076638,151.650927,37,0,2,1,0,0,2,6,0,0,7,70,2,9859,9859,1,10,13,3,0,0,0,0
1338839,3,2023,2023,9,1,7,213,17,7,213,0,1,1,-29.629689,152.759407,18,1,0,0,0,0,0,0,2,0,7,100,2,52,52,8,0,40,1,0,0,0,0
1338842,3,2023,2023,2,3,7,175,27,104,220,0,1,2,-33.739155,150.917598,7,0,2,1,3,0,0,0,2,0,7,70,2,14295,14295,3,0,5,3,0,0,0,0
1338849,3,2023,2023,2,0,5,109,27,16,169,0,1,1,-32.827278,151.40673,17,2,1,1,3,0,0,0,2,0,7,60,2,14295,14295,3,5,0,2,0,0,0,0
1338850,3,2023,2023,2,6,7,37,31,44,34609,0,1,1,-33.75135,150.724285,55,0,2,1,3,0,3,4,2,0,7,50,0,3775,3775,0,9,13,2,0,0,0,0
1338852,3,2023,2023,2,2,9,120,36,11,148,0,1,1,-30.438194,152.32071,1,1,0,0,3,0,0,0,3,0,7,100,2,1957,4009,8,5,40,1,0,0,0,0
1338858,3,2023,2023,2,0,9,14,31,57,34609,0,1,9,-34.565009,150.804596,62,0,2,1,3,0,0,0,3,0,7,50,0,945,945,5,0,40,1,0,0,0,0
1338861,3,2023,2023,2,6,7,19,31,41,34609,0,1,1,-33.90537,151.12517,32,0,2,1,3,0,0,0,2,0,7,50,0,237,162,8,5,40,1,0,0,0,0
1338868,3,2023,2023,2,5,7,7,36,6,7,0,1,1,-31.407572,149.334447,51,1,0,0,3,0,0,0,2,0,7,100,1,3775,3775,0,8,13,2,0,0,0,0
1338871,3,2023,2023,2,5,11,4,27,21,34609,0,1,1,-33.707121,151.282435,50,0,2,1,3,0,3,3,0,0,7,50,0,4026,4026,8,5,40,1,0,0,0,0
1338872,3,2023,2023,2,6,6,1052,27,69,262,0,1,9,-32.90478,151.690537,48,0,2,1,3,0,0,0,2,2,7,60,2,5929,5929,1,0,5,2,0,0,0,0
1338873,3,2023,2023,2,2,6,9,27,96,34609,0,1,1,-33.438542,151.384285,16,2,2,1,3,0,0,0,2,0,7,50,0,1981,1981,4,0,0,3,0,0,0,0
1338874,3,2023,2023,2,5,6,3371,17,24,3342,0,1,2,-32.652267,151.870386,57,1,0,1,3,0,0,0,2,0,7,100,2,4026,4026,8,5,40,1,0,0,0,0
1338877,3,2023,2023,9,6,6,20,31,433,34609,1,0,10,-33.283838,149.116244,52,2,1,1,3,0,3,3,2,0,15,50,0,6545,6545,4,0,36,2,0,0,0,0
1338880,3,2023,2023,2,4,7,63,27,64,34,0,1,9,-32.948394,151.684445,48,0,2,1,3,0,3,4,2,2,7,60,1,5929,5929,1,16,5,2,0,0,0,0
1338881,3,2023,2023,2,0,7,69,31,646,563,0,1,2,-33.920297,151.03987,15,0,2,1,3,0,0,0,2,0,7,70,2,1383,1383,1,8,5,2,0,0,0,0
1338891,3,2023,2023,2,2,8,9,27,6,8,0,1,1,-34.493952,148.286261,30,1,0,0,3,0,0,0,3,0,7,100,1,1850,1463,5,29,40,1,0,0,0,0
1338893,3,2023,2023,2,6,4,1104,14,223,962,0,1,3,-33.805527,150.913401,7,0,2,0,3,0,0,0,2,0,7,100,2,14295,14295,3,16,5,2,0,0,0,0
1338894,3,2023,2023,10,0,10,234,27,112,217,1,0,1,-33.69061,151.031316,71,0,2,1,3,0,0,0,0,0,7,60,2,14295,14295,3,10,0,2,0,0,0,0
1338896,3,2023,2023,2,4,9,2209,17,82,2205,0,1,10,-34.367165,150.903841,80,0,2,1,3,0,0,0,3,2,7,80,2,14295,14295,3,30,5,3,0,0,0,0
1338897,3,2023,2023,2,1,8,97,17,61,88,0,1,2,-35.195905,149.218633,82,1,0,1,3,0,3,4,2,0,7,110,2,9859,9859,8,5,40,1,0,0,0,0
1338898,3,2023,2023,2,2,7,2261,17,44,2252,0,1,2,-35.332448,147.646332,75,1,0,1,3,0,0,3,2,0,7,110,2,9859,9859,8,5,40,1,0,0,0,0
1338901,3,2023,2023,9,5,4,75,10,63,165,0,1,2,-33.92866,151.214376,4,0,2,1,3,0,0,0,2,0,7,80,2,14295,14295,3,16,5,2,0,0,0,0
1338904,3,2023,2023,2,1,9,10,1,100,34609,0,1,2,-33.889808,150.885681,24,0,2,1,3,0,0,0,3,0,7,50,0,1383,1383,1,5,5,2,0,0,0,0
1338909,3,2023,2023,2,2,5,34,31,28,25,0,1,9,-35.362581,149.233768,58,2,1,1,3,0,0,0,2,0,0,50,1,14295,14295,3,5,13,2,0,0,0,0
1338911,3,2023,2023,2,0,9,42,27,87,34609,0,1,10,-33.68195,150.946654,71,0,2,1,3,0,0,0,3,0,0,50,0,6545,6545,4,9,0,2,0,0,0,0