Crash ID,Degree of crash - detailed,Reporting year,Year of crash,Month of crash,Day of week of crash,Two-hour intervals,Street of crash,Street type,Town,Route no.,School zone location,School zone active,Type of location,Latitude,Longitude,LGA,Urbanisation,Conurbation 1,Alignment,Street lighting,Road surface,Surface condition,Weather,Natural lighting,Signals operation,Other traffic control,Speed limit,Road classification,RUM - code,DCA - code,First impact type,Key TU type,Other TU type,No. of traffic units involved,No. killed,No. seriously injured,No. moderately injured,No. minor-other injured
1338914,3,2023,2023,2,6,3,1104,14,223,962,0,1,3,-33.805384,150.914838,7,0,2,1,3,0,3,4,1,0,7,100,2,1383,1383,1,8,10,2,0,0,0,0
1338915,3,2023,2023,2,4,3,31,31,1,34609,0,1,9,-33.840067,151.168757,51,0,2,1,3,0,0,0,2,0,7,50,0,1089,1089,7,34,40,1,0,0,0,0
1338916,3,2023,2023,9,2,6,97,17,61,88,0,1,2,-35.181055,149.236545,58,1,0,0,3,0,0,0,2,0,7,110,2,1282,1282,1,5,22,2,0,0,0,0
1338918,3,2023,2023,2,6,4,25,27,38,34609,0,1,1,-33.945454,151.068788,15,0,2,1,3,0,0,0,2,0,7,50,0,14295,14295,3,5,13,2,0,0,0,0
1338920,3,2023,2023,2,1,5,11,27,10,34609,0,1,9,-35.466676,149.188351,58,1,0,1,3,0,3,4,2,0,7,100,0,14295,14295,3,5,0,2,0,0,0,0
1338921,3,2023,2023,2,5,4,171,27,79,369,0,1,2,-33.968016,150.737481,12,0,2,1,3,0,0,0,2,0,7,80,2,1391,1391,1,9,10,2,0,0,0,0
1338923,3,2023,2023,2,4,8,2209,17,12,2205,0,1,2,-36.176496,150.114337,23,1,0,0,3,0,0,0,2,0,7,100,2,1850,1463,5,0,40,1,0,0,0,0
1338925,3,2023,2023,2,2,4,61,27,19,70,0,1,1,-33.680975,150.978819,71,0,2,1,3,0,0,0,2,0,7,70,1,1669,1669,3,5,12,2,0,0,0,0
1338929,3,2023,2023,2,0,9,2209,17,176,2205,0,1,2,-33.954457,151.13755,4,0,2,1,3,0,0,0,3,0,7,60,2,1383,1383,1,5,5,2,0,0,0,0
1338933,3,2023,2023,2,4,7,255,31,64,34609,0,1,1,-33.480398,150.15938,40,2,1,1,0,0,0,0,2,0,7,40,0,248,248,1,5,5,2,0,0,0,0
1338938,3,2023,2023,2,5,6,3371,17,117,3342,0,1,2,-28.189759,153.526311,72,1,0,1,3,0,0,0,2,0,7,100,2,1282,1282,1,5,5,2,0,0,0,0
1338939,3,2023,2023,2,0,4,3371,17,58,3342,0,1,10,-33.756524,151.152958,36,0,2,1,3,0,3,3,2,2,7,60,2,1383,1383,1,0,0,2,0,0,0,0
1338940,3,2023,2023,2,5,8,485,27,187,769,0,1,10,-33.789107,150.99541,54,0,2,1,3,0,0,3,2,2,7,60,2,14295,14295,3,0,5,2,0,0,0,0
1338942,3,2023,2023,2,0,7,39,31,111,34609,0,1,1,-33.923928,151.25024,59,0,2,1,3,0,0,0,2,0,7,50,0,9859,9859,1,5,5,2,0,0,0,0
1338944,3,2023,2023,2,6,5,55,27,137,34609,0,1,1,-32.954043,151.685854,37,0,2,1,3,0,3,4,2,0,7,60,0,14295,14295,3,5,13,3,0,0,0,0
1338946,3,2023,2023,2,5,7,225,17,76,180,0,1,2,-34.546643,150.379751,78,2,1,1,3,0,0,0,2,0,7,50,2,1957,777,8,0,40,1,0,0,0,0
1338947,3,2023,2023,2,4,5,6,27,232,34609,0,1,9,-33.686297,150.90681,7,0,2,1,3,0,0,0,2,0,0,60,0,2852,2852,4,5,13,2,0,0,0,0
1338949,3,2023,2023,2,6,10,2,27,5,34609,0,1,1,-31.065695,150.989157,70,1,0,0,3,2,0,0,0,0,7,100,0,782,957,5,10,40,1,0,0,0,0
1338953,3,2023,2023,2,0,2,1,17,53,34609,0,1,9,-35.163042,149.311243,82,1,0,1,3,0,0,0,1,0,0,100,0,1089,1089,7,0,40,1,0,0,0,0
1338955,3,2023,2023,2,6,3,2126,17,80,2149,0,1,2,-33.88727,151.174071,32,0,2,1,3,0,3,4,1,0,7,60,2,1981,1981,4,10,5,2,0,0,0,0
1338957,3,2023,2023,2,2,5,481,17,562,483,0,1,7,-32.2436,148.607004,22,2,1,1,3,0,0,0,2,0,0,60,2,6545,6545,4,10,0,4,0,0,0,0
1338966,3,2023,2023,2,5,8,1104,14,460,962,0,1,3,-33.826783,150.993684,54,0,2,1,3,0,0,0,4,0,7,90,2,14295,14295,3,5,5,2,0,0,0,0
1338968,3,2023,2023,2,4,3,31,27,127,96,0,1,1,-33.898378,151.153615,32,0,2,1,3,0,0,0,2,0,7,60,2,1981,1981,4,5,5,2,0,0,0,0
1338969,3,2023,2023,2,4,8,229,14,323,237,0,1,3,-33.768902,150.994252,71,0,2,1,3,0,0,0,2,0,7,100,2,14295,14295,3,5,0,2,0,0,0,0
1338972,3,2023,2023,2,1,6,7,1,246,34609,0,1,9,-33.920362,151.193897,69,0,2,0,3,0,0,0,2,0,7,50,0,63,63,4,8,0,2,0,0,0,0
1338973,3,2023,2023,2,5,8,1,10,34,34609,0,1,1,-34.985515,149.016945,82,2,1,1,3,0,0,0,2,0,7,60,0,9859,9859,8,9,40,1,0,0,0,0
1338974,3,2023,2023,2,6,6,35,27,14,49,0,1,1,-31.15037,150.873414,70,1,0,1,3,0,0,0,2,0,7,100,1,9859,9859,8,0,40,1,0,0,0,0
1338977,3,2023,2023,2,0,7,133,31,90,56,0,1,1,-33.887153,151.239726,81,0,2,1,3,0,0,0,2,2,9,50,1,387,387,1,5,0,2,0,0,0,0
1338980,3,2023,2023,2,5,8,3,31,29,34609,0,1,9,-33.718353,150.726494,55,0,2,1,3,0,0,0,2,0,7,50,0,256,256,4,5,5,2,0,0,0,0
1338981,3,2023,2023,2,6,10,13,27,6,18,0,1,1,-32.027946,150.546659,73,1,0,1,3,0,0,0,0,0,7,100,1,4026,4026,8,10,40,1,0,0,0,0
1338982,3,2023,2023,2,3,10,5,23,149,34609,0,1,10,-33.992283,151.136931,4,0,2,1,3,0,0,0,4,0,0,50,0,2852,2852,4,5,5,2,0,0,0,0
1338983,3,2023,2023,2,3,5,65,10,132,148,0,1,1,-34.121649,151.077998,68,0,2,0,3,0,0,0,2,0,7,60,2,1850,1463,5,16,40,1,0,0,0,0
1338986,3,2023,2023,9,4,2,11,27,42,29,0,1,1,-33.741836,151.270839,50,0,2,0,3,0,0,0,0,0,7,50,1,2585,4009,1,30,5,2,0,0,0,0
1338989,3,2023,2023,2,4,0,334,17,4,308,0,1,1,-31.169156,149.497113,51,1,0,1,3,0,0,0,0,0,7,100,2,945,945,5,3,40,1,0,0,0,0
1338991,3,2023,2023,2,5,6,2,31,226,34609,0,1,10,-33.773113,150.825877,7,0,2,1,3,0,0,0,2,0,0,50,0,5929,5929,1,5,12,2,0,0,0,0
1338992,3,2023,2023,2,1,8,193,31,532,34,0,1,1,-33.873599,151.211528,69,0,2,1,3,0,0,0,2,0,7,40,1,1383,1383,1,5,0,2,0,0,0,0
1338993,3,2023,2023,2,5,2,20,31,75,34609,0,1,1,-33.877994,151.116068,9,0,2,1,3,0,0,0,0,0,7,50,0,9859,9859,1,5,5,2,0,0,0,0
1338997,3,2023,2023,2,0,9,294,17,215,288,0,1,9,-35.119104,147.370318,75,2,1,1,3,0,0,0,3,0,7,60,2,2852,2852,4,5,5,2,0,0,0,0
1339001,3,2023,2023,2,5,7,165,31,78,34609,1,0,1,-34.480965,150.854965,80,0,2,1,3,0,0,0,2,0,7,60,0,1669,1669,3,21,5,2,0,0,0,0
1339003,3,2023,2023,2,6,11,132,31,174,126,0,1,10,-33.889952,151.207908,69,0,2,1,3,0,0,0,0,2,7,50,2,6545,6545,4,5,0,2,0,0,0,0
1339004,3,2023,2023,2,3,5,2126,17,65,2149,0,1,2,-33.53513,150.15625,40,2,1,0,3,0,3,4,2,0,7,80,2,1259,5151,8,10,40,1,0,0,0,0
1339009,3,2023,2023,2,3,0,1,31,33,34609,0,1,9,-35.117407,147.339722,75,2,1,1,3,0,0,0,0,0,7,50,0,1945,1945,5,5,40,1,0,0,0,0
1339010,3,2023,2023,2,1,4,3371,17,121,3342,0,1,7,-28.207903,153.544349,72,2,1,1,3,0,0,0,2,0,0,60,2,1391,1391,1,10,0,2,0,0,0,0
1339011,3,2023,2023,2,3,5,348,27,169,100,1,0,9,-33.598768,150.744524,29,2,2,1,3,0,0,0,2,0,7,60,2,1669,1669,3,16,5,2,0,0,0,0
1339012,3,2023,2023,2,3,4,334,17,5,308,0,1,1,-31.077351,149.976295,51,1,0,1,3,0,0,0,2,0,7,100,2,945,945,5,5,40,1,0,0,0,0
1339013,3,2023,2023,2,6,8,17,27,223,34609,0,1,4,-33.835022,150.878877,24,0,2,0,3,0,3,4,2,0,7,60,0,1391,1391,1,5,5,2,0,0,0,0
1339017,3,2023,2023,2,3,6,31,1,234,139,0,1,2,-34.28898,146.054925,28,2,1,1,3,0,0,0,2,0,7,50,2,395,395,1,10,5,2,0,0,0,0
1339019,3,2023,2023,2,4,11,42,10,51,220,0,1,7,-34.473129,150.83136,80,0,2,1,3,0,0,0,0,0,0,70,2,6545,6545,4,5,13,2,0,0,0,0
1339025,3,2023,2023,2,4,5,15,27,22,34609,0,1,1,-35.146462,149.958221,26,1,0,0,3,0,0,0,2,0,7,100,0,3775,3775,0,30,13,2,0,0,0,0
1339027,3,2023,2023,2,0,7,15,27,151,160,0,1,9,-34.018213,150.855638,13,0,2,1,3,0,0,0,2,0,15,60,2,2852,2852,4,5,19,2,0,0,0,0
1339031,3,2023,2023,2,6,4,71,27,19,69,0,1,1,-36.368209,148.791259,65,1,0,1,3,0,3,4,2,0,7,100,2,9859,9859,1,0,13,2,0,0,0,0
1339033,3,2023,2023,2,3,7,12,27,159,34609,0,1,7,-33.80632,151.095769,61,0,2,1,3,0,0,0,2,0,0,50,0,775,775,4,5,5,2,0,0,0,0
1339036,3,2023,2023,9,0,4,2261,17,70,2252,0,1,9,-34.691651,150.034614,26,1,0,1,3,0,3,4,2,0,7,110,2,9859,9859,8,3,40,1,0,0,0,0
1339039,3,2023,2023,2,6,6,1104,14,204,962,0,1,3,-33.883709,151.133952,32,0,2,1,3,0,0,0,2,0,7,80,2,14295,14295,3,0,13,3,0,0,0,0
1339043,3,2023,2023,2,4,9,47,27,293,69,0,1,2,-33.941406,151.237826,59,0,2,1,1,0,0,0,2,0,7,50,1,387,387,1,10,5,2,0,0,0,0
1339044,3,2023,2023,2,3,10,133,27,47,34609,0,1,1,-35.21705,149.409922,58,1,0,0,3,2,0,0,4,0,7,100,0,1957,4009,8,5,40,1,0,0,0,0
1339046,3,2023,2023,2,0,4,2,4,56,34609,0,1,1,-31.492104,152.733678,56,2,1,1,3,0,0,0,2,0,7,50,0,175,188,8,29,40,1,0,0,0,0
1339048,3,2023,2023,2,1,3,12,31,314,34609,1,0,9,-33.855153,150.937906,24,0,2,1,3,0,0,0,1,0,0,50,0,1957,777,8,5,40,1,0,0,0,0
1339049,3,2023,2023,2,2,5,1,4,74,34609,0,1,9,-34.04927,150.757308,12,0,2,1,3,0,0,0,2,0,0,50,0,1391,1391,1,15,5,2,0,0,0,0
1339051,3,2023,2023,2,5,8,2,27,149,34609,0,1,1,-33.869979,151.176207,32,0,2,1,3,0,0,0,2,0,7,50,0,9859,9859,8,5,40,1,0,0,0,0
1339055,3,2023,2023,2,5,8,97,17,53,88,0,1,9,-35.157444,149.324507,82,1,0,1,3,0,3,4,2,0,7,110,2,9859,9859,8,5,40,1,0,0,0,0
1339057,3,2023,2023,2,3,5,22,31,215,34609,0,1,10,-35.10605,147.36159,75,2,1,1,3,0,0,0,2,0,0,50,0,6545,6545,4,10,0,2,0,0,0,0
1339058,3,2023,2023,2,3,3,44,27,304,21,0,1,1,-33.900099,151.158229,32,0,2,1,3,0,0,0,2,0,7,50,1,475,475,5,5,40,1,0,0,0,0
1339060,3,2023,2023,2,5,4,40,27,609,24,1,0,10,-33.773429,150.908029,7,0,2,1,3,0,0,0,2,2,7,60,1,4552,985,8,5,40,1,0,0,0,0
1339066,3,2023,2023,2,3,5,1,27,7,34609,0,1,1,-31.82106,151.908352,43,1,0,1,3,2,0,0,2,0,7,100,0,3775,3775,0,10,0,2,0,0,0,0
1339069,3,2023,2023,2,1,7,7,27,9,34609,0,1,1,-35.012656,150.63533,63,2,1,0,3,0,0,0,2,0,7,80,0,2585,4009,8,0,40,1,0,0,0,0
1339071,3,2023,2023,2,6,11,2126,17,106,2149,0,1,10,-33.886171,151.179145,69,0,2,1,3,0,0,0,0,2,7,60,2,6545,6545,4,5,36,2,0,0,0,0
1339076,3,2023,2023,2,1,6,475,10,42,268,0,1,9,-33.88547,150.869769,24,0,2,1,3,0,0,0,2,2,7,70,2,14295,14295,3,5,13,3,0,0,0,0
1339080,3,2023,2023,2,3,5,1,1,24,34609,1,0,9,-33.734245,150.839142,7,0,2,1,3,0,3,3,2,0,7,50,0,2852,2852,4,0,5,2,0,0,0,0
1339082,3,2023,2023,2,0,9,36,27,10,72,0,1,1,-28.704734,153.498383,10,2,1,0,3,0,3,4,2,0,7,50,2,782,957,5,0,40,1,0,0,0,0
1339083,3,2023,2023,2,3,6,3371,17,32,3342,0,1,2,-32.951079,151.718025,48,0,2,1,3,0,0,0,2,0,7,60,2,14295,14295,3,0,0,2,0,0,0,0
1339084,3,2023,2023,9,4,9,2261,17,30,2252,0,1,2,-34.804419,148.483611,30,1,0,1,3,0,0,0,2,0,7,110,2,4026,4026,8,0,40,1,0,0,0,0
1339086,3,2023,2023,2,4,10,500,27,83,799,0,1,10,-33.916515,151.108556,15,0,2,1,3,0,0,3,0,0,7,60,2,1669,1669,3,0,13,2,0,0,0,0
1339087,3,2023,2023,2,0,6,14,31,131,34609,0,1,2,-36.082321,146.915342,0,2,1,1,3,0,0,0,2,0,7,50,0,14295,14295,3,5,5,3,0,0,0,0
1339089,3,2023,2023,2,3,8,26,27,232,34609,0,1,9,-33.686034,150.924914,71,0,2,1,3,0,0,0,2,0,0,60,0,775,775,4,5,5,2,0,0,0,0
1339092,3,2023,2023,2,6,7,1,23,10,34609,0,1,1,-33.456693,151.440527,16,2,2,1,0,0,0,0,2,0,7,50,0,220,220,1,0,13,2,0,0,0,0
1339094,3,2023,2023,2,5,4,37,27,58,34609,0,1,1,-33.239368,151.401444,16,2,2,1,3,0,0,0,2,0,7,80,0,9859,9859,8,5,40,1,0,0,0,0
1339097,3,2023,2023,2,4,9,12,31,363,34609,0,1,1,-33.817863,150.993405,54,0,2,1,3,0,0,0,3,0,7,50,0,9859,9859,1,5,12,2,0,0,0,0
1339098,3,2023,2023,11,5,3,125,27,32,144,0,1,2,-32.769171,152.050747,57,2,1,1,3,0,0,0,2,0,7,80,2,4026,4026,8,16,40,1,0,0,0,0
1339101,3,2023,2023,2,1,11,20,31,10,34609,0,1,1,-32.908819,151.76423,48,0,2,1,3,0,0,0,0,0,7,50,0,9859,9859,8,5,40,1,0,0,0,0
1339107,3,2023,2023,2,2,5,44,31,90,34609,0,1,10,-32.927137,151.746244,48,0,2,1,1,0,0,0,2,0,15,50,0,6545,6545,4,5,0,2,0,0,0,0
1339108,3,2023,2023,2,4,3,15,27,56,13,0,1,9,-32.75401,151.252857,17,2,1,1,3,0,0,0,2,0,15,80,1,14295,14295,3,10,5,2,0,0,0,0
1339111,3,2023,2023,2,0,2,27,27,102,28,0,1,9,-33.959561,151.20493,4,0,2,1,3,0,0,0,0,2,7,80,2,9859,9859,8,9,40,1,0,0,0,0
1339114,3,2023,2023,2,0,4,26,31,363,34609,0,1,1,-33.752742,150.699524,55,0,2,1,3,0,0,0,2,0,7,40,0,14295,14295,3,21,5,2,0,0,0,0
1339115,3,2023,2023,2,5,11,485,27,50,769,0,1,9,-33.651001,150.864643,7,0,2,1,3,0,0,0,0,0,0,80,2,775,775,4,0,5,2,0,0,0,0
1339117,3,2023,2023,2,4,6,294,17,215,288,0,1,9,-35.11643,147.351698,75,2,1,1,3,0,0,0,2,0,7,60,2,1981,1981,4,5,0,2,0,0,0,0
1339119,3,2023,2023,2,2,9,1104,11,130,770,0,1,2,-33.869378,151.186777,69,0,2,1,3,0,0,0,2,0,7,60,2,1192,1192,1,5,10,2,0,0,0,0
1339121,3,2023,2023,2,6,10,9,27,61,34609,0,1,1,-33.835985,150.639694,55,0,2,0,0,0,3,3,0,0,7,70,0,4552,5151,8,5,40,1,0,0,0,0
1339124,3,2023,2023,2,6,4,3371,17,92,3342,0,1,9,-33.402683,151.350023,16,2,2,0,3,0,3,4,2,0,7,60,2,14295,14295,3,0,5,2,0,0,0,0
1339126,3,2023,2023,2,4,7,81,27,609,115,0,1,9,-33.780039,150.900904,7,0,2,1,3,0,0,0,2,0,7,60,2,14295,14295,3,8,0,3,0,0,0,0
1339131,3,2023,2023,2,6,8,195,27,53,186,0,1,10,-33.929118,150.846943,41,0,2,1,3,0,3,4,2,3,7,70,2,3775,3775,0,5,5,2,0,0,0,0
1339132,3,2023,2023,2,1,6,1,25,83,34609,0,1,1,-33.89448,150.845361,41,0,2,0,3,0,0,0,2,0,7,50,0,1981,1981,4,5,5,2,0,0,0,0
1339134,3,2023,2023,2,1,4,109,27,95,382,0,1,10,-33.733167,150.848725,7,0,2,1,3,0,0,3,2,2,7,60,2,5929,5929,1,0,0,2,0,0,0,0
1339136,3,2023,2023,2,3,6,95,31,115,34609,0,1,0,-33.881305,151.193055,69,0,2,1,3,0,3,4,2,0,7,50,0,9859,9859,1,5,5,2,0,0,0,0
1339137,3,2023,2023,2,6,3,11,27,147,34609,0,1,1,-33.738188,151.14936,36,0,2,1,3,0,3,3,2,0,7,50,0,4026,4026,8,5,40,1,0,0,0,0
1339139,3,2023,2023,2,3,3,512,17,30,441,0,1,1,-30.244857,146.058561,51,1,0,1,3,0,0,0,1,0,7,110,2,945,945,5,5,40,1,0,0,0,0
1339141,3,2023,2023,2,1,10,6,27,165,34609,0,1,1,-33.845031,151.151793,14,0,2,1,3,0,0,0,0,0,7,50,0,9859,9859,1,0,5,3,0,0,0,0
1339144,3,2023,2023,9,4,11,175,27,86,220,0,1,2,-33.739046,150.917817,7,0,2,1,3,0,0,0,0,0,7,70,2,3775,3775,0,5,5,3,0,0,0,0
1339147,3,2023,2023,2,0,3,2261,17,23,2252,0,1,3,-34.043333,150.820584,13,0,2,1,3,0,0,0,1,0,7,110,2,945,945,5,5,40,1,0,0,0,0
1339150,3,2023,2023,2,4,5,157,17,1,158,0,1,1,-33.853484,147.871014,51,1,0,0,3,0,0,0,2,0,7,100,2,380,714,5,3,40,1,0,0,0,0
1339161,3,2023,2023,1,3,6,39,31,293,34609,0,1,7,-33.927576,151.060758,15,0,2,1,1,0,0,0,2,0,0,50,0,941,941,1,5,0,2,0,0,0,0
1339175,3,2023,2023,1,0,5,100,27,109,799,0,1,1,-33.902851,151.14331,32,0,2,1,2,0,0,0,2,0,7,60,2,14295,14295,3,0,0,2,0,0,0,0
1339187,3,2023,2023,1,0,9,126,1,226,144,0,1,9,-33.77205,150.815992,7,0,2,1,2,0,0,0,0,2,7,60,2,14295,14295,3,10,5,3,0,0,0,0
1339211,3,2023,2023,11,1,2,3,27,30,34609,0,1,9,-34.493861,150.807298,80,0,2,1,2,0,0,0,0,0,7,50,0,9859,9859,8,5,40,1,0,0,0,0
1339217,3,2023,2023,11,0,11,102,27,26,34609,0,1,1,-34.578848,150.85244,62,0,2,1,2,0,0,0,0,0,7,60,0,9859,9859,1,10,5,2,0,0,0,0
1339237,3,2023,2023,5,6,9,1,31,53,34609,0,1,1,-33.731753,151.298296,50,0,2,1,2,0,0,0,0,0,7,50,0,9859,9859,1,0,13,3,0,0,0,0
1339256,3,2023,2023,11,2,7,6,31,188,159,0,1,9,-33.934323,151.110319,15,0,2,1,1,0,0,0,2,0,15,60,2,4552,985,8,0,40,1,0,0,0,0
1339264,3,2023,2023,11,0,6,83,31,532,21,0,1,10,-33.87449,151.208013,69,0,2,1,3,0,2,6,2,3,7,40,1,1282,1282,1,5,10,2,0,0,0,0
1339271,3,2023,2023,10,0,11,475,10,137,268,0,1,10,-33.907693,150.898662,24,0,2,1,2,0,0,0,0,2,7,60,2,5929,5929,1,5,5,2,0,0,0,0
1339295,3,2023,2023,10,2,10,2,31,44,34609,0,1,1,-33.944078,151.137524,4,0,2,1,2,0,0,0,0,0,7,50,0,9859,9859,1,0,40,2,0,0,0,0
1339297,3,2023,2023,10,6,0,65,27,202,563,0,1,6,-33.935479,151.036654,15,0,2,1,2,0,3,4,0,0,7,60,2,9859,9859,8,0,40,1,0,0,0,0
1339303,3,2023,2023,9,3,7,89,27,182,228,1,0,10,-32.839025,151.343178,17,2,1,1,1,0,3,4,2,1,7,60,1,9859,9859,8,5,40,1,0,0,0,0
1339316,3,2023,2023,9,4,0,162,27,39,39,0,1,1,-33.556068,150.852247,29,2,2,1,0,0,0,0,0,0,7,60,1,4026,4026,8,10,40,1,0,0,0,0
1339325,3,2023,2023,9,2,10,6,31,95,34609,1,0,9,-34.392239,150.893224,80,0,2,1,2,0,0,0,0,2,7,50,0,63,63,4,5,0,2,0,0,0,0
1339342,3,2023,2023,9,1,0,43,27,136,148,0,1,9,-32.922232,151.715208,48,0,2,1,2,0,0,0,0,2,6,60,1,84,84,8,5,40,1,0,0,0,0
1339345,3,2023,2023,9,3,2,13,27,5,34609,0,1,1,-31.435717,152.67422,56,2,1,1,2,0,0,0,1,0,7,50,0,9859,9859,1,5,13,2,0,0,0,0
1339359,3,2023,2023,10,2,7,92,7,15,34609,0,1,1,-33.997444,151.082069,68,0,2,0,0,0,0,0,2,0,7,50,0,4552,5151,1,5,36,3,0,0,0,0
1339374,3,2023,2023,9,6,5,82,27,84,181,0,1,1,-33.894189,151.265418,76,0,2,1,1,0,0,0,2,0,7,50,2,1089,1089,7,0,40,1,0,0,0,0
1339392,3,2023,2023,10,1,5,3,1,154,34609,0,1,9,-33.707042,150.961067,71,0,2,1,1,0,0,0,2,0,7,50,0,9859,9859,1,5,5,2,0,0,0,0
1339399,3,2023,2023,9,2,3,829,31,155,34609,0,1,1,-33.130654,148.161887,53,2,1,1,0,0,0,0,2,0,7,50,0,4026,4026,8,5,40,1,0,0,0,0
1339413,3,2023,2023,2,6,6,2,10,433,34609,0,1,9,-33.268614,149.118714,52,2,1,1,0,0,0,0,2,0,0,80,0,2852,2852,4,5,13,2,0,0,0,0
1339443,3,2023,2023,9,6,2,283,27,129,702,0,1,2,-33.939019,151.075177,15,0,2,1,2,0,0,0,0,0,0,60,2,1383,1383,1,5,40,2,0,0,0,0
1339445,3,2023,2023,2,3,6,1,10,6,34609,0,1,1,-33.205134,151.603273,16,2,2,1,0,0,0,0,2,0,7,50,0,4026,4026,8,30,40,1,0,0,0,0
1339463,3,2023,2023,9,0,11,213,17,113,213,0,1,9,-29.473504,149.851818,51,2,1,0,3,0,2,6,0,0,7,50,2,4552,5151,8,10,40,1,0,0,0,0
1339464,3,2023,2023,2,2,4,1104,11,130,770,0,1,2,-33.869723,151.187675,69,0,2,1,2,0,0,0,2,0,7,60,2,14295,14295,3,16,0,2,0,0,0,0
1339482,3,2023,2023,10,5,0,30,31,77,52,0,1,1,-33.918303,151.165184,32,0,2,1,2,0,0,0,0,0,9,50,1,9859,9859,1,5,36,4,0,0,0,0
1339513,3,2023,2023,2,1,5,866,17,54,793,1,0,2,-33.724555,151.096789,31,0,2,1,1,0,0,0,2,0,7,70,2,14295,14295,3,33,5,3,0,0,0,0
1339514,3,2023,2023,2,5,2,71,36,3,8,0,1,1,-30.664006,145.864495,51,1,0,1,0,0,0,0,1,0,7,110,2,1089,1089,7,30,40,1,0,0,0,0
1339517,3,2023,2023,9,3,0,3371,17,59,3342,0,1,9,-32.881986,151.718762,48,0,2,1,2,0,0,0,0,2,7,80,2,4552,985,8,10,40,1,0,0,0,0
1339549,3,2023,2023,2,4,6,8,31,134,34609,0,1,1,-33.894255,151.252953,76,0,2,1,1,0,0,0,2,0,7,50,0,1282,1282,1,0,0,3,0,0,0,0
1339572,3,2023,2023,2,6,4,1,31,173,34609,0,1,10,-33.788638,151.133281,61,0,2,1,2,0,3,4,2,2,7,60,0,1957,777,8,5,40,1,0,0,0,0
1339575,3,2023,2023,2,2,8,1,31,182,34609,0,1,1,-32.823831,151.341857,17,2,1,1,1,0,0,0,2,0,7,50,0,1109,787,1,5,0,2,0,0,0,0
1339595,3,2023,2023,2,2,0,23,23,293,34609,0,1,1,-33.945014,151.25862,59,0,2,0,0,0,0,0,0,0,7,50,0,782,957,5,10,40,1,0,0,0,0
1339602,3,2023,2023,2,1,4,165,31,172,34609,0,1,1,-32.751225,151.587489,42,2,1,1,0,0,0,0,2,0,7,50,0,4026,4026,8,0,40,1,0,0,0,0
1339627,3,2023,2023,2,3,5,41,27,85,9,0,1,9,-33.723425,151.130319,36,0,2,1,0,0,0,0,2,0,15,60,1,150,150,4,5,5,2,0,0,0,0
1339629,3,2023,2023,2,3,1,169,27,80,61,0,1,1,-33.816877,151.161291,38,0,2,1,2,0,0,0,0,0,7,50,1,945,945,5,10,40,1,0,0,0,0
1339633,3,2023,2023,2,6,1,3371,17,39,3342,0,1,9,-29.793381,153.023434,18,1,0,1,0,0,0,0,0,0,7,100,2,1089,1089,7,5,40,1,0,0,0,0
1339636,3,2023,2023,2,5,7,251,27,29,212,0,1,2,-33.756031,151.275932,50,0,2,1,0,0,0,0,2,0,7,60,2,1282,1282,1,33,5,2,0,0,0,0
1339643,3,2023,2023,9,4,5,3371,17,77,3342,0,1,9,-32.93874,151.745941,48,0,2,0,1,0,0,0,2,0,0,60,2,1192,1192,1,5,5,2,0,0,0,0
1339644,3,2023,2023,2,4,9,3,10,19,34609,0,1,1,-34.091082,150.778155,13,0,2,0,1,0,0,0,2,0,7,50,0,782,957,5,0,40,1,0,0,0,0
1339656,3,2023,2023,2,0,1,6,27,46,34609,1,0,9,-35.178747,147.364706,75,2,1,1,2,0,0,0,0,0,0,60,0,4026,4026,8,5,40,1,0,0,0,0
1339658,3,2023,2023,9,6,11,33,1,29,34609,0,1,7,-33.92109,150.888511,41,0,2,1,2,0,0,0,0,0,0,50,0,2852,2852,4,5,5,2,0,0,0,0
1339666,3,2023,2023,2,5,10,2209,17,40,2205,0,1,2,-34.979192,150.589954,63,2,1,1,2,0,3,4,0,0,7,80,2,1282,1282,1,33,5,2,0,0,0,0
1339670,3,2023,2023,2,3,8,5,27,293,34609,0,1,1,-33.939131,151.257183,59,0,2,1,1,0,0,0,2,0,7,50,0,9859,9859,1,5,5,3,0,0,0,0
1339683,3,2023,2023,11,1,4,3371,17,40,3342,0,1,2,-33.821473,151.185875,38,0,2,1,3,0,2,6,2,2,9,60,2,1383,1383,1,5,0,2,0,0,0,0
1339693,3,2023,2023,2,5,5,485,27,50,769,0,1,9,-33.625789,150.838729,29,2,2,1,1,0,0,0,2,2,7,80,2,5929,5929,1,5,5,2,0,0,0,0
1339697,3,2023,2023,2,2,0,512,31,129,34609,0,1,9,-33.894282,151.098508,9,0,2,1,2,0,0,0,0,0,7,50,0,4552,985,8,5,40,1,0,0,0,0
1339700,3,2023,2023,9,5,10,344,27,120,163,0,1,10,-33.742828,150.870346,7,0,2,1,2,0,0,0,0,2,7,70,2,14295,14295,3,5,0,2,0,0,0,0
1339704,3,2023,2023,9,3,9,20,10,55,91,0,1,9,-35.377453,149.18905,58,2,1,1,2,0,0,0,2,2,7,80,2,5929,5929,1,5,5,2,0,0,0,0
1339709,3,2023,2023,2,0,8,39,31,370,256,0,1,10,-34.064208,150.823512,13,0,2,1,1,0,0,0,2,2,7,60,2,2852,2852,4,5,0,2,0,0,0,0
1339720,3,2023,2023,9,4,7,2,31,44,34609,0,1,1,-33.947639,151.14605,4,0,2,1,0,0,0,0,2,0,7,50,0,9859,9859,1,0,5,2,0,0,0,0