Crash ID,Degree of crash - detailed,Reporting year,Year of crash,Month of crash,Day of week of crash,Two-hour intervals,Street of crash,Street type,Town,Route no.,School zone location,School zone active,Type of location,Latitude,Longitude,LGA,Urbanisation,Conurbation 1,Alignment,Street lighting,Road surface,Surface condition,Weather,Natural lighting,Signals operation,Other traffic control,Speed limit,Road classification,RUM - code,DCA - code,First impact type,Key TU type,Other TU type,No. of traffic units involved,No. killed,No. seriously injured,No. moderately injured,No. minor-other injured
1339721,3,2023,2023,2,4,3,1,27,18,34609,0,1,1,-30.705217,152.935083,47,2,1,0,0,0,0,3,1,0,7,60,0,1259,5151,8,0,40,1,0,0,0,0
1339734,3,2023,2023,2,2,1,3371,17,143,3342,0,1,9,-33.697377,151.099593,31,0,2,1,2,0,0,0,0,2,7,60,2,4552,985,8,0,40,1,0,0,0,0
1339739,3,2023,2023,2,6,9,7,31,135,34609,1,0,9,-32.895375,151.744016,48,0,2,1,2,0,3,4,3,0,7,50,0,2852,2852,4,10,5,2,0,0,0,0
1339750,3,2023,2023,2,2,3,137,31,53,103,0,1,1,-32.92403,151.756224,48,0,2,1,0,0,0,0,2,0,7,60,1,9859,9859,1,5,19,2,0,0,0,0
1339756,3,2023,2023,2,0,11,1,1,100,34609,0,1,1,-33.902458,150.887751,24,0,2,0,2,0,0,0,0,0,7,50,0,4552,5151,1,0,0,2,0,0,0,0
1339778,3,2023,2023,2,6,3,2,31,61,34609,0,1,10,-35.518931,144.94058,51,2,1,1,0,0,0,0,2,0,0,60,0,6545,6545,4,10,13,2,0,0,0,0
1339782,3,2023,2023,2,3,9,22,27,32,34609,0,1,1,-33.654992,150.97554,71,0,2,0,0,0,0,0,3,0,7,70,0,4552,5151,8,10,40,1,0,0,0,0
1339788,3,2023,2023,2,4,9,485,27,232,769,0,1,2,-33.678627,150.913391,71,0,2,1,1,0,0,0,2,0,7,80,2,4026,4026,8,5,40,1,0,0,0,0
1339797,3,2023,2023,2,4,11,2261,17,346,2252,0,1,2,-33.891119,151.08109,67,0,2,0,0,0,0,0,0,0,7,60,2,1957,4009,8,5,40,1,0,0,0,0
1339807,3,2023,2023,2,3,9,4,31,175,34609,0,1,1,-33.778913,151.067844,54,0,2,1,1,0,3,3,3,0,7,50,0,4026,4026,1,0,0,4,0,0,0,0
1339810,3,2023,2023,9,5,3,2126,17,78,2149,0,1,2,-33.866801,151.094669,14,0,2,1,1,0,3,4,2,0,7,60,2,1383,1383,1,9,5,2,0,0,0,0
1339818,3,2023,2023,2,3,10,46,31,293,34609,0,1,7,-33.928951,151.057337,15,0,2,1,2,0,0,3,0,0,0,50,0,4552,985,8,9,40,2,0,0,0,0
1339823,3,2023,2023,2,2,9,515,14,523,518,0,1,3,-33.938856,150.918083,41,0,2,1,1,0,0,0,2,0,7,100,2,1383,1383,1,5,0,2,0,0,0,0
1339827,3,2023,2023,2,5,8,49,31,83,34609,0,1,10,-29.712832,152.936655,18,2,1,1,0,0,0,0,2,0,0,50,0,6545,6545,4,0,0,3,0,0,0,0
1339845,3,2023,2023,2,1,6,3371,17,8,3342,0,1,2,-30.782662,152.890203,47,1,0,1,0,0,3,3,2,0,7,100,2,1945,1945,5,10,40,1,0,0,0,0
1339854,3,2023,2023,2,3,5,3,6,161,34609,0,1,1,-33.722262,151.170377,36,0,2,1,0,0,3,4,2,0,7,50,0,387,387,1,5,13,2,0,0,0,0
1339856,3,2023,2023,2,2,6,293,31,128,369,0,1,9,-33.624641,150.799693,29,2,2,0,1,0,0,0,2,0,0,60,2,2852,2852,4,33,5,3,0,0,0,0
1339864,3,2023,2023,2,2,7,2209,17,144,2205,0,1,9,-34.064712,151.01773,68,0,2,1,1,0,0,0,2,2,7,70,2,14295,14295,3,5,40,2,0,0,0,0
1339888,3,2023,2023,2,1,7,171,31,273,34609,1,2,1,-34.420079,150.897153,80,0,2,1,2,0,0,0,2,0,7,40,0,1282,1282,1,33,5,2,0,0,0,0
1339892,3,2023,2023,2,2,8,1,31,77,34609,0,1,9,-32.936016,151.750937,48,0,2,1,1,0,0,0,2,0,7,40,0,9859,9859,1,30,5,2,0,0,0,0
1339893,3,2023,2023,9,6,5,2261,17,70,2252,0,1,2,-34.731053,149.979133,26,1,0,1,0,0,0,0,2,0,7,110,2,1383,1383,1,3,0,2,0,0,0,0
1339946,3,2023,2023,2,2,7,2209,17,130,2205,0,1,9,-34.461898,150.83849,80,0,2,1,2,0,0,0,2,2,7,60,1,926,926,4,5,40,2,0,0,0,0
1339964,3,2023,2023,2,5,8,1,1,95,34609,0,1,1,-33.741064,150.840233,7,0,2,1,0,0,0,0,2,0,7,50,0,1282,1282,1,33,5,2,0,0,0,0
1339972,3,2023,2023,2,5,2,3371,17,8,3342,0,1,2,-30.766362,152.903717,47,1,0,0,0,0,3,3,1,0,7,110,2,4552,5151,8,0,40,1,0,0,0,0
1339977,3,2023,2023,2,5,3,90,31,174,165,0,1,2,-33.894755,151.216186,69,0,2,1,2,0,0,0,0,0,7,60,2,9859,9859,1,5,25,2,0,0,0,0
1339983,3,2023,2023,9,3,0,866,17,278,793,0,1,1,-33.770784,151.051069,54,0,2,0,2,0,3,4,0,0,7,60,2,4552,5151,8,10,40,1,0,0,0,0
1339989,3,2023,2023,1,2,1,59,10,50,231,0,1,7,-33.508673,151.337965,16,2,2,0,2,0,0,0,0,0,0,70,2,14295,14295,3,5,5,2,0,0,0,0
1339991,3,2023,2023,5,5,1,29,31,226,34609,0,1,1,-33.769527,150.804604,7,0,2,1,0,0,0,0,0,0,7,50,0,9859,9859,1,5,5,2,0,0,0,0
1340004,3,2023,2023,5,5,9,45,31,179,34609,0,1,1,-33.768608,150.724043,55,0,2,0,0,0,0,0,3,0,7,50,0,4552,5151,1,30,5,2,0,0,0,0
1340006,3,2023,2023,11,3,3,27,1,53,34609,0,1,1,-35.135813,147.343658,75,2,1,0,1,0,3,3,2,0,7,50,0,1259,5151,8,5,40,1,0,0,0,0
1340017,3,2023,2023,11,0,6,2261,17,35,2252,0,1,3,-34.19016,150.714076,79,1,2,1,3,0,0,0,2,0,7,110,2,9859,9859,8,0,40,1,0,0,0,0
1340033,3,2023,2023,11,6,10,346,17,44,332,0,1,7,-28.861435,153.520625,2,2,1,0,2,0,0,0,0,0,0,60,2,1259,5151,8,10,40,1,0,0,0,0
1340035,3,2023,2023,10,0,7,55,10,96,47,0,1,1,-33.43597,151.404425,16,2,2,1,3,0,0,0,2,0,7,70,2,14295,14295,3,5,5,2,0,0,0,0
1340091,3,2023,2023,9,5,3,7,7,128,34609,0,1,1,-33.414808,151.326515,16,2,2,1,1,0,0,0,2,0,7,50,0,248,248,1,3,5,2,0,0,0,0
1340124,3,2023,2023,2,1,0,38,27,218,70,0,1,2,-33.745175,150.777778,55,0,2,1,2,0,0,0,0,0,7,60,1,9859,9859,8,0,40,1,0,0,0,0
1340125,3,2023,2023,9,1,3,36,31,56,70,0,1,10,-33.7605,150.781173,55,0,2,1,2,0,0,0,1,3,7,60,1,515,515,1,5,12,2,0,0,0,0
1340130,3,2023,2023,9,0,10,27,31,26,34609,0,1,1,-33.109041,151.523415,37,0,2,1,3,0,2,6,3,0,7,50,0,175,188,1,5,36,2,0,0,0,0
1340139,3,2023,2023,2,6,0,72,31,204,331,0,1,9,-33.939555,151.151385,4,0,2,1,2,0,0,0,0,2,7,60,2,186,186,1,33,5,2,0,0,0,0
1340142,3,2023,2023,9,0,3,6,27,6,34609,0,1,10,-34.864837,150.631059,63,2,1,1,2,0,0,0,0,0,7,50,0,9859,9859,8,0,40,1,0,0,0,0
1340146,3,2023,2023,2,6,8,38,27,78,38,0,1,9,-33.392782,151.452405,16,2,2,0,3,0,0,0,2,0,0,60,1,926,926,4,0,0,2,0,0,0,0
1340164,3,2023,2023,2,6,2,20,27,132,148,0,1,4,-34.073645,151.057463,68,0,2,0,3,0,3,4,1,0,7,50,2,2585,4009,8,10,40,1,0,0,0,0
1340165,3,2023,2023,9,6,9,8,31,387,140,0,1,9,-33.921491,151.18423,4,0,2,0,3,0,3,4,2,2,7,60,2,1282,1282,1,0,35,2,0,0,0,0
1340166,3,2023,2023,2,6,0,111,27,102,233,0,1,9,-33.96181,151.23119,59,0,2,1,2,0,0,0,0,0,7,60,2,9859,9859,1,5,12,2,0,0,0,0
1340167,3,2023,2023,2,2,10,3,18,10,34609,0,1,9,-34.727674,149.669461,26,1,0,1,3,0,0,0,0,0,0,100,0,926,926,4,30,0,2,0,0,0,0
1340169,3,2023,2023,2,3,3,481,17,562,483,0,1,10,-32.208052,148.618697,22,2,1,1,3,0,0,0,1,0,0,80,2,6545,6545,4,10,13,2,0,0,0,0
1340171,3,2023,2023,9,6,8,478,17,22,480,0,1,1,-33.327421,151.509024,16,2,2,0,3,0,3,4,2,0,7,70,2,3775,3775,0,5,13,2,0,0,0,0
1340204,3,2023,2023,9,6,10,63,31,92,34609,0,1,1,-33.870826,150.97037,24,0,2,1,2,0,0,0,3,0,7,50,0,1109,787,1,10,5,3,0,0,0,0
1340208,3,2023,2023,2,2,1,1,10,9,34609,0,1,1,-32.72883,152.118718,57,2,1,1,2,0,0,0,0,0,7,50,0,9859,9859,1,0,5,2,0,0,0,0
1340213,3,2023,2023,2,6,2,3371,17,38,3342,0,1,2,-30.251716,153.132541,19,2,1,0,2,0,0,0,0,0,7,60,2,1850,1463,5,10,40,1,0,0,0,0
1340218,3,2023,2023,2,4,6,3371,17,54,3342,0,1,9,-33.087613,151.638671,37,0,2,1,1,0,0,0,2,0,0,60,2,9859,9859,8,5,40,1,0,0,0,0
1340224,3,2023,2023,9,5,9,20,27,438,34609,0,1,1,-33.848865,151.033652,21,0,2,1,2,0,0,0,3,0,7,50,0,9859,9859,1,33,0,2,0,0,0,0
1340231,3,2023,2023,2,0,4,34,27,225,69,0,1,1,-33.795922,151.177502,77,0,2,1,1,0,0,0,2,0,7,50,2,1383,1383,1,33,5,2,0,0,0,0
1340233,3,2023,2023,2,2,3,344,27,363,369,0,1,10,-33.747036,150.714261,55,0,2,1,0,0,0,0,2,2,7,70,2,5929,5929,1,5,13,2,0,0,0,0
1340234,3,2023,2023,2,1,3,11,27,36,34609,0,1,1,-33.796971,150.941191,21,0,2,1,1,0,0,0,2,0,7,50,0,1282,1282,1,33,0,2,0,0,0,0
1340237,3,2023,2023,2,6,3,3371,17,108,3342,0,1,9,-33.81016,151.177514,77,0,2,1,1,0,0,0,1,0,7,60,2,1391,1391,1,0,0,2,0,0,0,0
1340239,3,2023,2023,9,4,9,225,17,50,180,0,1,1,-34.568232,150.666493,62,0,2,0,3,0,0,3,3,0,7,60,2,380,714,5,0,40,1,0,0,0,0
1340240,3,2023,2023,2,2,5,149,36,15,113,0,1,9,-32.354952,152.505869,43,1,0,1,3,0,0,0,2,0,7,100,1,150,150,4,30,0,2,0,0,0,0
1340242,3,2024,2024,4,1,6,387,27,6,17,0,1,1,-31.928465,149.012275,22,1,0,1,3,0,0,0,2,0,7,100,1,945,945,5,0,40,1,0,0,0,0
1340244,3,2023,2023,2,4,8,84,10,39,80,0,1,9,-34.318407,150.916707,80,0,2,1,3,0,0,0,2,0,15,50,2,5929,5929,1,34,0,2,0,0,0,0
1340246,3,2023,2023,2,5,11,42,27,134,56,0,1,10,-33.890174,151.241958,76,0,2,1,2,0,0,0,0,2,7,50,1,5929,5929,1,0,5,2,0,0,0,0
1340250,3,2023,2023,2,4,5,2,10,20,34609,0,1,9,-33.939579,150.844818,41,0,2,0,3,0,0,0,2,0,0,50,0,256,256,4,5,41,2,0,0,0,0
1340251,3,2023,2023,2,2,1,7,31,105,34609,0,1,1,-32.590985,149.576601,44,2,1,1,3,0,0,0,0,0,7,50,0,4026,4026,1,5,5,2,0,0,0,0
1340252,3,2023,2023,2,5,2,191,27,193,208,0,1,9,-33.788518,151.085717,61,0,2,1,3,0,0,0,1,2,7,60,2,945,945,5,0,40,1,0,0,0,0
1340253,3,2023,2023,2,0,6,115,27,138,114,0,1,1,-33.872946,151.273886,76,0,2,1,3,0,0,0,2,0,7,50,2,237,162,8,5,40,1,0,0,0,0
1340254,3,2023,2023,2,2,10,5,31,57,34609,0,1,1,-34.668584,150.851741,35,2,1,1,3,0,3,4,4,0,7,40,0,475,475,5,0,40,1,0,0,0,0
1340258,3,2023,2023,2,5,5,36,27,86,34609,0,1,1,-33.760639,150.951273,7,0,2,1,3,0,0,0,2,0,7,50,0,1981,1981,4,5,13,2,0,0,0,0
1340260,3,2024,2024,4,1,9,2,22,134,34609,0,1,1,-33.516059,151.300576,16,2,2,0,3,0,0,3,3,0,7,50,0,1259,5151,8,5,40,1,0,0,0,0
1340264,3,2023,2023,2,2,6,98,27,294,799,0,1,10,-33.92881,150.962285,41,0,2,1,3,0,0,0,2,2,9,70,2,1383,1383,1,5,5,2,0,0,0,0
1340265,3,2023,2023,2,3,5,3371,17,27,3342,0,1,2,-30.142342,153.193118,19,1,0,1,0,0,3,4,2,0,7,110,2,4026,4026,8,5,40,1,0,0,0,0
1340266,3,2023,2023,2,1,5,485,27,52,769,0,1,9,-33.700128,150.92862,7,0,2,1,3,0,0,0,2,2,7,80,2,2852,2852,4,9,5,2,0,0,0,0
1340267,3,2023,2023,2,0,9,2,31,91,34609,0,1,1,-33.970866,151.095366,25,0,2,1,3,0,0,0,3,0,7,50,0,941,941,1,5,5,2,0,0,0,0
1340270,3,2024,2024,4,5,10,37,31,273,87,0,1,1,-34.425289,150.899916,80,0,2,1,3,0,0,0,0,0,7,60,2,1391,1391,1,0,0,2,0,0,0,0
1340271,3,2023,2023,2,2,5,224,27,49,321,0,1,1,-33.96067,151.212903,4,0,2,1,3,0,3,4,2,0,7,50,2,1945,1945,5,5,40,1,0,0,0,0
1340273,3,2024,2024,4,1,7,47,27,65,34609,0,1,1,-32.926054,151.783719,48,0,2,1,3,0,0,0,2,0,7,30,0,248,248,1,0,5,2,0,0,0,0
1340274,3,2024,2024,4,6,8,46,36,11,46,0,1,1,-32.998116,149.081418,22,1,0,0,3,0,0,0,2,0,7,100,1,4552,5151,8,0,40,1,0,0,0,0
1340278,3,2023,2023,2,2,7,2126,17,283,2149,0,1,10,-33.827669,151.005262,54,0,2,1,3,0,0,0,2,2,7,60,2,1383,1383,1,5,5,2,0,0,0,0
1340279,3,2023,2023,9,2,4,3371,17,207,3342,0,1,1,-33.559836,151.191333,31,0,2,0,3,0,0,0,2,0,7,70,2,1850,1463,5,16,40,1,0,0,0,0
1340281,3,2024,2024,4,6,7,62,10,91,169,0,1,10,-32.813624,151.635647,48,0,2,1,3,0,0,0,2,2,7,60,2,14295,14295,3,0,13,3,0,0,0,0
1340282,3,2023,2023,2,6,6,21,27,38,22,0,1,1,-32.769891,151.945376,57,1,0,1,3,0,0,0,2,0,7,90,1,9859,9859,8,9,40,1,0,0,0,0
1340285,3,2023,2023,2,3,10,4,10,463,34609,0,1,9,-30.303172,153.138025,19,2,1,1,3,0,3,3,0,0,7,50,0,5929,5929,1,5,36,2,0,0,0,0
1340287,3,2023,2023,9,5,6,2126,17,247,2149,0,1,9,-33.807318,150.933714,21,0,2,1,3,0,3,3,2,2,7,80,2,14295,14295,3,8,0,3,0,0,0,0
1340288,3,2023,2023,2,0,3,2209,17,201,2205,0,1,9,-34.876986,150.605015,63,2,1,1,3,0,3,3,1,2,7,70,2,5929,5929,1,5,13,2,0,0,0,0
1340289,3,2023,2023,2,0,5,294,17,26,288,0,1,1,-34.668937,146.187706,51,1,0,1,3,0,3,4,2,0,7,110,2,9859,9859,8,0,40,1,0,0,0,0
1340294,3,2024,2024,4,6,7,10,27,8,80,0,1,9,-32.988289,151.715265,37,0,2,1,3,0,0,0,2,0,0,60,1,5929,5929,1,0,5,2,0,0,0,0
1340296,3,2023,2023,2,0,3,2209,17,35,2205,0,1,1,-35.496283,150.331406,63,1,0,0,3,0,3,4,1,0,7,100,2,1259,5151,8,5,40,1,0,0,0,0
1340299,3,2024,2024,4,5,10,346,17,44,332,0,1,7,-28.861875,153.519824,2,2,1,0,3,0,0,0,0,0,0,60,1,1192,1192,1,5,5,2,0,0,0,0
1340301,3,2023,2023,2,0,5,3371,17,19,3342,0,1,7,-31.462705,152.821079,56,1,0,1,3,0,0,0,2,0,0,110,2,623,623,3,5,5,2,0,0,0,0
1340303,3,2024,2024,4,5,6,3371,17,3,3342,0,1,2,-30.411834,153.026023,19,1,0,1,3,0,0,0,2,0,7,110,2,9859,9859,8,0,40,1,0,0,0,0
1340307,3,2024,2024,4,1,6,283,27,253,702,0,1,9,-33.965683,151.094594,25,0,2,1,3,0,3,3,2,2,7,60,2,14295,14295,3,5,36,2,0,0,0,0
1340308,3,2023,2023,9,6,7,330,27,108,605,0,1,9,-33.760981,151.277067,50,0,2,0,3,0,3,4,2,0,15,60,2,14295,14295,3,5,0,2,0,0,0,0
1340314,3,2024,2024,4,6,6,3,27,65,34609,0,1,9,-33.393158,151.403836,16,2,2,1,3,0,0,0,2,0,15,60,0,2852,2852,4,0,13,2,0,0,0,0
1340315,3,2024,2024,4,4,9,81,31,646,80,0,1,10,-33.916108,151.014042,15,0,2,1,3,0,0,0,3,2,7,60,1,3775,3775,0,5,13,3,0,0,0,0
1340316,3,2023,2023,2,3,9,37,27,13,41,0,1,1,-28.85589,153.290035,39,2,1,0,3,0,3,4,3,0,7,80,1,1957,4009,8,30,40,1,0,0,0,0
1340318,3,2023,2023,10,2,9,5,27,2,34609,0,1,1,-28.99844,153.378808,39,1,0,0,0,0,0,0,2,0,7,100,0,4552,5151,8,10,40,1,0,0,0,0
1340319,3,2023,2023,2,2,11,149,27,294,198,0,1,10,-33.941845,150.942222,41,0,2,1,3,0,3,4,0,2,7,60,2,5929,5929,1,0,13,2,0,0,0,0
1340320,3,2023,2023,2,5,8,829,31,155,34609,0,1,1,-33.129786,148.160541,53,2,1,1,3,0,0,0,2,0,7,50,0,9859,9859,1,5,13,2,0,0,0,0
1340322,3,2023,2023,2,3,6,27,36,83,34609,0,1,2,-30.131877,153.194844,19,2,1,0,3,0,3,4,2,0,7,60,0,1957,4009,8,10,40,1,0,0,0,0
1340325,3,2023,2023,2,3,11,2,27,4,34609,0,1,1,-33.042207,151.61414,37,0,2,0,3,0,3,3,0,0,7,50,0,1957,4009,1,10,0,3,0,0,0,0
1340327,3,2023,2023,2,3,11,3,10,134,34609,0,1,9,-33.52028,151.305385,16,2,2,1,3,0,3,4,0,0,7,50,0,1957,777,8,5,40,1,0,0,0,0
1340331,3,2024,2024,4,6,4,12,31,24,34609,0,1,9,-33.969585,151.250586,59,0,2,1,3,0,0,0,2,0,7,50,0,63,63,4,5,5,2,0,0,0,0
1340332,3,2023,2023,2,2,7,83,27,4,34609,0,1,9,-28.669304,153.582429,10,2,1,1,3,0,0,0,2,0,0,80,0,14295,14295,3,9,5,2,0,0,0,0
1340333,3,2024,2024,4,1,5,147,27,224,605,0,1,9,-33.825517,151.233408,45,0,2,1,3,0,0,0,2,0,7,60,2,515,515,1,5,22,2,0,0,0,0
1340337,3,2023,2023,2,0,8,1,10,9,34609,0,1,10,-32.672298,151.686566,57,2,1,1,3,0,3,3,2,0,15,80,0,9859,9859,8,5,40,1,0,0,0,0
1340339,3,2023,2023,2,1,6,8,27,210,34609,0,1,10,-34.037046,151.101636,68,0,2,1,3,0,0,0,2,2,7,50,0,6545,6545,4,5,5,2,0,0,0,0
1340343,3,2024,2024,4,0,6,478,17,128,480,0,1,2,-33.427744,151.322041,16,2,2,1,3,0,0,3,2,0,7,70,2,1981,1981,4,10,5,2,0,0,0,0
1340345,3,2024,2024,4,4,7,47,27,293,69,0,1,10,-33.942314,151.244349,59,0,2,1,3,0,3,4,2,0,7,50,1,5929,5929,1,0,5,2,0,0,0,0
1340346,3,2023,2023,2,2,8,133,17,9,121,0,1,1,-36.510786,149.285307,65,2,1,0,3,0,0,0,4,0,7,50,2,782,957,5,0,40,1,0,0,0,0
1340350,3,2023,2023,2,0,8,2261,17,41,2252,0,1,2,-35.055865,148.095066,20,1,0,0,3,0,3,4,2,0,7,110,2,1850,1463,5,0,40,1,0,0,0,0
1340363,3,2024,2024,4,4,9,6,31,89,34609,0,1,7,-33.894773,151.230531,69,0,2,1,1,0,3,0,2,0,0,40,0,9859,9859,8,15,40,1,0,0,0,0
1340369,3,2023,2023,2,2,8,48,27,70,166,0,1,10,-33.258583,151.512895,16,2,2,1,1,0,0,0,2,0,7,40,2,1669,1669,3,0,0,2,0,0,0,0
1340374,3,2023,2023,2,4,7,2261,17,70,2252,0,1,2,-34.629459,150.168281,78,1,0,1,0,0,0,3,2,0,7,110,2,1192,1192,1,10,13,2,0,0,0,0
1340390,3,2023,2023,2,1,9,1052,14,118,928,0,1,3,-33.427856,151.275897,16,1,2,1,0,0,3,3,0,0,7,110,2,4026,4026,8,5,40,1,0,0,0,0
1340401,3,2023,2023,2,5,9,2126,17,179,2149,0,1,2,-33.757177,150.713212,55,0,2,1,2,0,0,0,0,0,7,60,2,14295,14295,3,10,5,2,0,0,0,0
1340431,3,2023,2023,11,0,5,3371,17,73,3342,0,1,2,-33.77389,151.167375,36,0,2,0,1,0,0,0,2,0,7,60,2,1957,4009,1,33,0,2,0,0,0,0
1340445,3,2024,2024,4,5,11,4,31,20,34609,0,1,1,-33.416958,151.457084,16,2,2,1,2,0,0,0,0,0,7,50,0,1282,1282,1,33,5,2,0,0,0,0
1340488,3,2024,2024,4,1,2,280,10,46,240,1,0,10,-33.88661,150.967936,24,0,2,0,2,0,3,0,0,2,7,60,2,4552,5151,8,5,40,1,0,0,0,0
1340507,3,2024,2024,4,1,1,31,27,18,34609,0,1,1,-33.829315,151.109861,61,0,2,1,1,0,0,0,0,0,7,50,0,1282,1282,1,0,40,1,0,0,0,0
1340523,3,2024,2024,4,1,10,4,27,104,34609,0,1,1,-33.837183,151.221971,49,0,2,0,0,0,0,0,0,0,7,50,0,1282,1282,1,33,5,2,0,0,0,0
1340524,3,2023,2023,2,1,10,1,27,22,122,0,1,2,-34.51874,150.872014,80,0,2,1,2,0,3,3,3,0,7,80,2,475,475,5,0,40,1,0,0,0,0
1340546,3,2023,2023,9,3,2,2,31,128,34609,0,1,1,-33.424671,151.330151,16,2,2,1,1,0,0,3,1,0,7,50,0,4026,4026,1,0,5,3,0,0,0,0
1340548,3,2023,2023,2,2,7,475,10,100,268,0,1,9,-33.890543,150.88489,24,0,2,1,1,0,0,0,2,2,7,70,2,14295,14295,3,33,5,2,0,0,0,0
1340552,3,2023,2023,2,1,11,3,27,2,34609,0,1,1,-28.292617,153.301362,72,1,0,0,0,0,3,4,0,0,7,100,0,418,714,5,10,40,1,0,0,0,0
1340577,3,2023,2023,9,4,0,55,36,155,95,0,1,1,-33.187608,148.489543,53,1,0,0,0,0,3,4,0,0,7,100,2,1089,1089,7,5,40,1,0,0,0,0
1340595,3,2023,2023,2,4,11,55,10,112,47,0,1,7,-33.439708,151.424071,16,2,2,1,2,0,0,0,0,0,0,60,2,1259,985,8,5,40,1,0,0,0,0
1340611,3,2023,2023,1,0,11,4,31,9,34609,0,1,1,-33.928728,151.146682,4,0,2,1,2,0,0,0,0,0,7,50,0,9859,9859,1,5,8,2,0,0,0,0
1340623,3,2023,2023,11,6,10,6,1,228,34609,0,1,1,-34.730631,149.723196,26,2,1,1,3,0,0,0,0,0,7,50,0,3775,3775,0,0,5,2,0,0,0,0
1340645,3,2023,2023,10,2,8,41,10,63,34609,0,1,1,-28.190163,153.508397,72,2,1,1,0,0,3,2,2,0,7,50,0,4026,4026,8,0,40,1,0,0,0,0
1340658,3,2023,2023,10,4,2,78,27,31,61,0,1,9,-33.894152,151.021573,15,0,2,1,2,0,0,0,1,0,0,60,1,9859,9859,1,5,5,3,0,0,0,0
1340665,3,2023,2023,10,3,8,87,31,532,55,0,1,9,-33.861994,151.213004,69,0,2,1,0,0,0,6,2,0,7,40,1,1282,1282,1,33,0,2,0,0,0,0
1340666,3,2023,2023,9,3,9,3,31,166,34609,1,0,9,-33.412388,149.565146,3,2,1,1,3,0,0,0,2,0,7,50,0,4026,4026,8,5,40,1,0,0,0,0
1340708,3,2023,2023,9,5,9,2,1,8,34609,0,1,0,-33.896496,151.267963,76,0,2,1,0,0,3,4,3,0,7,50,0,190,190,1,5,5,2,0,0,0,0
1340728,3,2023,2023,2,5,5,9,31,138,34609,0,1,1,-33.872651,151.274685,76,0,2,1,1,0,0,0,2,0,7,50,0,1282,1282,1,33,0,2,0,0,0,0
1340751,3,2023,2023,2,2,10,15,27,134,34609,0,1,1,-33.965875,150.810402,12,0,2,1,2,0,3,4,0,0,7,70,0,9859,9859,8,5,40,1,0,0,0,0
1340763,3,2023,2023,2,1,10,7,31,49,34609,0,1,1,-32.986873,151.679282,37,0,2,1,2,0,3,4,0,0,7,50,0,4026,4026,8,0,40,1,0,0,0,0
1340778,3,2023,2023,2,2,9,13,31,43,34609,0,1,10,-36.11212,144.759689,51,2,1,1,3,0,0,0,3,0,0,50,0,6545,6545,4,10,40,2,0,0,0,0
1340790,3,2023,2023,2,1,9,2261,17,70,2252,0,1,9,-34.618722,150.212807,78,1,0,1,3,0,3,4,2,0,7,110,2,4026,4026,8,10,40,1,0,0,0,0
1340795,3,2023,2023,2,4,9,78,17,39,75,0,1,2,-33.849417,151.212371,49,0,2,0,1,0,0,0,2,0,7,70,2,1383,1383,1,5,13,4,0,0,0,0
1340812,3,2024,2024,4,0,5,48,31,29,34609,0,1,1,-31.273998,149.280065,51,2,1,1,3,0,0,0,2,0,7,50,0,1981,1981,4,5,13,2,0,0,0,0
1340813,3,2024,2024,4,6,10,7,27,363,34609,0,1,9,-33.759678,150.67589,55,0,2,1,3,0,0,0,0,0,7,50,0,1109,787,1,5,0,2,0,0,0,0
1340826,3,2024,2024,4,3,10,7,27,523,34609,0,1,1,-33.929369,150.920356,41,0,2,1,3,0,0,0,0,0,7,50,0,9859,9859,8,5,40,1,0,0,0,0
1340827,3,2023,2023,2,2,11,22,31,218,34609,0,1,9,-33.780374,150.769989,55,0,2,1,3,0,0,0,0,0,15,50,0,4552,985,8,30,40,1,0,0,0,0
1340831,3,2024,2024,4,0,6,7,31,133,34609,0,1,1,-33.934874,151.016508,15,0,2,0,3,0,0,3,2,0,7,50,0,4552,5151,1,10,40,2,0,0,0,0
1340832,3,2024,2024,4,1,8,191,27,20,208,0,1,9,-33.802038,151.100493,61,0,2,0,3,0,3,4,2,0,7,60,2,3775,3775,0,5,5,2,0,0,0,0
1340836,3,2024,2024,4,5,10,1,31,53,34609,0,1,9,-31.860303,152.36833,43,2,1,1,3,0,0,3,0,0,7,50,0,9859,9859,1,5,0,2,0,0,0,0
1340837,3,2023,2023,2,0,7,117,1,210,121,0,1,2,-34.038976,151.092945,68,0,2,1,3,0,0,0,2,0,7,60,1,1981,1981,4,5,40,2,0,0,0,0
1340838,3,2024,2024,4,0,7,3,27,29,34609,0,1,1,-35.108795,150.637718,63,2,1,1,3,0,0,3,2,0,7,50,0,1981,1981,4,0,5,2,0,0,0,0
1340840,3,2024,2024,4,2,6,64,31,67,94,0,1,1,-33.885009,151.014458,15,0,2,1,3,0,0,0,2,0,7,60,1,9859,9859,1,5,12,2,0,0,0,0
1340844,3,2024,2024,4,2,6,19,31,433,40,0,1,1,-33.286837,149.103088,52,2,1,1,3,0,0,0,2,0,7,50,1,1981,1981,4,0,22,2,0,0,0,0
1340851,3,2024,2024,4,6,4,11,27,105,34609,0,1,1,-32.714338,151.537923,42,2,1,1,3,0,0,3,2,0,7,60,0,1669,1669,3,5,5,2,0,0,0,0
1340853,3,2023,2023,2,6,11,3,27,49,34609,0,1,1,-34.400855,147.46739,51,1,0,1,3,0,0,0,0,0,7,100,0,404,404,8,10,40,1,0,0,0,0
1340856,3,2024,2024,4,0,7,4,27,65,19,0,1,1,-33.701357,151.289939,50,0,2,0,3,0,0,0,2,0,7,50,1,3775,3775,0,0,19,2,0,0,0,0