Crash ID,Degree of crash - detailed,Reporting year,Year of crash,Month of crash,Day of week of crash,Two-hour intervals,Street of crash,Street type,Town,Route no.,School zone location,School zone active,Type of location,Latitude,Longitude,LGA,Urbanisation,Conurbation 1,Alignment,Street lighting,Road surface,Surface condition,Weather,Natural lighting,Signals operation,Other traffic control,Speed limit,Road classification,RUM - code,DCA - code,First impact type,Key TU type,Other TU type,No. of traffic units involved,No. killed,No. seriously injured,No. moderately injured,No. minor-other injured
1340857,3,2023,2023,9,2,6,63,27,20,34609,0,1,1,-32.964402,151.558663,37,0,2,1,3,0,3,3,2,0,7,80,0,3775,3775,0,5,0,2,0,0,0,0
1340862,3,2024,2024,4,0,4,27,27,251,136,0,1,9,-33.767372,150.948888,7,0,2,1,3,0,0,3,2,2,7,60,2,14295,14295,3,5,35,2,0,0,0,0
1340863,3,2024,2024,4,1,7,117,1,49,35,0,1,1,-33.966319,151.150745,4,0,2,1,3,0,3,4,2,2,7,60,2,1669,1669,3,5,5,2,0,0,0,0
1340868,3,2023,2023,2,3,3,334,17,6,308,0,1,9,-31.658854,148.444012,51,1,0,1,3,0,0,0,2,0,7,110,2,1089,1089,7,10,40,1,0,0,0,0
1340871,3,2024,2024,4,5,0,334,17,316,308,0,1,7,-31.448494,152.878915,56,2,1,0,3,0,0,0,0,0,0,70,2,1259,5151,8,5,40,1,0,0,0,0
1340873,3,2023,2023,2,4,3,31,31,73,19,0,1,10,-33.87256,151.217838,69,0,2,1,3,0,0,0,2,2,7,50,2,14295,14295,3,10,5,2,0,0,0,0
1340875,3,2024,2024,4,5,3,24,27,115,52,0,1,10,-33.9102,151.175521,32,0,2,0,3,0,0,0,1,2,7,50,1,1957,4009,8,5,40,1,0,0,0,0
1340877,3,2024,2024,4,5,7,3371,17,463,3342,0,1,2,-30.27961,153.132045,19,2,1,1,3,0,0,0,2,0,7,60,2,1383,1383,1,5,13,2,0,0,0,0
1340879,3,2024,2024,4,0,6,53,31,77,34609,0,1,1,-32.938536,151.744787,48,0,2,1,3,0,0,0,2,0,7,50,0,9859,9859,1,5,13,2,0,0,0,0
1340880,3,2024,2024,4,5,7,3371,17,463,3342,0,1,2,-30.276982,153.136415,19,2,1,0,3,0,3,4,2,0,7,60,2,14295,14295,3,9,0,2,0,0,0,0
1340882,3,2024,2024,4,6,5,43,27,18,46,0,1,1,-28.385418,153.566445,72,2,1,1,3,0,0,0,2,0,7,50,1,248,248,1,30,0,2,0,0,0,0
1340884,3,2024,2024,4,0,3,22,27,160,260,0,1,2,-33.118564,151.465693,37,0,2,1,3,0,0,0,1,0,7,60,2,9859,9859,8,10,40,1,0,0,0,0
1340887,3,2024,2024,4,4,3,6,27,11,34609,0,1,10,-28.311761,153.426622,72,2,1,1,3,0,0,0,1,0,15,60,0,6545,6545,4,0,0,2,0,0,0,0
1340889,3,2023,2023,11,4,6,348,27,363,88,0,1,7,-33.743206,150.691797,55,0,2,0,3,0,0,0,2,0,7,60,2,1192,1192,1,29,0,2,0,0,0,0
1340890,3,2024,2024,4,6,5,48,27,20,62,0,1,1,-35.486297,148.152395,66,1,0,0,3,0,0,3,2,0,7,100,2,1669,1669,3,0,0,2,0,0,0,0
1340892,3,2024,2024,4,6,10,48,27,20,62,0,1,1,-35.509133,148.14757,66,2,1,0,3,0,0,0,0,0,7,80,2,273,957,5,5,40,1,0,0,0,0
1340893,3,2024,2024,4,6,0,21,27,309,34609,0,1,9,-33.808615,151.119913,61,0,2,0,3,0,3,0,0,0,7,50,0,4552,5151,8,5,40,1,0,0,0,0
1340895,3,2024,2024,4,5,0,52,27,67,34609,0,1,1,-33.885157,151.009008,15,0,2,1,3,0,0,0,0,0,7,50,0,9859,9859,1,0,10,2,0,0,0,0
1340897,3,2024,2024,4,4,4,92,31,82,34609,0,1,1,-34.371783,150.904719,80,0,2,1,3,0,0,0,2,0,7,50,0,9859,9859,1,5,0,2,0,0,0,0
1340898,3,2024,2024,4,3,7,475,31,532,34609,0,1,10,-33.866346,151.210736,69,0,2,1,3,0,0,0,2,2,7,40,0,5929,5929,1,5,5,2,0,0,0,0
1340902,3,2024,2024,4,2,5,2126,17,75,2149,0,1,9,-33.710602,150.375598,8,2,2,1,3,0,0,0,2,2,7,60,2,14295,14295,3,0,12,2,0,0,0,0
1340903,3,2023,2023,9,0,6,330,27,121,102,1,0,7,-33.786511,151.280934,50,0,2,0,3,0,0,0,2,0,0,50,2,1391,1391,1,16,13,2,0,0,0,0
1340907,3,2023,2023,2,4,5,1052,14,149,928,0,1,3,-33.35976,151.338823,16,1,2,0,3,0,3,4,2,0,7,110,2,2585,4009,8,10,40,1,0,0,0,0
1340908,3,2023,2022,9,4,6,1,2,239,34609,0,1,9,-34.026224,151.124393,68,0,2,1,3,0,0,3,2,0,0,50,0,2852,2852,4,5,19,2,0,0,0,0
1340909,3,2024,2024,4,6,7,1,1,204,34609,0,1,9,-33.891738,151.123546,32,0,2,1,3,0,0,0,2,0,0,50,0,4552,985,8,5,40,1,0,0,0,0
1340916,3,2023,2023,2,0,5,8,31,8,34609,1,0,1,-33.806942,151.256155,50,0,2,1,0,0,0,0,2,0,7,50,0,175,188,8,5,40,1,0,0,0,0
1340919,3,2024,2024,4,4,10,62,23,6,34609,0,1,1,-32.737206,152.031955,57,2,1,0,3,0,0,0,0,0,7,50,0,248,248,1,5,5,2,0,0,0,0
1340921,3,2024,2024,4,5,7,12,1,283,34609,0,1,9,-33.835191,151.010785,21,0,2,1,3,0,0,0,2,0,7,50,0,9859,9859,1,8,0,2,0,0,0,0
1340926,3,2023,2023,2,0,5,5,27,19,34609,0,1,9,-28.919842,153.222824,39,1,0,0,3,0,0,0,2,0,7,100,0,1850,1463,5,29,40,1,0,0,0,0
1340932,3,2024,2024,4,3,6,481,17,562,483,0,1,1,-32.392205,148.433721,22,1,0,0,3,0,0,3,2,0,7,110,2,1089,1089,7,5,40,1,0,0,0,0
1340933,3,2024,2024,4,5,11,89,36,4,19,0,1,9,-28.749647,152.651804,51,1,0,0,3,0,0,0,0,0,7,100,1,273,957,5,5,40,1,0,0,0,0
1340936,3,2024,2024,4,4,8,61,27,19,70,0,1,1,-33.658869,150.931354,71,0,2,0,3,0,3,4,2,0,7,70,1,1259,5151,8,5,40,1,0,0,0,0
1340938,3,2024,2024,4,1,4,83,27,16,72,0,1,1,-28.754351,153.356774,39,1,0,0,0,0,3,4,2,0,7,100,2,4552,5151,8,10,40,1,0,0,0,0
1340940,3,2024,2024,4,3,3,90,36,24,102,0,1,1,-34.528771,148.162375,20,2,1,1,0,0,0,3,2,0,7,60,2,9859,9859,8,10,40,1,0,0,0,0
1340948,3,2023,2023,2,5,7,1,1,6,34609,0,1,10,-33.714622,150.874385,7,0,2,1,1,0,0,0,2,0,7,50,0,4552,985,8,29,40,1,0,0,0,0
1340950,3,2024,2024,4,4,11,16,31,194,34609,0,1,10,-30.50822,151.669204,1,2,1,1,0,0,0,6,0,0,15,50,0,6545,6545,4,5,13,2,0,0,0,0
1340958,3,2023,2023,2,4,3,5,1,44,34609,0,1,1,-33.790795,150.977114,54,0,2,1,1,0,0,0,2,0,7,50,0,4026,4026,8,5,40,1,0,0,0,0
1340977,3,2023,2023,2,0,7,10,31,53,34609,0,1,1,-30.643042,152.991543,47,2,1,1,1,0,0,0,2,0,7,50,0,9859,9859,1,10,0,2,0,0,0,0
1340993,3,2023,2023,2,0,6,4,36,33,18,0,1,2,-36.451946,148.613684,65,2,1,1,0,0,3,4,2,0,0,80,1,782,957,5,0,40,1,0,0,0,0
1341006,3,2024,2024,4,0,5,4,10,39,34609,0,1,1,-29.427011,153.327671,18,2,1,1,1,0,0,0,2,0,7,50,0,9859,9859,1,0,0,3,0,0,0,0
1341007,3,2024,2024,4,1,0,98,27,294,198,0,1,9,-33.928242,150.931143,41,0,2,1,2,0,0,0,0,2,7,60,2,4552,985,8,5,40,1,0,0,0,0
1341036,3,2023,2023,2,0,11,196,10,115,168,0,1,2,-33.961356,151.052159,25,0,2,1,2,0,0,0,0,0,7,60,2,9859,9859,1,0,13,3,0,0,0,0
1341045,3,2024,2024,4,6,11,14,31,55,34609,0,1,1,-33.860137,151.282678,76,0,2,1,2,0,0,0,0,0,7,50,0,217,217,1,0,5,9,0,0,0,0
1341047,3,2023,2023,2,3,10,1,31,106,34609,0,1,1,-34.572916,150.798114,62,0,2,1,2,0,0,0,0,0,7,50,0,1282,1282,1,5,13,2,0,0,0,0
1341071,3,2024,2024,4,0,9,2261,17,92,2252,0,1,3,-34.002179,150.83899,13,0,2,1,0,0,0,0,3,0,7,110,2,1282,1282,1,10,5,2,0,0,0,0
1341104,3,2024,2024,4,1,8,194,31,105,34609,1,0,1,-32.6079,149.585238,44,2,1,1,1,0,0,0,2,0,7,50,0,9859,9859,8,5,40,1,0,0,0,0
1341131,3,2023,2023,2,3,10,361,23,283,125,0,1,9,-33.832707,151.011269,21,0,2,1,1,0,0,0,0,0,6,50,1,14295,14295,3,0,5,2,0,0,0,0
1341145,3,2023,2023,2,2,6,60,10,121,84,0,1,2,-28.198647,153.543688,72,2,1,1,1,0,0,3,2,0,7,60,1,14295,14295,3,5,5,3,0,0,0,0
1341146,3,2023,2023,2,0,11,8,31,182,34609,0,1,1,-32.826029,151.351346,17,2,1,1,2,0,0,0,0,0,7,50,0,9859,9859,1,5,5,2,0,0,0,0
1341155,3,2024,2024,4,3,9,14,36,48,34609,0,1,7,-28.284069,153.573559,72,2,1,1,1,0,3,4,2,0,0,50,0,3775,3775,0,10,0,2,0,0,0,0
1341163,3,2023,2023,2,6,6,1,27,76,34609,0,1,7,-33.922583,150.852237,41,0,2,1,3,0,3,4,2,0,0,50,0,237,162,8,5,40,1,0,0,0,0
1341164,3,2024,2024,4,1,10,485,27,40,769,0,1,9,-33.732349,150.972087,71,0,2,1,3,0,0,0,0,2,7,70,2,2852,2852,4,0,5,2,0,0,0,0
1341166,3,2023,2023,9,6,6,3371,17,41,3342,0,1,2,-32.808769,151.71071,57,2,1,0,3,0,0,0,2,0,7,80,2,1282,1282,1,3,5,2,0,0,0,0
1341167,3,2024,2024,4,5,6,6,27,89,34609,0,1,10,-33.383557,151.47953,16,2,2,1,3,0,0,0,2,0,0,50,0,1259,985,8,0,40,1,0,0,0,0
1341185,3,2023,2023,1,6,0,19,27,29,34609,1,0,1,-32.879894,151.696009,48,0,2,0,2,0,0,0,0,0,7,50,0,1957,4009,1,5,5,2,0,0,0,0
1341199,3,2023,2023,1,2,5,60,27,239,167,0,1,10,-34.024288,151.120787,68,0,2,1,0,0,0,0,2,2,7,70,2,5929,5929,1,30,13,2,0,0,0,0
1341202,3,2023,2023,1,6,8,3371,17,107,3342,0,1,9,-33.269413,151.441435,16,2,2,1,0,0,0,0,2,0,15,70,2,1669,1669,3,0,5,2,0,0,0,0
1341205,3,2023,2023,11,6,3,1104,14,323,962,0,1,3,-33.802169,150.88523,7,0,2,1,0,0,0,0,1,0,7,100,2,1383,1383,1,10,12,2,0,0,0,0
1341216,3,2023,2023,10,2,7,163,27,226,165,1,0,7,-33.763225,150.813868,7,0,2,1,0,0,0,0,2,0,0,60,1,6545,6545,4,5,13,3,0,0,0,0
1341222,3,2023,2023,10,0,11,18,27,253,7,0,1,1,-33.962081,151.096204,25,0,2,1,2,0,3,3,0,0,7,50,1,9859,9859,1,9,0,4,0,0,0,0
1341225,3,2023,2023,9,4,5,19,31,234,34609,0,1,10,-34.289356,146.035084,28,2,1,1,3,0,0,0,2,0,0,50,0,6545,6545,4,0,5,2,0,0,0,0
1341232,3,2023,2023,10,2,8,4,31,46,34609,0,1,1,-33.946347,151.110309,4,0,2,1,3,0,0,0,3,0,7,50,0,9859,9859,8,0,40,1,0,0,0,0
1341257,3,2023,2023,9,3,11,193,31,433,34609,1,0,1,-33.285002,149.11601,52,2,1,1,2,0,0,0,0,0,7,50,0,4026,4026,8,10,40,1,0,0,0,0
1341264,3,2023,2023,9,0,9,2261,17,64,2252,0,1,2,-33.890528,151.07976,67,0,2,1,0,0,0,0,2,0,7,60,2,1383,1383,1,5,5,2,0,0,0,0
1341269,3,2023,2023,2,0,11,8,27,138,34609,0,1,1,-33.868818,151.269339,81,0,2,1,3,0,0,0,0,0,7,50,0,248,248,1,0,0,2,0,0,0,0
1341285,3,2023,2023,9,4,4,13,27,10,14,0,1,1,-33.781619,149.328269,3,1,0,0,3,0,0,0,2,0,7,100,1,4552,5151,8,10,40,1,0,0,0,0
1341302,3,2023,2023,2,3,8,4,27,32,34609,0,1,1,-30.271964,151.67189,1,1,0,0,3,0,3,4,3,0,7,100,0,3775,3775,0,10,0,2,0,0,0,0
1341303,3,2023,2023,9,4,3,27,1,103,34609,0,1,1,-28.822703,153.342911,39,2,1,1,3,0,0,0,2,0,7,50,0,78,78,8,5,40,1,0,0,0,0
1341330,3,2023,2023,2,3,9,168,27,136,34609,0,1,1,-32.931545,151.721443,48,0,2,1,1,0,0,0,2,0,7,50,0,9859,9859,1,5,5,2,0,0,0,0
1341335,3,2023,2023,2,5,10,10,31,24,34609,0,1,1,-36.888473,149.924402,5,2,1,0,3,0,0,0,0,0,7,50,0,1850,1463,5,0,40,1,0,0,0,0
1341355,3,2023,2023,2,0,0,57,27,75,126,0,1,1,-32.765107,151.635754,42,2,1,1,2,0,0,0,0,0,7,80,2,9859,9859,8,0,40,1,0,0,0,0
1341362,3,2023,2023,2,4,8,387,27,204,331,0,1,1,-33.941379,151.135189,4,0,2,1,3,0,0,0,3,0,7,60,2,9859,9859,1,0,13,2,0,0,0,0
1341364,3,2024,2024,4,5,3,1104,14,223,962,0,1,3,-33.80526,150.914809,7,0,2,1,3,0,0,0,2,0,7,100,2,14295,14295,3,5,12,4,0,0,0,0
1341368,3,2024,2024,4,0,8,23,31,163,74,0,1,1,-33.862253,151.11162,14,0,2,1,3,0,0,0,3,0,7,50,1,9859,9859,1,5,5,3,0,0,0,0
1341397,3,2024,2024,4,1,9,27,1,53,34609,0,1,10,-35.136341,147.349605,75,2,1,1,0,0,3,0,2,0,0,50,0,6545,6545,4,5,5,2,0,0,0,0
1341404,3,2024,2024,4,5,4,866,17,278,793,1,0,10,-33.787753,151.028404,54,0,2,1,3,0,0,3,2,2,7,60,2,14295,14295,3,5,5,2,0,0,0,0
1341405,3,2024,2024,4,4,8,3371,17,463,3342,0,1,7,-30.320685,153.085652,19,2,1,0,3,0,0,0,2,0,0,60,2,782,957,5,0,40,1,0,0,0,0
1341407,3,2023,2023,2,0,6,98,27,36,34609,0,1,1,-33.536828,149.282706,51,1,0,0,3,0,3,4,2,0,7,100,0,2585,4009,8,10,40,1,0,0,0,0
1341410,3,2024,2024,4,6,8,866,17,171,793,0,1,10,-33.80278,150.971207,54,0,2,1,3,0,3,4,3,2,7,70,2,14295,14295,3,10,5,2,0,0,0,0
1341411,3,2024,2024,4,2,0,6,27,55,34609,0,1,1,-33.933764,150.901497,41,0,2,0,3,0,0,0,0,0,7,50,0,4552,5151,1,0,5,3,0,0,0,0
1341417,3,2024,2024,4,3,8,27,36,10,34609,0,1,1,-30.172916,153.171411,19,2,1,1,3,0,0,0,2,0,7,80,0,1109,787,1,0,0,2,0,0,0,0
1341419,3,2024,2024,4,0,5,1052,14,207,928,0,1,3,-33.583528,151.186866,31,0,2,0,3,0,3,4,2,0,7,110,2,14295,14295,3,10,5,2,0,0,0,0
1341420,3,2024,2024,4,1,5,8,31,22,34609,0,1,10,-33.829859,151.19932,49,0,2,0,3,0,3,3,2,0,0,50,0,5929,5929,1,10,0,2,0,0,0,0
1341422,3,2024,2024,4,5,10,2209,17,157,2205,0,1,9,-34.008057,151.105716,68,0,2,1,3,0,0,0,0,2,7,70,2,1383,1383,1,5,10,2,0,0,0,0
1341423,3,2024,2024,4,1,3,149,27,294,198,0,1,9,-33.937964,150.938621,41,0,2,1,3,0,0,0,2,2,9,60,2,775,775,4,5,12,2,0,0,0,0
1341425,3,2024,2024,4,4,0,30,24,167,34609,0,1,1,-33.840602,151.076014,54,0,2,0,3,0,3,4,0,0,7,60,0,4552,5151,8,5,40,1,0,0,0,0
1341427,3,2023,2023,2,3,6,17,31,460,92,0,1,1,-33.834787,150.994868,21,0,2,1,3,0,0,3,2,0,7,60,1,3775,3775,0,5,0,2,0,0,0,0
1341428,3,2024,2024,4,1,4,103,27,176,167,0,1,9,-33.970856,151.136311,4,0,2,1,3,0,0,0,2,0,0,60,2,5929,5929,1,0,5,2,0,0,0,0
1341432,3,2024,2024,4,2,5,55,10,96,47,0,1,9,-33.436162,151.405869,16,2,2,1,3,0,0,0,2,0,15,70,2,926,926,4,0,5,3,0,0,0,0
1341436,3,2024,2024,4,1,10,2209,17,157,2205,0,1,2,-34.008194,151.110968,68,0,2,1,3,0,3,4,0,0,7,70,2,4026,4026,8,5,40,1,0,0,0,0
1341438,3,2024,2024,4,4,8,2209,17,35,2205,0,1,10,-34.362052,150.907133,80,0,2,1,3,0,0,0,2,2,7,80,2,14295,14295,3,5,0,2,0,0,0,0
1341439,3,2024,2024,4,2,4,95,27,106,605,0,1,9,-33.67367,151.311612,50,0,2,0,3,0,0,0,2,3,7,60,2,623,623,3,21,0,2,0,0,0,0
1341440,3,2024,2024,4,4,10,916,17,172,917,0,1,10,-32.752938,151.586971,42,2,1,1,2,0,0,0,0,2,7,60,2,5929,5929,1,5,36,2,0,0,0,0
1341441,3,2023,2023,10,4,8,866,17,77,793,0,1,2,-33.726726,151.084059,31,0,2,0,3,0,0,0,2,0,7,70,2,186,186,1,9,0,2,0,0,0,0
1341442,3,2024,2024,4,1,3,128,27,61,133,0,1,1,-33.856167,150.646596,55,0,2,0,0,0,3,4,1,0,7,80,2,1957,4009,8,0,40,1,0,0,0,0
1341446,3,2024,2024,4,1,5,3371,17,147,3342,0,1,2,-33.747832,151.145441,36,0,2,1,3,0,3,4,2,0,7,60,2,3775,3775,0,10,0,3,0,0,0,0
1341447,3,2023,2023,10,4,0,157,17,18,158,0,1,1,-33.626117,149.119727,51,1,0,0,3,0,0,0,0,0,7,100,2,1089,1089,7,30,40,1,0,0,0,0
1341449,3,2023,2023,2,2,5,485,27,24,769,0,1,9,-33.656726,150.873921,7,0,2,0,3,0,0,0,2,2,7,80,2,14295,14295,3,8,36,2,0,0,0,0
1341450,3,2024,2024,4,0,8,4,31,131,34609,0,1,10,-36.077974,146.90694,0,2,1,1,1,0,0,0,2,0,0,50,0,6545,6545,4,0,13,2,0,0,0,0
1341454,3,2024,2024,4,1,0,1,31,66,34609,0,1,7,-34.485367,150.891435,80,0,2,1,3,0,0,0,0,0,0,50,0,4026,4026,8,5,40,1,0,0,0,0
1341455,3,2024,2024,4,1,4,1,27,3,34609,0,1,9,-34.478044,150.761933,80,0,2,1,3,0,3,4,2,0,15,50,0,623,623,3,5,5,2,0,0,0,0
1341460,3,2024,2024,4,1,3,42,36,6,6,0,1,1,-36.792433,148.408124,65,1,0,1,3,2,0,0,1,0,7,100,1,1945,1945,5,10,40,1,0,0,0,0
1341463,3,2024,2024,4,5,4,481,17,96,483,0,1,1,-33.342748,148.041753,51,1,0,1,3,0,0,0,2,0,7,110,2,475,475,5,0,40,1,0,0,0,0
1341464,3,2024,2024,4,6,7,232,36,64,331,0,1,9,-34.038538,150.74219,12,0,2,1,3,0,0,0,2,0,0,60,2,5929,5929,1,5,5,2,0,0,0,0
1341468,3,2024,2024,4,1,7,125,27,108,123,0,1,7,-33.307168,151.415628,16,2,2,0,3,0,0,0,2,0,0,70,2,2852,2852,4,0,5,2,0,0,0,0
1341470,3,2024,2024,4,3,8,67,27,30,78,0,1,9,-33.85739,151.145064,14,0,2,1,1,0,0,0,2,2,7,50,2,2852,2852,4,5,5,2,0,0,0,0
1341471,3,2024,2024,4,1,4,1052,14,33,928,0,1,3,-33.662239,151.126471,31,0,2,1,3,0,3,4,2,0,7,110,2,4026,4026,8,5,40,1,0,0,0,0
1341472,3,2024,2024,4,0,4,3371,23,29,34609,0,1,1,-28.790414,153.593535,2,2,1,1,3,0,0,0,2,0,7,50,0,1282,1282,1,10,0,2,0,0,0,0
1341474,3,2024,2024,4,4,3,2,27,6,34609,0,1,1,-34.765908,150.652009,63,1,0,1,3,0,0,1,1,0,7,100,0,220,220,8,5,40,1,0,0,0,0
1341475,3,2024,2024,4,6,11,92,27,4,40,0,1,9,-35.74468,150.212901,23,2,1,0,3,0,0,3,0,0,0,50,1,1259,5151,8,0,40,1,0,0,0,0
1341478,3,2024,2024,4,0,5,10,31,155,34609,0,1,9,-33.136273,148.176157,53,2,1,1,3,0,0,0,2,0,15,50,0,4026,4026,8,5,40,1,0,0,0,0
1341481,3,2024,2024,4,5,11,3,7,8,34609,0,1,1,-33.703067,150.808036,7,0,2,1,3,0,0,0,0,0,7,50,0,4026,4026,1,5,36,2,0,0,0,0
1341485,3,2024,2024,4,2,11,42,27,33,56,0,1,9,-33.896822,151.241197,76,0,2,0,3,0,3,4,0,0,7,50,1,1850,985,5,5,40,1,0,0,0,0
1341486,3,2024,2024,4,0,3,6,27,96,49,0,1,7,-34.052098,150.841875,13,0,2,1,3,0,3,0,2,0,0,60,1,6545,6545,4,5,0,2,0,0,0,0
1341488,3,2024,2024,4,0,9,387,27,253,34609,0,1,9,-33.967837,151.104833,25,0,2,0,3,0,0,0,2,0,5,50,0,150,150,4,0,5,2,0,0,0,0
1341489,3,2023,2023,1,1,3,13,31,173,34609,0,1,4,-33.71697,151.130435,36,0,2,0,1,0,0,3,1,0,7,50,0,4552,5151,8,0,40,1,0,0,0,0
1341491,3,2024,2024,4,2,1,1,31,53,34609,0,1,1,-33.36959,151.45207,16,2,2,1,3,0,0,0,0,0,7,50,0,9859,9859,1,5,5,3,0,0,0,0
1341492,3,2024,2024,4,0,3,46,27,304,39,0,1,1,-33.912558,151.160628,32,0,2,1,3,0,0,0,1,0,7,50,1,14295,14295,3,5,5,3,0,0,0,0
1341493,3,2024,2024,4,6,7,1104,14,94,962,0,1,3,-33.786868,150.786672,55,0,2,1,3,0,0,0,2,0,7,110,2,14295,14295,3,0,5,2,0,0,0,0
1341495,3,2023,2023,2,3,4,34,27,53,34609,0,1,10,-35.133351,147.361138,75,2,1,1,3,0,0,0,2,0,0,50,0,6545,6545,4,0,0,2,0,0,0,0
1341496,3,2024,2024,4,0,6,194,18,96,34609,0,1,9,-35.354627,149.236733,58,2,1,1,3,0,0,0,2,0,15,50,0,217,217,1,5,5,2,0,0,0,0
1341497,3,2024,2024,4,1,4,500,27,646,799,0,1,9,-33.935035,151.024601,15,0,2,1,3,0,3,4,2,2,7,60,2,3775,3775,0,10,5,2,0,0,0,0
1341498,3,2024,2024,4,1,5,21,1,53,115,0,1,10,-33.758474,151.171024,36,0,2,1,3,0,3,4,2,2,7,60,1,5929,5929,1,0,5,2,0,0,0,0
1341499,3,2024,2024,4,5,3,30,27,147,94,0,1,7,-33.881488,150.993409,15,0,2,1,3,0,3,3,1,0,7,50,1,1383,1383,1,10,0,2,0,0,0,0
1341500,3,2024,2024,4,3,7,52,27,188,53,1,0,1,-33.941794,151.101323,4,0,2,1,3,0,0,0,2,0,7,50,1,941,941,1,19,13,2,0,0,0,0
1341501,3,2024,2024,4,6,0,8,27,169,34609,0,1,0,-28.638948,153.631669,10,2,1,0,3,0,3,3,0,0,7,50,0,4552,5151,8,5,40,1,0,0,0,0
1341504,3,2024,2024,4,1,3,63,31,82,79,1,0,10,-33.826948,151.209386,49,0,2,1,3,0,3,4,2,2,7,50,2,5929,5929,1,30,0,2,0,0,0,0
1341506,3,2023,2023,10,3,9,229,14,278,237,0,1,3,-33.758904,151.048403,54,0,2,1,3,0,0,0,3,0,7,80,2,9859,9859,1,30,34,2,0,0,0,0
1341511,3,2024,2024,4,3,10,2,31,25,34609,0,1,1,-32.937062,151.769585,48,0,2,1,3,0,0,0,0,0,7,50,0,9859,9859,1,5,36,2,0,0,0,0
1341513,3,2024,2024,4,1,7,44,27,121,34609,0,1,1,-33.805818,151.284957,50,0,2,1,3,0,0,0,2,0,7,50,0,248,248,1,9,5,2,0,0,0,0
1341514,3,2024,2024,4,4,7,6,10,74,34609,0,1,7,-34.025862,150.762518,12,0,2,1,3,0,0,0,2,0,0,50,0,5929,5929,1,5,5,2,0,0,0,0
1341519,3,2024,2024,4,0,5,60,10,121,84,0,1,7,-28.207905,153.54435,72,2,1,0,3,0,0,0,2,0,0,60,2,14295,14295,3,5,0,2,0,0,0,0
1341520,3,2024,2024,4,2,9,9,31,24,34609,0,1,1,-33.907786,150.884484,41,0,2,1,3,0,0,0,2,0,7,50,0,5929,5929,1,5,5,2,0,0,0,0
1341525,3,2024,2024,4,4,5,330,23,293,112,0,1,10,-33.941501,151.239087,59,0,2,1,3,0,0,0,2,2,7,50,2,4026,4026,1,5,5,2,0,0,0,0
1341530,3,2024,2024,4,3,3,16,10,8,34609,0,1,1,-35.07688,147.353946,75,2,1,1,3,0,0,0,2,0,7,50,0,4026,4026,8,0,40,1,0,0,0,0
1341532,3,2024,2024,4,3,6,1,27,64,34609,0,1,1,-34.384218,150.910161,80,0,2,1,3,0,0,0,2,0,7,50,0,1282,1282,1,10,36,2,0,0,0,0
1341533,3,2024,2024,4,5,5,35,33,23,34609,0,1,1,-31.511431,145.768973,51,1,0,1,3,2,0,0,2,0,7,100,0,9859,9859,8,0,40,1,0,0,0,0
1341534,3,2023,2023,2,2,8,61,10,87,5,0,1,9,-33.076642,151.453873,37,0,2,0,3,0,0,0,2,2,7,50,1,2585,4009,8,0,40,1,0,0,0,0
1341536,3,2024,2024,4,3,4,171,1,80,104,0,1,2,-33.941348,151.216117,4,0,2,1,3,0,0,0,2,0,7,70,2,1391,1391,1,5,5,2,0,0,0,0
1341537,3,2024,2024,4,2,7,1,1,147,34609,0,1,9,-33.870595,150.99285,15,0,2,1,3,0,0,0,2,0,7,50,0,301,301,4,5,5,2,0,0,0,0
1341538,3,2024,2024,4,3,6,866,17,112,793,0,1,2,-33.912629,150.919423,41,0,2,1,3,0,0,0,2,0,7,70,2,14295,14295,3,8,5,2,0,0,0,0
1341542,3,2024,2024,4,6,1,11,27,18,34609,0,1,7,-32.695604,151.534955,42,2,1,1,3,0,0,0,0,0,0,60,0,1282,1282,1,0,40,1,0,0,0,0
1341544,3,2024,2024,4,5,7,103,27,28,256,0,1,9,-34.094737,150.804682,13,0,2,1,3,0,0,3,2,2,7,80,2,14295,14295,3,5,12,2,0,0,0,0
1341546,3,2024,2024,4,5,7,90,36,7,102,0,1,1,-34.598243,148.465525,30,1,0,0,3,0,3,4,2,0,7,100,2,380,714,5,9,40,1,0,0,0,0
1341547,3,2024,2024,4,3,10,1,31,64,34609,0,1,1,-33.949594,150.996764,15,0,2,1,3,0,3,4,0,0,7,50,0,9859,9859,1,0,5,2,0,0,0,0
1341580,3,2024,2024,4,3,1,30,24,167,34609,0,1,1,-33.847211,151.075224,54,0,2,1,2,0,3,0,0,0,7,60,0,9859,9859,8,30,40,1,0,0,0,0
1341590,3,2024,2024,4,6,8,26,10,13,26,0,1,1,-36.824647,149.901858,5,2,1,0,0,0,3,4,2,0,7,80,1,1957,4009,8,10,40,1,0,0,0,0
1341594,3,2024,2024,4,4,10,40,27,7,74,0,1,1,-33.854803,151.136056,14,0,2,1,2,0,0,0,3,0,7,50,1,9859,9859,1,0,5,3,0,0,0,0
1341615,3,2024,2024,4,4,1,193,31,16,34609,0,1,1,-29.113221,153.430187,60,2,1,1,2,0,0,6,0,0,7,50,0,9859,9859,1,0,0,2,0,0,0,0
1341624,3,2023,2023,2,4,8,72,31,204,331,0,1,2,-33.939356,151.151416,4,0,2,1,1,0,0,0,2,0,7,60,2,1192,1192,1,29,36,2,0,0,0,0
1341630,3,2024,2024,4,1,7,2126,17,40,2149,0,1,2,-33.704833,150.529566,8,2,2,1,0,0,3,4,2,0,7,80,2,4026,4026,8,30,40,1,0,0,0,0