Crash ID,Degree of crash - detailed,Reporting year,Year of crash,Month of crash,Day of week of crash,Two-hour intervals,Street of crash,Street type,Town,Route no.,School zone location,School zone active,Type of location,Latitude,Longitude,LGA,Urbanisation,Conurbation 1,Alignment,Street lighting,Road surface,Surface condition,Weather,Natural lighting,Signals operation,Other traffic control,Speed limit,Road classification,RUM - code,DCA - code,First impact type,Key TU type,Other TU type,No. of traffic units involved,No. killed,No. seriously injured,No. moderately injured,No. minor-other injured
1341631,3,2024,2024,4,4,7,110,27,36,173,0,1,2,-34.375309,150.861509,80,0,2,0,0,0,0,3,2,0,7,80,2,2585,4009,8,5,40,1,0,0,0,0
1341633,3,2024,2024,4,4,1,387,27,12,34609,0,1,1,-33.986064,151.048306,25,0,2,1,2,0,0,0,0,0,7,50,0,9859,9859,1,10,13,2,0,0,0,0
1341635,3,2024,2024,4,1,3,63,27,224,605,0,1,2,-33.810231,151.24497,45,0,2,1,1,0,3,0,2,0,7,60,2,4026,4026,8,5,40,1,0,0,0,0
1341645,3,2024,2024,4,1,3,2126,17,9,2149,0,1,2,-33.714454,150.512976,8,2,2,0,1,0,3,4,2,0,7,80,2,1192,1192,1,5,12,4,0,0,0,0
1341648,3,2024,2024,4,4,2,15,27,10,46,0,1,1,-34.935486,150.740857,63,1,0,0,0,0,3,4,0,0,7,100,1,2585,4009,8,5,40,1,0,0,0,0
1341655,3,2024,2024,4,0,6,21,27,45,34609,0,1,1,-33.820507,150.778268,55,0,2,1,0,0,0,0,2,0,7,50,0,3775,3775,0,8,10,3,0,0,0,0
1341659,3,2023,2023,2,1,2,296,27,187,293,0,1,10,-33.886128,150.975058,24,0,2,1,1,0,0,0,1,2,7,60,2,14295,14295,3,8,5,3,0,0,0,0
1341662,3,2024,2024,4,3,1,17,31,56,21,0,1,1,-33.860242,151.177243,32,0,2,1,2,0,3,4,0,0,7,40,1,9859,9859,1,5,0,2,0,0,0,0
1341682,3,2024,2024,4,5,1,163,27,73,165,0,1,2,-33.761232,150.810194,7,0,2,0,2,0,0,0,0,0,7,60,1,4552,5151,8,5,40,1,0,0,0,0
1341688,3,2024,2024,4,3,3,1104,14,247,962,0,1,3,-33.814132,150.955574,21,0,2,1,0,0,0,0,2,0,7,90,2,9859,9859,8,5,40,1,0,0,0,0
1341694,3,2023,2023,2,2,0,1,24,13,34609,0,1,7,-33.162703,151.623311,37,0,2,1,3,0,2,6,0,0,0,50,0,9859,9859,8,5,40,1,0,0,0,0
1341713,3,2024,2024,4,1,9,24,27,6,103,0,1,1,-28.785881,153.24582,39,2,1,0,0,0,3,4,3,0,7,80,1,1850,1463,5,30,40,1,0,0,0,0
1341731,3,2024,2024,4,5,5,46,27,23,34609,0,1,2,-32.876112,151.639111,48,0,2,0,1,0,0,0,2,0,7,60,0,14295,14295,3,5,13,2,0,0,0,0
1341736,3,2024,2024,4,2,7,14,27,78,34609,0,1,1,-28.330917,153.379615,72,2,1,0,0,0,3,4,2,0,7,50,0,4552,5151,1,10,0,2,0,0,0,0
1341742,3,2024,2024,4,4,10,11,10,65,60,0,1,7,-36.039271,146.972634,0,2,1,0,0,0,0,0,0,0,0,60,1,6545,6545,4,0,5,2,0,0,0,0
1341743,3,2024,2024,4,3,10,4,27,4,34609,0,1,1,-30.72969,152.963128,47,2,1,0,0,0,0,0,3,0,7,80,0,4552,5151,8,0,40,1,0,0,0,0
1341747,3,2023,2023,2,2,1,5,18,120,34609,0,1,1,-32.189942,152.513679,43,2,1,1,0,0,0,0,0,0,7,50,0,489,489,8,0,40,1,0,0,0,0
1341798,3,2023,2023,1,5,4,478,17,96,480,0,1,7,-33.437747,151.38372,16,2,2,1,0,0,0,0,2,0,0,60,2,1192,1192,1,10,0,2,0,0,0,0
1341804,3,2023,2023,1,4,4,165,31,169,34609,0,1,0,-33.901313,151.203106,69,0,2,1,0,0,0,0,2,0,7,50,0,220,220,1,8,5,2,0,0,0,0
1341829,3,2023,2023,10,6,3,829,27,26,770,0,1,2,-33.840116,151.146172,51,0,2,0,1,0,3,4,1,0,7,70,2,1957,4009,8,9,40,1,0,0,0,0
1341831,3,2023,2023,10,3,10,191,27,175,208,0,1,1,-33.781026,151.084074,54,0,2,1,2,0,0,0,0,0,7,60,2,9859,9859,1,10,0,2,0,0,0,0
1341855,3,2023,2023,9,2,11,13,31,438,34609,0,1,1,-33.846099,151.042828,21,0,2,1,0,0,0,0,0,0,7,50,0,1981,1981,4,5,5,2,0,0,0,0
1341857,3,2023,2023,9,1,3,16,31,387,104,0,1,1,-33.933561,151.199336,4,0,2,1,1,0,3,3,2,0,7,50,2,186,186,1,10,5,2,0,0,0,0
1341870,3,2023,2023,2,0,10,2,27,8,34609,0,1,1,-28.801132,153.299999,39,2,1,0,2,0,3,4,0,0,7,50,0,1259,5151,8,5,40,1,0,0,0,0
1341872,3,2023,2023,9,4,0,500,27,129,799,0,1,9,-33.927128,151.081084,15,0,2,1,2,0,0,0,0,2,7,60,2,3775,3775,0,5,5,2,0,0,0,0
1341879,3,2023,2023,9,6,1,46,31,17,34609,0,1,1,-32.735261,151.53931,42,2,1,1,2,0,0,0,0,0,7,50,0,9859,9859,1,34,5,3,0,0,0,0
1341884,3,2023,2023,2,3,7,2,27,15,20,0,1,1,-35.346836,146.213133,51,1,0,0,3,0,0,0,2,0,7,100,1,782,957,5,0,40,1,0,0,0,0
1341897,3,2023,2023,2,1,7,2261,17,14,2252,0,1,2,-34.800877,149.146181,74,1,0,0,3,0,3,4,2,0,7,110,2,1259,5151,8,30,40,1,0,0,0,0
1341898,3,2023,2023,2,2,11,293,31,523,34609,0,1,9,-33.924948,150.923121,41,0,2,1,2,0,0,0,0,2,7,50,0,9859,9859,1,5,40,3,0,0,0,0
1341905,3,2023,2023,2,4,7,3,1,99,34609,0,1,0,-33.891267,151.271039,76,0,2,1,1,0,0,0,2,0,7,50,0,9859,9859,1,9,5,2,0,0,0,0
1341910,3,2023,2023,2,0,8,2126,17,84,2149,0,1,9,-33.818526,150.9936,21,0,2,1,0,0,0,0,2,0,0,60,2,5929,5929,1,5,13,2,0,0,0,0
1341911,3,2023,2023,2,5,10,5,31,111,34609,0,1,1,-33.918999,151.257852,59,0,2,1,2,0,0,0,0,0,7,50,0,9859,9859,1,0,13,4,0,0,0,0
1341919,3,2023,2023,2,0,7,51,27,293,34609,0,1,1,-33.951098,151.239278,59,0,2,1,0,0,0,0,2,0,7,50,0,4026,4026,1,5,5,3,0,0,0,0
1341920,3,2024,2024,4,6,3,2209,17,130,2205,0,1,9,-34.452898,150.846562,80,0,2,1,1,0,0,0,2,0,15,60,1,3775,3775,0,5,5,2,0,0,0,0
1341934,3,2024,2024,4,0,10,81,31,284,80,0,1,1,-33.906551,151.015634,15,0,2,1,1,0,0,0,0,0,7,60,1,3775,3775,0,5,0,3,0,0,0,0
1341954,3,2024,2024,4,2,6,20,31,363,9,1,0,10,-33.811696,151.013962,54,0,2,1,3,0,0,0,2,1,7,60,1,9859,9859,8,10,40,1,0,0,0,0
1341956,3,2024,2024,4,6,8,6,27,4,34609,0,1,1,-34.460302,150.823449,80,0,2,0,3,0,3,4,2,0,7,50,0,1957,4009,8,10,40,1,0,0,0,0
1341959,3,2024,2024,4,6,6,48,27,21,62,0,1,1,-35.406929,148.121986,66,1,0,0,3,0,3,4,2,0,7,100,2,2585,4009,8,5,40,1,0,0,0,0
1341960,3,2024,2024,4,5,9,191,27,309,208,0,1,9,-33.806966,151.104777,61,0,2,0,3,0,0,3,2,0,7,60,2,1669,1669,3,5,5,2,0,0,0,0
1341963,3,2024,2024,4,5,7,2,27,11,18,0,1,1,-31.375219,151.418461,70,1,0,0,3,0,3,0,2,0,7,100,1,2585,4009,8,5,40,1,0,0,0,0
1341986,3,2024,2024,4,1,1,75,10,63,165,0,1,2,-33.934696,151.210171,4,0,2,0,0,0,0,0,0,0,7,80,2,4552,5151,8,5,40,1,0,0,0,0
1341994,3,2024,2024,4,4,8,9,31,15,34609,0,1,1,-34.43924,150.88176,80,0,2,1,3,0,0,0,2,0,7,40,0,1109,397,1,5,0,2,0,0,0,0
1341995,3,2024,2024,4,5,1,478,17,89,480,0,1,2,-33.377227,151.473975,16,2,2,1,3,0,2,6,0,0,7,60,2,945,945,5,0,40,1,0,0,0,0
1341996,3,2024,2024,4,3,8,4,1,62,34609,0,1,7,-34.081837,150.81384,13,0,2,1,3,0,0,0,2,0,0,50,0,14295,14295,3,0,5,3,0,0,0,0
1341999,3,2024,2024,4,0,5,916,17,104,917,0,1,2,-32.824184,151.684069,48,0,2,0,3,0,0,0,2,0,7,80,2,14295,14295,3,0,13,2,0,0,0,0
1342000,3,2024,2024,4,2,6,195,27,49,186,0,1,2,-33.918379,150.853066,41,0,2,1,3,0,0,0,2,0,7,70,2,14295,14295,3,0,5,4,0,0,0,0
1342014,3,2024,2024,4,2,2,8,27,169,34609,0,1,9,-28.639182,153.6315,10,2,1,0,3,0,0,0,0,0,15,50,0,1282,1282,1,0,40,1,0,0,0,0
1342018,3,2024,2024,4,3,1,9,27,4,45,0,1,1,-34.298814,148.231728,30,1,0,0,3,0,0,0,0,0,7,100,1,1957,4009,8,10,40,1,0,0,0,0
1342019,3,2024,2024,4,6,6,90,36,11,102,0,1,1,-34.665433,148.622143,82,1,0,0,3,0,3,4,2,0,7,100,2,1259,5151,8,29,40,1,0,0,0,0
1342023,3,2024,2024,4,2,6,10,23,67,34609,0,1,9,-33.698564,150.913548,7,0,2,1,3,0,0,0,2,0,7,50,0,2852,2852,4,5,19,2,0,0,0,0
1342027,3,2024,2024,4,3,7,5,27,10,17,0,1,1,-35.03302,149.103443,82,1,0,1,3,0,3,0,2,0,7,100,1,1089,1089,7,16,40,1,0,0,0,0
1342029,3,2023,2023,2,2,2,2261,17,30,2252,0,1,2,-35.541899,147.539432,27,1,0,1,3,0,0,0,1,0,7,110,2,4026,4026,8,29,40,1,0,0,0,0
1342034,3,2023,2023,9,0,5,11,1,18,34609,0,1,1,-33.229469,151.540529,16,2,2,1,3,0,0,0,2,0,7,50,0,1282,1282,1,17,5,2,0,0,0,0
1342037,3,2024,2024,4,0,6,1052,14,77,928,0,1,3,-33.519498,151.19655,16,1,2,0,3,0,0,0,2,0,7,100,2,1391,1391,1,30,36,2,0,0,0,0
1342039,3,2023,2023,0,4,6,512,17,562,441,0,1,10,-32.248147,148.593232,22,2,1,1,3,0,0,0,2,2,7,60,2,14295,14295,3,5,5,2,0,0,0,0
1342040,3,2024,2024,4,0,4,5,18,25,1,0,1,1,-31.714743,148.653169,51,2,1,0,3,0,0,0,2,0,7,60,1,1850,1463,5,3,40,1,0,0,0,0
1342042,3,2024,2024,4,4,3,98,27,251,136,0,1,10,-33.779662,150.920452,7,0,2,1,3,0,0,0,2,2,7,60,2,623,623,3,5,5,2,0,0,0,0
1342044,3,2024,2024,4,6,10,191,17,32,189,0,1,10,-32.140029,150.360594,73,2,1,1,3,0,3,4,0,0,0,60,2,4026,4026,8,34,40,1,0,0,0,0
1342046,3,2024,2024,4,3,10,11,27,149,34609,0,1,1,-33.817496,150.96735,21,0,2,1,3,0,0,0,3,0,7,50,0,4026,4026,8,0,40,1,0,0,0,0
1342050,3,2024,2024,4,2,5,10,31,120,34609,0,1,1,-32.187141,152.511094,43,2,1,0,3,0,0,3,2,0,7,40,0,4552,5151,8,0,40,1,0,0,0,0
1342051,3,2024,2024,4,5,4,79,10,128,231,0,1,10,-33.429535,151.3167,16,2,2,1,3,0,3,4,2,2,7,60,2,14295,14295,3,10,25,2,0,0,0,0
1342052,3,2024,2024,4,6,4,3371,17,137,3342,0,1,2,-32.970015,151.692004,37,0,2,0,3,0,0,0,2,3,7,60,2,1957,4009,8,5,40,1,0,0,0,0
1342053,3,2024,2024,4,5,9,171,31,523,34609,0,1,10,-33.917393,150.921015,41,0,2,1,3,2,0,0,3,0,0,50,0,2852,2852,4,5,5,2,0,0,0,0
1342055,3,2024,2024,4,2,8,234,27,57,217,0,1,1,-33.589778,151.009693,71,0,2,1,3,0,0,3,2,0,7,60,2,623,623,3,10,5,2,0,0,0,0
1342057,3,2024,2024,4,6,5,1,31,77,34609,0,1,9,-32.936916,151.734782,48,0,2,1,3,0,0,0,2,0,7,50,0,4026,4026,1,30,13,2,0,0,0,0
1342062,3,2024,2024,4,6,7,126,27,370,168,0,1,10,-34.072028,150.805665,13,0,2,1,3,0,0,0,2,2,7,60,2,5929,5929,1,5,5,2,0,0,0,0
1342063,3,2024,2024,4,1,8,30,31,90,34609,0,1,4,-33.700108,150.30982,8,2,2,0,3,0,3,4,2,0,7,50,0,3775,3775,0,10,0,2,0,0,0,0
1342064,3,2024,2024,4,2,7,2261,17,4,2252,0,1,9,-35.829844,147.226137,27,1,0,1,3,0,0,3,2,0,0,110,2,1850,777,5,0,40,1,0,0,0,0
1342065,3,2024,2024,4,2,7,3,1,646,34609,0,1,1,-33.909217,151.03121,15,0,2,0,3,0,0,0,2,0,7,50,0,4552,5151,1,5,41,2,0,0,0,0
1342069,3,2023,2023,10,5,6,17,31,201,34609,1,0,10,-34.878274,150.599816,63,2,1,1,3,0,0,0,2,2,7,50,0,5929,5929,1,30,0,2,0,0,0,0
1342070,3,2024,2024,4,3,7,44,27,21,34609,1,0,7,-34.376,150.908601,80,0,2,1,3,0,0,0,2,0,0,60,0,6545,6545,4,0,5,2,0,0,0,0
1342071,3,2024,2024,4,4,4,1,31,84,34609,0,1,1,-31.093716,150.913904,70,2,1,1,3,0,0,0,2,0,7,50,0,1981,1981,4,10,5,2,0,0,0,0
1342075,3,2024,2024,4,1,3,3371,17,149,3342,0,1,7,-33.345119,151.369684,16,2,2,1,3,0,0,0,2,0,0,60,2,14295,14295,3,9,19,2,0,0,0,0
1342076,3,2024,2024,4,5,6,3371,17,9,3342,0,1,2,-32.356828,152.308627,43,1,0,0,3,0,0,0,2,0,7,110,2,3775,3775,0,0,0,2,0,0,0,0
1342082,3,2023,2023,2,3,8,1,22,89,34609,0,1,9,-33.382024,151.466629,16,2,2,1,3,0,0,3,2,0,7,50,0,63,63,4,5,5,2,0,0,0,0
1342085,3,2024,2024,4,3,11,21,23,79,34609,0,1,9,-33.968556,151.121854,4,0,2,1,3,0,3,4,0,0,0,50,0,2585,777,8,5,40,1,0,0,0,0
1342093,3,2024,2024,4,2,7,1,27,309,34609,0,1,1,-33.815082,151.11734,61,0,2,1,3,0,0,0,2,0,7,50,0,9859,9859,1,5,5,2,0,0,0,0
1342095,3,2024,2024,4,0,9,27,31,107,34609,0,1,10,-29.686441,152.937265,18,2,1,1,3,0,0,0,4,0,0,50,0,6545,6545,4,5,0,2,0,0,0,0
1342098,3,2024,2024,4,3,4,1,27,2,34609,0,1,1,-30.905288,152.561284,34,1,0,0,3,0,0,0,2,0,7,100,0,418,714,5,0,40,1,0,0,0,0
1342103,3,2024,2024,4,0,8,7,31,130,34609,0,1,1,-33.870418,151.195511,69,0,2,1,3,0,0,0,2,0,7,40,0,941,941,1,5,25,3,0,0,0,0
1342104,3,2024,2024,4,6,6,204,31,58,87,0,1,9,-34.414655,150.897667,80,0,2,1,3,0,0,3,2,0,15,50,2,1957,777,8,3,40,1,0,0,0,0
1342105,3,2024,2024,4,4,4,57,31,18,34609,0,1,9,-32.947635,151.662611,37,0,2,1,3,0,0,0,2,0,0,50,0,5929,5929,1,5,0,2,0,0,0,0
1342108,3,2024,2024,4,4,5,133,31,90,56,0,1,1,-33.881997,151.238323,81,0,2,1,3,0,0,3,2,0,7,50,1,9859,9859,1,5,5,2,0,0,0,0
1342117,3,2023,2023,2,6,0,169,31,44,34609,0,1,1,-30.706726,152.921751,47,2,1,1,3,0,0,0,0,0,7,50,0,1981,1981,4,10,40,2,0,0,0,0
1342125,3,2024,2024,4,6,7,3371,17,19,3342,0,1,2,-28.81849,153.528484,2,1,0,1,3,0,0,0,2,0,7,110,2,1383,1383,1,5,5,2,0,0,0,0
1342127,3,2024,2024,4,1,10,1,27,107,34609,0,1,1,-33.26707,151.441933,16,2,2,1,3,0,3,4,0,0,7,60,0,175,188,8,29,40,1,0,0,0,0
1342128,3,2024,2024,4,0,7,109,27,95,382,0,1,2,-33.734141,150.84688,7,0,2,0,3,0,0,0,2,0,7,60,2,14295,14295,3,9,5,3,0,0,0,0
1342147,3,2024,2024,4,5,0,39,27,169,147,0,1,7,-28.637928,153.581555,10,2,1,1,0,0,3,4,0,0,0,60,1,945,945,5,5,40,1,0,0,0,0
1342151,3,2023,2023,9,2,4,63,17,5,63,0,1,1,-30.231778,142.109974,51,1,0,1,0,0,0,0,2,0,7,100,2,1089,1089,7,0,40,1,0,0,0,0
1342155,3,2024,2024,4,0,9,334,17,9,308,0,1,1,-31.714528,147.817762,51,2,1,0,3,0,0,0,2,0,7,80,2,1957,4009,8,30,40,1,0,0,0,0
1342168,3,2024,2024,4,3,0,158,27,55,207,0,1,1,-33.861154,151.271961,81,0,2,0,2,0,3,0,0,0,7,50,2,1957,4009,8,0,40,1,0,0,0,0
1342195,3,2024,2024,4,3,11,104,1,44,34609,1,0,1,-34.562277,150.85667,62,0,2,1,2,0,0,0,0,0,7,50,0,9859,9859,1,9,5,2,0,0,0,0
1342201,3,2024,2024,4,2,0,56,31,55,34609,0,1,1,-33.356707,151.451259,16,2,2,1,2,2,0,0,0,0,7,50,0,489,489,8,5,40,1,0,0,0,0
1342211,3,2023,2023,9,6,11,3371,17,18,3342,0,1,2,-30.958575,152.856593,34,1,0,0,0,0,0,6,0,0,7,110,2,4552,5151,8,5,40,1,0,0,0,0
1342212,3,2024,2024,4,3,0,110,31,161,34609,0,1,9,-33.880306,151.161398,32,0,2,1,2,0,0,0,0,0,7,50,0,4026,4026,1,33,5,3,0,0,0,0
1342240,3,2024,2024,4,3,8,69,31,646,563,0,1,2,-33.906227,151.040202,15,0,2,1,1,0,0,0,2,0,7,60,2,14295,14295,3,5,5,7,0,0,0,0
1342246,3,2023,2023,2,3,10,3,1,131,34609,0,1,1,-33.781924,151.186323,36,0,2,1,0,0,3,4,0,0,7,50,0,4026,4026,1,5,40,2,0,0,0,0
1342250,3,2024,2024,4,6,2,3,27,4,34609,0,1,1,-28.348225,153.515103,72,1,0,1,3,0,2,6,0,0,7,100,0,9859,9859,8,5,40,1,0,0,0,0
1342252,3,2024,2024,4,0,3,2,7,15,34609,0,1,1,-28.288418,153.571406,72,2,1,0,0,0,0,0,2,0,7,50,0,1282,1282,1,22,13,2,0,0,0,0
1342258,3,2023,2023,9,6,10,19,27,16,34609,0,1,1,-34.019979,151.045507,68,0,2,0,0,0,3,4,0,0,7,50,0,4552,5151,8,10,40,1,0,0,0,0
1342270,3,2024,2024,4,1,6,4,31,293,34609,0,1,1,-33.944209,151.256723,59,0,2,1,2,0,0,0,2,0,7,50,0,1282,1282,1,33,5,2,0,0,0,0
1342285,3,2024,2024,4,0,5,1052,14,108,928,0,1,3,-33.309138,151.400731,16,1,2,1,0,0,0,0,2,0,7,110,2,101,101,8,0,40,2,0,0,0,0
1342287,3,2024,2024,4,4,9,500,27,106,799,1,0,9,-33.924148,151.091089,15,0,2,1,0,0,0,0,3,2,7,60,2,4552,985,8,5,40,1,0,0,0,0
1342288,3,2024,2024,4,5,0,48,10,18,52,0,1,1,-30.362588,153.102493,19,2,1,1,0,0,0,0,0,0,7,50,1,4026,4026,1,33,5,2,0,0,0,0
1342304,3,2024,2024,4,4,1,330,27,43,605,0,1,2,-33.694235,151.303138,50,0,2,1,2,0,0,0,0,0,7,70,2,4026,4026,8,0,40,1,0,0,0,0
1342306,3,2024,2024,4,6,3,89,27,4,34609,0,1,1,-32.734429,151.484726,42,2,1,1,0,0,0,0,2,0,7,80,0,175,188,1,29,13,2,0,0,0,0
1342336,3,2023,2023,11,2,2,82,31,74,34609,0,1,7,-34.63877,148.024156,20,2,1,1,2,0,0,0,0,0,0,50,0,9859,9859,8,5,40,1,0,0,0,0
1342343,3,2023,2023,11,4,3,54,27,65,34609,0,1,1,-33.706747,151.288877,50,0,2,1,1,0,0,0,2,0,7,50,0,9859,9859,1,30,36,4,0,0,0,0
1342355,3,2023,2023,11,0,3,115,27,96,173,0,1,2,-34.234163,150.67692,79,2,2,1,0,0,0,0,2,0,7,80,2,1383,1383,1,29,5,2,0,0,0,0
1342361,3,2023,2023,11,1,4,45,31,204,331,0,1,9,-33.937685,151.152913,4,0,2,1,1,0,0,0,2,2,7,60,2,186,186,1,8,0,2,0,0,0,0
1342362,3,2023,2023,10,4,9,58,31,83,34609,0,1,9,-29.715169,152.935253,18,2,1,1,2,0,0,0,3,0,7,50,0,926,926,4,16,0,2,0,0,0,0
1342368,3,2023,2023,10,0,2,97,27,166,799,0,1,10,-33.929664,150.980263,15,0,2,0,2,0,0,0,0,2,7,60,2,5929,5929,1,30,0,2,0,0,0,0
1342388,3,2023,2023,9,4,9,2126,17,445,2149,0,1,10,-33.85484,151.061436,21,0,2,1,2,0,3,3,0,2,7,60,2,1192,1192,1,5,0,2,0,0,0,0
1342400,3,2023,2023,9,3,2,25,1,42,34609,0,1,1,-33.731568,151.270898,50,0,2,1,2,0,3,4,0,0,7,50,0,9859,9859,1,5,36,2,0,0,0,0
1342401,3,2023,2023,9,1,5,16,27,88,20,0,1,1,-33.759636,150.850748,7,0,2,1,0,0,0,0,2,0,7,60,1,1282,1282,1,33,36,2,0,0,0,0
1342428,3,2023,2023,9,2,8,2126,17,104,2149,0,1,1,-33.834689,151.021258,54,0,2,1,1,0,3,3,2,0,7,60,2,43,43,3,5,0,2,0,0,0,0
1342432,3,2023,2023,2,6,10,158,27,81,207,0,1,9,-33.870224,151.25288,81,0,2,0,2,0,0,0,0,0,7,60,2,1957,4009,8,0,40,1,0,0,0,0
1342435,3,2023,2023,2,6,7,22,31,215,34609,0,1,10,-35.108007,147.362523,75,2,1,1,3,0,0,0,2,0,15,50,0,6545,6545,4,5,5,2,0,0,0,0
1342451,3,2023,2023,9,5,5,829,31,314,240,0,1,1,-33.850607,150.934777,24,0,2,1,0,0,0,0,2,0,7,60,2,1282,1282,1,5,10,2,0,0,0,0
1342461,3,2023,2023,2,6,2,57,27,172,126,0,1,1,-32.750835,151.597512,42,2,1,1,0,0,0,0,1,0,7,50,2,9859,9859,1,5,5,2,0,0,0,0
1342481,3,2024,2024,4,6,5,8,27,4,34609,0,1,1,-34.893294,150.559388,63,1,0,1,3,0,0,0,2,0,7,100,0,9859,9859,8,0,40,1,0,0,0,0
1342485,3,2024,2024,4,0,8,1,27,148,34609,0,1,7,-36.05111,146.957774,0,2,1,1,3,0,0,0,2,0,0,60,0,9859,9859,8,30,40,1,0,0,0,0
1342489,3,2024,2024,4,5,6,147,27,224,605,0,1,1,-33.824443,151.240248,45,0,2,1,1,0,0,0,2,0,7,60,2,3775,3775,0,33,5,2,0,0,0,0
1342490,3,2024,2024,4,3,11,1,31,43,34609,1,0,1,-32.547932,148.949182,22,2,1,1,0,0,3,4,0,0,7,50,0,9859,9859,1,5,13,2,0,0,0,0
1342493,3,2024,2024,4,3,11,3,18,31,34609,0,1,9,-33.502475,151.336187,16,2,2,0,2,0,0,0,0,0,7,50,0,4552,5151,8,30,40,1,0,0,0,0
1342501,3,2024,2024,4,1,3,115,27,113,173,0,1,9,-34.374944,150.831005,80,0,2,0,3,0,3,4,2,0,15,100,2,1957,4009,8,8,40,1,0,0,0,0
1342510,3,2023,2023,2,6,2,154,27,293,244,0,1,1,-33.931654,151.045151,15,0,2,1,1,0,3,0,1,0,7,60,2,1282,1282,1,33,5,2,0,0,0,0
1342521,3,2024,2024,4,2,8,17,27,5,14,0,1,1,-35.761974,147.419572,27,1,0,0,3,0,0,0,2,0,7,100,1,1259,5151,8,10,40,1,0,0,0,0
1342525,3,2024,2024,4,6,7,77,31,80,34609,0,1,9,-33.817017,151.177089,38,0,2,1,3,0,0,0,2,0,7,40,0,3775,3775,0,9,5,6,0,0,0,0
1342526,3,2024,2024,4,0,8,81,17,41,10,1,0,1,-34.069086,150.694193,12,0,2,1,3,0,0,0,2,0,7,50,1,9859,9859,1,5,36,2,0,0,0,0
1342527,3,2024,2024,4,1,0,65,31,609,115,0,1,10,-33.766842,150.905348,7,0,2,1,3,0,0,0,0,2,7,60,2,5929,5929,1,5,5,2,0,0,0,0
1342528,3,2024,2024,4,6,11,2,31,370,53,0,1,10,-34.072986,150.80357,13,0,2,1,3,0,0,0,0,2,7,60,2,2852,2852,4,9,5,2,0,0,0,0
1342555,3,2024,2024,4,2,5,3371,17,147,3342,0,1,9,-33.751128,151.147306,36,0,2,0,3,0,0,3,2,3,7,60,2,14295,14295,3,0,36,2,0,0,0,0
1342557,3,2024,2024,4,1,4,168,10,387,260,0,1,2,-33.944633,151.187359,4,0,2,1,3,0,0,0,2,0,7,70,2,1383,1383,1,30,5,2,0,0,0,0
1342558,3,2023,2023,2,2,7,2209,17,68,2205,0,1,9,-34.089306,151.005505,68,0,2,1,3,0,0,0,2,0,7,60,2,14295,14295,3,9,5,3,0,0,0,0
1342559,3,2024,2024,4,4,5,133,17,22,121,0,1,1,-36.865005,149.262048,65,1,0,0,3,0,3,4,2,0,7,100,2,4552,5151,8,5,40,1,0,0,0,0
1342561,3,2024,2024,4,5,5,11,2,52,34609,0,1,10,-33.265659,151.464071,16,2,2,1,3,0,0,0,2,0,7,50,0,6545,6545,4,9,5,2,0,0,0,0
1342567,3,2024,2024,4,1,6,79,27,198,159,0,1,9,-33.922509,151.107116,15,0,2,1,3,0,0,0,2,0,0,60,2,2852,2852,4,5,13,2,0,0,0,0
1342568,3,2024,2024,4,3,7,78,17,15,58,0,1,1,-35.150629,149.056702,82,2,1,1,3,0,0,0,2,0,7,80,2,14295,14295,3,0,5,2,0,0,0,0
1342572,3,2024,2024,4,2,7,17,31,131,34609,0,1,10,-36.083556,146.921733,0,2,1,1,3,0,0,0,2,0,7,50,0,1192,1192,1,5,36,2,0,0,0,0
1342573,3,2024,2024,4,5,4,1,27,226,34609,0,1,1,-33.77398,150.805876,7,0,2,1,3,0,3,4,2,0,7,50,0,4026,4026,8,34,40,1,0,0,0,0
1342578,3,2024,2024,4,0,9,21,7,32,34609,0,1,1,-33.987056,151.123687,25,0,2,0,3,0,0,0,3,0,7,50,0,2585,4009,1,5,5,2,0,0,0,0
1342579,3,2024,2024,4,3,7,67,27,225,68,0,1,1,-33.805568,151.177856,77,0,2,1,3,0,0,0,2,0,7,50,1,14295,14295,3,5,0,2,0,0,0,0
1342581,3,2024,2024,4,5,11,1,31,47,34609,0,1,1,-33.779892,151.278787,50,0,2,1,3,0,3,3,0,0,7,40,0,9859,9859,1,0,0,2,0,0,0,0
1342582,3,2024,2024,4,6,6,1,27,232,34609,0,1,2,-33.692254,150.929216,71,0,2,1,3,0,0,0,2,0,7,50,0,186,186,1,0,5,2,0,0,0,0
1342591,3,2024,2024,4,6,5,2209,27,111,34609,0,1,10,-33.692428,150.868879,7,0,2,1,3,0,0,0,2,0,0,50,0,395,395,1,10,19,2,0,0,0,0
1342596,3,2024,2024,4,5,6,213,17,13,213,0,1,1,-29.443054,152.387737,51,1,0,0,3,0,3,4,2,0,7,100,2,3775,3775,0,0,35,2,0,0,0,0
1342598,3,2024,2024,3,0,5,2126,17,15,2149,0,1,9,-33.500116,150.128687,40,2,1,1,3,0,0,0,2,0,0,70,2,5929,5929,1,5,13,2,0,0,0,0
1342600,3,2024,2024,4,5,11,105,17,251,136,0,1,9,-33.777826,150.932134,7,0,2,1,3,0,0,0,0,2,7,60,2,1282,1282,1,5,40,1,0,0,0,0
1342607,3,2024,2024,3,0,5,23,27,179,66,0,1,9,-31.874121,152.417422,43,2,1,1,3,0,0,0,2,0,0,70,1,6545,6545,4,5,5,2,0,0,0,0
1342608,3,2024,2024,4,3,8,49,27,111,62,0,1,10,-33.701655,150.873382,7,0,2,1,3,0,3,3,2,2,7,70,2,14295,14295,3,0,0,2,0,0,0,0