Crash ID,Degree of crash - detailed,Reporting year,Year of crash,Month of crash,Day of week of crash,Two-hour intervals,Street of crash,Street type,Town,Route no.,School zone location,School zone active,Type of location,Latitude,Longitude,LGA,Urbanisation,Conurbation 1,Alignment,Street lighting,Road surface,Surface condition,Weather,Natural lighting,Signals operation,Other traffic control,Speed limit,Road classification,RUM - code,DCA - code,First impact type,Key TU type,Other TU type,No. of traffic units involved,No. killed,No. seriously injured,No. moderately injured,No. minor-other injured
1342611,3,2024,2024,4,0,8,35,2,31,34609,0,1,1,-34.591215,150.866322,62,0,2,0,3,0,0,0,2,0,7,50,0,4552,5151,1,10,0,3,0,0,0,0
1342612,3,2024,2024,4,3,2,1,27,40,34609,0,1,1,-33.839765,151.180473,38,0,2,1,3,0,0,0,1,0,7,50,0,29,29,6,5,40,1,0,0,0,0
1342614,3,2023,2023,2,1,2,2126,17,78,2149,0,1,2,-33.698228,150.563895,8,2,2,0,3,0,0,0,0,0,7,80,2,404,404,8,9,40,1,0,0,0,0
1342615,3,2024,2024,4,5,3,22,31,135,101,0,1,10,-32.894706,151.739667,48,0,2,0,3,0,0,0,2,0,7,60,2,5929,5929,1,10,5,2,0,0,0,0
1342616,3,2024,2024,4,0,7,14,27,16,34609,0,1,1,-35.088049,147.405211,75,2,1,1,3,0,0,0,2,0,7,80,0,14295,14295,3,10,5,2,0,0,0,0
1342617,3,2024,2024,3,4,3,74,27,15,260,0,1,7,-32.969705,151.606574,37,0,2,0,3,0,0,3,2,0,0,70,2,2852,2852,4,0,5,2,0,0,0,0
1342621,3,2024,2024,4,4,5,1104,14,247,962,0,1,3,-33.814763,150.958175,21,0,2,1,3,0,0,0,2,0,7,90,2,14295,14295,3,5,12,2,0,0,0,0
1342622,3,2024,2024,4,2,5,31,27,70,34609,0,1,7,-32.901522,151.728981,48,0,2,1,3,0,0,0,2,0,0,50,0,9859,9859,8,5,40,1,0,0,0,0
1342629,3,2024,2024,4,1,10,42,36,33,18,0,1,9,-36.43302,148.608454,65,1,0,1,3,0,0,0,0,0,7,100,1,489,489,8,5,40,1,0,0,0,0
1342633,3,2024,2024,4,6,3,308,14,323,311,0,1,3,-33.764174,150.962699,71,0,2,1,3,0,0,3,2,0,7,100,2,14295,14295,3,9,12,3,0,0,0,0
1342638,3,2024,2024,4,6,8,59,27,271,42,1,0,1,-33.945107,151.01806,15,0,2,1,3,0,3,4,2,0,7,60,1,1282,1282,1,0,5,2,0,0,0,0
1342647,3,2024,2024,4,4,7,118,17,6,118,0,1,10,-30.598298,149.952419,51,2,1,1,3,0,0,0,2,0,0,80,2,1391,1391,1,0,13,3,0,0,0,0
1342649,3,2024,2024,3,4,8,30,27,120,154,0,1,2,-33.758,150.864098,7,0,2,1,3,0,0,0,2,0,7,60,1,1192,1192,1,30,0,3,0,0,0,0
1342651,3,2024,2024,4,4,9,37,31,82,34609,0,1,1,-31.076169,150.92942,70,2,1,1,3,0,0,0,0,0,7,50,0,220,220,1,10,5,2,0,0,0,0
1342653,3,2024,2024,4,1,8,222,31,131,212,0,1,9,-33.7843,151.189511,77,0,2,1,3,0,0,0,2,3,7,60,2,14295,14295,3,5,13,2,0,0,0,0
1342657,3,2024,2024,4,2,7,6,36,65,34609,1,0,1,-33.810556,150.952722,21,0,2,1,3,0,0,0,2,0,7,50,0,1383,1383,1,0,5,2,0,0,0,0
1342658,3,2024,2024,4,2,7,49,31,4,34609,0,1,7,-33.843674,151.210536,49,0,2,0,3,0,0,0,2,0,0,50,0,1850,985,5,3,40,1,0,0,0,0
1342659,3,2024,2024,4,1,8,39,27,169,147,0,1,1,-28.637459,153.593691,10,2,1,0,3,0,0,0,2,0,7,80,1,14295,14295,3,5,0,2,0,0,0,0
1342661,3,2024,2024,4,2,9,294,17,15,288,0,1,1,-34.520315,144.804097,51,1,0,1,3,0,0,0,3,0,7,110,2,4026,4026,8,5,40,1,0,0,0,0
1342669,3,2024,2024,4,3,10,67,27,56,62,1,0,9,-33.803548,151.199589,77,0,2,1,3,0,0,0,0,2,7,50,2,1669,1669,3,0,0,4,0,0,0,0
1342672,3,2024,2024,4,6,10,330,23,123,233,0,1,9,-33.914854,151.225406,59,0,2,1,3,0,0,0,0,2,7,50,2,395,395,1,5,39,2,0,0,0,0
1342678,3,2024,2024,4,6,8,31,27,85,41,0,1,1,-33.726063,151.139216,36,0,2,1,3,0,0,0,2,0,7,50,1,217,217,1,5,5,2,0,0,0,0
1342682,3,2024,2024,4,6,8,10,27,9,34609,0,1,9,-33.476443,151.358546,16,2,2,1,3,0,0,0,2,0,7,50,0,14295,14295,3,0,5,3,0,0,0,0
1342686,3,2023,2023,2,0,5,485,31,169,769,0,1,10,-33.600735,150.75931,29,2,2,1,3,0,0,0,2,2,7,60,2,256,256,4,8,5,2,0,0,0,0
1342687,3,2024,2024,4,5,5,39,23,98,34609,0,1,1,-33.016096,151.593156,37,0,2,1,3,0,0,0,2,0,7,50,0,9859,9859,1,5,0,3,0,0,0,0
1342688,3,2023,2023,2,0,6,103,27,94,563,0,1,2,-33.831568,151.04908,54,0,2,1,3,0,0,0,2,0,7,70,2,1383,1383,1,9,12,2,0,0,0,0
1342692,3,2024,2024,4,4,11,1104,14,323,962,0,1,3,-33.794895,150.842852,7,0,2,1,3,0,0,0,0,0,7,100,2,4026,4026,8,5,40,1,0,0,0,0
1342697,3,2024,2024,4,1,5,2,27,8,14,0,1,7,-34.499648,150.321895,78,2,1,1,3,0,0,0,2,0,0,80,1,6545,6545,4,0,0,2,0,0,0,0
1342699,3,2024,2024,4,2,8,44,31,52,13,0,1,1,-33.901952,151.260233,76,0,2,1,3,0,0,0,2,0,7,50,1,214,214,9,5,28,2,0,0,0,0
1342700,3,2024,2024,4,6,8,916,17,172,917,0,1,9,-32.76396,151.597876,42,2,1,1,3,0,0,0,2,0,7,60,2,14295,14295,3,0,0,2,0,0,0,0
1342702,3,2024,2024,4,5,10,44,27,202,563,0,1,10,-33.96238,151.036913,15,0,2,1,3,0,0,0,0,2,7,70,2,14295,14295,3,8,5,2,0,0,0,0
1342708,3,2024,2024,4,1,5,125,27,46,123,0,1,2,-33.30678,151.415055,16,2,2,0,3,0,0,0,2,0,7,70,2,14295,14295,3,0,13,2,0,0,0,0
1342709,3,2024,2024,4,5,5,2,31,128,34609,0,1,9,-33.626086,150.809145,29,2,2,1,3,0,3,4,2,0,0,50,0,2852,2852,4,5,5,2,0,0,0,0
1342710,3,2023,2023,2,2,9,19,31,433,40,0,1,10,-33.284165,149.103632,52,2,1,1,3,0,0,0,4,2,7,50,1,1850,985,5,0,40,1,0,0,0,0
1342714,3,2024,2024,4,1,8,30,10,27,30,0,1,1,-33.16704,151.201398,16,1,2,0,0,0,0,0,2,0,7,100,1,782,957,5,0,40,1,0,0,0,0
1342717,3,2023,2023,9,3,0,283,27,129,702,0,1,9,-33.936885,151.074365,15,0,2,1,2,0,0,0,0,2,7,60,2,1282,1282,1,0,0,2,0,0,0,0
1342724,3,2024,2024,4,5,4,481,17,562,483,0,1,1,-32.257779,148.586347,22,2,1,0,1,0,0,0,2,0,7,60,2,4552,5151,8,5,40,1,0,0,0,0
1342728,3,2024,2024,4,2,10,15,31,148,34609,0,1,1,-36.036793,146.944172,0,2,1,1,2,0,0,0,0,0,7,50,0,9859,9859,8,0,40,1,0,0,0,0
1342729,3,2024,2024,4,1,7,1,2,15,34609,0,1,1,-33.897093,150.84572,41,0,2,1,1,0,0,0,2,0,7,50,0,9859,9859,1,10,5,3,0,0,0,0
1342730,3,2024,2024,4,4,11,4,1,53,34609,0,1,9,-33.914172,150.841579,41,0,2,1,2,0,0,0,0,0,7,40,0,237,162,8,5,40,1,0,0,0,0
1342731,3,2024,2024,4,5,8,77,31,163,69,0,1,1,-33.863003,151.098538,14,0,2,1,3,0,2,6,2,0,7,60,2,248,248,1,9,0,2,0,0,0,0
1342732,3,2024,2024,4,0,5,26,27,118,34609,0,1,9,-33.34978,151.289942,16,2,2,0,1,0,0,0,2,0,0,80,0,6545,6545,4,0,36,2,0,0,0,0
1342742,3,2024,2024,4,5,6,308,14,127,311,0,1,3,-33.846264,150.854192,24,0,2,1,0,0,0,0,2,0,7,100,2,1383,1383,1,3,5,2,0,0,0,0
1342763,3,2024,2024,4,6,4,109,27,95,382,0,1,2,-33.733332,150.848539,7,0,2,1,0,0,0,0,2,0,7,60,2,14295,14295,3,5,0,2,0,0,0,0
1342765,3,2023,2023,2,4,1,103,27,149,167,0,1,2,-33.998932,151.128048,4,0,2,1,2,0,0,0,0,0,7,70,2,9859,9859,1,0,5,3,0,0,0,0
1342774,3,2024,2024,4,0,10,192,10,84,114,0,1,1,-33.467418,151.379644,16,2,2,1,2,0,0,0,0,0,7,60,2,4026,4026,8,5,40,1,0,0,0,0
1342784,3,2024,2024,4,5,3,9,1,137,34609,0,1,1,-33.917424,151.205379,69,0,2,1,0,0,0,0,2,0,7,40,0,1282,1282,1,33,5,2,0,0,0,0
1342799,3,2024,2024,4,2,1,3,4,112,34609,0,1,1,-33.445183,151.426387,16,2,2,0,2,0,0,0,0,0,7,50,0,4552,5151,1,10,5,2,0,0,0,0
1342815,3,2023,2023,2,4,9,21,27,147,34609,0,1,7,-33.886343,151.000352,15,0,2,1,1,0,2,6,2,0,0,40,0,6545,6545,4,10,5,2,0,0,0,0
1342818,3,2024,2024,4,1,0,16,31,253,27,0,1,1,-33.967872,151.113997,25,0,2,1,2,0,0,6,0,0,7,60,1,4026,4026,8,10,40,1,0,0,0,0
1342826,3,2024,2024,4,4,0,12,27,50,34609,1,0,1,-34.34472,150.908784,80,0,2,1,2,0,0,0,0,0,7,50,0,1109,787,1,16,5,2,0,0,0,0
1342840,3,2023,2023,2,0,8,26,27,103,34609,0,1,1,-32.942475,151.644417,37,0,2,1,1,0,0,3,2,0,7,60,0,14295,14295,3,0,5,3,0,0,0,0
1342863,3,2023,2023,2,1,0,33,27,120,34609,0,1,1,-33.765859,150.86922,7,0,2,0,2,0,0,0,0,0,7,50,0,4552,5151,1,5,0,2,0,0,0,0
1342864,3,2024,2024,4,1,2,3371,17,18,3342,0,1,2,-33.009798,151.680021,37,0,2,0,0,0,0,0,1,0,7,80,2,1957,4009,8,5,40,1,0,0,0,0
1342878,3,2024,2024,4,3,11,90,31,112,165,0,1,2,-33.906271,151.21361,69,0,2,1,2,0,0,0,0,0,7,80,2,945,945,5,5,40,1,0,0,0,0
1342896,3,2023,2023,11,2,1,76,31,33,34609,0,1,1,-34.772663,150.69047,63,2,1,1,2,0,0,0,0,2,7,50,0,237,162,8,0,40,1,0,0,0,0
1342902,3,2023,2023,2,4,3,3,27,112,34609,0,1,1,-33.668179,151.018989,71,0,2,1,0,0,0,0,2,0,7,60,0,4026,4026,8,10,40,1,0,0,0,0
1342905,3,2024,2024,4,3,1,44,31,12,34609,0,1,1,-33.801545,151.263338,50,0,2,1,2,0,0,0,0,0,7,50,0,9859,9859,1,5,0,2,0,0,0,0
1342911,3,2024,2024,4,4,7,866,17,187,793,0,1,2,-33.793708,150.993423,54,0,2,1,1,0,0,0,2,0,7,70,2,1383,1383,1,5,5,2,0,0,0,0
1342942,3,2024,2024,4,6,7,2,31,193,34609,0,1,1,-33.785527,151.098796,61,0,2,1,3,0,0,0,2,0,7,50,0,9859,9859,8,34,40,1,0,0,0,0
1342945,3,2024,2024,4,0,3,108,31,204,34609,0,1,1,-33.938326,151.140473,4,0,2,1,3,0,0,0,2,0,7,50,0,9859,9859,1,5,5,2,0,0,0,0
1342946,3,2023,2023,10,5,7,225,27,304,34609,0,1,1,-33.904821,151.161441,32,0,2,1,3,0,0,0,2,0,7,50,0,9859,9859,1,0,0,4,0,0,0,0
1342951,3,2024,2024,4,2,8,17,27,4,18,0,1,1,-34.88281,148.895476,82,1,0,1,3,0,0,3,2,0,7,100,1,9859,9859,8,5,40,1,0,0,0,0
1342952,3,2024,2024,4,0,3,346,17,35,332,0,1,1,-28.821329,153.26517,39,2,1,1,3,0,0,0,2,0,7,60,2,14295,14295,3,5,0,4,0,0,0,0
1342961,3,2024,2024,3,5,8,1104,14,139,962,0,1,6,-33.873515,151.136933,32,0,2,1,3,0,3,0,2,0,7,60,2,14295,14295,3,5,5,2,0,0,0,0
1342963,3,2024,2024,4,4,9,20,31,174,321,0,1,0,-33.893249,151.199003,69,0,2,1,3,0,0,0,3,0,7,50,2,248,248,1,5,0,3,0,0,0,0
1342967,3,2024,2024,3,4,6,113,27,78,111,0,1,10,-33.831456,150.780968,55,0,2,1,3,0,0,0,2,2,0,80,2,1383,1383,1,5,10,2,0,0,0,0
1342972,3,2024,2024,3,1,5,265,17,24,193,0,1,9,-34.479595,148.163497,20,1,0,1,3,0,3,4,2,0,7,100,2,14295,14295,3,30,13,3,0,0,0,0
1342978,3,2024,2024,3,4,6,100,27,109,799,0,1,9,-33.905176,151.133278,15,0,2,1,3,0,0,0,2,2,7,60,2,9859,9859,8,9,40,1,0,0,0,0
1342980,3,2024,2024,3,4,4,1,22,5,34609,0,1,1,-35.336144,150.4598,63,2,1,1,3,0,0,0,2,0,7,50,0,4026,4026,1,9,41,2,0,0,0,0
1342981,3,2024,2024,3,5,3,14,31,48,34609,0,1,1,-28.249462,153.56979,72,2,1,1,3,0,0,3,2,0,7,50,0,9859,9859,1,21,5,2,0,0,0,0
1342983,3,2024,2024,4,5,6,280,10,237,240,0,1,10,-33.863953,150.954285,24,0,2,1,3,0,0,0,2,2,7,60,2,14295,14295,3,5,13,2,0,0,0,0
1342984,3,2024,2024,3,5,4,11,27,147,34609,0,1,1,-33.73812,151.148822,36,0,2,0,3,0,3,4,2,0,7,50,0,2585,4009,8,5,40,1,0,0,0,0
1342985,3,2024,2024,3,5,3,22,22,11,22,0,1,3,-33.842013,151.210864,49,0,2,1,3,0,3,4,1,0,7,80,2,1391,1391,1,8,5,2,0,0,0,0
1342988,3,2024,2024,3,0,3,71,31,283,125,0,1,10,-33.836607,151.01483,21,0,2,1,3,0,0,0,1,2,7,50,1,2852,2852,4,0,5,2,0,0,0,0
1342989,3,2024,2024,3,1,6,128,27,61,133,0,1,1,-33.848836,150.654374,55,0,2,0,3,0,0,0,2,0,7,60,2,4552,5151,8,9,40,1,0,0,0,0
1342992,3,2024,2024,3,6,5,3371,17,54,3342,0,1,1,-33.230604,151.502786,16,2,2,1,3,0,3,0,2,0,0,60,2,1981,1981,4,5,5,2,0,0,0,0
1342994,3,2024,2024,3,5,6,161,17,23,161,0,1,1,-36.612708,149.492174,5,2,1,1,3,0,0,3,2,0,7,60,2,9859,9859,8,5,40,1,0,0,0,0
1342995,3,2024,2024,3,6,8,485,27,154,769,0,1,1,-33.719218,150.963342,71,0,2,1,3,0,0,0,2,0,7,60,2,1391,1391,1,21,0,3,0,0,0,0
1342998,3,2024,2024,3,5,3,191,27,309,208,0,1,9,-33.804416,151.103648,61,0,2,1,3,0,3,4,2,2,7,60,2,2852,2852,4,10,5,2,0,0,0,0
1342999,3,2024,2024,3,3,7,63,31,92,34609,0,1,1,-33.869322,150.970115,24,0,2,1,3,0,0,0,2,0,7,50,0,1109,787,1,5,5,2,0,0,0,0
1343001,3,2024,2024,4,6,7,3,1,167,34609,0,1,10,-33.849567,151.062242,54,0,2,1,3,0,0,0,2,2,7,60,0,5929,5929,1,5,0,2,0,0,0,0
1343002,3,2024,2024,4,2,6,2261,17,284,2252,1,0,2,-33.905702,151.014154,15,0,2,1,3,0,0,3,2,0,7,70,2,14295,14295,3,0,13,2,0,0,0,0
1343003,3,2024,2024,4,6,6,1,31,103,34609,0,1,1,-34.32329,148.29338,30,2,1,1,3,0,0,0,2,0,7,50,0,220,220,1,21,5,2,0,0,0,0
1343006,3,2024,2024,3,0,8,1052,14,101,928,0,1,3,-32.894458,151.59067,37,0,2,0,3,0,0,0,2,0,7,110,2,1850,1463,5,16,40,1,0,0,0,0
1343008,3,2024,2024,3,6,7,17,31,19,58,0,1,7,-32.907399,151.760236,48,0,2,1,3,0,3,4,2,0,0,70,2,515,515,1,29,0,2,0,0,0,0
1343009,3,2024,2024,3,2,6,2,31,17,34609,0,1,9,-32.724031,151.529556,42,2,1,1,3,0,0,0,2,0,7,50,0,14295,14295,3,5,5,2,0,0,0,0
1343010,3,2023,2023,2,1,5,56,31,25,34609,0,1,10,-32.747495,151.767738,57,2,1,1,3,0,0,0,2,0,0,60,0,2852,2852,4,0,5,2,0,0,0,0
1343014,3,2024,2024,4,6,8,56,27,130,80,0,1,9,-33.873968,151.19241,69,0,2,1,0,0,0,0,2,2,7,40,2,5929,5929,1,0,5,2,0,0,0,0
1343015,3,2024,2024,4,6,3,1104,14,460,962,0,1,3,-33.821524,150.984674,21,0,2,1,3,0,0,0,2,0,7,90,2,14295,14295,3,5,5,2,0,0,0,0
1343016,3,2024,2024,3,5,8,92,31,28,34609,0,1,1,-33.79259,151.199084,77,0,2,1,3,0,0,3,2,0,7,50,0,14295,14295,3,5,5,3,0,0,0,0
1343018,3,2024,2024,3,3,8,11,22,293,34609,0,1,7,-33.92803,151.059643,15,0,2,1,3,0,0,3,2,0,0,50,0,5929,5929,1,5,0,2,0,0,0,0
1343022,3,2024,2024,3,1,5,24,31,31,24,0,1,1,-33.432351,151.366021,16,2,2,1,3,0,0,0,2,0,7,60,1,14295,14295,3,5,12,2,0,0,0,0
1343025,3,2024,2024,3,0,5,39,31,26,34609,0,1,10,-33.067804,151.578193,37,0,2,1,3,0,0,0,2,0,15,50,0,6545,6545,4,30,13,2,0,0,0,0
1343027,3,2024,2024,3,1,4,1,31,52,34609,0,1,9,-33.905882,151.26431,76,0,2,1,3,0,0,0,2,0,7,50,0,1259,985,8,8,40,1,0,0,0,0
1343028,3,2024,2024,3,4,8,55,36,2,95,0,1,9,-33.119982,147.901891,53,1,0,0,3,0,0,0,2,0,7,100,2,380,714,5,0,40,1,0,0,0,0
1343030,3,2024,2024,3,1,7,6,1,29,34609,0,1,1,-33.915176,150.885847,41,0,2,0,3,0,0,0,2,0,7,50,0,14295,14295,3,0,22,2,0,0,0,0
1343036,3,2024,2024,3,5,0,5,27,47,34609,0,1,1,-35.725387,147.262516,27,1,0,1,3,0,0,0,0,0,7,100,0,9859,9859,8,5,40,1,0,0,0,0
1343038,3,2024,2024,3,5,4,2,27,118,34609,0,1,1,-33.413641,151.28751,16,2,2,1,3,0,3,3,2,0,7,60,0,1669,1669,3,10,0,2,0,0,0,0
1343041,3,2023,2023,4,4,10,100,27,109,799,0,1,1,-33.903586,151.141737,32,0,2,1,3,0,0,0,0,0,7,60,2,1109,787,1,10,19,2,0,0,0,0
1343043,3,2024,2024,3,2,6,158,27,138,207,0,1,1,-33.870423,151.26858,81,0,2,1,0,0,0,0,2,0,7,50,2,14295,14295,3,0,0,2,0,0,0,0
1343045,3,2024,2024,3,0,7,46,27,304,39,0,1,1,-33.912676,151.160875,32,0,2,1,3,0,0,0,2,0,7,50,1,186,186,1,0,5,2,0,0,0,0
1343047,3,2023,2023,9,3,8,866,17,61,793,0,1,10,-33.899424,150.919113,24,0,2,1,3,0,0,0,2,2,7,70,2,14295,14295,3,10,5,3,0,0,0,0
1343048,3,2024,2024,4,4,3,213,17,7,213,0,1,1,-29.749046,151.558234,51,1,0,0,3,0,0,0,2,0,7,100,2,1957,4009,8,9,40,1,0,0,0,0
1343049,3,2024,2024,3,2,0,43,2,92,42,0,1,2,-33.737439,150.95499,71,0,2,0,3,0,0,0,0,0,7,70,2,1957,4009,8,5,40,1,0,0,0,0
1343054,3,2024,2024,3,3,5,361,23,143,38,0,1,1,-33.877602,151.104981,9,0,2,1,3,0,0,0,2,0,7,50,1,387,387,1,0,0,2,0,0,0,0
1343055,3,2024,2024,3,1,6,126,1,226,144,0,1,9,-33.775701,150.815107,7,0,2,1,3,0,0,0,2,0,7,60,2,5929,5929,1,30,13,2,0,0,0,0
1343062,3,2024,2024,3,2,8,2261,17,284,2252,1,0,2,-33.907701,151.0257,15,0,2,1,3,0,0,0,2,0,7,60,2,14295,14295,3,5,13,3,0,0,0,0
1343063,3,2024,2024,3,5,8,29,31,219,34609,0,1,10,-32.898159,151.676611,48,0,2,1,3,0,3,4,2,2,7,60,0,395,395,1,0,13,3,0,0,0,0
1343067,3,2024,2024,3,5,5,23,27,53,36,0,1,1,-35.186658,149.319288,58,1,0,0,3,0,3,4,2,0,7,90,1,4552,5151,8,5,40,1,0,0,0,0
1343069,3,2024,2024,3,0,7,2,27,15,34609,0,1,1,-30.86603,150.684546,70,1,0,1,3,2,0,0,2,0,7,100,0,945,945,5,5,40,1,0,0,0,0
1343070,3,2024,2024,3,6,8,2261,17,47,2252,0,1,2,-35.730887,147.30553,27,1,0,1,3,0,0,0,2,0,7,110,2,9859,9859,8,5,40,1,0,0,0,0
1343074,3,2024,2024,3,2,9,11,31,39,34609,0,1,1,-35.314313,148.225047,66,2,1,1,3,0,0,0,2,0,7,50,0,941,941,1,34,5,3,0,0,0,0
1343076,3,2024,2024,4,1,11,104,27,443,702,0,1,10,-33.907784,151.064269,15,0,2,1,3,0,3,4,0,2,7,70,2,1391,1391,1,5,5,2,0,0,0,0
1343077,3,2024,2024,3,5,4,35,27,127,37,0,1,9,-33.898682,151.149229,32,0,2,1,3,0,3,4,2,0,7,50,1,387,387,1,16,0,2,0,0,0,0
1343078,3,2024,2024,3,5,4,60,27,219,262,0,1,2,-32.907651,151.663786,48,0,2,1,3,0,3,4,2,0,7,60,2,14295,14295,3,5,5,3,0,0,0,0
1343079,3,2024,2024,3,1,9,20,10,55,91,0,1,9,-35.377355,149.189087,58,2,1,1,3,0,3,4,3,2,7,80,2,5929,5929,1,10,0,2,0,0,0,0
1343080,3,2024,2024,3,6,5,27,17,108,34609,1,0,9,-33.312997,151.414148,16,2,2,1,3,0,3,4,2,0,0,60,0,1850,777,5,30,40,1,0,0,0,0
1343084,3,2024,2024,3,6,8,2,27,24,34609,0,1,1,-33.625947,150.829916,29,2,2,1,3,0,0,0,2,0,7,60,0,1109,787,1,10,5,2,0,0,0,0
1343085,3,2024,2024,4,1,5,11,31,48,34609,0,1,10,-29.047882,152.022475,51,2,1,1,3,0,0,3,2,0,0,50,0,6545,6545,4,10,0,2,0,0,0,0
1343086,3,2024,2024,3,2,11,3371,17,58,3342,0,1,2,-28.558545,153.541809,10,1,0,0,2,0,3,4,0,0,7,110,2,418,714,5,5,40,1,0,0,0,0
1343087,3,2024,2024,3,3,6,1104,14,223,962,0,1,3,-33.806234,150.921321,7,0,2,1,3,0,0,0,2,0,7,100,2,14295,14295,3,0,0,2,0,0,0,0
1343088,3,2024,2024,3,2,6,78,32,646,34609,0,1,9,-33.91801,151.037317,15,0,2,1,3,0,0,0,2,2,7,40,0,1945,1945,5,10,40,1,0,0,0,0
1343090,3,2024,2024,3,2,9,84,27,147,415,0,1,9,-33.755229,151.139297,36,0,2,1,3,0,0,0,2,0,2,70,2,775,775,4,5,5,2,0,0,0,0
1343091,3,2024,2024,3,6,3,77,27,25,100,0,1,1,-34.525915,150.396672,78,1,0,1,3,0,0,3,2,0,7,90,2,941,941,1,5,5,2,0,0,0,0
1343094,3,2024,2024,3,2,5,171,27,143,34609,0,1,7,-33.880297,151.096724,9,0,2,1,3,0,0,0,2,0,0,50,0,14295,14295,3,5,0,2,0,0,0,0
1343101,3,2023,2023,1,3,9,165,31,166,34609,0,1,1,-33.412611,149.584487,3,2,1,1,2,0,0,0,0,0,7,50,0,9859,9859,1,5,5,2,0,0,0,0
1343111,3,2023,2023,10,3,8,7,7,463,34609,0,1,9,-30.303957,153.110695,19,2,1,1,1,0,0,0,3,0,7,50,0,248,248,1,33,5,2,0,0,0,0
1343123,3,2023,2023,10,4,4,2209,17,115,2205,1,0,9,-34.029646,151.080708,68,0,2,1,1,0,0,0,2,2,7,70,2,775,775,4,5,10,3,0,0,0,0
1343126,3,2023,2023,9,6,8,15,1,134,36,0,1,2,-33.523467,151.311047,16,2,2,0,3,0,2,6,2,0,7,60,1,273,957,5,5,40,1,0,0,0,0
1343131,3,2023,2023,10,4,6,38,1,239,34609,0,1,1,-34.042856,151.128725,68,0,2,1,1,0,0,0,2,0,7,50,0,9859,9859,8,10,40,1,0,0,0,0
1343149,3,2023,2023,9,3,9,22,27,95,173,0,1,7,-34.403125,150.891092,80,0,2,1,1,0,0,0,2,0,0,60,2,14295,14295,3,0,0,3,0,0,0,0
1343176,3,2023,2023,2,3,0,10,31,53,34609,0,1,1,-30.649044,152.996701,47,2,1,1,2,0,0,0,0,0,7,50,0,9859,9859,1,5,5,3,0,0,0,0
1343177,3,2023,2023,2,3,2,103,36,3,157,0,1,1,-29.554732,152.978839,18,1,0,1,0,0,3,4,1,0,7,100,2,4026,4026,8,30,40,1,0,0,0,0
1343179,3,2023,2023,2,1,1,3,31,149,34609,0,1,1,-33.988505,151.13552,4,0,2,1,2,0,0,0,0,0,7,50,0,9859,9859,1,30,5,3,0,0,0,0
1343186,3,2023,2023,2,3,9,2261,17,93,2252,0,1,2,-36.071096,146.932353,0,1,0,1,1,0,0,0,2,0,7,110,2,9859,9859,8,5,40,1,0,0,0,0
1343197,3,2023,2023,2,6,6,35,31,173,34609,0,1,10,-33.878018,151.219606,69,0,2,1,0,0,0,0,2,0,7,40,0,220,220,1,5,5,2,0,0,0,0
1343200,3,2024,2024,4,6,3,77,27,87,100,0,1,7,-34.484715,150.415802,78,2,1,0,0,0,0,0,2,0,0,50,2,6545,6545,4,0,0,2,0,0,0,0
1343214,3,2024,2024,4,6,10,171,31,115,34609,0,1,10,-33.880445,151.188498,69,0,2,1,2,0,3,4,0,0,0,50,0,6545,6545,4,5,5,2,0,0,0,0
1343229,3,2023,2023,2,2,5,51,27,28,34609,0,1,10,-33.910862,150.875157,41,0,2,1,1,0,0,0,2,2,7,50,0,3775,3775,0,5,13,4,0,0,0,0
1343246,3,2024,2024,4,0,0,361,7,143,34609,0,1,9,-33.87493,151.098283,9,0,2,1,2,0,0,0,0,0,7,50,0,9859,9859,1,30,5,5,0,0,0,0
1343267,3,2024,2024,3,6,11,78,31,111,62,0,1,2,-33.703821,150.859441,7,0,2,1,2,0,0,0,0,0,7,70,2,9859,9859,8,5,40,1,0,0,0,0
1343274,3,2023,2023,2,2,11,4,31,226,34609,0,1,1,-33.774671,150.821381,7,0,2,1,2,0,0,0,0,0,7,50,0,9859,9859,1,33,5,2,0,0,0,0
1343276,3,2024,2024,3,5,8,26,27,92,25,0,1,1,-33.979466,150.833908,13,0,2,0,0,0,0,0,2,0,7,70,1,3775,3775,0,33,0,2,0,0,0,0
1343292,3,2024,2024,4,6,2,22,27,104,144,0,1,9,-33.792332,150.807567,55,0,2,0,2,0,0,3,0,2,7,60,2,395,395,1,33,5,2,0,0,0,0
1343308,3,2024,2024,3,3,1,1,6,16,34609,0,1,1,-32.970738,151.713207,37,0,2,1,2,0,0,0,0,0,7,50,0,9859,9859,1,0,6,2,0,0,0,0
1343309,3,2024,2024,4,0,4,334,17,98,308,0,1,7,-30.988703,150.276267,51,2,1,0,0,0,0,0,2,0,0,60,2,14295,14295,3,5,40,2,0,0,0,0
1343317,3,2024,2024,4,5,7,42,31,150,34609,0,1,1,-33.92007,151.231147,59,0,2,1,0,0,0,0,2,0,7,50,0,13,188,1,0,0,2,0,0,0,0
1343323,3,2024,2024,4,1,8,31,31,173,34609,0,1,1,-33.878999,151.216193,69,0,2,1,1,0,0,0,2,0,7,40,0,9859,9859,1,33,0,2,0,0,0,0
1343332,3,2024,2024,4,0,5,13,23,609,34609,0,1,9,-33.777423,150.914477,7,0,2,1,1,0,0,0,2,0,7,50,0,9859,9859,1,33,5,2,0,0,0,0
1343381,3,2024,2024,3,3,0,44,31,20,34609,0,1,1,-33.083062,151.53058,37,0,2,1,0,0,0,0,0,0,7,50,0,1282,1282,1,33,12,2,0,0,0,0