Crash ID,Degree of crash - detailed,Reporting year,Year of crash,Month of crash,Day of week of crash,Two-hour intervals,Street of crash,Street type,Town,Route no.,School zone location,School zone active,Type of location,Latitude,Longitude,LGA,Urbanisation,Conurbation 1,Alignment,Street lighting,Road surface,Surface condition,Weather,Natural lighting,Signals operation,Other traffic control,Speed limit,Road classification,RUM - code,DCA - code,First impact type,Key TU type,Other TU type,No. of traffic units involved,No. killed,No. seriously injured,No. moderately injured,No. minor-other injured
1343401,3,2024,2024,4,3,4,515,14,294,518,0,1,3,-33.940736,150.933245,41,0,2,1,1,0,0,0,2,0,7,100,2,14295,14295,3,5,5,2,0,0,0,0
1343411,3,2023,2023,2,2,11,11,31,646,34609,0,1,1,-33.927355,151.033318,15,0,2,1,0,0,0,0,0,0,7,50,0,1282,1282,1,33,5,2,0,0,0,0
1343418,3,2024,2024,4,5,3,4,10,168,34609,0,1,1,-33.692221,150.818781,7,0,2,1,0,0,0,0,2,0,7,50,0,9859,9859,1,5,0,5,0,0,0,0
1343420,3,2024,2024,4,5,10,10,31,176,34609,0,1,9,-33.951053,151.141053,4,0,2,1,2,0,0,0,0,0,0,50,0,6545,6545,4,5,0,3,0,0,0,0
1343423,3,2023,2023,2,3,6,35,2,31,34609,0,1,9,-34.59167,150.874608,62,0,2,1,2,0,0,0,2,0,7,50,0,9859,9859,8,34,40,1,0,0,0,0
1343439,3,2024,2024,4,2,4,11,31,71,34609,0,1,1,-33.835488,150.966167,21,0,2,1,0,0,0,0,2,0,7,50,0,9859,9859,1,5,5,2,0,0,0,0
1343440,3,2024,2024,4,5,10,67,27,56,68,0,1,1,-33.80414,151.203832,77,0,2,1,2,0,3,4,0,0,7,50,1,9859,9859,8,5,40,1,0,0,0,0
1343445,3,2024,2024,3,3,8,44,31,41,605,0,1,2,-33.786257,151.266651,50,0,2,1,1,0,0,0,2,0,7,60,2,9859,9859,1,5,5,4,0,0,0,0
1343448,3,2024,2024,3,0,7,2261,17,30,2252,0,1,2,-34.815593,148.433689,30,1,0,0,0,0,0,0,2,0,7,110,2,14295,14295,3,9,2,2,0,0,0,0
1343456,3,2024,2024,3,5,7,3371,17,83,3342,0,1,2,-30.130182,153.193262,19,1,0,0,0,0,0,0,2,0,7,110,2,1383,1383,1,33,5,2,0,0,0,0
1343478,3,2024,2024,3,6,2,1,10,463,34609,0,1,1,-30.277127,153.087637,19,2,1,1,2,0,3,4,0,0,7,50,0,9859,9859,8,30,40,2,0,0,0,0
1343501,3,2024,2024,4,6,3,866,17,171,793,0,1,10,-33.807257,150.969318,21,0,2,1,2,0,0,0,1,3,9,70,2,1383,1383,1,5,5,2,0,0,0,0
1343512,3,2023,2023,2,0,2,24,27,246,99,0,1,1,-33.905627,151.192344,69,0,2,1,3,0,0,0,1,0,7,60,2,14295,14295,3,5,0,2,0,0,0,0
1343524,3,2024,2024,3,4,5,265,17,103,193,0,1,9,-34.313466,148.295555,30,2,1,0,3,0,0,0,2,0,0,50,2,1669,1669,3,9,10,2,0,0,0,0
1343529,3,2024,2024,3,4,5,169,27,123,34609,0,1,1,-33.814221,151.053585,54,0,2,1,3,0,0,0,2,0,7,50,0,395,395,1,10,5,2,0,0,0,0
1343531,3,2024,2024,3,6,6,330,1,159,34609,0,1,9,-33.808404,151.091563,61,0,2,1,3,0,0,0,2,0,0,50,0,2852,2852,4,5,0,2,0,0,0,0
1343532,3,2024,2024,3,5,7,25,27,15,260,0,1,2,-32.992436,151.600114,37,0,2,1,3,0,3,4,2,0,7,60,2,14295,14295,3,10,5,3,0,0,0,0
1343534,3,2024,2024,3,0,10,6,27,80,69,0,1,1,-33.939276,151.222561,4,0,2,0,3,0,0,3,0,0,7,50,1,1109,787,1,0,0,2,0,0,0,0
1343535,3,2024,2024,3,4,9,481,17,15,483,0,1,1,-34.386011,146.891563,51,1,0,1,3,0,0,0,3,0,7,110,2,4026,4026,8,5,40,1,0,0,0,0
1343537,3,2024,2024,3,0,11,109,36,21,108,0,1,9,-28.281979,153.462829,72,2,1,1,2,0,3,4,0,0,0,80,1,4552,985,8,5,40,1,0,0,0,0
1343539,3,2024,2024,3,2,5,21,27,72,34609,0,1,1,-33.796938,151.053277,54,0,2,1,3,0,3,3,2,0,7,50,0,9859,9859,1,0,0,4,0,0,0,0
1343540,3,2024,2024,3,6,7,294,17,56,288,0,1,10,-35.120206,147.378271,75,2,1,1,3,0,0,0,2,2,7,60,2,6545,6545,4,30,0,3,0,0,0,0
1343543,3,2024,2024,3,3,9,6,10,463,6,0,1,1,-30.324343,153.095173,19,2,1,1,3,0,3,4,0,0,7,60,1,4026,4026,8,5,40,1,0,0,0,0
1343545,3,2024,2024,3,0,7,38,27,165,21,0,1,9,-32.291771,150.869419,46,2,1,1,3,0,0,0,2,0,0,80,2,489,489,8,10,40,1,0,0,0,0
1343551,3,2024,2024,3,1,5,101,10,112,34609,0,1,9,-36.061588,146.920706,0,2,1,1,3,0,0,0,2,0,0,50,0,323,323,1,5,13,2,0,0,0,0
1343552,3,2024,2024,3,4,3,22,10,18,24,0,1,9,-28.795763,153.517728,2,2,1,0,3,0,0,0,1,0,0,80,1,5929,5929,1,0,41,2,0,0,0,0
1343554,3,2024,2024,4,2,11,348,17,105,232,0,1,10,-32.592464,149.583269,44,2,1,1,3,0,0,0,0,0,15,50,2,6545,6545,4,5,5,2,0,0,0,0
1343557,3,2024,2024,3,2,6,118,17,1,118,0,1,1,-30.101287,149.054095,51,1,0,1,3,2,0,0,2,0,7,100,2,1945,1945,5,5,40,1,0,0,0,0
1343558,3,2024,2024,3,0,8,29,27,89,34609,0,1,1,-28.224967,153.544754,72,2,1,1,3,0,0,3,2,0,7,50,0,1391,1391,1,30,5,2,0,0,0,0
1343563,3,2024,2024,3,5,3,1104,14,113,962,0,1,3,-33.785879,150.705323,55,0,2,1,0,0,0,0,2,0,7,110,2,1282,1282,1,5,13,2,0,0,0,0
1343565,3,2024,2024,3,6,10,3,23,101,34609,0,1,9,-32.906206,151.607767,37,0,2,0,3,0,3,4,0,0,7,50,0,3775,3775,0,5,0,2,0,0,0,0
1343566,3,2024,2024,3,2,5,169,27,80,61,0,1,9,-33.820333,151.167322,38,0,2,0,3,0,3,4,2,0,7,50,1,4552,5151,8,5,40,1,0,0,0,0
1343567,3,2024,2024,3,1,5,348,17,3,232,0,1,1,-32.491847,149.510958,44,1,0,1,3,0,0,0,2,0,7,100,2,1669,1669,3,8,13,3,0,0,0,0
1343568,3,2024,2024,3,2,10,1,10,5,34609,0,1,1,-33.542417,151.301963,16,2,2,1,3,0,3,4,0,0,7,50,0,9859,9859,8,5,40,1,0,0,0,0
1343576,3,2024,2024,3,3,11,8,27,17,34609,0,1,1,-28.499303,153.515067,10,2,1,0,3,0,0,0,0,0,7,80,0,1850,1463,5,5,40,1,0,0,0,0
1343577,3,2024,2024,3,3,5,3371,17,32,3342,0,1,9,-32.951023,151.717772,48,0,2,1,1,0,0,0,2,2,7,60,2,2852,2852,4,0,0,2,0,0,0,0
1343578,3,2024,2024,3,1,7,126,1,226,144,0,1,9,-33.775701,150.815107,7,0,2,1,3,0,0,0,2,0,7,60,2,926,926,4,0,36,2,0,0,0,0
1343583,3,2024,2024,3,0,6,44,31,41,605,1,0,2,-33.782639,151.267602,50,0,2,1,3,0,0,0,2,0,7,60,2,9859,9859,1,5,5,3,0,0,0,0
1343587,3,2024,2024,3,1,3,39,27,19,51,0,1,7,-33.653226,151.047008,31,0,2,0,3,0,0,0,2,0,0,60,2,5929,5929,1,10,10,2,0,0,0,0
1343589,3,2024,2024,3,6,6,478,17,118,480,0,1,9,-33.421122,151.288705,16,2,2,1,3,0,0,0,2,2,7,70,2,5929,5929,1,0,13,2,0,0,0,0
1343590,3,2024,2024,3,6,8,2209,17,35,2205,0,1,2,-34.055277,151.043408,68,0,2,1,3,0,0,0,2,0,7,80,2,14295,14295,3,0,0,3,0,0,0,0
1343592,3,2024,2024,3,2,9,19,27,57,63,0,1,7,-34.571068,150.823212,62,0,2,1,3,0,3,4,3,0,0,60,2,9859,9859,8,5,40,1,0,0,0,0
1343594,3,2024,2024,3,2,7,15,27,134,34609,0,1,2,-33.96874,150.814233,12,0,2,0,3,0,0,0,2,2,9,70,0,14295,14295,3,0,5,2,0,0,0,0
1343596,3,2024,2024,3,1,8,361,31,225,34609,0,1,1,-33.794545,151.180317,77,0,2,0,3,0,0,0,2,0,7,40,0,1981,1981,4,0,5,2,0,0,0,0
1343600,3,2024,2024,3,5,5,15,27,65,34609,0,1,1,-33.869378,150.899741,24,0,2,0,3,0,0,0,2,0,7,50,0,4552,5151,1,5,5,2,0,0,0,0
1343604,3,2024,2024,3,5,4,78,23,159,34609,0,1,1,-33.807382,151.089006,61,0,2,1,3,0,0,0,2,0,7,40,0,1109,397,1,5,5,2,0,0,0,0
1343605,3,2024,2024,3,4,1,1052,14,173,928,0,1,3,-33.706744,151.117584,31,0,2,0,3,0,3,4,0,0,7,80,2,175,188,8,29,40,1,0,0,0,0
1343608,3,2023,2023,9,4,8,6,31,72,34,1,0,10,-33.833787,151.226673,49,0,2,1,3,0,0,0,2,2,7,50,1,4552,985,8,5,40,1,0,0,0,0
1343611,3,2024,2024,3,1,7,8,25,166,34609,0,1,1,-33.941212,150.998619,15,0,2,1,3,0,0,0,2,0,7,50,0,9859,9859,1,10,13,2,0,0,0,0
1343616,3,2024,2024,3,6,7,916,17,61,917,1,2,1,-29.735381,151.738528,51,2,1,1,3,0,0,0,2,0,7,40,2,9859,9859,1,5,0,3,0,0,0,0
1343623,3,2024,2024,4,1,6,49,27,91,47,0,1,2,-33.999285,150.881178,13,0,2,1,3,0,0,0,2,0,7,60,1,204,204,1,0,5,2,0,0,0,0
1343625,3,2024,2024,3,0,4,3,31,443,34609,1,2,10,-33.90296,151.058829,15,0,2,1,3,0,0,0,2,0,0,40,0,256,256,4,5,0,3,0,0,0,0
1343629,3,2024,2024,3,5,8,3,27,174,34609,0,1,9,-33.869743,150.921968,24,0,2,1,3,0,3,4,2,0,7,50,0,2852,2852,4,5,5,2,0,0,0,0
1343631,3,2024,2024,3,1,4,6,27,316,34609,0,1,1,-31.45278,152.875421,56,2,1,0,3,0,0,0,2,0,7,70,0,3775,3775,0,5,0,2,0,0,0,0
1343632,3,2024,2024,3,0,8,1,31,207,34609,1,0,10,-31.943235,141.45922,51,2,1,1,3,0,0,0,2,0,0,50,0,4552,985,8,5,40,1,0,0,0,0
1343634,3,2024,2024,3,1,7,153,27,197,147,0,1,1,-33.951477,151.09011,25,0,2,1,3,0,0,0,2,0,7,60,2,14295,14295,3,5,5,2,0,0,0,0
1343635,3,2024,2024,3,0,3,2,27,5,34609,0,1,1,-28.54775,153.013924,51,1,0,0,3,0,3,3,2,0,7,100,0,3775,3775,0,10,5,2,0,0,0,0
1343637,3,2024,2024,3,5,1,2261,17,23,2252,0,1,2,-34.809139,148.593064,82,1,0,0,3,0,3,4,0,0,7,110,2,2585,4009,8,3,40,1,0,0,0,0
1343638,3,2024,2024,3,1,7,154,27,136,244,0,1,9,-33.916095,151.066923,15,0,2,1,3,0,0,0,2,0,0,60,2,14295,14295,3,16,5,2,0,0,0,0
1343639,3,2024,2024,3,1,10,1,31,104,34609,0,1,0,-33.832524,151.21483,49,0,2,1,3,0,0,0,0,0,7,50,0,14295,14295,3,5,0,3,0,0,0,0
1343640,3,2024,2024,3,2,5,72,27,278,56,0,1,2,-33.790825,151.064266,54,0,2,0,3,0,3,4,2,0,7,60,2,2585,4009,8,0,40,1,0,0,0,0
1343641,3,2024,2024,3,4,10,14,27,251,14,0,1,9,-33.775873,150.95534,7,0,2,1,3,0,0,0,0,0,7,60,1,515,515,1,5,0,2,0,0,0,0
1343643,3,2024,2024,4,6,8,14,31,53,262,0,1,2,-32.925063,151.755394,48,0,2,1,3,0,0,0,2,0,7,60,2,1192,1192,1,5,5,2,0,0,0,0
1343645,3,2024,2024,3,5,11,500,27,646,799,0,1,9,-33.934581,151.036738,15,0,2,1,3,0,0,0,0,2,7,70,2,14295,14295,3,0,13,2,0,0,0,0
1343647,3,2024,2024,4,1,8,76,31,68,34609,0,1,10,-34.828097,148.910793,82,2,1,1,3,0,0,0,2,0,0,50,0,6545,6545,4,5,13,2,0,0,0,0
1343650,3,2024,2024,3,0,3,3371,17,77,3342,0,1,9,-32.938891,151.745338,48,0,2,1,3,0,0,0,2,0,15,60,2,5929,5929,1,0,5,2,0,0,0,0
1343651,3,2024,2024,3,1,10,1052,14,101,928,0,1,3,-32.890725,151.599644,37,0,2,0,3,0,0,0,3,0,7,110,2,4552,5151,8,5,40,1,0,0,0,0
1343656,3,2024,2024,3,6,4,9,31,9,34609,1,2,9,-32.661376,151.730649,57,2,1,0,3,0,0,0,2,0,0,40,0,5929,5929,1,0,0,2,0,0,0,0
1343658,3,2024,2024,3,0,7,15,10,132,34609,0,1,1,-34.090027,151.135666,68,0,2,0,3,0,0,0,2,0,7,80,0,1259,5151,8,5,40,1,0,0,0,0
1343660,3,2024,2024,3,0,5,11,31,48,34609,0,1,10,-29.047882,152.022475,51,2,1,1,3,0,0,0,2,0,0,50,0,6545,6545,4,0,0,2,0,0,0,0
1343662,3,2024,2024,3,6,10,2209,17,74,2205,0,1,10,-34.438805,150.858052,80,0,2,1,3,0,3,4,0,2,7,60,2,217,217,1,5,5,2,0,0,0,0
1343699,3,2023,2023,9,4,3,109,27,169,34609,1,0,7,-33.767584,150.840792,7,0,2,1,0,0,0,0,2,0,0,50,0,4026,4026,8,5,40,2,0,0,0,0
1343718,3,2023,2023,2,2,10,25,31,23,55,0,1,9,-33.822668,150.989185,21,0,2,1,2,0,0,0,0,0,7,60,1,14295,14295,3,5,5,2,0,0,0,0
1343735,3,2023,2023,2,0,3,4,1,43,34609,1,0,9,-33.215205,151.513953,16,2,2,0,1,0,0,0,2,0,0,50,0,4552,5151,8,5,40,1,0,0,0,0
1343766,3,2024,2024,4,2,10,3371,27,17,34609,0,1,1,-33.600115,151.322054,50,0,2,1,0,0,0,0,0,0,7,40,0,4026,4026,1,0,0,2,0,0,0,0
1343807,3,2024,2024,4,5,7,154,27,145,244,0,1,1,-33.919319,151.063158,15,0,2,1,1,0,0,0,2,0,7,60,2,9859,9859,1,33,5,3,0,0,0,0
1343835,3,2023,2023,2,6,1,154,27,293,244,0,1,9,-33.921146,151.061005,15,0,2,1,2,0,3,4,0,0,7,60,2,9859,9859,1,0,5,2,0,0,0,0
1343855,3,2024,2024,3,2,0,1104,14,167,962,0,1,3,-33.856774,151.069374,54,0,2,1,2,0,3,4,0,0,7,90,2,1192,1192,1,5,5,2,0,0,0,0
1343861,3,2024,2024,4,0,3,46,31,57,34609,1,0,10,-34.563193,150.816314,62,0,2,1,0,0,0,0,2,0,15,50,0,6545,6545,4,0,0,2,0,0,0,0
1343862,3,2024,2024,3,2,2,2261,17,201,2252,0,1,3,-33.994039,150.849707,13,0,2,1,1,0,0,0,1,0,7,110,2,4026,4026,8,5,40,1,0,0,0,0
1343888,3,2024,2024,4,3,0,91,27,119,187,0,1,10,-33.874951,151.155162,32,0,2,1,2,0,3,4,0,2,7,70,2,6545,6545,4,5,5,2,0,0,0,0
1343895,3,2024,2024,4,1,8,2261,17,443,2252,0,1,9,-33.890426,151.05887,15,0,2,1,1,0,3,4,2,2,7,70,2,5929,5929,1,8,5,2,0,0,0,0
1343939,3,2023,2023,9,4,10,11,27,139,34,0,1,1,-33.840401,151.214704,49,0,2,0,2,0,3,4,0,0,7,50,1,1957,4009,1,0,5,2,0,0,0,0
1343948,3,2024,2024,3,5,4,13,1,77,34609,0,1,1,-33.718674,151.078892,31,0,2,1,1,0,0,0,2,0,7,50,0,9859,9859,1,5,36,2,0,0,0,0
1343969,3,2024,2024,4,1,4,1104,14,283,962,0,1,3,-33.828238,151.016397,54,0,2,1,1,0,3,4,2,0,7,90,2,1282,1282,1,33,0,3,0,0,0,0
1343971,3,2024,2024,3,1,6,2,25,42,34609,0,1,1,-33.891902,150.872946,24,0,2,1,1,0,0,0,2,0,7,50,0,3775,3775,0,5,5,2,0,0,0,0
1343987,3,2024,2024,4,3,11,5,31,135,34609,0,1,1,-32.902282,151.732975,48,0,2,1,0,0,0,0,0,0,7,50,0,9859,9859,1,5,0,3,0,0,0,0
1343994,3,2024,2024,3,4,4,11,27,182,34609,1,2,9,-32.830433,151.33858,17,2,1,1,0,0,0,3,2,0,0,40,0,237,162,8,5,40,1,0,0,0,0
1344001,3,2024,2024,3,1,6,21,31,102,34609,0,1,7,-31.113828,150.904364,70,2,1,1,1,0,0,0,2,0,0,50,0,6545,6545,4,0,13,2,0,0,0,0
1344013,3,2024,2024,4,0,11,7,31,65,34609,0,1,1,-33.807523,150.955084,21,0,2,1,2,0,3,4,0,0,7,50,0,9859,9859,1,5,5,2,0,0,0,0
1344019,3,2024,2024,3,6,6,48,31,194,34609,0,1,1,-30.515458,151.64559,1,2,1,1,0,0,0,0,2,0,7,50,0,220,220,1,9,5,2,0,0,0,0
1344021,3,2023,2023,1,3,10,35,27,31,231,0,1,1,-33.501674,151.331294,16,2,2,1,2,0,0,0,0,0,7,60,2,4026,4026,8,5,40,1,0,0,0,0
1344025,3,2024,2024,3,2,10,5,27,309,22,0,1,9,-33.800037,151.118324,61,0,2,1,0,0,0,0,0,0,7,60,1,14295,14295,3,0,5,2,0,0,0,0
1344028,3,2024,2024,3,2,6,3,31,165,34609,0,1,4,-32.27559,150.88723,46,2,1,0,0,0,3,4,2,0,7,50,0,2585,4009,8,5,40,1,0,0,0,0
1344033,3,2024,2024,4,5,5,194,31,105,34609,0,1,1,-32.593354,149.588171,44,2,1,1,1,0,0,0,2,0,7,40,0,1282,1282,1,5,40,1,0,0,0,0
1344058,3,2024,2024,4,2,10,165,31,179,34609,0,1,1,-33.760489,150.734925,55,0,2,1,2,0,0,0,0,0,7,50,0,9859,9859,1,5,5,2,0,0,0,0
1344096,3,2023,2023,2,2,10,17,27,8,17,0,1,1,-35.242499,148.199119,66,1,0,1,3,0,0,0,0,0,7,100,2,1089,1089,7,0,40,1,0,0,0,0
1344097,3,2023,2023,2,4,4,5,1,346,34609,0,1,9,-33.87862,151.079112,67,0,2,1,3,0,3,4,2,0,7,50,0,489,489,8,10,40,1,0,0,0,0
1344100,3,2023,2023,2,5,3,294,17,26,288,0,1,1,-34.659923,146.167669,51,1,0,1,3,0,0,0,2,0,7,110,2,1109,787,1,0,2,2,0,0,0,0
1344102,3,2024,2024,3,2,6,2126,17,24,2149,0,1,9,-33.438542,150.062062,40,1,0,1,3,0,0,0,2,0,0,110,2,2852,2852,4,10,36,2,0,0,0,0
1344104,3,2024,2024,4,1,9,143,31,173,181,0,1,10,-33.879181,151.215231,69,0,2,1,3,0,0,0,3,2,7,40,2,926,926,4,5,0,2,0,0,0,0
1344109,3,2024,2024,3,5,3,46,36,9,46,0,1,1,-32.733748,149.051603,22,2,1,0,3,0,3,4,2,0,11,80,1,4552,5151,8,5,40,1,0,0,0,0
1344112,3,2024,2024,3,0,8,18,10,73,18,0,1,7,-33.777635,151.150707,36,0,2,1,3,0,0,0,2,0,0,60,1,6545,6545,4,5,5,2,0,0,0,0
1344116,3,2024,2024,3,1,9,123,36,37,49,0,1,1,-30.934038,151.575951,51,1,0,0,3,0,3,4,2,0,7,100,1,4552,5151,8,0,40,1,0,0,0,0
1344118,3,2024,2024,3,3,0,8,27,121,34609,0,1,9,-28.193541,153.522865,72,2,1,0,3,0,0,0,0,0,7,50,0,4552,5151,8,9,40,1,0,0,0,0
1344124,3,2024,2024,3,1,6,13,1,42,34609,1,0,7,-33.919687,150.895334,41,0,2,1,3,0,3,4,2,0,0,50,0,945,945,5,5,40,1,0,0,0,0
1344125,3,2024,2024,3,0,4,12,27,19,19,0,1,1,-33.211416,151.476725,16,1,2,1,3,0,0,0,2,0,7,100,2,3775,3775,0,10,0,2,0,0,0,0
1344126,3,2024,2024,3,1,8,224,27,246,321,0,1,10,-33.905528,151.202829,69,0,2,1,3,0,3,4,2,2,7,50,2,14295,14295,3,5,5,3,0,0,0,0
1344128,3,2024,2024,3,4,7,2,1,210,34609,0,1,9,-34.028199,151.103716,68,0,2,1,3,0,0,0,2,0,7,50,0,237,162,8,5,40,1,0,0,0,0
1344129,3,2024,2024,3,5,7,31,31,70,148,0,1,9,-32.897973,151.72157,48,0,2,1,3,0,0,3,2,2,7,60,1,14295,14295,3,0,0,3,0,0,0,0
1344132,3,2024,2024,3,1,4,481,17,155,483,0,1,9,-33.109361,148.174326,53,2,1,1,3,0,0,0,2,0,0,80,2,2852,2852,4,0,13,2,0,0,0,0
1344133,3,2024,2024,3,1,4,105,17,251,136,0,1,2,-33.772161,150.937164,7,0,2,1,3,0,0,3,2,0,7,60,2,14295,14295,3,5,5,3,0,0,0,0
1344134,3,2023,2023,2,6,6,93,10,283,125,0,1,10,-33.836607,151.01483,21,0,2,1,3,0,0,0,2,2,7,60,1,3775,3775,0,5,5,2,0,0,0,0
1344135,3,2024,2024,3,0,5,2261,17,70,2252,0,1,2,-34.701122,150.018099,26,1,0,1,3,0,3,4,2,0,7,110,2,9859,9859,8,5,40,1,0,0,0,0
1344137,3,2024,2024,3,2,0,77,31,50,34609,0,1,1,-34.340427,150.898309,80,0,2,0,3,0,0,0,0,0,7,50,0,237,397,1,5,0,2,0,0,0,0
1344139,3,2024,2024,3,1,3,19,27,46,34609,0,1,1,-35.156971,147.388453,75,2,1,1,3,0,0,0,1,0,7,50,0,9859,9859,8,10,40,1,0,0,0,0
1344140,3,2024,2024,4,0,9,18,36,73,34,0,1,1,-34.187778,150.594526,79,2,2,0,3,0,0,0,3,0,7,80,1,1957,4009,8,5,40,1,0,0,0,0
1344146,3,2024,2024,3,0,4,916,17,172,917,0,1,2,-32.760239,151.593968,42,2,1,1,3,0,0,0,2,0,7,60,2,14295,14295,3,0,5,2,0,0,0,0
1344150,3,2024,2024,4,1,7,109,27,74,382,0,1,9,-33.756971,150.84005,7,0,2,1,3,0,3,3,2,0,7,60,2,14295,14295,3,5,0,3,0,0,0,0
1344151,3,2024,2024,3,5,7,22,27,113,48,0,1,2,-34.364675,150.859113,80,0,2,1,3,0,3,4,2,0,7,100,2,1282,1282,1,29,5,2,0,0,0,0
1344155,3,2024,2024,3,0,9,2126,17,65,2149,0,1,2,-33.539519,150.163384,40,2,1,0,3,0,3,4,3,0,7,80,2,2585,4009,8,5,40,1,0,0,0,0
1344156,3,2024,2024,3,3,8,1,27,7,34609,0,1,1,-33.370273,148.941313,11,1,0,0,3,2,0,3,2,0,7,100,0,4552,5151,8,10,40,1,0,0,0,0
1344157,3,2024,2024,3,1,7,99,31,237,105,0,1,1,-33.871703,150.946226,24,0,2,1,3,0,3,3,2,0,7,60,1,5929,5929,1,5,0,2,0,0,0,0
1344158,3,2024,2024,3,1,7,78,23,10,34609,0,1,1,-33.001283,151.585257,37,0,2,1,3,0,3,3,2,0,9,60,0,14295,14295,3,0,22,2,0,0,0,0
1344160,3,2024,2024,3,6,10,12,27,154,34609,1,0,7,-33.713075,150.961646,71,0,2,1,3,0,3,4,0,0,0,50,0,5929,5929,1,5,5,2,0,0,0,0
1344163,3,2024,2024,3,4,6,163,27,95,165,0,1,9,-33.736153,150.837149,7,0,2,1,3,0,3,0,2,2,7,60,1,5929,5929,1,19,36,2,0,0,0,0
1344165,3,2024,2024,3,6,9,294,17,215,288,0,1,2,-35.117282,147.357215,75,2,1,1,3,0,0,0,3,0,0,60,2,1981,1981,4,10,0,2,0,0,0,0
1344167,3,2024,2024,3,3,8,11,31,94,40,0,1,9,-33.831054,151.053337,54,0,2,1,3,0,0,3,2,2,7,60,1,5929,5929,1,5,5,2,0,0,0,0
1344169,3,2024,2024,3,0,9,26,31,174,34609,0,1,10,-33.893378,151.208326,69,0,2,1,3,0,0,3,2,0,15,40,0,6545,6545,4,5,5,2,0,0,0,0
1344172,3,2024,2024,3,1,3,5,27,127,34609,0,1,1,-33.856422,150.831341,24,0,2,1,3,0,0,0,2,0,7,50,0,77,77,1,0,5,2,0,0,0,0
1344174,3,2024,2024,3,6,8,2,27,8,34609,0,1,1,-31.270936,150.578402,51,1,0,1,3,2,0,0,2,0,7,100,0,9859,9859,8,30,40,1,0,0,0,0
1344177,3,2024,2024,3,5,4,171,1,57,104,0,1,9,-33.946104,151.223331,4,0,2,0,3,0,0,0,2,2,7,60,2,5929,5929,1,9,5,2,0,0,0,0
1344181,3,2024,2024,3,0,3,1104,14,247,962,0,1,3,-33.809853,150.936915,21,0,2,1,3,0,0,0,2,0,7,100,2,1192,1192,1,30,5,2,0,0,0,0
1344182,3,2024,2024,3,2,6,2209,17,106,2205,0,1,10,-34.555195,150.790763,62,0,2,1,3,0,0,0,2,0,0,70,2,515,515,1,8,0,2,0,0,0,0
1344183,3,2024,2024,3,3,3,68,27,98,208,0,1,10,-33.754268,151.067474,31,0,2,1,3,0,0,3,2,0,15,60,2,2852,2852,4,0,12,2,0,0,0,0
1344185,3,2024,2024,3,1,8,68,27,36,208,0,1,1,-33.76203,151.079212,31,0,2,0,3,0,3,4,4,0,7,60,2,3775,3775,0,5,5,4,0,0,0,0
1344187,3,2024,2024,3,6,8,71,36,3,139,0,1,1,-33.818333,145.620828,51,1,0,0,0,0,0,0,2,0,7,100,2,3775,3775,0,0,35,2,0,0,0,0
1344192,3,2024,2024,3,3,7,38,27,189,165,0,1,1,-33.945617,151.06005,15,0,2,1,3,0,0,0,2,0,7,50,1,1192,1192,1,0,5,2,0,0,0,0
1344193,3,2024,2024,4,5,5,1052,14,207,928,0,1,3,-33.604254,151.165386,31,0,2,1,3,0,0,0,2,0,7,110,2,14295,14295,3,5,25,2,0,0,0,0
1344195,3,2024,2024,3,5,8,44,31,13,34609,0,1,7,-35.630236,144.12827,51,2,1,1,3,0,0,0,2,0,0,50,0,5929,5929,1,0,0,2,0,0,0,0
1344196,3,2024,2024,3,0,4,125,27,57,123,0,1,10,-33.341654,151.428646,16,2,2,0,3,0,3,3,2,2,7,70,2,14295,14295,3,0,13,2,0,0,0,0
1344197,3,2024,2024,3,4,4,3371,17,12,3342,0,1,10,-33.05317,151.654808,37,0,2,1,3,0,0,0,2,0,0,60,2,9859,9859,8,5,40,1,0,0,0,0
1344199,3,2024,2024,3,0,7,112,27,79,769,0,1,1,-33.579201,150.718882,29,2,2,1,3,0,0,0,2,0,7,60,2,1383,1383,1,5,13,2,0,0,0,0
1344200,3,2024,2024,3,4,3,1052,14,173,928,0,1,3,-33.705263,151.117831,31,0,2,1,3,0,3,0,1,0,7,110,2,14295,14295,3,0,13,5,0,0,0,0
1344201,3,2024,2024,3,4,9,91,27,119,187,0,1,10,-33.874951,151.155162,32,0,2,1,3,0,0,0,3,2,7,70,2,6545,6545,4,5,5,2,0,0,0,0
1344202,3,2024,2024,3,5,4,3371,17,108,3342,0,1,2,-33.297387,151.42202,16,2,2,1,3,0,0,0,2,0,7,60,2,1282,1282,1,8,0,2,0,0,0,0
1344205,3,2024,2024,3,1,6,81,17,35,34609,0,1,1,-34.375417,150.539156,78,2,1,1,3,0,0,0,2,0,7,60,0,9859,9859,8,5,40,1,0,0,0,0
1344207,3,2024,2024,3,1,7,162,31,65,122,0,1,2,-34.486729,150.887693,80,0,2,1,3,0,0,0,2,0,7,60,2,1383,1383,1,0,10,2,0,0,0,0
1344209,3,2024,2024,3,2,10,3371,17,147,3342,0,1,9,-33.750786,151.147292,36,0,2,0,3,0,3,4,0,2,7,60,2,5929,5929,1,5,0,3,0,0,0,0
1344210,3,2024,2024,3,3,4,8,31,316,34609,0,1,1,-31.459845,152.922454,56,2,1,1,3,0,0,0,2,0,7,50,0,4026,4026,8,5,40,1,0,0,0,0
1344211,3,2024,2024,3,1,6,22,1,18,34609,0,1,1,-28.328498,153.566327,72,2,1,1,1,0,0,0,2,0,7,50,0,9859,9859,1,5,5,2,0,0,0,0