Crash ID,Degree of crash - detailed,Reporting year,Year of crash,Month of crash,Day of week of crash,Two-hour intervals,Street of crash,Street type,Town,Route no.,School zone location,School zone active,Type of location,Latitude,Longitude,LGA,Urbanisation,Conurbation 1,Alignment,Street lighting,Road surface,Surface condition,Weather,Natural lighting,Signals operation,Other traffic control,Speed limit,Road classification,RUM - code,DCA - code,First impact type,Key TU type,Other TU type,No. of traffic units involved,No. killed,No. seriously injured,No. moderately injured,No. minor-other injured
1344212,3,2024,2024,3,2,7,1052,14,21,928,0,1,3,-33.235996,151.415918,16,1,2,1,3,0,0,0,2,0,7,110,2,1192,1192,1,30,5,2,0,0,0,0
1344213,3,2024,2024,3,3,10,72,27,82,102,0,1,10,-33.794422,151.264849,50,0,2,1,3,0,0,0,0,2,7,60,2,301,301,4,30,25,2,0,0,0,0
1344218,3,2024,2024,3,0,8,1052,14,77,928,0,1,3,-33.535982,151.199456,16,1,2,1,3,0,0,0,2,0,7,110,2,14295,14295,3,5,5,7,0,0,0,0
1344219,3,2024,2024,3,0,8,3371,17,17,3342,0,1,2,-32.000731,152.463014,43,1,0,0,3,0,0,0,2,0,7,110,2,14295,14295,3,0,36,2,0,0,0,0
1344221,3,2024,2024,3,4,5,59,31,74,34609,0,1,9,-33.765834,150.677235,55,0,2,0,3,0,0,0,2,0,7,50,0,2585,777,1,0,5,2,0,0,0,0
1344224,3,2024,2024,3,1,8,3371,17,44,3342,0,1,2,-30.732496,152.921453,47,1,0,0,3,0,3,4,2,0,7,110,2,273,957,5,9,40,1,0,0,0,0
1344226,3,2024,2024,3,5,3,23,1,105,34609,0,1,1,-32.716365,151.534483,42,2,1,1,3,0,0,0,2,0,7,50,0,9859,9859,1,10,23,3,0,0,0,0
1344227,3,2024,2024,3,6,9,2126,17,44,2149,0,1,2,-33.766321,150.640046,8,2,2,0,3,0,3,0,3,0,7,70,2,2585,4009,8,5,40,1,0,0,0,0
1344228,3,2024,2024,3,5,8,5,31,123,34609,0,1,10,-33.815121,151.053671,54,0,2,1,3,0,3,3,2,0,0,50,0,6545,6545,4,5,5,2,0,0,0,0
1344232,3,2024,2024,3,2,9,55,31,172,34609,0,1,10,-32.759136,151.585113,42,2,1,1,3,0,0,0,3,0,15,50,0,6545,6545,4,30,0,2,0,0,0,0
1344236,3,2024,2024,3,5,3,126,27,74,168,0,1,1,-34.06076,150.782885,13,0,2,1,3,0,0,0,2,0,7,80,2,1383,1383,1,8,5,2,0,0,0,0
1344237,3,2023,2023,2,0,0,7,31,228,34609,0,1,9,-34.765328,149.69357,26,2,1,1,3,0,0,0,0,0,7,50,0,4026,4026,8,5,40,1,0,0,0,0
1344239,3,2024,2024,3,5,8,77,31,64,563,0,1,9,-33.885729,151.039766,21,0,2,1,3,0,3,4,2,0,0,80,2,14295,14295,3,5,12,2,0,0,0,0
1344241,3,2024,2024,3,6,4,38,31,387,64,0,1,9,-33.926967,151.187974,4,0,2,1,3,0,0,0,2,3,7,60,2,1192,1192,1,5,35,2,0,0,0,0
1344242,3,2024,2024,3,0,4,2,31,106,34609,1,2,4,-33.677083,151.299366,50,0,2,0,3,0,0,0,2,0,7,40,0,3775,3775,0,30,0,2,0,0,0,0
1344243,3,2024,2024,3,4,7,108,31,169,34609,0,1,1,-33.763273,150.84587,7,0,2,1,3,0,3,3,2,0,7,50,0,4026,4026,1,5,0,2,0,0,0,0
1344247,3,2024,2024,3,6,10,1,31,30,34609,0,1,9,-34.216388,150.576377,79,2,2,1,3,0,3,4,0,0,0,80,0,6545,6545,4,0,0,2,0,0,0,0
1344248,3,2024,2024,3,6,4,2126,17,125,2149,0,1,1,-33.862695,151.079348,67,0,2,1,3,0,0,0,2,0,7,60,2,1282,1282,1,8,0,2,0,0,0,0
1344249,3,2024,2024,3,5,8,2209,17,24,2205,0,1,2,-34.95075,150.601103,63,1,0,1,0,0,3,4,2,0,7,100,2,9859,9859,8,0,40,1,0,0,0,0
1344254,3,2024,2024,3,5,6,177,31,89,34609,0,1,10,-33.856526,150.897138,24,0,2,1,3,0,3,4,2,2,7,60,0,6545,6545,4,5,22,2,0,0,0,0
1344256,3,2024,2024,3,2,9,1,10,232,34609,0,1,1,-33.69117,150.927628,71,0,2,1,3,0,0,0,2,2,9,50,0,5929,5929,1,30,0,2,0,0,0,0
1344260,3,2024,2024,3,3,11,2209,17,55,2205,0,1,2,-35.739323,150.163338,23,1,0,0,1,0,3,6,0,0,7,90,2,4552,5151,8,5,40,1,0,0,0,0
1344261,3,2024,2024,3,2,5,2209,17,24,2205,0,1,2,-34.951651,150.600834,63,1,0,1,3,0,0,0,2,0,7,100,2,4026,4026,8,5,40,1,0,0,0,0
1344262,3,2023,2023,11,0,9,8,27,166,18,0,1,9,-33.897858,151.181416,69,0,2,1,2,0,0,0,0,0,7,40,2,57,57,1,9,5,2,0,0,0,0
1344265,3,2023,2023,11,4,3,916,17,66,917,0,1,2,-32.810573,151.671358,48,0,2,1,1,0,0,0,2,0,7,80,2,14295,14295,3,29,5,2,0,0,0,0
1344267,3,2023,2023,11,4,1,19,27,47,24,0,1,1,-28.81646,153.439726,2,2,1,0,0,0,0,0,0,0,7,80,1,4552,5151,8,0,40,1,0,0,0,0
1344320,3,2023,2023,2,4,0,1052,14,207,928,0,1,3,-33.618525,151.159641,31,0,2,0,0,0,0,0,0,0,7,110,2,14295,14295,3,0,13,2,0,0,0,0
1344328,3,2023,2023,9,6,8,4,27,56,34609,0,1,9,-33.757049,150.781029,55,0,2,1,1,0,0,0,2,0,7,50,0,775,775,4,0,25,2,0,0,0,0
1344350,3,2024,2024,4,4,7,60,27,253,331,0,1,9,-33.962761,151.104046,25,0,2,1,1,0,3,4,2,1,7,60,2,1383,1383,1,5,5,2,0,0,0,0
1344355,3,2024,2024,4,0,6,107,22,98,34609,0,1,1,-33.013399,151.594045,37,0,2,1,2,0,0,0,2,0,7,40,0,1282,1282,1,5,40,1,0,0,0,0
1344362,3,2024,2024,4,3,1,12,10,39,34609,0,1,9,-36.024271,146.99028,0,2,1,1,0,0,0,0,0,0,7,60,0,489,489,8,10,40,1,0,0,0,0
1344386,3,2024,2024,4,2,10,3371,17,31,3342,0,1,2,-30.337732,153.077022,19,1,0,1,0,0,0,0,0,0,7,100,2,9859,9859,8,0,40,1,0,0,0,0
1344399,3,2024,2024,3,0,6,175,27,609,220,0,1,10,-33.747695,150.916394,7,0,2,1,0,0,0,0,2,2,7,70,2,2852,2852,4,5,13,3,0,0,0,0
1344426,3,2024,2024,3,6,1,34,31,92,34609,0,1,1,-33.408192,151.360035,16,2,2,1,2,0,0,0,0,0,7,50,0,9859,9859,1,0,13,2,0,0,0,0
1344439,3,2024,2024,3,1,4,3371,17,29,3342,0,1,2,-31.774162,152.650813,43,1,0,0,0,0,0,0,2,0,7,110,2,4552,5151,8,5,40,1,0,0,0,0
1344440,3,2024,2024,3,3,6,1,27,316,34609,0,1,1,-33.908597,151.247643,59,0,2,1,1,0,0,0,2,0,7,50,0,1282,1282,1,33,5,2,0,0,0,0
1344444,3,2024,2024,3,6,3,35,10,20,148,0,1,1,-34.222043,150.998722,80,0,2,1,0,0,3,4,0,0,7,60,2,9859,9859,8,5,40,1,0,0,0,0
1344448,3,2024,2024,3,0,6,23,27,81,34609,0,1,7,-33.882299,151.260329,81,0,2,0,0,0,0,0,2,0,0,50,0,186,186,1,33,5,2,0,0,0,0
1344449,3,2024,2024,3,6,11,99,31,84,105,0,1,1,-33.887208,150.935619,24,0,2,1,2,0,0,0,0,0,7,60,1,475,475,5,5,40,1,0,0,0,0
1344483,3,2024,2024,4,1,8,234,27,112,217,0,1,1,-33.666131,151.02559,31,0,2,0,1,0,3,4,2,0,7,70,2,1259,5151,8,5,40,1,0,0,0,0
1344504,3,2024,2024,3,3,9,63,17,112,114,0,1,1,-33.458493,151.419754,16,2,2,1,0,0,0,0,3,0,7,70,2,9859,9859,8,0,40,1,0,0,0,0
1344525,3,2024,2024,3,0,1,37,23,443,78,0,1,1,-33.90747,151.062135,15,0,2,1,2,0,0,0,0,0,7,60,2,1192,1192,1,5,13,2,0,0,0,0
1344528,3,2024,2024,3,1,7,294,17,6,288,0,1,1,-34.721425,143.906314,51,1,0,0,0,0,0,0,2,0,7,110,2,1957,4009,8,30,40,1,0,0,0,0
1344537,3,2024,2024,3,2,10,98,27,169,382,0,1,1,-33.606234,150.758832,29,2,2,1,0,0,3,4,0,0,7,80,2,9859,9859,8,21,40,1,0,0,0,0
1344552,3,2024,2024,3,2,10,27,27,294,27,0,1,1,-33.942794,150.950561,41,0,2,1,2,0,0,0,0,0,7,60,1,9859,9859,8,10,40,1,0,0,0,0
1344559,3,2024,2024,4,3,0,34,27,225,69,0,1,1,-33.796196,151.172013,77,0,2,1,2,0,3,4,0,0,7,50,2,9859,9859,8,5,40,1,0,0,0,0
1344561,3,2024,2024,3,6,3,1104,14,223,962,0,1,3,-33.805731,150.91822,7,0,2,1,1,0,0,0,2,0,7,100,2,14295,14295,3,5,40,2,0,0,0,0
1344566,3,2024,2024,4,1,10,175,27,86,220,0,1,10,-33.747549,150.916422,7,0,2,1,2,0,0,0,0,2,6,70,2,6545,6545,4,5,5,2,0,0,0,0
1344568,3,2024,2024,3,0,5,6,27,50,34609,0,1,10,-33.520773,151.330339,16,2,2,1,1,0,0,3,2,0,0,50,0,6545,6545,4,10,0,2,0,0,0,0
1344586,3,2024,2024,3,2,10,7,31,64,34609,0,1,1,-33.474941,150.162095,40,2,1,1,2,0,0,0,0,0,7,50,0,4026,4026,8,5,40,1,0,0,0,0
1344612,3,2024,2024,3,4,10,82,31,363,369,0,1,10,-33.747036,150.714261,55,0,2,1,2,0,0,0,0,2,7,70,2,14295,14295,3,33,19,2,0,0,0,0
1344637,3,2024,2024,4,6,4,2261,17,33,2252,0,1,3,-34.016609,150.825302,13,0,2,1,0,0,0,0,2,0,7,110,2,1192,1192,1,10,40,2,0,0,0,0
1344638,3,2024,2024,4,1,9,512,27,246,15,0,1,1,-33.898713,151.195016,69,0,2,1,1,0,0,0,2,0,7,50,1,9859,9859,1,0,12,2,0,0,0,0
1344652,3,2024,2024,3,4,0,89,17,95,34609,0,1,9,-34.397996,150.892231,80,0,2,1,2,0,3,4,0,0,7,60,0,9859,9859,8,0,40,1,0,0,0,0
1344674,3,2023,2023,11,5,8,59,10,84,231,0,1,7,-33.472479,151.395071,16,2,2,1,1,0,0,0,2,0,0,60,1,6545,6545,4,9,5,2,0,0,0,0
1344679,3,2023,2023,9,4,8,32,27,201,34609,0,1,1,-33.997676,150.863612,13,0,2,1,3,0,0,0,2,0,7,50,0,1981,1981,4,10,13,4,0,0,0,0
1344692,3,2023,2023,2,4,0,71,36,30,61,0,1,10,-34.331205,146.040896,28,2,1,1,3,0,0,0,0,0,0,50,2,926,926,4,5,5,2,0,0,0,0
1344718,3,2024,2024,4,2,0,1,1,57,34609,0,1,1,-33.340374,151.428808,16,2,2,1,3,0,0,0,0,0,7,50,0,9859,9859,8,0,40,1,0,0,0,0
1344720,3,2024,2024,4,6,2,21,31,110,34609,0,1,2,-33.749696,151.025032,71,0,2,1,3,0,0,0,1,0,7,50,0,9859,9859,1,5,5,2,0,0,0,0
1344722,3,2023,2023,9,4,3,16,31,91,34609,0,1,1,-33.97224,151.090395,25,0,2,1,1,0,0,0,2,0,7,50,0,9859,9859,1,21,0,2,0,0,0,0
1344737,3,2024,2024,4,0,2,92,31,56,34609,0,1,1,-33.803902,151.204117,77,0,2,1,2,0,0,0,0,0,7,50,0,9859,9859,1,10,5,2,0,0,0,0
1344756,3,2024,2024,4,5,6,29,1,14,52,0,1,9,-33.715478,150.770289,7,0,2,1,0,0,0,0,2,0,0,60,1,256,256,4,0,5,2,0,0,0,0
1344771,3,2024,2024,3,0,7,344,27,62,163,0,1,10,-33.733028,150.848857,7,0,2,1,1,0,0,0,2,2,7,70,2,1282,1282,1,5,0,2,0,0,0,0
1344784,3,2024,2024,3,6,9,2209,17,273,2205,0,1,1,-34.424876,150.892886,80,0,2,1,3,0,3,4,2,0,7,50,2,9859,9859,8,5,40,1,0,0,0,0
1344788,3,2024,2024,3,1,1,2261,17,204,2252,0,1,10,-33.888516,151.117504,32,0,2,1,2,0,0,0,0,2,7,60,2,6545,6545,4,33,0,2,0,0,0,0
1344792,3,2024,2024,3,4,0,3371,17,57,3342,0,1,9,-33.676437,151.1123,31,0,2,1,3,0,3,4,0,2,7,60,2,4552,985,8,5,40,1,0,0,0,0
1344795,3,2024,2024,3,1,0,1,10,19,34609,0,1,1,-34.08163,150.789436,13,0,2,1,2,0,0,0,0,0,7,50,0,4026,4026,1,0,0,2,0,0,0,0
1344799,3,2024,2024,3,6,5,72,14,169,71,0,1,3,-33.89817,151.215646,69,0,2,1,0,0,0,0,2,0,7,80,2,404,404,8,5,40,1,0,0,0,0
1344809,3,2024,2024,3,5,11,2,31,3,34609,0,1,1,-34.994037,150.707825,63,2,1,1,3,0,3,4,0,0,7,80,0,84,84,8,5,40,1,0,0,0,0
1344812,3,2024,2024,3,5,9,14,31,53,262,0,1,9,-32.926112,151.756967,48,0,2,1,3,0,0,0,3,2,7,60,2,14295,14295,3,10,5,2,0,0,0,0
1344814,3,2024,2024,3,5,8,2209,17,2,2205,0,1,9,-37.145294,149.863047,5,1,0,0,3,0,0,0,2,0,15,100,2,1669,1669,3,10,13,2,0,0,0,0
1344818,3,2023,2023,2,2,3,2209,17,6,2205,0,1,1,-37.220694,149.8309,5,1,0,0,0,0,3,3,2,0,7,100,2,1259,5151,8,0,40,1,0,0,0,0
1344828,3,2024,2024,3,5,0,49,22,57,34609,1,0,1,-34.557534,150.828622,62,0,2,1,2,0,0,0,0,0,7,50,0,9859,9859,8,0,40,1,0,0,0,0
1344838,3,2024,2024,3,1,6,26,31,26,34609,0,1,9,-33.917024,151.168853,32,0,2,1,1,0,0,0,2,0,7,50,0,1282,1282,1,33,5,2,0,0,0,0
1344841,3,2024,2024,3,1,4,3371,17,4,3342,0,1,2,-30.847292,152.907405,47,1,0,1,0,0,0,0,2,0,7,100,2,4026,4026,8,5,40,1,0,0,0,0
1344845,3,2024,2024,3,2,7,1,1,43,34609,0,1,1,-33.765246,151.252498,50,0,2,1,1,0,0,0,2,0,7,50,0,9859,9859,1,5,5,2,0,0,0,0
1344853,3,2024,2024,3,0,5,16,31,166,34609,0,1,10,-33.896217,151.177292,32,0,2,1,1,0,0,0,2,0,15,50,0,9859,9859,1,0,5,2,0,0,0,0
1344854,3,2024,2024,3,6,11,344,27,609,163,1,0,9,-33.757621,150.894542,7,0,2,1,2,0,3,4,0,2,7,60,2,418,777,5,5,40,1,0,0,0,0
1344857,3,2024,2024,3,5,6,39,31,246,99,0,1,9,-33.903405,151.194975,69,0,2,1,3,0,0,0,2,0,7,50,2,1383,1383,1,5,10,12,0,0,0,0
1344861,3,2023,2023,9,2,3,86,27,9,65,0,1,1,-30.332729,152.405205,18,1,0,0,3,0,0,0,1,0,7,100,1,1259,5151,8,10,40,1,0,0,0,0
1344862,3,2024,2024,3,4,4,60,27,174,44,1,2,1,-33.868713,150.921023,24,0,2,1,3,0,0,0,2,0,7,40,1,14295,14295,3,5,5,3,0,0,0,0
1344864,3,2024,2024,3,1,7,113,27,104,111,0,1,9,-33.798158,150.768672,55,0,2,1,3,0,3,4,2,0,15,80,2,2852,2852,4,10,25,2,0,0,0,0
1344869,3,2024,2024,3,1,9,344,27,120,163,0,1,10,-33.742783,150.87022,7,0,2,1,3,0,0,0,0,2,7,70,2,14295,14295,3,5,0,2,0,0,0,0
1344873,3,2024,2024,3,6,10,2126,17,75,2149,0,1,10,-33.717098,150.382855,8,2,2,0,3,0,0,0,0,2,7,80,2,14295,14295,3,0,5,2,0,0,0,0
1344874,3,2024,2024,7,0,8,478,17,128,480,0,1,2,-33.427118,151.329041,16,2,2,1,3,0,0,0,2,0,7,70,2,1391,1391,1,9,0,2,0,0,0,0
1344878,3,2024,2024,3,0,5,2,31,79,34609,0,1,1,-33.827845,151.211178,49,0,2,1,3,0,0,0,2,0,7,50,0,220,220,1,0,0,2,0,0,0,0
1344879,3,2024,2024,3,2,9,1104,14,323,962,0,1,6,-33.798192,150.856353,7,0,2,1,3,0,0,3,2,1,7,70,2,14295,14295,3,5,5,2,0,0,0,0
1344881,3,2024,2024,3,0,5,10,31,25,34609,0,1,10,-35.038534,150.668462,63,2,1,1,3,0,0,0,2,0,0,50,0,6545,6545,4,5,13,2,0,0,0,0
1344885,3,2024,2024,3,6,7,39,31,193,145,0,1,10,-33.794979,151.071874,61,0,2,1,3,0,0,0,2,0,15,60,2,217,217,1,9,0,2,0,0,0,0
1344886,3,2024,2024,3,1,9,1052,27,104,262,0,1,10,-32.908997,151.70513,48,0,2,1,3,0,0,0,2,2,7,60,2,14295,14295,3,9,13,2,0,0,0,0
1344887,3,2024,2024,3,4,8,9,36,39,34609,0,1,1,-32.73587,152.085059,57,2,1,1,3,0,0,0,2,0,7,50,0,1981,1981,4,0,13,2,0,0,0,0
1344889,3,2024,2024,3,0,4,232,36,64,168,0,1,9,-34.040585,150.735622,12,0,2,1,3,0,0,0,2,2,7,50,2,1981,1981,4,0,5,2,0,0,0,0
1344891,3,2024,2024,3,4,7,220,27,92,222,0,1,10,-33.758268,150.955369,71,0,2,1,3,0,0,0,2,2,7,80,2,1383,1383,1,0,0,2,0,0,0,0
1344893,3,2024,2024,3,2,5,194,31,445,18,0,1,1,-33.862969,151.044026,21,0,2,1,3,0,0,0,2,0,7,50,1,941,941,1,10,5,2,0,0,0,0
1344896,3,2024,2024,3,1,5,3371,17,65,3342,0,1,2,-30.361805,153.056913,19,1,0,0,3,0,0,0,2,0,7,110,2,380,714,5,10,40,1,0,0,0,0
1344897,3,2024,2024,3,2,9,13,27,89,34609,0,1,9,-33.378728,151.471245,16,2,2,1,1,0,0,0,2,2,7,60,0,5929,5929,1,5,5,2,0,0,0,0
1344898,3,2024,2024,3,3,8,35,27,11,34,0,1,1,-30.42705,152.314659,1,1,0,1,3,0,3,4,2,0,7,100,1,1945,1945,5,10,40,1,0,0,0,0
1344904,3,2024,2024,3,1,2,7,27,22,34609,0,1,1,-33.473346,150.865536,29,2,2,0,3,0,0,0,1,0,7,60,0,4552,5151,8,0,40,1,0,0,0,0
1344906,3,2024,2024,3,3,7,71,27,69,122,0,1,2,-34.555792,150.859779,62,0,2,1,3,0,0,0,2,0,7,70,2,14295,14295,3,5,5,2,0,0,0,0
1344907,3,2024,2024,3,6,8,387,27,253,331,0,1,10,-33.963628,151.092901,25,0,2,1,3,0,0,0,2,2,7,60,2,14295,14295,3,5,0,2,0,0,0,0
1344911,3,2024,2024,4,1,6,11,27,36,143,0,1,9,-34.442944,149.422757,74,1,0,1,3,0,0,0,2,0,0,100,2,9859,9859,8,5,40,1,0,0,0,0
1344913,3,2024,2024,3,6,8,5,31,165,34609,0,1,9,-33.856567,151.158852,14,0,2,1,3,0,0,0,2,0,15,50,0,14295,14295,3,21,19,2,0,0,0,0
1344918,3,2024,2024,3,0,10,44,27,253,331,0,1,9,-33.959078,151.110126,25,0,2,1,3,0,0,3,0,2,7,60,2,1669,1669,3,5,0,2,0,0,0,0
1344920,3,2024,2024,3,4,8,77,10,40,331,0,1,9,-34.21255,150.603262,79,2,2,1,3,0,0,0,2,0,7,50,1,1669,1669,3,5,0,2,0,0,0,0
1344922,3,2024,2024,3,6,7,3371,17,104,3342,0,1,9,-32.824795,151.683981,48,0,2,1,3,0,0,0,2,2,7,80,2,14295,14295,3,10,0,2,0,0,0,0
1344924,3,2024,2024,3,1,6,55,36,2,35,0,1,1,-32.582003,150.089454,44,1,0,0,3,0,3,4,2,0,7,100,1,1259,5151,8,10,40,1,0,0,0,0
1344925,3,2024,2024,3,3,3,2209,17,57,2205,0,1,9,-34.663049,150.847539,35,1,0,0,3,0,0,0,2,0,7,100,2,4552,5151,8,5,40,1,0,0,0,0
1344927,3,2024,2024,3,2,10,2126,17,60,2149,0,1,1,-33.621565,150.276542,8,2,2,1,3,0,3,4,4,0,7,80,2,9859,9859,8,0,40,1,0,0,0,0
1344936,3,2024,2024,3,6,9,9,27,252,21,0,1,9,-33.932256,150.872285,41,0,2,1,3,0,0,0,3,2,7,60,2,1981,1981,4,5,5,2,0,0,0,0
1344938,3,2024,2024,3,6,5,24,27,5,103,0,1,1,-28.736346,153.228502,39,2,1,0,3,0,0,0,2,0,7,80,1,1089,1089,7,0,40,1,0,0,0,0
1344941,3,2024,2024,7,0,9,38,31,387,64,0,1,9,-33.924122,151.19067,4,0,2,1,3,0,0,0,3,0,0,50,2,515,515,1,5,5,2,0,0,0,0
1344952,3,2024,2024,3,6,3,196,10,70,168,0,1,9,-33.91406,150.975531,15,0,2,1,3,0,3,0,2,2,7,60,2,5929,5929,1,9,5,2,0,0,0,0
1344954,3,2024,2024,3,0,4,2209,17,201,2205,0,1,10,-34.887613,150.604566,63,2,1,1,3,0,0,0,2,3,7,70,2,14295,14295,3,5,36,2,0,0,0,0
1344956,3,2024,2024,3,3,5,51,1,7,34609,0,1,1,-33.994382,151.14394,4,0,2,1,3,0,0,0,2,0,7,50,0,5929,5929,1,30,5,2,0,0,0,0
1344959,3,2024,2024,3,0,9,33,1,234,139,0,1,10,-34.285161,146.024684,28,2,1,1,3,0,0,0,0,0,0,60,2,6545,6545,4,5,25,2,0,0,0,0
1344960,3,2024,2024,3,6,3,13,27,175,34609,0,1,7,-33.767507,151.06913,54,0,2,1,3,0,0,0,2,0,0,50,0,5929,5929,1,0,5,2,0,0,0,0
1344966,3,2024,2024,3,6,8,99,31,201,34609,0,1,1,-34.010451,150.86138,13,0,2,1,3,0,0,0,2,0,7,60,0,9859,9859,1,5,34,2,0,0,0,0
1344974,3,2024,2024,3,4,10,21,31,523,34609,0,1,9,-33.925155,150.925189,41,0,2,0,3,0,0,0,0,0,7,50,0,237,162,8,5,40,1,0,0,0,0
1344976,3,2024,2024,3,0,8,103,36,17,66,0,1,1,-32.015606,152.26114,43,2,1,0,3,0,0,0,2,0,7,80,1,1259,5151,8,0,40,1,0,0,0,0
1344977,3,2024,2024,3,1,5,916,17,104,917,0,1,2,-32.824475,151.684039,48,0,2,0,3,0,3,4,2,0,7,80,2,1192,1192,1,9,35,2,0,0,0,0
1344981,3,2024,2024,3,6,0,6,27,169,34609,0,1,1,-33.587014,150.732085,29,2,2,1,3,0,3,4,0,0,7,60,0,9859,9859,8,30,40,1,0,0,0,0
1344983,3,2024,2024,3,1,7,296,27,147,293,0,1,10,-33.870499,150.985565,15,0,2,1,3,0,0,0,2,2,7,70,2,14295,14295,3,5,40,4,0,0,0,0
1344985,3,2024,2024,3,0,3,6,1,74,34609,0,1,1,-34.432707,150.849388,80,0,2,0,3,0,0,0,1,0,7,50,0,4552,5151,1,0,5,2,0,0,0,0
1344986,3,2024,2024,3,2,10,1,25,243,34609,0,1,9,-33.953293,150.883369,41,0,2,1,3,0,0,0,3,0,7,50,0,9859,9859,8,5,40,1,0,0,0,0
1344987,3,2024,2024,3,1,1,171,31,96,34609,0,1,9,-35.354325,149.228842,58,2,1,1,3,0,0,0,0,0,7,50,0,9859,9859,1,10,13,2,0,0,0,0
1344988,3,2024,2024,3,5,7,1052,14,118,928,0,1,3,-33.419634,151.292385,16,1,2,0,3,0,0,0,2,0,7,110,2,14295,14295,3,5,0,2,0,0,0,0
1344991,3,2024,2024,3,1,7,2209,17,201,2205,0,1,1,-34.884027,150.60366,63,2,1,1,3,0,0,0,2,0,7,70,2,14295,14295,3,5,0,2,0,0,0,0
1345010,3,2024,2024,3,5,2,36,31,26,34609,0,1,1,-34.578222,150.841663,62,0,2,1,2,0,0,0,0,0,7,50,0,1282,1282,1,10,13,2,0,0,0,0
1345017,3,2024,2024,3,0,11,29,31,93,34609,0,1,2,-36.074165,146.944174,0,2,1,1,0,0,0,0,0,0,7,50,0,4026,4026,8,5,40,1,0,0,0,0
1345052,3,2024,2024,3,2,11,137,14,101,262,0,1,3,-32.892326,151.604951,37,0,2,1,2,0,0,0,0,0,7,80,2,1383,1383,1,21,12,2,0,0,0,0
1345067,3,2023,2023,9,2,0,12,1,155,34609,0,1,1,-33.506873,151.324526,16,2,2,1,2,0,0,0,0,0,7,50,0,9859,9859,1,0,25,2,0,0,0,0
1345073,3,2024,2024,3,6,11,222,27,54,40,0,1,1,-33.62333,150.896637,71,0,2,1,0,0,3,4,0,0,7,80,1,3775,3775,0,33,5,2,0,0,0,0
1345077,3,2024,2024,3,5,11,15,31,18,34609,0,1,9,-32.958849,151.71085,37,0,2,0,2,0,3,4,0,0,0,60,0,4552,5151,8,0,40,1,0,0,0,0
1345097,3,2024,2024,3,4,5,162,31,41,34609,0,1,1,-33.782427,151.264143,50,0,2,1,1,0,0,0,2,0,7,50,0,9859,9859,1,33,13,2,0,0,0,0
1345099,3,2024,2024,3,0,11,13,1,43,34609,0,1,1,-33.214525,151.520758,16,2,2,1,0,0,3,0,0,0,7,50,0,9859,9859,1,30,13,2,0,0,0,0
1345116,3,2024,2024,3,1,0,485,27,232,769,0,1,9,-33.687643,150.919937,71,0,2,1,2,0,0,0,0,2,7,80,2,5929,5929,1,0,5,2,0,0,0,0
1345123,3,2024,2024,4,3,6,7,27,8,34609,0,1,1,-34.212448,148.220794,30,1,0,1,0,0,0,0,2,0,7,100,0,1282,1282,1,33,5,2,0,0,0,0
1345137,3,2024,2024,3,5,11,3371,17,6,3342,0,1,2,-31.666815,152.738008,56,1,0,0,0,0,3,4,0,0,7,110,2,1850,1463,5,29,40,1,0,0,0,0
1345139,3,2024,2024,3,4,9,2,27,2,34609,0,1,9,-32.732458,152.014181,57,2,1,1,1,0,0,0,2,0,0,50,0,489,489,8,10,40,1,0,0,0,0
1345142,3,2024,2024,3,5,3,280,10,162,240,0,1,9,-33.853077,150.88852,24,0,2,1,1,0,0,0,1,0,7,70,2,9859,9859,1,33,5,2,0,0,0,0
1345146,3,2023,2023,11,2,2,28,3,21,117,0,1,2,-32.973321,151.677504,37,0,2,1,0,0,0,1,0,0,7,90,2,4026,4026,8,5,40,1,0,0,0,0
1345149,3,2024,2024,3,2,2,38,27,154,35,0,1,7,-33.709529,150.97411,71,0,2,0,2,0,0,0,0,0,0,60,1,4552,5151,8,5,40,1,0,0,0,0
1345153,3,2024,2024,3,4,10,19,31,172,126,0,1,7,-32.748783,151.59362,42,2,1,1,2,0,0,0,0,0,0,50,2,6545,6545,4,10,13,2,0,0,0,0
1345154,3,2024,2024,3,2,10,34,31,98,260,0,1,1,-33.007611,151.594286,37,0,2,1,2,0,0,3,0,0,7,60,2,9859,9859,1,5,5,2,0,0,0,0
1345160,3,2024,2024,4,5,8,251,27,64,212,0,1,9,-33.76091,151.216697,50,0,2,0,1,0,0,0,3,2,7,70,2,1383,1383,1,19,5,2,0,0,0,0
1345178,3,2024,2024,3,5,0,3371,17,463,3342,0,1,9,-30.298454,153.112379,19,2,1,0,2,0,3,3,0,0,7,60,2,1259,5151,8,3,40,1,0,0,0,0
1345188,3,2024,2024,3,4,6,1,27,15,34609,0,1,1,-31.706001,147.81763,51,2,1,0,0,0,3,4,2,0,7,80,0,2585,4009,8,10,40,1,0,0,0,0
1345211,3,2024,2024,3,1,7,2209,17,13,2205,0,1,9,-35.110063,150.490715,63,1,0,1,1,0,0,0,2,0,15,100,2,101,101,8,5,10,2,0,0,0,0
1345227,3,2024,2024,3,6,4,6,27,316,34609,0,1,1,-33.921467,151.243093,59,0,2,1,3,0,0,0,2,0,7,50,0,4026,4026,1,10,5,4,0,0,0,0
1345228,3,2023,2023,10,6,7,251,27,64,212,0,1,10,-33.760794,151.216689,50,0,2,0,3,0,3,0,2,3,7,70,2,6545,6545,4,5,5,2,0,0,0,0
1345230,3,2023,2023,10,5,3,100,27,323,100,0,1,2,-33.800798,150.852721,7,0,2,1,0,0,0,0,1,0,7,70,2,1383,1383,1,0,41,2,0,0,0,0