Crash ID,Degree of crash - detailed,Reporting year,Year of crash,Month of crash,Day of week of crash,Two-hour intervals,Street of crash,Street type,Town,Route no.,School zone location,School zone active,Type of location,Latitude,Longitude,LGA,Urbanisation,Conurbation 1,Alignment,Street lighting,Road surface,Surface condition,Weather,Natural lighting,Signals operation,Other traffic control,Speed limit,Road classification,RUM - code,DCA - code,First impact type,Key TU type,Other TU type,No. of traffic units involved,No. killed,No. seriously injured,No. moderately injured,No. minor-other injured
1345233,3,2024,2024,3,4,10,55,27,151,160,1,0,1,-34.022727,150.850805,13,0,2,1,3,0,0,0,0,0,7,60,2,1109,787,1,5,0,2,0,0,0,0
1345234,3,2024,2024,3,5,3,222,31,120,34609,0,1,7,-32.200577,152.525649,43,2,1,0,3,0,3,4,2,0,0,50,0,1383,1383,1,5,0,2,0,0,0,0
1345237,3,2024,2024,3,3,7,79,10,43,231,0,1,9,-33.445974,151.328151,16,2,2,1,3,0,0,0,2,2,7,60,2,1259,985,8,5,40,1,0,0,0,0
1345243,3,2024,2024,7,5,4,2,31,115,34609,0,1,1,-33.879537,151.187756,69,0,2,1,3,0,0,0,2,0,7,50,0,248,248,1,5,5,2,0,0,0,0
1345244,3,2024,2024,3,0,6,39,31,193,145,0,1,1,-33.79486,151.072346,61,0,2,1,3,0,0,0,2,0,7,60,2,14295,14295,3,0,12,3,0,0,0,0
1345247,3,2024,2024,7,0,10,72,27,82,102,0,1,10,-33.794422,151.264849,50,0,2,1,3,0,0,0,0,2,7,60,2,14295,14295,3,5,0,2,0,0,0,0
1345248,3,2024,2024,7,6,7,149,27,294,198,0,1,1,-33.937123,150.936962,41,0,2,1,3,0,0,0,2,0,7,60,2,9859,9859,8,8,40,1,0,0,0,0
1345250,3,2024,2024,3,6,7,112,27,151,256,0,1,9,-34.025768,150.833484,13,0,2,1,3,0,0,0,2,2,7,70,2,14295,14295,3,9,0,2,0,0,0,0
1345251,3,2024,2024,7,1,8,3371,17,77,3342,0,1,9,-32.938758,151.745798,48,0,2,1,3,0,0,0,2,0,15,60,2,14295,14295,3,5,0,3,0,0,0,0
1345253,3,2024,2024,7,5,3,330,27,125,25,0,1,9,-33.828835,151.128896,61,0,2,1,3,0,0,0,2,0,0,60,1,5929,5929,1,0,0,2,0,0,0,0
1345256,3,2024,2024,7,3,6,14,27,157,14,0,1,10,-33.799284,151.009561,54,0,2,1,3,0,0,0,2,0,15,60,1,2852,2852,4,0,5,2,0,0,0,0
1345257,3,2024,2024,7,3,5,2261,17,64,2252,1,0,9,-33.886776,151.071705,67,0,2,1,3,0,0,0,2,0,7,60,2,14295,14295,3,9,0,2,0,0,0,0
1345258,3,2024,2024,7,0,3,1104,14,218,962,0,1,3,-33.784057,150.770869,55,0,2,1,3,0,0,0,1,0,7,110,2,14295,14295,3,10,0,3,0,0,0,0
1345259,3,2024,2024,7,2,7,344,27,609,163,0,1,10,-33.766834,150.905173,7,0,2,1,3,0,3,4,2,2,7,60,2,14295,14295,3,0,5,3,0,0,0,0
1345261,3,2024,2024,3,5,1,8,10,50,231,0,1,9,-33.508673,151.337965,16,2,2,0,3,0,3,4,0,0,0,70,2,4552,5151,8,5,40,1,0,0,0,0
1345265,3,2024,2024,7,5,3,102,31,107,53,0,1,9,-33.883471,151.198262,69,0,2,1,3,0,0,0,2,0,0,50,2,395,395,1,5,5,2,0,0,0,0
1345266,3,2024,2024,7,0,0,1,4,85,34609,0,1,1,-33.904646,150.857929,41,0,2,1,3,0,3,4,0,0,7,50,0,9859,9859,1,5,0,2,0,0,0,0
1345267,3,2024,2024,3,6,9,265,17,3,193,0,1,1,-34.848145,147.63782,51,1,0,0,3,0,0,0,3,0,7,100,2,14295,14295,3,10,5,2,0,0,0,0
1345269,3,2023,2023,2,1,3,30,10,3,26,0,1,1,-36.009734,146.171392,51,1,0,0,3,0,0,0,2,0,7,100,2,2585,4009,8,10,40,1,0,0,0,0
1345275,3,2024,2024,7,3,9,191,27,193,208,0,1,9,-33.789975,151.086165,61,0,2,1,3,0,0,0,3,0,2,60,2,14295,14295,3,0,0,2,0,0,0,0
1345276,3,2024,2024,3,6,6,58,27,81,34609,1,0,1,-33.886888,151.258723,81,0,2,0,3,0,0,0,2,0,7,50,0,1383,1383,1,5,0,2,0,0,0,0
1345278,3,2024,2024,7,3,10,23,31,139,34609,0,1,10,-33.871523,151.147101,32,0,2,0,3,0,0,0,0,0,0,50,0,5929,5929,1,5,5,2,0,0,0,0
1345279,3,2024,2024,3,4,10,2,31,22,34609,0,1,1,-33.923654,150.874752,41,0,2,1,0,0,0,0,0,0,7,50,0,220,220,1,5,13,2,0,0,0,0
1345281,3,2024,2024,7,0,4,104,27,137,140,0,1,9,-33.922023,151.200368,69,0,2,1,3,0,0,0,2,0,15,60,2,1957,777,8,8,40,1,0,0,0,0
1345284,3,2024,2024,7,2,10,3371,17,29,3342,0,1,9,-32.216749,152.322497,43,2,1,1,3,0,0,0,0,0,0,80,2,775,775,4,0,5,2,0,0,0,0
1345288,3,2024,2024,3,2,5,39,22,65,34609,0,1,1,-33.391782,151.39257,16,2,2,0,3,0,3,4,2,0,7,60,0,4552,5151,8,0,40,1,0,0,0,0
1345289,3,2024,2024,7,1,8,2126,17,55,2149,0,1,10,-33.797958,150.896906,7,0,2,1,3,0,0,0,2,2,9,80,2,14295,14295,3,5,10,2,0,0,0,0
1345291,3,2024,2024,3,3,4,330,27,108,605,0,1,9,-33.767986,151.268283,50,0,2,1,3,0,0,0,2,2,9,60,2,186,186,1,0,5,2,0,0,0,0
1345294,3,2024,2024,7,0,7,478,17,78,480,0,1,2,-33.416292,151.449057,16,2,2,1,3,0,0,3,2,0,7,60,2,14295,14295,3,0,5,2,0,0,0,0
1345296,3,2024,2024,3,4,11,1,27,109,34609,0,1,1,-33.95919,150.856596,41,0,2,1,3,0,0,0,0,0,7,50,0,1391,1391,1,0,5,2,0,0,0,0
1345298,3,2024,2024,7,0,7,1104,14,44,962,0,1,3,-33.802422,150.890645,7,0,2,1,3,0,0,0,2,0,7,100,2,14295,14295,3,0,10,2,0,0,0,0
1345300,3,2024,2024,3,4,5,265,10,445,563,0,1,9,-33.859546,151.042783,21,0,2,1,3,0,0,0,2,0,7,70,2,6545,6545,4,9,0,2,0,0,0,0
1345301,3,2024,2024,3,3,4,9,27,3,34609,0,1,9,-28.683654,153.493399,10,2,1,0,3,0,3,4,2,0,7,60,0,4552,5151,8,34,40,1,0,0,0,0
1345302,3,2024,2024,3,0,11,1,27,11,34609,0,1,1,-32.087301,147.983155,51,1,0,0,3,0,0,0,0,0,7,100,0,2585,4009,8,10,40,1,0,0,0,0
1345303,3,2024,2024,3,5,11,57,27,58,75,0,1,1,-33.437423,151.296411,16,2,2,1,3,0,3,2,0,0,7,60,1,14295,14295,3,10,0,2,0,0,0,0
1345304,3,2024,2024,7,4,4,29,31,88,15,0,1,9,-33.753733,150.857044,7,0,2,1,3,0,0,0,2,0,0,60,1,775,775,4,5,10,2,0,0,0,0
1345305,3,2024,2024,7,1,4,1,27,9,34609,0,1,1,-33.462291,149.593367,3,1,0,1,3,0,0,0,2,0,7,100,0,3775,3775,0,9,0,2,0,0,0,0
1345307,3,2024,2024,3,6,4,149,36,120,113,1,2,7,-32.21358,152.525483,43,2,1,0,3,0,0,0,2,0,0,40,1,2852,2852,4,5,13,2,0,0,0,0
1345310,3,2024,2024,4,4,5,334,17,53,308,0,1,2,-31.091825,150.934142,70,2,1,1,3,0,0,0,2,0,7,60,2,14295,14295,3,5,0,2,0,0,0,0
1345311,3,2024,2024,7,2,2,916,17,165,917,0,1,1,-32.324612,150.943135,46,1,0,0,3,0,0,0,0,0,7,100,2,1089,1089,7,0,40,1,0,0,0,0
1345312,3,2024,2024,7,6,7,162,31,65,34609,0,1,1,-32.927509,151.775102,48,0,2,1,3,0,0,0,2,0,7,50,0,14295,14295,3,0,5,3,0,0,0,0
1345316,3,2024,2024,7,2,1,85,27,53,145,0,1,9,-33.799389,151.055069,54,0,2,0,3,0,0,0,0,2,7,70,2,926,926,4,5,0,2,0,0,0,0
1345317,3,2024,2024,7,0,1,89,27,7,228,0,1,9,-32.87586,151.310285,17,2,1,0,3,0,0,0,0,0,15,60,1,1089,1089,7,5,40,1,0,0,0,0
1345319,3,2024,2024,3,4,8,17,27,323,25,0,1,9,-33.812554,150.835656,7,0,2,0,3,0,0,3,2,2,9,80,2,14295,14295,3,5,0,2,0,0,0,0
1345320,3,2024,2024,3,5,9,232,36,252,331,0,1,2,-33.956067,150.872543,41,0,2,1,3,0,0,0,2,0,7,70,2,14295,14295,3,10,0,2,0,0,0,0
1345321,3,2024,2024,7,5,7,1,10,323,34609,0,1,1,-33.746572,150.985337,71,0,2,1,3,0,0,0,2,0,7,50,0,9859,9859,1,0,0,2,0,0,0,0
1345322,3,2024,2024,7,1,4,2261,17,112,2252,0,1,2,-36.064056,146.942002,0,1,0,1,3,0,0,0,2,0,7,110,2,9859,9859,8,9,40,1,0,0,0,0
1345332,3,2024,2024,7,1,8,10,31,445,34609,0,1,10,-33.856155,151.050332,21,0,2,1,3,0,0,0,2,0,15,50,0,6545,6545,4,30,5,2,0,0,0,0
1345334,3,2024,2024,3,1,4,10,31,148,34609,1,2,10,-36.035353,146.936072,0,2,1,1,3,0,0,0,2,0,15,40,0,6545,6545,4,5,5,2,0,0,0,0
1345335,3,2024,2024,3,5,4,78,27,147,74,0,1,9,-33.86324,151.130326,14,0,2,1,3,0,3,4,2,0,7,50,1,2852,2852,4,5,5,2,0,0,0,0
1345338,3,2024,2024,7,1,4,143,31,123,181,0,1,1,-33.88597,151.228794,81,0,2,1,3,0,0,0,2,0,7,50,2,387,387,1,0,0,2,0,0,0,0
1345339,3,2024,2024,3,3,9,14,27,40,88,0,1,7,-33.797372,151.249951,50,0,2,0,1,0,0,0,2,0,0,50,2,926,926,4,0,5,2,0,0,0,0
1345340,3,2024,2024,7,2,7,3371,17,16,3342,0,1,2,-31.246342,152.822448,56,1,0,0,3,0,3,4,2,0,7,100,2,1957,4009,8,5,40,1,0,0,0,0
1345342,3,2024,2024,7,1,8,9,27,87,100,0,1,9,-34.46795,150.421185,78,2,1,1,3,0,0,0,2,0,0,60,2,14295,14295,3,16,5,2,0,0,0,0
1345346,3,2024,2024,4,6,8,9,31,138,34609,0,1,1,-33.872664,151.27477,76,0,2,1,3,0,0,0,2,0,7,50,0,9859,9859,1,5,0,2,0,0,0,0
1345353,3,2024,2024,7,4,0,8,27,55,9,0,1,1,-32.812967,151.531262,17,2,1,0,3,0,0,0,0,0,7,80,1,4552,5151,8,5,40,1,0,0,0,0
1345358,3,2024,2024,3,5,2,1052,14,59,928,0,1,3,-33.179915,151.467542,37,0,2,1,3,0,0,0,1,0,7,110,2,4026,4026,8,5,40,1,0,0,0,0
1345361,3,2024,2024,3,6,8,30,27,57,52,0,1,1,-33.90347,151.172576,32,0,2,1,3,0,0,0,2,0,7,60,1,1981,1981,4,5,5,2,0,0,0,0
1345363,3,2024,2024,3,2,1,3371,17,20,3342,0,1,2,-29.580131,153.140878,18,1,0,0,3,0,0,0,0,0,7,110,2,404,404,8,5,40,1,0,0,0,0
1345366,3,2024,2024,3,4,10,3,10,65,34609,0,1,9,-33.377209,151.369922,16,2,2,0,3,0,0,0,0,0,0,50,0,220,220,8,5,40,1,0,0,0,0
1345367,3,2024,2024,7,2,6,2,27,2,34609,0,1,1,-35.354262,146.718466,51,1,0,1,3,0,0,0,2,0,7,100,0,5929,5929,1,5,0,2,0,0,0,0
1345368,3,2024,2024,7,1,11,2126,17,445,2149,0,1,9,-33.847153,151.046184,21,0,2,1,3,0,0,0,0,2,7,60,2,5929,5929,1,5,5,2,0,0,0,0
1345370,3,2024,2024,7,0,4,64,27,175,284,0,1,10,-33.773143,151.070973,54,0,2,1,3,0,0,0,2,2,7,60,2,2852,2852,4,0,0,2,0,0,0,0
1345371,3,2024,2024,3,6,8,8,27,149,20,0,1,1,-33.355282,151.371144,16,2,2,1,3,0,0,0,2,0,7,60,1,1109,787,1,5,5,2,0,0,0,0
1345374,3,2024,2024,7,0,7,2209,17,201,2205,0,1,10,-34.872204,150.605895,63,2,1,0,3,0,0,0,2,2,7,70,2,395,395,1,5,13,2,0,0,0,0
1345377,3,2024,2024,7,4,8,192,10,84,114,0,1,1,-33.468648,151.387255,16,2,2,1,3,0,0,0,2,0,7,60,2,14295,14295,3,0,0,2,0,0,0,0
1345379,3,2024,2024,7,1,6,2126,17,283,2149,0,1,10,-33.827515,151.004828,54,0,2,1,3,0,0,0,2,2,7,60,2,1391,1391,1,10,5,2,0,0,0,0
1345382,3,2024,2024,4,6,7,15,27,14,5,0,1,1,-34.861783,147.192653,51,1,0,1,3,0,0,0,2,0,7,100,1,9859,9859,8,0,40,1,0,0,0,0
1345384,3,2024,2024,7,0,10,77,36,44,56,0,1,1,-33.134269,147.128153,51,1,0,1,3,0,0,0,0,0,7,100,1,1089,1089,7,10,40,1,0,0,0,0
1345389,3,2024,2024,3,4,5,1052,14,59,928,0,1,3,-33.16113,151.469307,37,0,2,1,3,0,0,0,2,0,7,110,2,1383,1383,1,5,5,2,0,0,0,0
1345395,3,2024,2024,7,6,10,481,17,29,483,0,1,1,-31.313096,149.299409,51,1,0,1,3,0,0,0,0,0,7,100,2,1089,1089,7,5,40,1,0,0,0,0
1345406,3,2023,2023,10,0,5,2,10,31,34609,0,1,1,-33.924317,150.891729,41,0,2,1,1,0,0,0,2,0,7,50,0,1282,1282,1,5,5,2,0,0,0,0
1345414,3,2023,2023,10,0,2,9,31,77,34609,0,1,7,-33.887423,151.199876,69,0,2,1,2,0,0,0,0,0,0,40,0,9859,9859,8,5,40,1,0,0,0,0
1345420,3,2023,2023,10,6,10,2,31,41,34609,1,0,1,-33.900855,151.186508,69,0,2,1,2,0,0,0,0,0,7,40,0,9859,9859,1,0,5,3,0,0,0,0
1345440,3,2023,2023,2,4,1,866,27,438,34609,0,1,9,-33.871314,151.021518,21,0,2,1,2,0,0,0,0,0,7,50,0,4026,4026,1,10,5,2,0,0,0,0
1345449,3,2023,2023,2,4,7,93,1,460,34609,0,1,1,-33.837625,150.988874,21,0,2,1,0,0,0,0,2,0,7,40,0,248,248,1,10,0,2,0,0,0,0
1345489,3,2023,2023,2,2,10,1,1,79,34609,0,1,1,-33.973192,151.121077,25,0,2,1,0,0,0,0,0,0,7,50,0,9859,9859,1,0,0,2,0,0,0,0
1345494,3,2023,2023,2,2,10,193,1,204,34609,0,1,9,-33.893974,151.120787,32,0,2,1,0,0,0,0,3,0,7,50,0,9859,9859,8,30,40,1,0,0,0,0
1345521,3,2023,2023,2,2,11,73,27,443,78,0,1,1,-33.905415,151.047414,15,0,2,1,2,0,0,0,0,0,7,60,2,4026,4026,1,5,3,2,0,0,0,0
1345543,3,2024,2024,3,3,10,10,7,293,34609,0,1,9,-33.951432,151.246023,59,0,2,0,2,0,0,0,0,0,7,50,0,4552,5151,1,10,0,5,0,0,0,0
1345544,3,2024,2024,3,1,2,13,27,532,13,0,1,9,-33.868643,151.218504,69,0,2,1,2,0,0,0,0,2,7,60,1,489,489,8,5,40,1,0,0,0,0
1345560,3,2024,2024,3,1,11,18,27,166,34609,0,1,9,-33.893601,151.178392,32,0,2,1,2,0,0,0,0,0,7,50,0,9859,9859,1,5,5,2,0,0,0,0
1345583,3,2024,2024,3,3,9,2,2,80,34609,0,1,1,-33.963817,150.892652,13,0,2,1,2,0,3,4,3,0,7,50,0,9859,9859,1,5,5,3,0,0,0,0
1345617,3,2024,2024,4,1,6,15,27,42,34609,0,1,1,-33.736342,151.281357,50,0,2,1,1,0,0,0,2,0,7,50,0,248,248,1,5,36,2,0,0,0,0
1345619,3,2024,2024,3,2,2,31,27,304,34609,0,1,1,-33.904967,151.153169,32,0,2,1,2,0,0,0,0,0,7,50,0,9859,9859,1,33,5,4,0,0,0,0
1345622,3,2024,2024,3,2,0,481,17,96,483,0,1,1,-33.352775,148.028482,51,1,0,1,0,0,0,0,0,0,7,110,2,101,101,8,10,35,2,0,0,0,0
1345625,3,2024,2024,7,5,5,3,27,232,34609,1,0,1,-33.684413,150.90961,7,0,2,1,1,0,0,0,2,0,7,60,0,9859,9859,8,0,40,1,0,0,0,0
1345634,3,2024,2024,3,3,2,2261,17,75,2252,0,1,1,-33.886517,151.111687,9,0,2,1,2,0,0,0,0,0,7,60,2,4026,4026,8,9,40,1,0,0,0,0
1345642,3,2024,2024,7,3,8,3371,17,37,3342,0,1,2,-29.457297,153.21781,18,1,0,0,0,0,0,0,2,0,7,110,2,4552,5151,8,30,40,1,0,0,0,0
1345644,3,2024,2024,3,6,8,17,31,460,92,0,1,10,-33.833849,150.992175,21,0,2,1,1,0,0,0,2,1,7,60,1,623,623,3,5,5,2,0,0,0,0
1345647,3,2024,2024,7,0,4,22,4,53,34609,0,1,9,-33.920518,150.848568,41,0,2,1,0,0,0,0,2,0,0,50,0,2852,2852,4,5,0,2,0,0,0,0
1345666,3,2024,2024,3,2,8,16,10,11,12,0,1,1,-30.64771,152.871128,47,1,0,0,0,0,0,0,2,0,7,90,1,4552,5151,8,10,40,1,0,0,0,0
1345675,3,2024,2024,7,2,11,15,27,11,34609,0,1,1,-28.232591,153.478716,72,2,1,0,0,0,0,0,0,0,7,60,0,4552,5151,8,0,40,1,0,0,0,0
1345686,3,2024,2024,7,1,1,27,27,4,39,0,1,9,-31.164289,151.06115,70,2,1,1,0,0,2,6,0,0,0,80,1,4026,4026,8,0,40,1,0,0,0,0
1345713,3,2024,2024,3,1,1,10,4,104,34609,0,1,1,-33.805736,150.77558,55,0,2,0,2,0,0,0,0,0,7,50,0,4552,5151,1,5,4,2,0,0,0,0
1345719,3,2024,2024,3,6,11,2,27,304,34609,0,1,1,-33.90831,151.154513,32,0,2,1,2,0,0,0,0,0,7,50,0,9859,9859,1,5,0,3,0,0,0,0
1345726,3,2024,2024,4,5,7,68,31,17,34609,0,1,1,-33.859085,151.207861,69,0,2,1,1,0,0,0,2,0,7,40,0,14295,14295,3,33,5,3,0,0,0,0
1345735,3,2024,2024,3,2,8,512,17,17,441,0,1,1,-33.43336,149.37803,3,2,1,1,0,0,0,0,2,0,7,80,2,3775,3775,0,0,5,2,0,0,0,0
1345738,3,2024,2024,3,5,5,222,27,71,165,0,1,1,-33.96978,151.073252,25,0,2,1,1,0,3,4,2,0,7,50,1,1282,1282,1,33,5,2,0,0,0,0
1345757,3,2024,2024,3,4,8,5,1,43,34609,0,1,1,-33.218671,151.523463,16,2,2,1,1,0,0,0,2,0,7,50,0,9859,9859,1,0,4,3,0,0,0,0
1345760,3,2024,2024,7,0,7,2261,17,140,2252,0,1,9,-33.903589,151.001173,15,0,2,1,1,0,0,0,2,2,7,70,2,515,515,1,33,0,2,0,0,0,0
1345770,3,2024,2024,3,2,11,2209,17,157,2205,0,1,9,-34.008057,151.105716,68,0,2,1,2,0,0,0,0,2,6,70,2,14295,14295,3,5,5,2,0,0,0,0
1345798,3,2024,2024,3,4,2,3371,17,207,3342,0,1,1,-33.565863,151.190689,31,0,2,0,0,0,3,4,0,0,7,80,2,4552,5151,8,0,40,1,0,0,0,0
1345805,3,2024,2024,7,5,10,1052,14,23,928,0,1,3,-33.313441,151.398577,16,1,2,1,0,0,0,0,0,0,7,110,2,404,404,8,5,40,1,0,0,0,0
1345806,3,2024,2024,7,3,0,2,10,40,34609,0,1,1,-33.944302,150.843779,41,0,2,0,2,0,0,0,0,0,7,50,0,2585,4009,1,5,5,2,0,0,0,0
1345813,3,2024,2024,3,5,3,60,31,19,34609,0,1,1,-33.430718,149.576611,3,2,1,1,2,0,0,0,2,0,7,50,0,1282,1282,1,33,5,2,0,0,0,0
1345816,3,2024,2024,3,5,10,1,1,50,34609,0,1,1,-33.629563,151.325395,50,0,2,1,2,0,3,0,0,0,7,50,0,9859,9859,1,10,40,4,0,0,0,0
1345845,3,2024,2024,3,5,8,2209,17,144,2205,0,1,10,-34.06002,151.026119,68,0,2,1,0,0,3,4,2,0,0,70,2,1383,1383,1,0,13,2,0,0,0,0
1345848,3,2024,2024,7,2,9,62,31,29,52,0,1,1,-34.077127,150.571046,79,2,2,1,0,0,3,3,0,0,7,50,1,9859,9859,1,30,0,2,0,0,0,0
1345851,3,2024,2024,7,0,5,32,14,108,124,0,1,3,-33.813349,151.190265,77,0,2,0,0,0,0,0,2,0,7,80,2,101,101,8,5,10,3,0,0,0,0
1345864,3,2024,2024,3,6,3,1,27,6,34609,0,1,1,-33.407561,150.757465,29,1,2,0,3,2,3,0,2,0,7,100,0,52,52,6,10,40,1,0,0,0,0
1345867,3,2023,2023,2,0,4,10,31,41,19,0,1,1,-31.082365,150.918184,70,2,1,0,3,0,0,0,2,0,7,60,1,1109,787,1,5,5,2,0,0,0,0
1345870,3,2024,2024,3,3,5,123,36,7,90,0,1,1,-31.831112,151.889283,43,2,1,0,3,0,3,4,2,0,7,80,1,2585,4009,8,0,40,1,0,0,0,0
1345871,3,2024,2024,4,4,6,1,27,7,34609,0,1,1,-35.880546,148.372006,66,1,0,0,3,0,0,0,2,0,7,100,0,2585,4009,8,10,40,1,0,0,0,0
1345873,3,2024,2024,3,3,9,9,27,37,34609,0,1,1,-34.649501,150.812996,35,2,1,0,3,0,0,3,0,0,7,80,0,1259,5151,8,30,40,1,0,0,0,0
1345875,3,2024,2024,3,6,9,100,27,109,799,0,1,10,-33.904748,151.128662,32,0,2,1,3,0,0,0,2,2,7,60,2,4552,985,8,8,40,1,0,0,0,0
1345876,3,2024,2024,7,3,6,1,4,27,34609,0,1,1,-34.058364,150.742572,12,0,2,1,3,0,0,0,2,0,7,50,0,9859,9859,1,5,5,2,0,0,0,0
1345880,3,2024,2024,7,5,3,515,14,294,518,0,1,3,-33.939716,150.925562,41,0,2,1,3,0,0,0,2,0,7,100,2,941,941,1,5,5,3,0,0,0,0
1345881,3,2024,2024,7,6,4,20,31,91,34609,0,1,10,-33.959805,151.085689,25,0,2,1,3,0,0,0,2,0,15,50,0,5929,5929,1,0,5,2,0,0,0,0
1345883,3,2024,2024,7,5,9,2126,17,33,2149,0,1,10,-33.490387,150.133834,40,2,1,1,3,0,0,0,3,2,7,70,2,14295,14295,3,10,5,2,0,0,0,0
1345884,3,2024,2024,3,5,8,293,31,128,369,0,1,10,-33.615774,150.811229,29,2,2,1,3,0,0,0,4,0,15,60,2,5929,5929,1,5,5,2,0,0,0,0
1345885,3,2024,2024,3,2,5,2209,17,157,2205,0,1,9,-34.009065,151.1097,68,0,2,0,3,0,0,3,2,0,7,70,2,14295,14295,3,5,13,4,0,0,0,0
1345887,3,2024,2024,7,3,8,54,27,85,49,0,1,9,-32.930045,151.729668,48,0,2,1,3,0,0,0,2,0,7,60,1,5929,5929,1,10,5,2,0,0,0,0
1345888,3,2024,2024,7,3,10,3,10,113,34609,0,1,1,-34.379713,150.857225,80,0,2,1,3,0,0,0,0,0,7,60,0,1089,1089,7,0,40,1,0,0,0,0
1345891,3,2024,2024,7,0,4,47,31,159,34609,0,1,1,-33.807323,151.097213,61,0,2,1,3,0,0,0,2,0,7,50,0,941,941,1,5,5,2,0,0,0,0
1345892,3,2024,2024,7,6,3,39,31,193,145,0,1,10,-33.794978,151.071879,61,0,2,1,3,0,0,0,2,0,15,60,2,5929,5929,1,5,5,2,0,0,0,0
1345894,3,2024,2024,7,3,0,1,27,5,18,0,1,1,-35.940203,145.914283,51,1,0,1,3,0,0,0,0,0,7,100,1,9859,9859,8,5,40,1,0,0,0,0
1345898,3,2024,2024,3,1,3,56,27,323,38,0,1,1,-33.762054,150.976847,71,0,2,1,3,0,0,0,2,0,7,60,1,1109,787,1,0,5,3,0,0,0,0
1345899,3,2024,2024,7,6,4,5,2,134,34609,0,1,9,-33.991829,150.794567,12,0,2,0,3,0,0,0,2,0,3,50,0,1109,787,1,10,5,2,0,0,0,0
1345901,3,2024,2024,7,5,3,63,10,13,42,1,0,1,-32.947553,151.737316,48,0,2,1,3,0,0,0,2,0,7,60,1,9859,9859,8,10,40,1,0,0,0,0
1345904,3,2024,2024,7,0,7,35,27,42,91,0,1,7,-35.34822,149.245302,58,2,1,0,3,0,0,0,2,0,0,60,2,926,926,4,5,13,2,0,0,0,0
1345905,3,2024,2024,7,3,6,31,31,532,34609,0,1,1,-33.861805,151.212119,69,0,2,1,3,0,0,0,2,0,7,40,0,941,941,1,0,5,2,0,0,0,0
1345906,3,2024,2024,7,4,8,81,31,133,80,0,1,1,-33.931401,151.012198,15,0,2,1,3,0,0,0,2,0,7,60,1,515,515,1,10,5,2,0,0,0,0
1345907,3,2024,2024,3,5,8,103,27,438,563,0,1,9,-33.84322,151.043506,21,0,2,1,3,0,0,0,2,2,7,70,2,1391,1391,1,5,5,3,0,0,0,0
1345908,3,2024,2024,7,2,5,916,17,172,917,0,1,2,-32.748482,151.583158,42,2,1,1,3,0,0,0,2,0,7,60,2,14295,14295,3,5,13,2,0,0,0,0
1345910,3,2024,2024,7,2,7,36,27,33,36,0,1,7,-34.029561,150.822708,13,0,2,1,3,0,0,0,2,0,0,60,1,926,926,4,5,5,2,0,0,0,0
1345919,3,2024,2024,3,5,8,1,18,18,34609,0,1,1,-33.23407,148.986979,11,1,0,0,0,2,0,0,2,0,7,100,0,1957,4009,8,0,40,1,0,0,0,0
1345920,3,2024,2024,7,6,6,97,17,53,88,0,1,2,-35.158022,149.324173,58,1,0,0,3,0,0,0,2,0,7,110,2,14295,14295,3,10,35,2,0,0,0,0
1345922,3,2024,2024,7,4,8,74,27,130,59,0,1,2,-34.450905,150.850987,80,0,2,1,3,0,0,3,2,0,7,60,2,14295,14295,3,0,13,5,0,0,0,0
1345925,3,2024,2024,7,4,3,60,1,145,34609,0,1,1,-33.92423,151.12669,15,0,2,1,3,0,0,0,2,0,7,50,0,1109,787,1,5,0,2,0,0,0,0
1345928,3,2024,2024,7,2,8,14,27,5,34609,0,1,1,-34.012207,150.64647,79,2,2,0,3,0,0,0,2,0,7,80,0,273,957,5,9,40,1,0,0,0,0
1345940,3,2024,2024,7,2,11,72,14,123,71,0,1,3,-33.904113,151.214254,59,0,2,1,3,0,0,0,0,0,7,80,2,14295,14295,3,5,5,3,0,0,0,0
1345943,3,2024,2024,7,6,3,63,31,77,34609,0,1,1,-33.02838,151.64598,37,0,2,1,3,0,0,0,2,0,7,50,0,9859,9859,1,30,5,2,0,0,0,0
1345947,3,2024,2024,7,0,6,3371,17,40,3342,0,1,2,-31.508052,152.799198,56,1,0,1,3,0,0,0,2,0,7,110,2,9859,9859,8,0,40,1,0,0,0,0
1345948,3,2024,2024,7,2,3,2,1,86,34609,0,1,1,-33.757698,150.950345,7,0,2,0,3,0,0,0,2,0,7,50,0,4552,5151,1,5,5,2,0,0,0,0
1345949,3,2023,2023,5,5,10,4,10,445,34609,0,1,1,-33.880043,151.041978,21,0,2,1,3,0,0,0,0,0,7,50,0,9859,9859,1,0,0,2,0,0,0,0
1345950,3,2024,2024,7,4,3,4,18,57,34609,0,1,1,-28.617577,153.541148,10,1,0,0,3,0,0,0,2,0,7,100,0,14295,14295,3,0,13,2,0,0,0,0
1345952,3,2024,2024,7,4,6,2126,17,283,2149,0,1,9,-33.831328,151.013632,54,0,2,1,3,0,0,0,2,0,7,60,2,14295,14295,3,10,5,2,0,0,0,0
1345958,3,2024,2024,7,2,5,205,27,161,415,0,1,10,-33.730158,151.160906,36,0,2,1,3,0,0,0,2,2,7,60,2,5929,5929,1,5,5,2,0,0,0,0
1345959,3,2024,2024,7,5,8,149,27,60,198,0,1,2,-33.944232,150.945607,41,0,2,0,3,0,0,0,2,0,7,60,2,14295,14295,3,5,5,2,0,0,0,0
1345961,3,2024,2024,7,4,7,22,22,532,22,0,1,3,-33.860037,151.213909,69,0,2,1,3,0,0,0,2,0,7,80,2,1391,1391,1,5,5,2,0,0,0,0