Crash ID,Degree of crash - detailed,Reporting year,Year of crash,Month of crash,Day of week of crash,Two-hour intervals,Street of crash,Street type,Town,Route no.,School zone location,School zone active,Type of location,Latitude,Longitude,LGA,Urbanisation,Conurbation 1,Alignment,Street lighting,Road surface,Surface condition,Weather,Natural lighting,Signals operation,Other traffic control,Speed limit,Road classification,RUM - code,DCA - code,First impact type,Key TU type,Other TU type,No. of traffic units involved,No. killed,No. seriously injured,No. moderately injured,No. minor-other injured
1345963,3,2024,2024,3,6,6,118,17,22,118,0,1,9,-31.37041,150.527223,51,1,0,1,3,0,0,0,2,0,0,110,2,418,777,5,8,40,1,0,0,0,0
1345964,3,2024,2024,7,6,4,21,14,115,21,0,1,3,-33.91586,151.178258,32,0,2,1,3,0,0,0,2,0,7,60,2,14295,14295,3,5,36,2,0,0,0,0
1345965,3,2024,2024,7,5,8,9,27,144,34609,0,1,1,-34.052382,151.01838,68,0,2,1,3,0,0,0,0,0,7,50,0,175,188,1,10,5,2,0,0,0,0
1345967,3,2024,2024,7,6,8,53,36,18,95,0,1,10,-33.256251,148.995297,11,1,0,1,3,0,0,0,2,0,0,100,2,1945,1945,5,10,40,1,0,0,0,0
1345969,3,2024,2024,7,3,7,79,10,43,231,0,1,9,-33.438261,151.324599,16,2,2,0,3,0,0,0,2,0,0,60,2,14295,14295,3,5,5,3,0,0,0,0
1345970,3,2024,2024,7,2,4,16,27,12,34609,0,1,7,-32.932184,151.586162,37,0,2,0,3,0,0,0,2,0,0,60,0,6545,6545,4,10,0,3,0,0,0,0
1345973,3,2024,2024,3,3,5,24,31,237,34609,0,1,10,-33.869349,150.953357,24,0,2,1,3,0,0,0,2,3,7,40,0,3775,3775,0,0,0,2,0,0,0,0
1345974,3,2024,2024,7,4,11,3371,17,82,3342,0,1,10,-33.82506,151.198316,49,0,2,1,3,0,0,0,0,2,7,60,2,6545,6545,4,5,0,2,0,0,0,0
1345980,3,2024,2024,7,2,6,829,27,124,770,1,0,2,-33.812738,151.04436,54,0,2,1,3,0,0,0,2,0,7,70,2,14295,14295,3,5,25,2,0,0,0,0
1345983,3,2024,2024,7,4,11,67,27,100,68,0,1,1,-33.807712,151.172201,38,0,2,0,3,0,3,4,0,0,7,50,1,4552,5151,8,5,40,1,0,0,0,0
1345984,3,2024,2024,7,1,6,67,27,100,15,0,1,1,-33.806005,151.164983,38,0,2,1,3,0,0,0,2,0,7,50,1,1192,1192,1,5,0,3,0,0,0,0
1345985,3,2024,2024,7,6,3,8,27,30,34609,0,1,1,-35.347545,149.206015,58,2,1,1,3,0,0,0,2,0,7,50,0,1981,1981,4,9,12,2,0,0,0,0
1345987,3,2024,2024,7,0,8,515,14,202,518,0,1,3,-33.940065,151.02875,15,0,2,1,3,0,0,0,3,0,7,100,2,14295,14295,3,5,0,6,0,0,0,0
1345988,3,2024,2024,7,1,7,110,27,445,40,0,1,9,-33.848724,151.05468,54,0,2,1,3,0,0,0,2,0,7,60,1,1391,1391,1,5,5,2,0,0,0,0
1345990,3,2024,2024,7,4,6,84,27,60,32,0,1,1,-33.833259,151.143307,51,0,2,1,3,0,0,0,2,0,7,50,1,14295,14295,3,30,5,2,0,0,0,0
1345992,3,2024,2024,7,5,11,63,17,4,63,0,1,1,-33.611037,141.784019,51,1,0,1,3,0,0,0,0,0,7,110,2,1089,1089,7,0,40,1,0,0,0,0
1345996,3,2024,2024,7,5,4,346,17,24,332,0,1,1,-28.811046,153.373041,39,2,1,1,3,0,3,4,2,0,7,80,2,14295,14295,3,10,5,3,0,0,0,0
1345998,3,2024,2024,7,3,8,171,31,273,34609,0,1,1,-34.419502,150.892927,80,0,2,1,3,0,0,0,2,0,7,50,0,1981,1981,4,21,5,2,0,0,0,0
1346001,3,2024,2024,7,4,11,2,27,15,34609,1,0,1,-34.006947,151.07878,68,0,2,1,3,0,0,0,0,0,7,50,0,9859,9859,1,0,13,2,0,0,0,0
1346002,3,2024,2024,7,2,7,64,27,175,284,0,1,10,-33.771182,151.080163,54,0,2,1,3,0,0,0,2,2,7,60,2,9859,9859,8,5,40,1,0,0,0,0
1346005,3,2024,2024,7,3,6,23,31,52,38,0,1,1,-33.906635,151.266381,76,0,2,1,3,0,0,0,2,0,7,50,1,1192,1192,1,15,5,2,0,0,0,0
1346006,3,2024,2024,7,6,8,37,27,3,48,0,1,1,-32.451411,151.741049,51,1,0,1,3,0,0,0,2,0,7,100,1,9859,9859,8,5,40,1,0,0,0,0
1346010,3,2024,2024,7,6,2,5,27,52,34609,0,1,2,-33.70033,150.928019,7,0,2,1,3,0,0,0,0,0,7,50,0,1981,1981,4,0,5,2,0,0,0,0
1346013,3,2024,2024,7,0,8,36,27,43,38,0,1,7,-33.77565,151.261885,50,0,2,0,3,0,0,0,2,0,0,60,1,83,83,1,0,36,2,0,0,0,0
1346015,3,2024,2024,3,4,5,19,31,234,34609,0,1,10,-34.28833,146.032858,28,2,1,1,3,0,0,0,2,0,0,50,0,6545,6545,4,5,13,2,0,0,0,0
1346021,3,2024,2024,7,4,8,6,31,149,34609,0,1,2,-33.991276,151.140694,4,0,2,1,3,0,0,0,2,0,7,50,0,186,186,1,9,0,2,0,0,0,0
1346023,3,2024,2024,4,5,8,32,31,143,34609,0,1,10,-33.880518,151.098284,9,0,2,1,3,0,0,0,2,0,15,50,0,6545,6545,4,5,25,2,0,0,0,0
1346026,3,2024,2024,7,2,5,2126,17,166,2149,0,1,7,-33.420386,149.565421,3,2,1,1,3,0,0,0,2,0,0,60,2,5929,5929,1,0,13,2,0,0,0,0
1346028,3,2024,2024,7,0,3,21,1,75,34609,0,1,1,-32.774783,151.636343,42,2,1,1,3,0,0,0,1,0,7,50,0,9859,9859,1,10,5,2,0,0,0,0
1346029,3,2024,2024,7,5,4,16,1,35,34609,0,1,9,-35.344817,149.211201,58,2,1,1,3,0,0,0,2,0,0,50,0,1109,397,1,0,12,2,0,0,0,0
1346030,3,2024,2024,7,1,4,27,17,23,34609,0,1,1,-33.31558,151.412271,16,2,2,0,3,0,0,0,2,0,7,60,0,1391,1391,1,5,10,2,0,0,0,0
1346033,3,2024,2024,7,1,4,45,27,3,40,0,1,9,-33.686032,150.849383,7,0,2,0,3,0,0,0,2,0,0,60,2,926,926,4,0,5,2,0,0,0,0
1346039,3,2024,2024,7,5,9,77,27,16,58,0,1,1,-34.827695,150.575019,63,2,1,1,3,0,0,0,3,0,7,80,2,9859,9859,8,9,40,1,0,0,0,0
1346041,3,2024,2024,7,4,2,2209,17,77,2205,0,1,2,-33.923692,151.161966,32,0,2,1,3,0,0,0,1,0,7,60,2,1391,1391,1,10,0,3,0,0,0,0
1346047,3,2023,2023,11,1,2,500,27,83,799,0,1,9,-33.916021,151.109766,15,0,2,1,2,0,0,0,1,0,7,60,2,1383,1383,1,9,5,2,0,0,0,0
1346052,3,2023,2023,10,3,6,8,1,63,34609,1,0,1,-33.243884,151.507046,16,2,2,1,1,0,0,0,2,0,7,50,0,9859,9859,8,10,40,1,0,0,0,0
1346076,3,2023,2023,2,0,9,6,27,126,34609,0,1,10,-33.942251,150.814294,41,0,2,1,0,0,0,0,2,0,0,50,0,6545,6545,4,5,5,2,0,0,0,0
1346088,3,2023,2023,2,4,11,111,27,80,233,0,1,1,-33.938397,151.229178,4,0,2,1,2,0,0,0,0,0,7,60,2,9859,9859,8,5,40,1,0,0,0,0
1346090,3,2023,2023,2,0,7,2,31,102,34609,0,1,1,-31.110836,150.921221,70,2,1,1,1,0,0,0,2,0,7,50,0,9859,9859,1,5,5,2,0,0,0,0
1346100,3,2023,2023,9,2,0,193,27,32,41,0,1,1,-33.981842,151.125925,25,0,2,1,2,0,3,4,0,0,7,60,1,9859,9859,1,5,5,3,0,0,0,0
1346107,3,2023,2023,2,2,11,37,31,198,41,0,1,9,-33.915665,151.104188,15,0,2,1,2,0,3,4,0,0,0,50,1,9859,9859,1,30,0,2,0,0,0,0
1346111,3,2024,2024,4,3,9,33,31,363,34609,0,1,1,-33.807577,151.004655,54,0,2,1,0,0,0,0,3,0,7,40,0,1282,1282,1,33,5,2,0,0,0,0
1346117,3,2023,2023,2,3,11,30,31,88,34609,0,1,1,-33.983955,151.113365,25,0,2,1,0,0,0,0,0,0,7,50,0,9859,9859,1,5,5,3,0,0,0,0
1346137,3,2023,2023,10,2,9,26,27,16,68,0,1,7,-33.802485,151.206001,77,0,2,1,1,0,0,0,2,0,15,50,1,6545,6545,4,5,5,2,0,0,0,0
1346193,3,2024,2024,3,5,6,6,18,115,10,1,0,9,-33.882965,151.190797,69,0,2,1,1,0,0,0,2,0,7,40,1,1957,777,1,5,5,4,0,0,0,0
1346231,3,2024,2024,7,5,1,11,31,304,34609,0,1,10,-33.911682,151.165727,32,0,2,1,1,0,0,0,0,0,7,50,0,1282,1282,1,33,5,2,0,0,0,0
1346236,3,2024,2024,7,2,0,23,27,433,95,0,1,9,-33.274317,149.073441,52,2,1,1,2,0,0,0,0,0,0,50,2,2585,777,8,5,40,1,0,0,0,0
1346245,3,2024,2024,7,2,5,30,31,218,34609,0,1,1,-33.774707,150.779735,55,0,2,1,1,0,0,0,2,0,7,50,0,9859,9859,1,5,5,2,0,0,0,0
1346246,3,2024,2024,3,4,11,1,36,14,34609,0,1,1,-33.141801,151.582038,16,2,2,1,2,0,0,0,0,0,7,50,0,9859,9859,1,5,13,2,0,0,0,0
1346279,3,2024,2024,7,4,8,2,31,69,34609,0,1,1,-33.361606,151.482365,16,2,2,1,0,0,0,0,2,0,7,50,0,1109,787,1,0,5,2,0,0,0,0
1346280,3,2024,2024,7,0,10,1,27,4,34609,0,1,1,-35.486777,149.686688,58,1,0,0,0,2,0,0,0,0,7,100,0,2585,4009,8,0,40,1,0,0,0,0
1346316,3,2024,2024,7,5,5,12,10,89,34609,0,1,1,-28.212828,153.529831,72,2,1,1,1,0,3,4,2,0,7,60,0,14295,14295,3,10,5,3,0,0,0,0
1346318,3,2024,2024,7,4,5,348,27,73,88,0,1,9,-33.705091,150.695985,55,0,2,0,0,0,0,0,2,0,15,80,2,2852,2852,4,10,5,2,0,0,0,0
1346327,3,2024,2024,7,0,10,1,27,12,34609,0,1,1,-33.559077,149.707599,51,1,0,0,0,0,0,0,0,0,7,100,0,4552,5151,8,0,40,1,0,0,0,0
1346356,3,2024,2024,7,0,8,33,1,234,139,0,1,10,-34.285486,146.027394,28,2,1,1,0,0,0,0,2,0,0,50,2,6545,6545,4,0,13,2,0,0,0,0
1346357,3,2024,2024,7,3,8,1,25,18,34609,0,1,1,-33.66447,151.298997,50,0,2,0,1,0,0,0,2,0,7,50,0,2585,4009,8,5,40,1,0,0,0,0
1346367,3,2024,2024,4,3,0,1,31,143,34609,0,1,1,-33.886598,151.09932,9,0,2,1,2,0,0,0,0,0,7,50,0,9859,9859,1,33,5,2,0,0,0,0
1346371,3,2024,2024,7,1,2,1104,14,75,962,0,1,3,-33.874081,151.122416,32,0,2,1,2,0,0,0,1,0,7,80,2,1383,1383,1,5,35,2,0,0,0,0
1346384,3,2024,2024,7,0,10,9,31,179,34609,0,1,9,-31.91663,152.454405,43,2,1,1,2,0,0,0,0,0,7,50,0,256,256,4,5,0,2,0,0,0,0
1346403,3,2024,2024,3,2,7,2261,17,204,2252,0,1,1,-33.888752,151.133688,32,0,2,1,2,0,0,0,2,0,7,60,2,1981,1981,4,5,40,2,0,0,0,0
1346411,3,2024,2024,7,5,6,3,27,8,34609,0,1,1,-34.845421,150.742127,63,2,1,1,1,0,0,0,2,0,7,50,0,4026,4026,1,5,4,2,0,0,0,0
1346420,3,2024,2024,3,4,6,16,27,193,145,0,1,9,-33.793037,151.068683,61,0,2,1,1,0,0,0,2,0,0,60,2,2852,2852,4,33,5,3,0,0,0,0
1346437,3,2024,2024,7,1,10,11,27,19,118,0,1,1,-29.890631,150.579467,51,1,0,1,0,0,0,0,0,0,7,100,2,3775,3775,0,9,35,2,0,0,0,0
1346459,3,2024,2024,7,5,6,14,31,46,34609,0,1,1,-28.821102,153.289846,39,2,1,1,0,0,0,3,2,0,7,50,0,9859,9859,1,5,0,2,0,0,0,0
1346469,3,2023,2023,11,5,0,2261,17,23,2252,0,1,3,-34.051334,150.811803,13,0,2,0,0,0,2,6,0,0,7,110,2,404,404,8,5,40,1,0,0,0,0
1346475,3,2023,2023,11,4,9,2261,17,14,2252,0,1,3,-34.445836,150.387786,78,1,0,1,3,0,0,0,0,0,7,110,2,404,404,8,5,40,1,0,0,0,0
1346501,3,2023,2023,2,1,11,829,27,81,34609,0,1,1,-33.884193,151.259456,81,0,2,1,2,0,0,0,0,0,7,50,0,1981,1981,4,5,5,2,0,0,0,0
1346515,3,2023,2023,2,2,10,43,27,136,76,0,1,2,-32.922975,151.720838,48,0,2,1,2,0,0,0,0,0,7,60,1,1282,1282,1,33,5,2,0,0,0,0
1346527,3,2023,2023,2,5,8,22,27,90,93,0,1,7,-33.784279,150.954361,54,0,2,1,0,0,0,0,2,0,0,60,1,14295,14295,3,0,0,2,0,0,0,0
1346529,3,2024,2024,4,5,5,2126,17,90,2149,0,1,9,-33.707622,150.323047,8,2,2,0,1,0,0,0,2,0,0,70,2,14295,14295,3,30,0,2,0,0,0,0
1346550,3,2024,2024,4,4,10,3371,17,58,3342,0,1,7,-32.781339,151.73869,57,2,1,0,2,0,0,0,0,0,0,70,2,1192,1192,1,29,5,2,0,0,0,0
1346561,3,2024,2024,4,4,11,15,1,51,34609,0,1,9,-33.257683,151.489974,16,2,2,1,2,0,0,0,0,0,7,50,0,3775,3775,0,30,5,3,0,0,0,0
1346576,3,2024,2024,3,2,0,1,31,32,34609,0,1,4,-30.224221,151.681615,1,2,1,0,3,0,0,0,0,0,7,50,0,2585,4009,8,5,40,1,0,0,0,0
1346580,3,2024,2024,3,4,3,2126,17,140,2149,0,1,10,-33.78893,150.854357,7,0,2,1,1,0,0,0,2,2,7,80,2,1282,1282,1,29,5,2,0,0,0,0
1346600,3,2024,2024,3,5,5,1,31,69,34609,0,1,1,-33.778209,150.976944,54,0,2,1,3,0,0,0,2,0,7,50,0,1282,1282,1,5,40,1,0,0,0,0
1346611,3,2024,2024,3,6,4,2209,17,40,2205,0,1,9,-34.971598,150.594862,63,1,0,1,3,0,0,0,2,0,0,100,2,4026,4026,8,9,40,1,0,0,0,0
1346626,3,2024,2024,3,2,9,45,27,304,96,1,0,10,-33.90461,151.15632,32,0,2,1,1,0,0,0,2,2,9,60,2,14295,14295,3,10,5,3,0,0,0,0
1346629,3,2024,2024,7,4,4,308,14,323,311,0,1,3,-33.790321,150.856118,7,0,2,1,3,0,0,0,2,0,7,100,2,1383,1383,1,10,35,2,0,0,0,0
1346630,3,2024,2024,3,6,4,41,27,120,154,0,1,2,-33.768107,150.86457,7,0,2,0,3,0,3,0,2,0,7,60,1,1957,4009,8,0,40,1,0,0,0,0
1346634,3,2024,2024,7,2,11,92,31,370,34609,0,1,1,-34.076328,150.816591,13,0,2,0,0,0,0,0,0,0,7,50,0,1957,4009,8,10,40,1,0,0,0,0
1346649,3,2024,2024,3,2,9,481,17,96,483,0,1,1,-33.396559,147.992269,51,2,1,1,0,0,0,0,2,0,7,80,2,4026,4026,8,0,40,1,0,0,0,0
1346657,3,2024,2024,7,6,6,17,31,20,34609,0,1,1,-35.969013,146.616905,51,2,1,1,3,2,0,0,2,0,7,50,0,237,162,8,10,40,1,0,0,0,0
1346658,3,2024,2024,7,4,7,127,31,8,34609,0,1,1,-32.827018,151.489781,17,2,1,1,3,0,0,0,2,0,7,50,0,175,188,8,10,40,1,0,0,0,0
1346659,3,2024,2024,7,0,5,308,14,323,311,0,1,3,-33.766206,150.963924,71,0,2,1,3,0,0,0,2,0,7,100,2,4026,4026,8,9,40,1,0,0,0,0
1346660,3,2024,2024,7,6,8,6,31,304,34609,0,1,9,-33.913443,151.161136,32,0,2,1,3,0,0,0,2,0,7,50,0,6545,6545,4,22,5,2,0,0,0,0
1346662,3,2024,2024,7,4,6,84,27,60,32,0,1,9,-33.833545,151.14357,51,0,2,0,3,0,0,0,2,3,6,50,1,14295,14295,3,0,5,3,0,0,0,0
1346670,3,2024,2024,7,6,4,12,31,166,34609,0,1,10,-33.422693,149.573831,3,2,1,1,0,0,0,0,2,0,0,50,0,6545,6545,4,0,5,2,0,0,0,0
1346683,3,2024,2024,4,6,10,102,31,646,28,0,1,1,-33.917231,151.043757,15,0,2,1,2,0,0,0,0,0,7,60,1,9859,9859,1,5,5,2,0,0,0,0
1346689,3,2024,2024,7,4,3,68,31,363,34609,0,1,10,-33.816485,151.001157,54,0,2,1,3,0,0,0,2,2,7,40,0,6545,6545,4,5,22,2,0,0,0,0
1346690,3,2024,2024,7,5,3,19,27,108,34609,0,1,1,-33.761865,151.278742,50,0,2,1,3,0,0,0,2,0,7,50,0,9859,9859,1,10,0,2,0,0,0,0
1346691,3,2024,2024,7,1,3,95,27,42,605,0,1,1,-33.651711,151.323037,50,0,2,1,3,0,0,3,1,0,7,50,2,14295,14295,3,9,12,3,0,0,0,0
1346692,3,2024,2024,7,5,6,829,27,123,770,0,1,10,-33.81405,151.05365,54,0,2,1,3,0,0,0,2,2,7,70,2,6545,6545,4,5,13,2,0,0,0,0
1346693,3,2024,2024,7,1,8,13,1,56,34609,0,1,1,-33.855656,151.170743,32,0,2,1,0,0,0,0,2,0,7,40,0,237,397,1,10,13,2,0,0,0,0
1346695,3,2024,2024,7,1,4,829,27,363,770,0,1,2,-33.809037,151.02695,54,0,2,1,3,0,0,0,2,0,7,60,2,14295,14295,3,5,12,5,0,0,0,0
1346697,3,2024,2024,3,5,9,3371,17,53,3342,0,1,1,-33.686814,151.109094,31,0,2,1,3,0,0,3,4,0,7,60,2,9859,9859,8,30,40,1,0,0,0,0
1346698,3,2024,2024,7,1,6,387,27,290,331,0,1,1,-33.949363,151.127015,4,0,2,1,3,0,0,0,2,0,7,60,2,1391,1391,1,5,13,2,0,0,0,0
1346701,3,2024,2024,7,2,0,1,27,6,34609,0,1,1,-32.232475,148.444668,22,1,0,0,3,0,0,0,0,0,7,100,0,1957,4009,8,10,40,1,0,0,0,0
1346707,3,2024,2024,7,1,8,500,27,80,160,0,1,10,-33.980816,150.898152,13,0,2,1,3,0,0,0,2,2,7,60,2,5929,5929,1,5,0,2,0,0,0,0
1346711,3,2024,2024,7,3,10,35,27,42,212,0,1,7,-35.348321,149.245024,58,2,1,1,3,0,0,0,0,0,0,60,2,4552,985,8,10,40,1,0,0,0,0
1346713,3,2024,2024,7,2,8,19,31,96,34609,0,1,1,-34.059468,150.834224,13,0,2,1,3,0,0,0,2,0,7,60,0,4026,4026,8,5,40,1,0,0,0,0
1346714,3,2024,2024,7,5,7,866,17,523,793,0,1,2,-33.906897,150.918236,41,0,2,1,3,0,0,0,2,0,7,70,2,1981,1981,4,0,0,2,0,0,0,0
1346717,3,2024,2024,7,5,6,916,17,9,917,0,1,1,-30.435911,151.673395,1,1,0,0,3,0,0,0,2,0,7,100,2,1282,1282,1,8,0,2,0,0,0,0
1346719,3,2024,2024,7,5,4,71,36,23,11,0,1,1,-31.501389,145.844874,51,2,1,0,3,0,3,4,2,0,7,50,2,782,957,5,10,40,1,0,0,0,0
1346720,3,2024,2024,7,3,11,205,27,45,415,0,1,10,-33.700813,151.212641,50,0,2,1,2,0,0,0,0,2,7,80,2,5929,5929,1,10,13,2,0,0,0,0
1346723,3,2024,2024,7,4,8,10,27,56,174,0,1,9,-32.987921,151.52006,37,0,2,1,3,0,0,0,2,0,15,80,2,14295,14295,3,0,0,2,0,0,0,0
1346724,3,2024,2024,7,6,7,387,36,86,69,0,1,10,-33.722236,151.217148,50,0,2,1,3,0,0,0,2,2,7,80,2,1391,1391,1,0,35,2,0,0,0,0
1346725,3,2024,2024,7,4,5,36,27,10,72,0,1,9,-28.709565,153.489962,10,2,1,0,3,0,3,4,2,0,7,80,2,2585,4009,8,10,40,1,0,0,0,0
1346726,3,2024,2024,7,1,9,22,31,70,47,0,1,1,-32.896248,151.720009,48,0,2,1,3,0,3,3,3,0,7,60,2,3775,3775,0,5,0,2,0,0,0,0
1346727,3,2024,2024,7,6,9,85,31,219,34609,0,1,9,-32.90311,151.669645,48,0,2,1,3,0,0,0,0,2,7,60,0,5929,5929,1,5,0,2,0,0,0,0
1346731,3,2024,2024,7,1,5,4,27,67,40,0,1,9,-33.644661,150.882004,71,0,2,0,3,0,0,0,2,0,7,80,1,941,941,1,9,5,2,0,0,0,0
1346734,3,2024,2024,7,3,8,2,27,73,34609,0,1,1,-33.773986,151.179307,36,0,2,1,3,0,0,0,2,0,7,50,0,1109,397,1,5,0,2,0,0,0,0
1346735,3,2024,2024,7,5,7,26,27,71,38,0,1,1,-33.832701,150.969382,21,0,2,1,3,0,0,0,2,0,7,60,1,1981,1981,4,10,25,2,0,0,0,0
1346736,3,2024,2024,7,1,7,2209,17,176,2205,0,1,9,-33.955949,151.137664,4,0,2,1,3,0,0,0,2,0,7,60,2,775,775,4,0,5,2,0,0,0,0
1346737,3,2024,2024,7,4,7,10,27,18,34609,0,1,1,-33.825985,151.108426,61,0,2,1,3,0,0,0,2,0,7,50,0,9859,9859,1,5,13,2,0,0,0,0
1346738,3,2024,2024,7,2,6,4,10,66,34609,0,1,7,-33.718956,150.929158,7,0,2,1,3,0,0,0,2,0,0,60,0,1282,1282,1,5,40,1,0,0,0,0
1346740,3,2024,2024,7,5,9,387,27,253,2,1,0,9,-33.962352,151.112695,25,0,2,0,3,0,0,0,0,2,7,60,1,4552,5151,8,0,40,1,0,0,0,0
1346744,3,2024,2024,7,4,3,95,27,106,605,0,1,9,-33.676096,151.309547,50,0,2,0,3,0,0,0,1,0,2,60,2,775,775,4,9,5,2,0,0,0,0
1346745,3,2024,2024,7,2,7,3371,17,44,3342,0,1,2,-32.455714,152.198039,43,1,0,0,3,0,0,0,2,0,7,110,2,1259,5151,8,5,40,1,0,0,0,0
1346747,3,2024,2024,7,6,6,3371,17,131,3342,0,1,9,-33.78326,151.174789,36,0,2,0,3,0,0,0,2,2,7,60,2,5929,5929,1,0,5,2,0,0,0,0
1346749,3,2024,2024,7,1,3,5,27,18,34609,0,1,1,-28.860414,153.594932,2,2,1,1,3,0,0,0,2,0,7,50,0,1282,1282,1,0,40,1,0,0,0,0
1346752,3,2024,2024,7,4,9,158,27,46,207,0,1,10,-33.878549,151.235181,81,0,2,0,3,0,0,0,2,2,7,60,2,1282,1282,1,5,36,2,0,0,0,0
1346753,3,2024,2024,7,5,10,2261,17,243,2252,0,1,2,-33.957475,150.888507,41,0,2,1,3,0,0,0,0,0,7,70,2,14295,14295,3,5,41,3,0,0,0,0
1346757,3,2024,2024,7,0,4,76,31,131,60,0,1,10,-36.068775,146.930467,0,2,1,1,3,0,0,0,2,2,7,60,1,301,301,4,0,0,2,0,0,0,0
1346766,3,2024,2024,7,1,11,195,27,49,186,0,1,9,-33.917305,150.854375,41,0,2,1,3,0,0,0,0,2,7,70,2,14295,14295,3,5,5,2,0,0,0,0
1346767,3,2024,2024,7,4,8,84,27,61,415,0,1,2,-33.762321,151.137555,36,0,2,1,3,0,0,3,2,0,7,70,2,14295,14295,3,5,5,2,0,0,0,0
1346769,3,2024,2024,7,4,7,44,31,460,34609,0,1,9,-33.82913,150.987814,21,0,2,1,3,0,0,0,2,0,0,50,0,1282,1282,1,33,5,2,0,0,0,0
1346770,3,2024,2024,7,0,8,15,27,115,34609,0,1,1,-34.029839,151.076695,68,0,2,1,3,0,0,0,2,0,7,50,0,1981,1981,4,10,0,2,0,0,0,0
1346772,3,2024,2024,7,6,7,346,17,44,332,0,1,9,-28.821541,153.411373,2,2,1,1,3,0,0,0,2,0,0,80,2,3775,3775,0,0,5,2,0,0,0,0
1346779,3,2024,2024,7,5,4,265,17,5,193,0,1,9,-35.043252,147.412469,75,1,0,1,3,0,0,0,2,0,0,100,2,1669,1669,3,29,5,2,0,0,0,0
1346783,3,2024,2024,3,0,7,12,23,87,34609,0,1,1,-34.065547,151.148852,68,0,2,1,3,0,0,0,2,0,7,50,0,9859,9859,8,5,40,1,0,0,0,0
1346784,3,2024,2024,7,6,7,133,31,139,51,0,1,9,-33.884457,151.142079,32,0,2,1,3,0,3,3,2,2,7,50,1,5929,5929,1,5,5,2,0,0,0,0
1346787,3,2024,2024,7,0,9,196,10,166,168,0,1,9,-33.944929,150.9823,15,0,2,1,3,0,0,0,0,3,7,60,2,14295,14295,3,5,0,3,0,0,0,0
1346791,3,2024,2024,7,6,7,80,7,72,34609,0,1,7,-34.016256,151.013055,68,0,2,0,3,0,0,3,2,0,0,60,0,5929,5929,1,0,0,2,0,0,0,0
1346794,3,2024,2024,7,2,8,205,27,161,415,1,0,2,-33.721116,151.171885,36,0,2,1,3,0,0,0,2,0,7,60,2,1391,1391,1,5,0,2,0,0,0,0
1346796,3,2024,2024,7,5,6,10,31,273,34609,0,1,1,-34.425286,150.877343,80,0,2,1,3,0,2,6,2,0,7,50,0,941,941,1,0,5,2,0,0,0,0
1346798,3,2024,2024,7,2,0,9,18,20,34609,0,1,9,-30.234248,149.429149,51,2,1,1,3,0,0,0,0,0,7,80,0,4026,4026,8,0,40,1,0,0,0,0
1346800,3,2024,2024,7,4,9,34,31,98,260,0,1,10,-33.013281,151.593204,37,0,2,1,3,0,0,0,3,2,7,60,2,5929,5929,1,5,13,2,0,0,0,0
1346801,3,2024,2024,7,2,6,123,27,304,34609,0,1,10,-33.919809,151.155221,32,0,2,1,3,0,0,0,2,0,15,50,0,5929,5929,1,5,5,2,0,0,0,0
1346804,3,2024,2024,7,3,4,1,23,134,34609,0,1,1,-33.981054,150.807506,12,0,2,1,3,0,0,0,2,0,7,50,0,217,217,1,5,0,2,0,0,0,0
1346806,3,2024,2024,7,6,9,3371,17,56,3342,0,1,2,-31.122232,152.8288,34,1,0,1,3,0,3,3,4,0,7,110,2,9859,9859,8,0,40,1,0,0,0,0
1346807,3,2024,2024,7,4,6,7,27,133,34609,0,1,9,-34.484964,150.804698,80,0,2,1,3,0,0,0,2,0,15,60,0,6545,6545,4,5,5,2,0,0,0,0
1346808,3,2024,2024,3,4,0,3,4,609,34609,0,1,1,-33.76218,150.901298,7,0,2,1,3,0,0,3,0,0,7,50,0,1282,1282,1,0,5,2,0,0,0,0
1346809,3,2024,2024,7,6,5,169,31,108,34609,0,1,1,-28.869278,153.557432,2,2,1,1,3,0,0,0,2,0,7,40,0,1391,1391,1,0,5,2,0,0,0,0
1346811,3,2024,2024,7,4,4,1,36,102,34609,0,1,9,-33.958678,151.242435,59,0,2,0,3,0,0,0,2,0,7,50,0,941,941,1,0,5,2,0,0,0,0
1346814,3,2024,2024,7,2,9,81,27,223,34609,0,1,1,-33.806809,150.921187,7,0,2,1,3,0,0,0,3,0,7,60,0,1391,1391,1,5,13,2,0,0,0,0
1346816,3,2024,2024,7,5,8,1,31,100,34609,0,1,1,-33.808873,151.174776,38,0,2,1,3,0,0,0,2,0,7,50,0,1981,1981,4,5,5,2,0,0,0,0
1346819,3,2024,2024,7,2,6,2209,17,176,2205,0,1,10,-33.952926,151.137616,4,0,2,1,3,0,0,0,2,2,7,60,2,1669,1669,3,5,5,2,0,0,0,0
1346823,3,2024,2024,7,2,3,4,27,21,34609,1,0,1,-34.375727,150.912462,80,0,2,1,3,0,0,0,2,0,7,50,0,9859,9859,1,30,0,3,0,0,0,0
1346824,3,2024,2024,7,2,7,1104,14,460,962,0,1,3,-33.825413,150.990747,54,0,2,1,3,0,0,0,2,0,7,90,2,1383,1383,1,0,5,3,0,0,0,0
1346838,3,2024,2024,3,1,5,2209,17,49,2205,0,1,2,-33.932926,151.153357,4,0,2,1,1,0,0,0,2,0,7,60,2,1192,1192,1,8,5,2,0,0,0,0
1346863,3,2024,2024,7,4,4,40,27,94,40,0,1,7,-33.882373,150.915153,24,0,2,1,1,0,0,0,2,0,0,60,1,6545,6545,4,5,36,2,0,0,0,0