Crash ID,Degree of crash - detailed,Reporting year,Year of crash,Month of crash,Day of week of crash,Two-hour intervals,Street of crash,Street type,Town,Route no.,School zone location,School zone active,Type of location,Latitude,Longitude,LGA,Urbanisation,Conurbation 1,Alignment,Street lighting,Road surface,Surface condition,Weather,Natural lighting,Signals operation,Other traffic control,Speed limit,Road classification,RUM - code,DCA - code,First impact type,Key TU type,Other TU type,No. of traffic units involved,No. killed,No. seriously injured,No. moderately injured,No. minor-other injured
1346864,3,2024,2024,7,6,1,36,27,32,39,0,1,1,-32.404629,149.475718,44,1,0,0,0,0,0,0,0,0,7,100,2,1850,1463,5,29,40,1,0,0,0,0
1346905,3,2024,2024,3,2,2,4,27,443,34609,0,1,1,-33.913676,151.048631,15,0,2,1,2,0,0,0,0,0,7,50,0,9859,9859,1,0,0,2,0,0,0,0
1346907,3,2024,2024,4,0,9,1,27,7,34609,0,1,1,-33.080703,149.694701,3,2,1,0,0,0,0,0,3,0,7,40,0,3775,3775,0,10,13,2,0,0,0,0
1346914,3,2024,2024,7,5,10,5,27,32,34609,0,1,1,-32.760299,152.105213,57,2,1,1,2,0,0,0,0,0,7,80,0,9859,9859,8,0,40,1,0,0,0,0
1346919,3,2024,2024,7,1,8,1104,14,247,962,0,1,3,-33.813755,150.953485,21,0,2,1,1,0,0,0,2,0,7,90,2,14295,14295,3,29,5,2,0,0,0,0
1346930,3,2024,2024,7,4,10,2126,17,166,2149,0,1,10,-33.416007,149.58355,3,2,1,1,2,0,0,0,0,2,7,60,2,14295,14295,3,10,5,2,0,0,0,0
1346942,3,2024,2024,7,2,9,76,27,85,148,0,1,9,-32.933594,151.721558,48,0,2,1,2,0,0,0,3,0,0,60,1,775,775,4,5,5,2,0,0,0,0
1346946,3,2024,2024,7,1,0,41,27,8,69,0,1,1,-34.656064,149.788752,26,1,0,1,0,0,0,0,0,0,7,100,1,4026,4026,8,0,40,1,0,0,0,0
1346949,3,2024,2024,7,4,11,46,27,148,43,0,1,1,-36.0184,146.906169,0,1,0,0,0,0,0,0,0,0,7,100,1,2585,4009,8,5,40,1,0,0,0,0
1346971,3,2024,2024,7,3,10,51,31,273,34609,0,1,10,-34.431141,150.895143,80,0,2,1,2,0,3,4,0,0,0,50,0,6545,6545,4,5,5,2,0,0,0,0
1346986,3,2024,2024,7,5,0,9,27,70,34609,0,1,1,-33.885469,150.879124,24,0,2,1,2,0,3,0,0,0,7,50,0,9859,9859,1,0,5,2,0,0,0,0
1346996,3,2024,2024,3,4,11,2,31,102,34609,0,1,1,-31.117132,150.914409,70,2,1,0,2,0,0,0,0,0,7,50,0,4552,5151,8,16,40,1,0,0,0,0
1347002,3,2024,2024,3,4,4,280,10,237,240,0,1,10,-33.863953,150.954285,24,0,2,1,1,0,0,0,2,2,7,60,2,775,775,4,5,5,2,0,0,0,0
1347007,3,2024,2024,7,2,2,16,31,194,34609,0,1,7,-30.505946,151.661201,1,2,1,1,2,0,3,4,0,0,0,50,0,4026,4026,8,30,40,1,0,0,0,0
1347008,3,2024,2024,4,5,8,97,31,363,92,0,1,10,-33.82048,150.995925,54,0,2,1,1,0,0,0,2,0,0,60,1,4552,985,8,5,40,1,0,0,0,0
1347024,3,2024,2024,7,0,6,191,27,309,208,0,1,1,-33.815876,151.108939,61,0,2,1,1,0,3,4,2,0,7,60,2,9859,9859,8,5,40,1,0,0,0,0
1347034,3,2024,2024,3,1,11,32,27,290,34609,0,1,1,-33.859767,150.975857,21,0,2,1,2,0,0,0,0,0,7,50,0,78,78,8,5,40,1,0,0,0,0
1347041,3,2024,2024,3,3,6,162,31,72,34609,0,1,1,-33.845331,151.084598,14,0,2,1,1,0,0,0,2,0,7,50,0,237,397,1,5,13,2,0,0,0,0
1347044,3,2024,2024,7,1,10,36,27,39,83,0,1,9,-29.428716,153.322294,18,2,1,1,2,0,0,0,0,0,0,50,1,9859,9859,1,5,5,3,0,0,0,0
1347045,3,2024,2024,7,2,2,3371,17,8,3342,0,1,2,-28.720403,153.534109,2,1,0,1,2,0,3,4,0,0,7,110,2,9859,9859,8,0,40,1,0,0,0,0
1347052,3,2024,2024,7,5,8,34,31,12,34609,0,1,1,-33.804401,151.258024,50,0,2,1,0,0,0,0,2,0,7,50,0,9859,9859,1,5,5,2,0,0,0,0
1347061,3,2024,2024,3,1,0,3,1,9,34609,0,1,1,-33.769671,150.649363,55,0,2,1,2,0,0,0,0,0,7,50,0,9859,9859,1,10,5,3,0,0,0,0
1347070,3,2024,2024,7,1,2,3,31,119,34609,0,1,1,-33.874699,151.168354,32,0,2,1,2,0,0,0,0,0,7,50,0,4026,4026,1,10,5,2,0,0,0,0
1347074,3,2024,2024,3,1,1,1,10,25,34609,0,1,1,-32.875564,151.709494,48,0,2,1,2,0,0,0,0,0,7,50,0,4026,4026,8,5,40,1,0,0,0,0
1347077,3,2024,2024,7,6,4,41,27,137,80,0,1,7,-32.974994,151.678778,37,0,2,1,3,0,0,3,2,0,0,60,1,4552,985,8,5,40,1,0,0,0,0
1347088,3,2024,2024,4,1,9,39,36,18,79,0,1,1,-33.787415,151.201791,77,0,2,1,3,0,0,0,2,0,7,60,2,3775,3775,0,30,5,2,0,0,0,0
1347089,3,2023,2023,9,5,11,16,27,88,20,0,1,7,-33.746273,150.853577,7,0,2,1,3,0,3,4,0,0,0,60,1,775,775,4,5,5,2,0,0,0,0
1347092,3,2023,2023,10,2,0,34,27,4,83,0,1,1,-29.491636,153.125766,18,1,0,0,3,0,0,0,0,0,7,100,1,380,714,5,5,40,1,0,0,0,0
1347096,3,2024,2024,3,3,8,123,36,11,90,0,1,1,-31.728614,151.868769,43,2,1,0,3,0,3,4,2,0,7,80,1,4552,5151,8,34,40,1,0,0,0,0
1347097,3,2024,2024,3,6,0,3371,17,24,3342,0,1,2,-32.547171,152.159505,43,1,0,0,3,0,3,1,0,0,7,110,2,273,957,5,29,40,1,0,0,0,0
1347098,3,2024,2024,7,0,10,137,14,4,70,0,1,3,-32.750341,151.429869,17,1,0,1,3,0,0,3,0,0,7,110,2,9859,9859,8,5,40,1,0,0,0,0
1347099,3,2024,2024,3,6,10,12,27,337,34609,0,1,7,-33.721993,151.00153,71,0,2,1,3,0,0,0,0,0,0,50,0,926,926,4,5,5,2,0,0,0,0
1347100,3,2024,2024,3,4,4,12,31,25,34609,1,2,1,-34.506026,150.405441,78,2,1,1,3,0,0,0,2,0,7,40,0,941,941,1,0,22,2,0,0,0,0
1347102,3,2024,2024,7,4,5,1,31,135,34609,0,1,1,-32.905114,151.742673,48,0,2,1,3,0,0,0,2,0,7,50,0,9859,9859,8,5,40,2,0,0,0,0
1347103,3,2024,2024,7,6,3,46,36,3,46,0,1,1,-33.074359,149.070723,11,1,0,0,3,0,0,0,2,0,7,100,1,4552,5151,8,10,40,1,0,0,0,0
1347107,3,2024,2024,3,3,9,308,14,127,311,0,1,3,-33.839898,150.855602,24,0,2,1,3,0,0,0,3,0,7,100,2,4026,4026,8,0,40,1,0,0,0,0
1347111,3,2024,2024,3,3,4,3371,17,23,3342,0,1,2,-32.048813,152.446175,43,1,0,1,3,0,0,0,2,0,7,110,2,9859,9859,8,10,40,1,0,0,0,0
1347116,3,2024,2024,7,5,7,308,14,169,311,0,1,3,-33.761037,150.846825,7,0,2,1,3,0,0,0,2,0,7,100,2,14295,14295,3,0,5,3,0,0,0,0
1347121,3,2024,2024,7,0,7,1052,14,160,928,0,1,3,-33.13879,151.475889,37,0,2,0,3,0,0,0,2,0,7,110,2,14295,14295,3,10,5,2,0,0,0,0
1347125,3,2024,2024,7,5,8,68,27,110,67,0,1,1,-33.789546,151.004776,54,0,2,1,3,0,0,0,3,0,7,60,1,9859,9859,1,0,5,2,0,0,0,0
1347128,3,2024,2024,7,4,6,27,36,83,34609,0,1,1,-30.132635,153.194088,19,2,1,0,0,0,3,4,2,0,7,60,0,4552,5151,8,30,40,1,0,0,0,0
1347129,3,2024,2024,7,4,3,119,31,78,34609,0,1,9,-28.328078,153.383204,72,2,1,1,3,0,0,0,2,0,7,50,0,9859,9859,1,0,13,2,0,0,0,0
1347132,3,2024,2024,7,3,6,78,1,182,34609,0,1,1,-32.838092,151.35199,17,2,1,1,3,0,0,0,2,0,7,50,0,9859,9859,8,9,40,1,0,0,0,0
1347135,3,2024,2024,7,6,6,485,27,187,769,0,1,10,-33.78641,150.995437,54,0,2,1,3,0,3,4,2,2,7,60,2,6545,6545,4,5,22,2,0,0,0,0
1347138,3,2024,2024,7,3,11,3371,17,21,3342,0,1,2,-31.642027,152.722379,56,1,0,0,3,0,0,0,0,0,7,110,2,14295,14295,3,30,13,2,0,0,0,0
1347139,3,2024,2024,3,3,6,154,27,293,244,0,1,9,-33.925852,151.05434,15,0,2,1,3,0,0,0,2,2,7,60,2,14295,14295,3,5,0,3,0,0,0,0
1347140,3,2024,2024,4,5,6,3371,17,21,3342,0,1,9,-28.608065,153.546629,10,1,0,1,3,0,0,0,2,0,0,100,2,323,323,1,0,12,2,0,0,0,0
1347142,3,2024,2024,7,4,8,2,27,58,34609,0,1,1,-33.435179,151.292692,16,2,2,1,3,0,0,0,2,0,7,50,0,9859,9859,1,10,0,2,0,0,0,0
1347144,3,2024,2024,7,5,9,43,31,104,117,0,1,9,-32.916751,151.703527,48,0,2,1,1,0,0,0,3,2,7,60,2,14295,14295,3,5,13,2,0,0,0,0
1347151,3,2024,2024,7,1,6,2261,17,39,2252,0,1,2,-35.980563,147.000446,0,1,0,1,3,0,0,0,2,0,7,110,2,1945,1945,5,10,40,1,0,0,0,0
1347152,3,2024,2024,7,1,6,15,31,93,34609,0,1,1,-36.071608,146.93824,0,2,1,1,3,0,0,0,2,0,7,50,0,9859,9859,1,5,0,2,0,0,0,0
1347156,3,2024,2024,7,3,4,16,31,18,148,0,1,9,-32.896384,151.719869,48,0,2,0,1,0,0,0,2,2,7,60,1,5929,5929,1,5,5,2,0,0,0,0
1347162,3,2024,2024,7,2,10,7,27,12,34609,0,1,9,-35.89871,145.701468,51,2,1,1,3,0,0,0,0,0,0,80,0,489,489,8,21,40,1,0,0,0,0
1347165,3,2024,2024,7,5,7,2126,17,106,2149,0,1,2,-33.884735,151.191943,69,0,2,1,3,0,0,0,2,0,7,50,2,1383,1383,1,5,5,2,0,0,0,0
1347166,3,2024,2024,7,3,5,49,31,53,34609,0,1,1,-30.639534,152.988501,47,2,1,1,3,0,3,4,2,0,7,50,0,4026,4026,8,5,40,1,0,0,0,0
1347172,3,2024,2024,7,0,4,2,23,247,34609,0,1,1,-33.82293,150.95934,21,0,2,1,3,0,0,0,2,0,7,50,0,14295,14295,3,5,25,2,0,0,0,0
1347173,3,2024,2024,7,6,4,251,14,139,124,0,1,2,-33.843601,151.21155,49,0,2,1,3,0,0,0,2,0,7,70,2,1945,1945,5,16,40,1,0,0,0,0
1347175,3,2024,2024,7,5,8,5,1,17,34609,0,1,1,-33.908972,151.255391,59,0,2,1,3,0,0,0,2,0,7,50,0,4026,4026,1,10,0,2,0,0,0,0
1347177,3,2024,2024,7,1,5,2261,17,70,2252,0,1,2,-34.546439,150.272154,78,1,0,1,3,0,0,0,2,0,7,110,2,4026,4026,8,10,40,1,0,0,0,0
1347180,3,2024,2024,7,6,4,3371,17,57,3342,0,1,2,-28.630441,153.549132,10,1,0,1,3,0,3,4,2,0,7,110,2,14295,14295,3,5,5,2,0,0,0,0
1347181,3,2024,2024,7,3,5,68,27,278,67,0,1,1,-33.76974,151.037762,54,0,2,1,3,0,3,4,2,0,7,60,1,1669,1669,3,0,5,3,0,0,0,0
1347182,3,2024,2024,7,1,1,829,27,124,770,0,1,9,-33.812201,151.040543,54,0,2,1,3,0,0,0,0,0,7,70,2,14295,14295,3,5,5,2,0,0,0,0
1347187,3,2024,2024,7,6,3,52,27,106,140,0,1,10,-33.929307,151.098558,15,0,2,1,3,0,0,0,2,2,7,50,1,1282,1282,1,9,5,2,0,0,0,0
1347190,3,2024,2024,7,5,8,49,27,111,62,0,1,10,-33.701655,150.873382,7,0,2,1,3,0,0,0,2,2,7,70,2,14295,14295,3,5,5,2,0,0,0,0
1347191,3,2024,2024,7,0,6,45,27,24,40,0,1,1,-33.669985,150.879368,7,0,2,1,3,0,0,0,2,0,7,60,2,14295,14295,3,0,5,2,0,0,0,0
1347192,3,2024,2024,3,4,4,14,31,29,148,0,1,9,-32.932452,151.770778,48,0,2,1,1,0,0,0,2,0,9,40,1,623,623,3,5,13,2,0,0,0,0
1347195,3,2024,2024,3,2,2,478,17,78,480,0,1,2,-33.418165,151.446367,16,2,2,0,3,0,3,4,0,0,7,60,2,1957,4009,8,34,40,1,0,0,0,0
1347196,3,2024,2024,7,4,8,1,27,76,34609,0,1,1,-34.559866,150.425691,78,1,0,1,3,2,0,0,3,0,7,100,0,945,945,5,0,40,1,0,0,0,0
1347200,3,2024,2024,7,4,5,67,27,210,55,0,1,2,-34.028794,151.105774,68,0,2,1,3,0,0,0,2,0,7,60,2,1391,1391,1,5,13,2,0,0,0,0
1347201,3,2024,2024,7,1,9,1,23,102,34609,0,1,9,-33.951249,151.195943,4,0,2,1,3,0,0,0,2,0,7,50,0,5929,5929,1,5,5,2,0,0,0,0
1347202,3,2024,2024,7,0,8,163,27,24,165,0,1,7,-33.737479,150.840961,7,0,2,0,3,0,0,0,2,0,0,60,1,6545,6545,4,5,5,2,0,0,0,0
1347203,3,2024,2024,7,0,11,4,27,6,34609,0,1,1,-34.558785,150.159066,78,2,1,0,3,0,3,0,0,0,7,80,0,4552,5151,8,30,40,1,0,0,0,0
1347204,3,2024,2024,7,4,11,2261,17,140,2252,0,1,9,-33.904458,151.002591,15,0,2,0,3,0,0,0,0,2,7,70,2,5929,5929,1,5,5,2,0,0,0,0
1347205,3,2024,2024,7,4,8,224,27,387,321,0,1,10,-33.934939,151.194019,4,0,2,1,3,0,0,0,2,2,7,60,2,14295,14295,3,10,13,3,0,0,0,0
1347206,3,2024,2024,7,1,3,11,27,79,34609,0,1,7,-33.994006,150.749162,12,0,2,0,3,0,0,0,2,0,0,50,0,6545,6545,4,5,5,2,0,0,0,0
1347207,3,2024,2024,7,4,8,308,14,127,311,0,1,3,-33.842788,150.855271,24,0,2,0,3,0,0,0,2,0,7,100,2,1259,5151,8,29,40,1,0,0,0,0
1347208,3,2024,2024,7,1,5,158,27,55,207,0,1,9,-33.859303,151.273922,81,0,2,0,3,0,0,0,2,0,0,50,2,2852,2852,4,0,13,2,0,0,0,0
1347214,3,2024,2024,7,3,6,16,31,18,47,0,1,1,-32.895847,151.718406,48,0,2,1,3,0,0,0,2,0,7,60,2,941,941,1,5,5,2,0,0,0,0
1347217,3,2024,2024,7,5,6,2209,17,41,2205,0,1,9,-33.907139,151.181528,69,0,2,0,3,0,0,0,2,2,7,40,2,5929,5929,1,5,5,2,0,0,0,0
1347218,3,2024,2024,7,5,6,3,27,68,34609,0,1,1,-33.878596,151.245799,81,0,2,1,3,0,0,0,2,0,7,50,0,237,397,1,5,5,3,0,0,0,0
1347219,3,2024,2024,7,6,5,17,31,137,34609,0,1,1,-33.923394,151.205321,4,0,2,1,3,0,0,0,2,0,7,50,0,9859,9859,8,5,40,1,0,0,0,0
1347220,3,2024,2024,7,0,5,3,10,105,34609,0,1,1,-32.613185,149.591652,44,2,1,1,3,0,0,0,2,0,7,50,0,9859,9859,1,5,13,2,0,0,0,0
1347224,3,2024,2024,7,6,7,8,31,113,34609,0,1,1,-29.465197,149.843016,51,2,1,1,3,0,0,0,2,0,7,40,0,248,248,1,5,5,2,0,0,0,0
1347227,3,2024,2024,7,0,1,348,17,10,232,0,1,1,-32.680513,149.695898,44,1,0,0,3,0,0,0,0,0,7,100,2,1089,1089,7,5,40,1,0,0,0,0
1347228,3,2024,2024,7,1,2,8,31,35,34609,0,1,1,-34.368748,150.915157,80,0,2,1,3,0,0,0,0,0,7,50,0,1282,1282,1,33,5,2,0,0,0,0
1347232,3,2024,2024,7,0,7,485,31,169,769,0,1,6,-33.601671,150.763193,29,2,2,1,3,0,0,0,2,0,7,60,2,1981,1981,4,0,0,2,0,0,0,0
1347233,3,2024,2024,7,1,11,2,1,126,34609,0,1,10,-33.929385,150.806395,41,0,2,1,3,0,0,0,0,0,0,60,0,28,28,1,0,5,2,0,0,0,0
1347236,3,2024,2024,7,1,7,9,10,45,25,0,1,9,-33.815686,150.801686,55,0,2,1,3,0,0,0,2,0,0,80,2,14295,14295,3,5,12,5,0,0,0,0
1347239,3,2024,2024,7,3,7,5,31,55,34609,0,1,6,-36.234971,149.123078,65,2,1,0,3,2,0,0,2,0,7,50,0,1282,1282,1,8,0,3,0,0,0,0
1347240,3,2024,2024,7,6,7,137,14,55,70,0,1,2,-32.828892,151.529542,17,1,0,1,3,0,0,3,2,0,7,110,2,9859,9859,8,16,40,1,0,0,0,0
1347244,3,2024,2024,7,6,3,18,27,58,34609,0,1,7,-34.046774,151.122853,68,0,2,1,3,0,0,0,4,0,0,50,0,6545,6545,4,10,13,2,0,0,0,0
1347249,3,2024,2024,7,5,9,1104,14,94,962,0,1,3,-33.840898,151.040585,54,0,2,1,3,0,0,0,2,0,7,90,2,1282,1282,1,0,5,3,0,0,0,0
1347252,3,2024,2024,7,3,6,84,1,80,139,0,1,7,-34.555915,146.410337,51,2,1,1,3,0,0,0,2,0,0,50,2,6545,6545,4,0,36,2,0,0,0,0
1347253,3,2024,2024,7,0,7,11,27,6,34609,0,1,9,-34.049129,151.104611,68,0,2,1,3,0,0,0,2,0,7,50,0,9859,9859,1,0,3,2,0,0,0,0
1347254,3,2024,2024,7,3,7,12,2,232,34609,0,1,9,-33.686276,150.924131,71,0,2,1,3,0,0,0,2,0,0,60,0,2852,2852,4,10,5,2,0,0,0,0
1347257,3,2024,2024,7,2,1,39,22,24,34609,0,1,1,-33.396195,151.402942,16,2,2,0,3,0,0,0,0,0,7,60,0,52,52,6,5,40,1,0,0,0,0
1347262,3,2024,2024,7,2,6,85,31,283,34609,0,1,7,-33.831839,151.01276,54,0,2,1,3,0,0,0,2,0,0,50,0,217,217,1,5,5,2,0,0,0,0
1347263,3,2024,2024,7,2,3,222,27,54,40,0,1,10,-33.616037,150.901486,71,0,2,1,3,0,0,0,2,0,0,80,1,6545,6545,4,5,13,2,0,0,0,0
1347264,3,2024,2024,7,6,5,348,17,25,232,0,1,1,-33.014521,149.870279,44,1,0,0,3,0,3,4,2,0,7,100,2,1957,4009,8,5,40,1,0,0,0,0
1347265,3,2024,2024,7,5,8,4,27,22,4,0,1,1,-28.647426,150.148322,51,1,0,1,3,0,0,0,2,0,7,100,1,945,945,5,3,40,1,0,0,0,0
1347267,3,2024,2024,7,5,8,1052,14,87,928,0,1,3,-33.083301,151.474351,37,0,2,1,3,0,0,0,2,0,7,110,2,404,404,8,0,40,1,0,0,0,0
1347268,3,2024,2024,7,5,7,5,27,90,34609,0,1,7,-33.789032,150.950663,21,0,2,1,3,0,0,0,2,0,0,50,0,301,301,4,30,12,2,0,0,0,0
1347272,3,2024,2024,7,6,9,3,31,283,34609,0,1,1,-33.84451,151.012611,21,0,2,1,3,0,0,0,0,0,7,50,0,220,220,1,30,5,2,0,0,0,0
1347273,3,2024,2024,7,1,6,361,23,79,165,0,1,9,-33.968257,151.125933,25,0,2,1,3,0,0,0,2,0,7,50,1,1981,1981,4,0,12,2,0,0,0,0
1347296,3,2023,2023,10,5,7,1104,14,104,962,0,1,3,-33.791254,150.807068,55,0,2,1,0,0,0,0,2,0,7,110,2,14295,14295,3,5,5,6,0,0,0,0
1347301,3,2023,2023,9,1,5,1104,14,223,962,0,1,3,-33.804947,150.912544,7,0,2,1,1,0,0,0,2,0,7,100,2,4026,4026,8,10,40,6,0,0,0,0
1347324,3,2023,2023,9,0,8,168,10,387,260,0,1,2,-33.945906,151.181023,4,0,2,1,1,0,0,0,2,0,7,70,2,14295,14295,3,0,5,3,0,0,0,0
1347327,3,2023,2023,2,4,6,2,10,50,34609,0,1,1,-33.228996,151.550117,16,2,2,1,0,0,0,0,2,0,7,50,0,9859,9859,1,0,6,2,0,0,0,0
1347330,3,2023,2023,9,4,1,125,27,53,123,0,1,2,-33.361754,151.443858,16,2,2,0,2,0,0,0,0,0,7,60,2,1957,4009,8,5,40,1,0,0,0,0
1347340,3,2024,2024,4,0,10,12,31,176,34609,0,1,1,-33.964666,151.13557,25,0,2,1,2,0,0,0,2,0,7,50,0,3775,3775,0,5,0,4,0,0,0,0
1347350,3,2024,2024,3,1,8,191,17,562,189,0,1,7,-32.244397,148.614504,22,2,1,1,1,0,0,0,2,0,0,60,2,1192,1192,1,33,5,2,0,0,0,0
1347353,3,2024,2024,3,6,3,1,27,56,34609,0,1,1,-31.108537,152.906861,34,1,0,0,0,2,0,0,2,0,7,100,0,3775,3775,0,5,41,2,0,0,0,0
1347363,3,2024,2024,4,2,6,44,27,21,34609,1,0,1,-34.376259,150.910472,80,0,2,1,0,0,0,0,2,0,7,50,0,9859,9859,1,9,13,3,0,0,0,0
1347366,3,2024,2024,4,5,7,3,27,210,34609,0,1,9,-34.034091,151.106674,68,0,2,1,1,0,0,0,2,0,7,50,0,6545,6545,4,5,0,2,0,0,0,0
1347367,3,2024,2024,3,4,1,41,31,150,34609,0,1,10,-33.923178,151.232651,59,0,2,1,2,0,0,0,0,0,15,50,0,4552,985,1,10,5,3,0,0,0,0
1347375,3,2024,2024,3,1,7,27,27,463,62,0,1,1,-30.289063,153.087383,19,2,1,1,0,0,0,0,2,0,7,70,1,4026,4026,8,10,40,1,0,0,0,0
1347388,3,2024,2024,3,2,8,12,31,41,34609,0,1,1,-33.826052,151.013153,54,0,2,1,0,0,0,0,2,0,7,50,0,1282,1282,1,33,12,2,0,0,0,0
1347398,3,2024,2024,3,6,0,29,31,60,34609,1,0,9,-33.83451,151.151788,51,0,2,1,2,0,0,0,0,0,9,50,0,9859,9859,8,5,40,1,0,0,0,0
1347404,3,2024,2024,7,4,3,149,10,346,702,0,1,2,-33.874484,151.066824,67,0,2,1,2,0,0,0,1,0,7,80,2,14295,14295,3,10,13,2,0,0,0,0
1347408,3,2024,2024,4,4,8,2,31,72,34609,0,1,10,-33.853859,151.088571,14,0,2,1,1,0,3,0,2,0,0,50,0,6545,6545,4,0,5,5,0,0,0,0
1347428,3,2024,2024,7,0,6,153,27,197,147,0,1,9,-33.953154,151.082339,25,0,2,1,1,0,0,0,2,0,7,60,2,926,926,4,33,5,2,0,0,0,0
1347441,3,2024,2024,7,5,8,123,1,253,34609,0,1,10,-33.954471,151.090991,25,0,2,1,1,0,0,0,2,0,0,50,0,6545,6545,4,5,13,2,0,0,0,0
1347451,3,2024,2024,7,2,7,5,10,168,34609,0,1,9,-33.72408,150.841618,7,0,2,0,1,0,0,0,2,0,0,50,0,5929,5929,1,0,5,2,0,0,0,0
1347457,3,2024,2024,7,6,0,51,27,26,45,0,1,7,-33.742863,150.810829,7,0,2,1,2,0,0,0,0,0,0,60,1,6545,6545,4,33,5,2,0,0,0,0
1347458,3,2024,2024,7,5,11,2,31,83,34609,0,1,1,-30.118381,153.194516,19,2,1,0,2,0,0,0,0,0,7,50,0,2585,4009,1,21,5,2,0,0,0,0
1347463,3,2024,2024,3,2,10,91,27,139,187,0,1,2,-33.869999,151.143878,32,0,2,0,2,0,0,0,0,0,7,60,2,1383,1383,1,0,0,2,0,0,0,0
1347467,3,2024,2024,3,3,7,2261,17,204,2252,0,1,2,-33.888161,151.123811,32,0,2,1,1,0,0,0,2,0,7,60,2,4026,4026,8,0,40,1,0,0,0,0
1347478,3,2024,2024,7,3,0,1,1,54,34609,0,1,1,-33.722383,151.094835,31,0,2,1,2,0,0,0,0,0,7,50,0,9859,9859,8,0,40,1,0,0,0,0
1347496,3,2024,2024,7,6,3,481,17,155,483,0,1,10,-33.139045,148.172512,53,2,1,1,2,0,3,4,2,0,0,50,2,5929,5929,1,10,5,2,0,0,0,0
1347509,3,2024,2024,7,3,10,34,31,145,140,0,1,9,-33.926873,151.129163,15,0,2,0,2,0,0,0,0,2,7,50,1,4552,5151,8,5,40,1,0,0,0,0
1347511,3,2024,2024,7,1,6,9,31,19,143,0,1,9,-33.431844,149.58006,3,2,1,1,1,0,0,0,2,0,0,60,2,14295,14295,3,9,36,2,0,0,0,0
1347522,3,2024,2024,7,5,9,6,27,90,34609,0,1,1,-33.796168,150.959123,54,0,2,1,2,0,0,0,0,0,7,50,0,9859,9859,1,33,12,2,0,0,0,0
1347524,3,2023,2023,2,4,8,67,27,2,34609,0,1,1,-34.066269,151.125909,68,0,2,1,1,0,3,4,2,0,7,50,0,9859,9859,1,33,13,2,0,0,0,0
1347530,3,2024,2024,3,4,11,3,31,64,34609,0,1,10,-33.487598,150.143694,40,2,1,1,2,0,0,3,0,0,0,50,0,2585,777,8,10,40,1,0,0,0,0
1347572,3,2024,2024,7,3,0,73,27,443,78,0,1,1,-33.906209,151.053022,15,0,2,1,2,0,3,4,0,0,7,60,2,9859,9859,8,10,40,1,0,0,0,0
1347584,3,2024,2024,4,1,1,2209,17,76,2205,0,1,1,-35.353663,150.475052,63,2,1,1,0,0,0,0,0,0,7,60,2,9859,9859,1,33,13,5,0,0,0,0
1347586,3,2024,2024,3,5,2,36,27,1,34609,0,1,1,-32.291319,151.673404,51,1,0,0,0,0,3,1,0,0,7,90,0,4552,5151,8,10,40,1,0,0,0,0
1347590,3,2024,2024,7,1,11,149,36,40,113,0,1,1,-32.069364,152.481871,43,2,1,1,1,0,3,0,0,0,7,80,1,9859,9859,8,10,40,1,0,0,0,0
1347612,3,2024,2024,7,6,11,21,22,10,21,0,1,3,-33.937271,151.124179,4,0,2,0,2,0,0,6,0,0,7,40,2,14295,14295,3,5,10,2,0,0,0,0
1347617,3,2024,2024,7,2,0,2126,17,40,2149,0,1,2,-33.694381,150.537586,8,2,2,0,2,0,0,0,0,0,7,60,2,4552,5151,8,0,40,1,0,0,0,0
1347629,3,2024,2024,7,6,0,2261,17,70,2252,0,1,2,-34.670939,150.066477,26,1,0,1,0,0,0,0,0,0,7,110,2,204,204,1,3,2,2,0,0,0,0
1347637,3,2024,2024,7,2,1,5,27,9,34609,0,1,1,-28.826564,153.219798,39,2,1,1,0,0,0,0,0,0,7,80,0,4026,4026,8,30,40,1,0,0,0,0
1347640,3,2024,2024,7,4,7,17,36,68,19,0,1,2,-34.807679,148.881047,82,2,1,0,1,0,0,0,2,0,0,80,1,782,957,5,29,40,1,0,0,0,0
1347664,3,2024,2024,7,3,7,1,18,7,34609,0,1,9,-35.298874,148.243447,66,1,0,1,0,0,0,0,2,0,7,100,0,775,775,4,5,13,2,0,0,0,0
1347667,3,2024,2024,7,6,6,59,31,77,53,0,1,0,-33.886666,151.198752,69,0,2,1,0,0,0,0,2,0,7,50,2,248,248,1,5,5,2,0,0,0,0
1347668,3,2024,2024,7,5,9,42,10,65,39,0,1,1,-34.489886,150.88297,80,0,2,0,1,0,0,0,2,0,7,60,1,1957,4009,8,9,40,1,0,0,0,0
1347677,3,2024,2024,7,2,11,220,14,51,220,0,1,6,-34.474321,150.830414,80,0,2,1,2,0,0,0,0,0,7,70,2,4026,4026,8,5,40,1,0,0,0,0
1347680,3,2024,2024,7,0,8,866,17,314,793,0,1,10,-33.856917,150.936183,24,0,2,1,0,0,0,0,2,3,6,70,2,1945,1945,5,0,40,1,0,0,0,0
1347713,3,2024,2024,7,5,8,51,31,562,34609,0,1,10,-32.220846,148.617538,22,2,1,1,1,0,0,0,2,0,0,80,0,5929,5929,1,10,0,2,0,0,0,0
1347731,3,2024,2024,7,4,8,6,1,53,34609,0,1,1,-31.087414,150.925555,70,2,1,0,3,0,3,4,2,0,7,40,0,1259,5151,1,0,5,4,0,0,0,0
1347734,3,2024,2024,7,5,3,54,27,284,18,0,1,7,-33.897588,151.025607,15,0,2,0,3,0,0,0,2,0,0,50,1,6545,6545,4,0,5,2,0,0,0,0
1347735,3,2024,2024,7,5,11,9,31,140,34609,0,1,1,-33.897523,150.999806,15,0,2,0,3,0,0,0,0,0,7,50,0,1957,4009,1,5,40,2,0,0,0,0