Crash ID,Degree of crash - detailed,Reporting year,Year of crash,Month of crash,Day of week of crash,Two-hour intervals,Street of crash,Street type,Town,Route no.,School zone location,School zone active,Type of location,Latitude,Longitude,LGA,Urbanisation,Conurbation 1,Alignment,Street lighting,Road surface,Surface condition,Weather,Natural lighting,Signals operation,Other traffic control,Speed limit,Road classification,RUM - code,DCA - code,First impact type,Key TU type,Other TU type,No. of traffic units involved,No. killed,No. seriously injured,No. moderately injured,No. minor-other injured
1347736,3,2024,2024,7,0,9,52,27,438,103,1,0,10,-33.864474,151.024014,21,0,2,1,3,0,0,0,2,0,0,50,1,9859,9859,1,5,0,3,0,0,0,0
1347741,3,2024,2024,0,4,10,8,27,32,34609,0,1,1,-33.689335,150.979265,71,0,2,1,3,0,3,4,0,0,7,70,0,9859,9859,8,5,40,1,0,0,0,0
1347743,3,2024,2024,7,4,6,8,27,11,43,0,1,1,-32.522166,149.669564,44,1,0,0,3,0,0,0,2,0,7,100,1,418,714,5,10,40,1,0,0,0,0
1347745,3,2024,2024,7,5,8,2,27,98,34609,0,1,9,-33.754252,151.0747,31,0,2,1,3,0,0,0,2,0,15,50,0,5929,5929,1,5,5,2,0,0,0,0
1347746,3,2024,2024,7,1,6,1,27,3,34609,0,1,1,-32.367147,148.961637,22,1,0,0,3,0,0,0,2,0,7,100,0,782,957,5,8,40,1,0,0,0,0
1347751,3,2024,2024,7,4,7,1052,14,57,928,0,1,3,-33.676855,151.119893,31,0,2,1,3,0,0,0,2,0,7,110,2,14295,14295,3,10,5,3,0,0,0,0
1347752,3,2024,2024,7,0,10,1,31,316,34609,0,1,9,-31.441191,152.914522,56,2,1,1,3,0,3,3,0,0,7,50,0,9859,9859,8,5,40,1,0,0,0,0
1347754,3,2024,2024,0,6,3,478,17,78,480,0,1,2,-33.423273,151.436617,16,2,2,1,3,0,0,0,2,0,7,60,2,14295,14295,3,5,5,2,0,0,0,0
1347756,3,2024,2024,0,6,6,4,31,25,34609,0,1,10,-33.009997,151.712735,37,0,2,1,3,0,0,0,2,0,0,50,0,6545,6545,4,0,13,2,0,0,0,0
1347758,3,2024,2024,7,2,4,2261,17,70,2252,0,1,2,-34.690608,150.037631,26,1,0,0,3,0,0,0,2,0,7,110,2,1383,1383,1,5,36,2,0,0,0,0
1347761,3,2024,2024,7,5,7,294,17,16,288,0,1,10,-34.658966,143.559783,51,1,0,1,0,0,3,4,2,0,0,90,2,945,945,5,8,40,1,0,0,0,0
1347763,3,2024,2024,7,2,6,6,27,10,34609,0,1,9,-33.454082,151.443669,16,2,2,1,3,0,0,0,2,0,7,50,0,237,162,8,0,40,1,0,0,0,0
1347766,3,2024,2024,0,0,6,6,27,562,441,0,1,9,-32.202807,148.536274,22,1,0,0,0,0,3,4,2,0,7,100,2,2585,777,8,0,40,1,0,0,0,0
1347771,3,2024,2024,7,3,10,65,27,202,563,0,1,10,-33.941377,151.035262,15,0,2,1,3,0,0,0,0,0,15,70,2,2852,2852,4,10,13,2,0,0,0,0
1347772,3,2024,2024,0,1,9,1052,14,77,928,0,1,3,-33.532479,151.200527,16,1,2,0,3,0,0,0,0,0,7,110,2,1192,1192,1,5,13,2,0,0,0,0
1347774,3,2024,2024,0,6,8,21,27,23,26,1,0,10,-34.048642,150.803892,13,0,2,1,3,0,0,0,2,2,7,60,1,14295,14295,3,0,0,2,0,0,0,0
1347776,3,2024,2024,0,6,8,37,1,30,212,0,1,7,-35.355386,149.215623,58,2,1,0,3,0,0,0,3,0,0,60,2,14295,14295,3,5,0,2,0,0,0,0
1347781,3,2024,2024,0,6,7,8,31,139,34609,0,1,1,-33.833084,151.209628,49,0,2,1,3,0,0,0,2,0,7,50,0,387,387,1,9,36,2,0,0,0,0
1347784,3,2024,2024,7,4,5,8,27,278,34609,0,1,1,-33.786179,151.028532,54,0,2,1,3,0,3,4,2,0,7,50,0,9859,9859,8,5,40,1,0,0,0,0
1347786,3,2024,2024,7,3,7,2,27,2,34609,0,1,1,-34.974764,148.304089,20,1,0,1,3,0,0,0,2,0,7,100,0,237,162,8,10,40,1,0,0,0,0
1347789,3,2024,2024,0,5,7,63,10,43,34609,0,1,10,-33.210531,151.528677,16,2,2,1,3,0,3,4,2,0,0,50,0,14295,14295,3,0,41,2,0,0,0,0
1347795,3,2024,2024,7,3,9,36,27,4,82,0,1,1,-35.541342,147.244628,27,1,0,1,3,0,0,0,3,0,7,100,1,9859,9859,8,5,40,1,0,0,0,0
1347800,3,2024,2024,7,2,5,1052,14,77,928,0,1,3,-33.517233,151.195801,16,1,2,0,3,0,0,0,2,0,7,100,2,14295,14295,3,5,36,2,0,0,0,0
1347802,3,2024,2024,0,0,6,44,27,202,563,0,1,10,-33.944997,151.034842,15,0,2,0,3,0,3,4,2,2,7,70,2,14295,14295,3,5,5,2,0,0,0,0
1347805,3,2024,2024,7,1,4,294,17,9,288,0,1,1,-35.085539,147.123301,75,2,1,1,3,0,0,0,2,0,7,80,2,14295,14295,3,9,5,2,0,0,0,0
1347806,3,2024,2024,0,1,1,1,7,43,34609,0,1,1,-33.737381,150.78309,7,0,2,1,3,0,0,0,0,0,7,50,0,175,188,1,10,5,2,0,0,0,0
1347809,3,2024,2024,0,1,9,21,31,18,34609,0,1,9,-33.751994,151.112601,36,0,2,1,3,0,0,0,3,0,7,50,0,9859,9859,8,0,40,1,0,0,0,0
1347811,3,2024,2024,0,1,8,18,24,66,34609,0,1,7,-33.718059,150.925579,7,0,2,1,3,0,0,0,2,0,0,60,0,1282,1282,1,5,5,2,0,0,0,0
1347812,3,2024,2024,3,4,7,77,31,84,34609,0,1,10,-31.097589,150.915201,70,2,1,1,3,0,0,0,2,0,0,50,0,6545,6545,4,5,0,2,0,0,0,0
1347814,3,2024,2024,0,4,7,11,31,63,34609,0,1,9,-28.188356,153.524002,72,2,1,1,3,0,0,0,2,0,7,50,0,14295,14295,3,30,0,2,0,0,0,0
1347816,3,2024,2024,7,2,7,2209,17,40,2205,0,1,1,-35.016282,150.580127,63,2,1,1,3,0,0,0,2,0,7,80,2,14295,14295,3,5,13,2,0,0,0,0
1347818,3,2024,2024,0,5,3,2209,17,40,2205,0,1,2,-34.701436,150.8369,35,2,1,0,3,0,0,0,1,0,7,80,2,2585,4009,8,10,40,1,0,0,0,0
1347821,3,2024,2024,7,4,6,89,27,182,228,1,0,9,-32.838396,151.344071,17,2,1,1,3,0,0,0,2,2,7,60,1,14295,14295,3,5,41,2,0,0,0,0
1347823,3,2024,2024,0,4,4,44,31,219,34609,0,1,1,-32.902027,151.669507,48,0,2,1,3,0,3,4,2,0,7,40,0,941,941,1,5,5,2,0,0,0,0
1347825,3,2024,2024,7,1,3,32,27,52,88,0,1,9,-33.630253,150.738693,55,0,2,1,3,0,0,0,1,0,7,80,2,782,985,5,10,40,1,0,0,0,0
1347826,3,2024,2024,7,0,11,3,27,11,34609,0,1,1,-36.094877,148.843825,65,1,0,1,3,2,0,0,0,0,7,100,0,1089,1089,7,10,40,1,0,0,0,0
1347830,3,2024,2024,0,5,0,224,27,246,321,1,0,1,-33.903996,151.202369,69,0,2,1,3,0,0,0,0,0,7,50,2,9859,9859,8,5,40,1,0,0,0,0
1347831,3,2024,2024,7,2,10,2,18,5,34609,0,1,1,-28.755744,152.106435,51,1,0,0,3,2,3,1,0,0,7,100,0,52,52,8,5,40,1,0,0,0,0
1347833,3,2024,2024,7,5,0,348,17,24,232,0,1,1,-31.987863,149.367744,51,1,0,1,3,0,0,0,0,0,7,100,2,9859,9859,8,10,40,1,0,0,0,0
1347835,3,2024,2024,7,3,8,24,27,3,31,0,1,1,-28.796522,153.167874,39,1,0,0,3,0,0,0,2,0,7,100,1,4552,5151,8,5,40,1,0,0,0,0
1347836,3,2024,2024,0,1,9,1,31,171,34609,0,1,10,-33.813242,150.974831,21,0,2,1,3,0,0,0,0,0,15,50,0,14295,14295,3,5,5,2,0,0,0,0
1347839,3,2024,2024,0,0,4,512,17,562,441,0,1,7,-32.257023,148.629098,22,2,1,1,3,0,3,4,2,0,0,60,2,301,301,4,5,0,2,0,0,0,0
1347840,3,2024,2024,7,2,5,225,17,76,180,0,1,1,-34.547059,150.373721,78,2,1,1,3,0,0,0,2,0,7,50,2,941,941,1,0,5,3,0,0,0,0
1347841,3,2024,2024,7,4,8,3371,17,173,3342,0,1,9,-33.718175,151.108354,31,0,2,1,3,0,0,0,2,3,7,60,2,14295,14295,3,0,5,6,0,0,0,0
1347844,3,2024,2024,0,6,6,512,17,562,441,0,1,10,-32.221768,148.563505,22,1,0,1,3,0,0,0,2,0,0,90,2,926,926,4,30,13,2,0,0,0,0
1347846,3,2024,2024,0,5,7,40,27,160,39,0,1,1,-33.121132,151.477037,37,0,2,1,3,2,3,4,2,0,7,90,1,4026,4026,8,0,40,1,0,0,0,0
1347848,3,2024,2024,0,1,9,1052,14,77,928,0,1,3,-33.524744,151.196826,16,1,2,1,3,0,0,0,0,0,7,110,2,14295,14295,3,5,0,2,0,0,0,0
1347853,3,2024,2024,0,0,3,387,36,115,69,0,1,10,-33.741408,151.220759,50,0,2,1,3,0,3,4,1,0,15,70,2,14295,14295,3,10,5,2,0,0,0,0
1347855,3,2024,2024,7,4,11,3371,17,23,3342,0,1,10,-32.994828,151.687786,37,0,2,1,3,0,3,4,0,2,7,70,2,2852,2852,4,0,0,2,0,0,0,0
1347859,3,2024,2024,0,5,7,43,27,316,38,0,1,7,-33.902939,151.239973,59,0,2,0,3,0,3,4,2,0,0,50,1,3775,3775,0,5,25,2,0,0,0,0
1347860,3,2024,2024,7,3,7,1,27,646,563,0,1,9,-33.925099,151.038147,15,0,2,1,3,0,0,0,2,2,7,70,2,14295,14295,3,5,5,2,0,0,0,0
1347866,3,2024,2024,0,0,3,475,10,83,268,0,1,1,-33.878532,150.82436,41,0,2,1,3,0,3,4,2,0,7,80,2,3775,3775,0,0,0,3,0,0,0,0
1347867,3,2024,2024,7,2,8,15,27,4,34609,0,1,1,-35.247225,148.417037,66,1,0,0,3,0,0,0,2,0,7,100,0,4552,5151,8,5,40,1,0,0,0,0
1347868,3,2024,2024,7,2,7,112,27,18,769,1,0,9,-33.497009,150.514786,29,2,2,1,3,0,0,0,2,0,7,60,2,14295,14295,3,10,13,2,0,0,0,0
1347870,3,2024,2024,7,2,0,2209,17,68,2205,0,1,10,-34.079504,151.010635,68,0,2,1,3,0,3,6,0,2,7,70,2,1259,985,8,5,40,1,0,0,0,0
1347871,3,2024,2024,7,6,4,137,31,90,103,0,1,2,-32.921766,151.752833,48,0,2,1,3,0,0,0,2,0,0,60,1,475,475,5,5,40,1,0,0,0,0
1347872,3,2024,2024,0,6,8,2,2,160,34609,0,1,1,-33.117087,151.471212,37,0,2,0,3,0,0,0,2,0,7,50,0,1109,787,1,5,13,2,0,0,0,0
1347874,3,2024,2024,0,5,4,100,31,157,769,0,1,10,-33.800855,151.00285,54,0,2,1,3,0,0,3,2,2,7,60,2,395,395,1,5,5,2,0,0,0,0
1347878,3,2024,2024,0,0,8,56,31,119,34609,0,1,10,-32.747495,151.767738,57,2,1,1,3,0,3,4,2,0,0,60,0,1109,787,1,10,13,2,0,0,0,0
1347880,3,2024,2024,7,6,10,97,31,142,92,0,1,9,-33.830226,150.993227,21,0,2,1,3,0,0,0,0,0,15,60,1,14295,14295,3,5,5,2,0,0,0,0
1347882,3,2024,2024,7,6,8,1104,14,445,962,0,1,3,-33.854648,151.061841,21,0,2,1,3,0,0,0,2,0,7,90,2,14295,14295,3,10,5,2,0,0,0,0
1347885,3,2024,2024,0,1,9,78,31,34,34609,0,1,1,-37.050874,149.899791,5,2,1,1,3,0,0,0,3,0,7,50,0,9859,9859,1,5,0,2,0,0,0,0
1347888,3,2024,2024,7,2,10,866,17,44,793,0,1,6,-33.794554,150.983226,54,0,2,0,3,0,0,0,0,2,9,60,2,1282,1282,1,0,0,2,0,0,0,0
1347889,3,2024,2024,0,6,8,308,14,323,311,0,1,3,-33.810036,150.852199,7,0,2,1,3,0,0,0,2,0,7,100,2,14295,14295,3,10,12,3,0,0,0,0
1347890,3,2024,2024,3,0,7,224,31,79,34609,0,1,10,-33.9664,151.115579,25,0,2,1,3,0,0,0,2,0,15,50,0,926,926,4,5,5,2,0,0,0,0
1347891,3,2024,2024,0,5,7,57,1,198,34609,1,0,1,-33.909208,151.095012,15,0,2,1,3,0,0,0,2,0,7,50,0,217,217,1,5,25,2,0,0,0,0
1347895,3,2024,2024,0,4,9,22,27,123,59,0,1,9,-33.886982,151.222503,69,0,2,1,3,0,3,4,2,0,7,40,1,14295,14295,3,5,5,2,0,0,0,0
1347896,3,2024,2024,7,6,3,293,31,112,769,0,1,10,-33.606761,150.822191,29,2,2,1,3,0,0,0,2,1,7,60,2,1957,777,8,8,40,1,0,0,0,0
1347900,3,2024,2024,7,4,11,5,31,57,34609,0,1,1,-34.666051,150.847713,35,2,1,1,3,0,0,0,0,0,7,60,0,77,77,1,30,5,2,0,0,0,0
1347902,3,2024,2024,7,6,8,12,1,75,34609,0,1,7,-32.778386,151.647333,42,2,1,1,3,0,0,0,2,0,0,50,0,14295,14295,3,5,0,2,0,0,0,0
1347903,3,2023,2023,10,2,5,6,27,5,34609,0,1,1,-35.250386,147.46692,75,1,0,1,0,0,0,0,2,0,7,100,0,1945,1945,5,16,40,1,0,0,0,0
1347915,3,2023,2023,9,5,8,3,7,293,34609,0,1,10,-33.949698,151.247709,59,0,2,1,1,0,0,0,2,0,0,50,0,6545,6545,4,0,5,2,0,0,0,0
1347917,3,2023,2023,9,6,9,158,27,55,207,0,1,2,-33.859443,151.278001,81,0,2,0,0,0,0,0,2,0,7,50,2,1282,1282,1,33,0,2,0,0,0,0
1347924,3,2023,2023,9,6,9,1,1,187,34609,0,1,9,-33.771954,151.004103,54,0,2,0,0,0,0,0,3,0,7,50,0,2585,4009,1,5,5,2,0,0,0,0
1347934,3,2023,2023,9,3,9,157,17,36,158,0,1,1,-33.519321,149.263695,51,2,1,1,0,0,0,0,0,0,7,80,2,9859,9859,8,5,40,1,0,0,0,0
1347941,3,2024,2024,4,5,8,91,27,119,187,0,1,2,-33.872723,151.170164,32,0,2,1,2,0,0,0,2,0,7,70,2,14295,14295,3,9,5,2,0,0,0,0
1347966,3,2023,2023,2,6,8,829,27,165,770,0,1,9,-33.853811,151.157085,14,0,2,1,2,0,3,4,2,0,5,60,2,1282,1282,1,9,5,2,0,0,0,0
1347970,3,2024,2024,4,1,7,54,27,443,6,0,1,1,-33.899612,151.041738,15,0,2,1,1,0,3,4,2,0,7,60,2,9859,9859,8,5,40,1,0,0,0,0
1347988,3,2023,2023,2,0,6,2,10,72,34609,0,1,1,-33.796429,151.050424,54,0,2,1,1,0,0,0,2,0,7,50,0,9859,9859,8,5,40,1,0,0,0,0
1347994,3,2024,2024,3,3,11,6,27,293,34609,0,1,1,-33.934513,151.042541,15,0,2,1,2,0,0,0,0,0,7,50,0,9859,9859,1,5,5,2,0,0,0,0
1348026,3,2024,2024,3,3,7,9,31,166,34609,0,1,1,-33.90566,151.177563,32,0,2,1,1,0,0,0,2,0,7,50,0,9859,9859,1,0,0,2,0,0,0,0
1348029,3,2024,2024,3,0,10,18,1,159,34609,0,1,1,-33.806263,151.086111,61,0,2,1,2,0,0,0,0,0,7,50,0,9859,9859,1,10,5,4,0,0,0,0
1348084,3,2024,2024,7,1,4,222,27,98,70,0,1,1,-33.738894,151.065683,31,0,2,1,1,0,0,0,2,0,7,60,2,1383,1383,1,33,0,2,0,0,0,0
1348110,3,2024,2024,7,2,11,5,1,28,34609,0,1,7,-34.547626,150.836892,62,0,2,1,2,0,0,3,0,0,0,50,0,1945,1945,5,0,40,1,0,0,0,0
1348115,3,2024,2024,7,3,1,8,27,20,34609,0,1,1,-34.031262,151.006062,68,0,2,1,2,0,3,4,0,0,7,60,0,14295,14295,3,5,5,2,0,0,0,0
1348126,3,2024,2024,7,5,0,829,27,159,770,0,1,9,-33.807187,151.085909,61,0,2,1,2,0,0,0,0,0,7,60,2,9859,9859,8,5,40,1,0,0,0,0
1348133,3,2024,2024,7,3,8,2,31,98,34609,0,1,9,-30.992661,150.233017,51,2,1,1,1,0,0,0,2,0,7,50,0,2852,2852,4,10,13,2,0,0,0,0
1348143,3,2024,2024,7,0,6,829,31,162,240,0,1,9,-33.846863,150.908823,24,0,2,1,0,0,0,0,2,2,7,60,2,14295,14295,3,8,5,2,0,0,0,0
1348155,3,2024,2024,7,0,9,163,27,23,165,0,1,2,-33.732414,150.802179,7,0,2,1,1,0,0,0,2,0,7,60,1,591,591,1,16,40,2,0,0,0,0
1348163,3,2024,2024,7,3,6,30,27,65,34609,0,1,9,-30.40582,153.017548,19,1,0,0,0,2,3,3,2,0,7,100,0,1957,4009,8,0,40,1,0,0,0,0
1348181,3,2024,2024,0,5,7,916,17,27,917,0,1,9,-32.663077,151.368778,17,2,1,0,0,0,3,4,2,0,0,80,2,6545,6545,4,0,5,2,0,0,0,0
1348182,3,2024,2024,7,6,5,9,27,8,34609,0,1,1,-28.267031,153.456506,72,2,1,0,0,0,3,4,2,0,7,80,0,1957,4009,8,10,40,1,0,0,0,0
1348232,3,2024,2024,3,5,6,178,31,143,34609,0,1,9,-33.878416,151.099727,9,0,2,1,0,0,0,0,2,0,0,50,0,63,63,4,0,5,2,0,0,0,0
1348262,3,2024,2024,7,4,5,18,27,251,13,0,1,1,-33.77755,150.937387,7,0,2,1,0,0,0,0,2,0,7,60,1,29,29,6,33,5,2,0,0,0,0
1348265,3,2024,2024,7,6,8,1,27,96,34609,0,1,1,-34.049949,150.828714,13,0,2,0,3,0,0,0,2,0,7,60,0,14295,14295,3,0,5,2,0,0,0,0
1348269,3,2024,2024,7,2,9,143,31,314,34609,0,1,1,-33.856715,150.938496,24,0,2,1,1,0,0,0,2,0,7,50,0,4026,4026,1,33,0,2,0,0,0,0
1348313,3,2024,2024,7,3,0,293,31,562,34609,0,1,7,-32.248966,148.600872,22,2,1,1,2,0,0,0,0,0,0,50,0,186,186,1,0,5,2,0,0,0,0
1348317,3,2024,2024,7,6,10,21,27,148,60,0,1,10,-36.048682,146.938314,0,2,1,1,2,0,0,0,0,2,7,60,1,6545,6545,4,0,5,2,0,0,0,0
1348321,3,2024,2024,7,1,7,2126,17,363,2149,0,1,9,-33.822356,151.004228,54,0,2,1,1,0,0,0,2,1,7,60,2,1282,1282,1,33,5,2,0,0,0,0
1348323,3,2024,2024,7,4,9,14,1,198,34609,0,1,1,-33.904134,151.10261,15,0,2,1,0,0,0,0,0,0,7,50,0,9859,9859,1,0,0,2,0,0,0,0
1348327,3,2024,2024,7,3,8,2,31,271,34609,0,1,9,-33.942373,151.005457,15,0,2,1,0,0,0,0,2,0,7,50,0,1957,777,1,33,5,2,0,0,0,0
1348330,3,2023,2023,5,1,4,168,17,47,212,0,1,1,-35.251375,149.497108,58,1,0,1,0,0,3,1,2,0,7,100,2,9859,9859,8,30,40,1,0,0,0,0
1348333,3,2023,2023,10,1,8,2126,17,90,2149,0,1,1,-33.69219,150.290959,8,2,2,0,3,0,3,4,2,0,7,70,2,4552,5151,8,5,40,1,0,0,0,0
1348346,3,2024,2024,7,0,11,2,36,11,34609,1,0,9,-36.030785,146.949647,0,2,1,1,3,0,0,0,0,0,0,50,0,2852,2852,4,10,13,2,0,0,0,0
1348347,3,2024,2024,3,4,0,8,10,86,34609,0,1,1,-33.74501,150.928738,7,0,2,0,3,0,3,4,0,0,7,50,0,1957,4009,8,0,40,1,0,0,0,0
1348351,3,2023,2023,10,1,5,7,27,6,34609,0,1,1,-34.667663,149.419676,74,1,0,0,3,0,0,0,2,0,7,100,0,1850,1463,5,0,40,1,0,0,0,0
1348353,3,2024,2024,4,1,5,154,27,136,244,0,1,9,-33.914256,151.069257,15,0,2,1,3,0,0,0,2,2,7,60,2,14295,14295,3,3,5,2,0,0,0,0
1348357,3,2024,2024,0,1,8,4,7,433,34609,0,1,9,-33.275059,149.11998,52,2,1,1,3,0,0,0,2,0,7,50,0,4552,985,8,5,40,1,0,0,0,0
1348360,3,2024,2024,0,5,5,32,31,460,34609,0,1,1,-33.827661,150.97036,21,0,2,1,3,0,0,3,2,0,7,50,0,9859,9859,1,0,36,4,0,0,0,0
1348361,3,2024,2024,0,6,11,2261,17,39,2252,0,1,2,-36.01809,146.984228,0,1,0,1,3,0,0,0,0,0,7,110,2,4026,4026,8,3,40,1,0,0,0,0
1348362,3,2024,2024,0,5,9,24,31,169,382,0,1,10,-33.600674,150.750954,29,2,2,1,3,0,3,4,2,2,7,60,2,926,926,4,5,0,2,0,0,0,0
1348363,3,2024,2024,0,3,7,1,27,4,34609,0,1,1,-31.098077,152.904345,34,1,0,1,3,2,3,4,2,0,7,100,0,9859,9859,8,0,40,1,0,0,0,0
1348366,3,2024,2024,0,4,6,10,27,74,12,0,1,9,-34.734498,148.082847,20,1,0,0,3,0,0,0,2,0,0,100,1,4552,5151,8,5,40,1,0,0,0,0
1348367,3,2024,2024,0,1,11,48,31,176,34609,0,1,10,-33.965533,151.134038,25,0,2,1,3,0,0,0,0,2,7,40,0,2852,2852,4,5,5,2,0,0,0,0
1348368,3,2024,2024,0,5,1,39,18,26,34609,0,1,10,-33.91257,151.201056,69,0,2,1,3,0,3,4,0,0,15,50,0,6545,6545,4,0,5,2,0,0,0,0
1348371,3,2024,2024,0,0,8,1,27,4,34609,0,1,1,-35.259848,148.406766,66,1,0,0,3,2,3,4,2,0,7,100,0,2585,4009,8,10,40,1,0,0,0,0
1348372,3,2024,2024,0,5,5,2,27,140,34609,0,1,1,-33.78514,150.818836,7,0,2,1,3,0,0,0,2,0,7,50,0,5929,5929,1,5,5,2,0,0,0,0
1348373,3,2024,2024,0,2,7,1104,14,125,962,0,1,3,-33.861129,151.080214,67,0,2,1,3,0,0,0,2,0,7,80,2,14295,14295,3,5,25,3,0,0,0,0
1348374,3,2024,2024,7,0,3,135,17,131,136,1,0,1,-36.075215,146.925509,0,2,1,1,2,0,0,0,1,0,7,50,2,404,404,8,0,40,1,0,0,0,0
1348376,3,2024,2024,3,3,11,26,31,174,34609,1,0,1,-33.892678,151.203165,69,0,2,1,3,0,0,0,0,0,7,40,0,144,144,1,5,5,2,0,0,0,0
1348378,3,2024,2024,0,4,9,39,27,169,147,0,1,1,-28.637978,153.58698,10,2,1,1,3,0,0,0,3,0,7,60,1,1109,787,1,5,5,2,0,0,0,0
1348382,3,2024,2024,0,1,5,3,31,283,34609,0,1,4,-33.827186,151.001244,54,0,2,1,3,0,0,0,2,0,7,50,0,186,186,1,30,5,2,0,0,0,0
1348383,3,2024,2024,0,2,8,18,27,251,13,0,1,7,-33.776587,150.936495,7,0,2,1,3,0,0,0,2,0,7,60,1,1981,1981,4,5,5,2,0,0,0,0
1348385,3,2024,2024,0,3,0,22,27,113,48,0,1,2,-34.346306,150.871501,80,0,2,0,3,0,3,0,0,0,7,100,2,380,714,5,5,40,1,0,0,0,0
1348386,3,2024,2024,0,0,6,191,27,193,208,0,1,1,-33.787753,151.08548,61,0,2,1,3,0,3,4,2,0,7,60,2,14295,14295,3,5,5,2,0,0,0,0
1348388,3,2024,2024,7,1,7,2,27,67,34609,0,1,9,-33.405026,151.346691,16,2,2,0,3,0,0,0,2,0,15,60,0,5929,5929,1,5,0,2,0,0,0,0
1348389,3,2024,2024,0,3,9,230,27,80,284,0,1,10,-33.810726,151.163562,38,0,2,1,3,0,0,0,0,2,7,60,2,14295,14295,3,5,0,2,0,0,0,0
1348391,3,2024,2024,0,4,7,69,31,91,34609,0,1,9,-32.971989,151.653042,37,0,2,1,3,0,3,4,2,0,7,50,0,2852,2852,4,0,5,2,0,0,0,0
1348394,3,2024,2024,0,6,9,283,27,253,702,0,1,10,-33.970589,151.098708,25,0,2,1,3,0,0,0,2,2,7,60,2,2852,2852,4,0,0,2,0,0,0,0
1348395,3,2024,2024,7,1,9,1,31,147,34609,0,1,1,-33.758757,151.290525,50,0,2,1,3,0,0,0,3,0,7,50,0,9859,9859,1,5,5,2,0,0,0,0
1348396,3,2024,2024,0,0,10,2261,17,68,2252,0,1,9,-34.766206,148.762047,82,1,0,0,3,0,3,4,0,0,0,110,2,4552,985,8,5,40,1,0,0,0,0
1348404,3,2024,2024,0,1,2,3,1,293,34609,0,1,1,-33.933064,151.044929,15,0,2,1,3,0,3,6,1,0,7,50,0,1282,1282,1,5,12,2,0,0,0,0
1348405,3,2024,2024,0,4,7,109,36,28,108,0,1,1,-28.345114,153.401175,72,2,1,0,3,0,3,4,2,0,7,50,1,4552,5151,8,5,40,1,0,0,0,0
1348408,3,2024,2024,0,6,10,829,27,124,770,0,1,2,-33.809837,151.031008,54,0,2,1,3,0,0,0,0,0,7,60,2,1391,1391,1,5,13,2,0,0,0,0
1348409,3,2024,2024,0,4,4,2,31,31,34609,0,1,1,-35.084403,148.09624,20,2,1,1,3,0,0,0,2,0,7,50,0,14295,14295,3,0,13,2,0,0,0,0
1348411,3,2024,2024,0,0,6,92,31,18,34609,0,1,10,-32.961783,151.712404,37,0,2,1,3,0,3,4,2,0,15,50,0,1391,1391,1,0,36,2,0,0,0,0
1348412,3,2024,2024,0,1,10,12,23,134,65,0,1,1,-33.660945,150.852664,7,0,2,0,3,0,0,0,0,0,7,80,1,4552,5151,8,0,40,1,0,0,0,0
1348413,3,2024,2024,0,0,8,916,17,48,917,0,1,1,-29.139996,151.997532,51,1,0,0,3,0,3,4,4,0,7,100,2,1957,4009,8,10,40,1,0,0,0,0
1348416,3,2024,2024,0,0,9,916,17,5,917,0,1,1,-30.758492,151.375153,70,1,0,1,3,0,3,4,2,0,7,100,2,9859,9859,8,10,40,1,0,0,0,0
1348424,3,2024,2024,3,5,8,478,17,89,480,0,1,7,-33.36916,151.475456,16,2,2,1,3,0,0,0,2,0,0,60,2,14295,14295,3,5,0,2,0,0,0,0
1348425,3,2024,2024,0,5,6,2126,17,75,2149,0,1,2,-33.873613,151.126842,32,0,2,1,3,0,0,0,2,0,7,60,2,1981,1981,4,30,5,3,0,0,0,0
1348427,3,2024,2024,0,5,10,24,31,314,34609,0,1,9,-33.858639,150.942746,24,0,2,1,3,0,3,4,0,0,7,50,0,5929,5929,1,0,5,2,0,0,0,0
1348430,3,2024,2024,0,0,1,83,27,13,34609,0,1,1,-28.67503,153.5512,10,2,1,0,3,0,3,0,0,0,7,80,0,380,714,5,30,40,1,0,0,0,0
1348431,3,2024,2024,0,2,9,105,27,70,109,0,1,1,-33.885065,150.884994,24,0,2,1,3,0,0,0,0,0,7,60,1,1981,1981,4,5,13,2,0,0,0,0
1348432,3,2024,2024,0,2,3,2261,17,70,2252,0,1,2,-34.74313,149.898459,26,1,0,1,3,0,3,4,2,0,7,110,2,9859,9859,8,10,40,1,0,0,0,0
1348433,3,2024,2024,0,0,8,7,31,278,34609,0,1,9,-33.776379,151.053283,54,0,2,1,3,0,3,4,3,0,7,50,0,941,941,1,0,5,2,0,0,0,0
1348436,3,2024,2024,0,5,9,2126,17,65,2149,0,1,2,-33.539519,150.163384,40,2,1,0,3,0,3,4,0,0,7,80,2,2585,4009,8,5,40,1,0,0,0,0
1348440,3,2024,2024,0,1,6,19,27,7,19,0,1,1,-33.368941,151.228336,16,1,2,1,3,0,0,0,2,0,7,100,1,9859,9859,8,0,40,1,0,0,0,0
1348441,3,2024,2024,0,4,6,3,27,22,34609,0,1,1,-33.424307,150.845647,29,2,2,0,3,2,3,4,2,0,7,50,0,1850,1463,5,8,40,1,0,0,0,0
1348445,3,2024,2024,0,4,8,15,27,69,34609,0,1,9,-32.903625,151.690768,48,0,2,1,3,0,3,4,2,0,7,50,0,5929,5929,1,5,5,3,0,0,0,0