Crash ID,Degree of crash - detailed,Reporting year,Year of crash,Month of crash,Day of week of crash,Two-hour intervals,Street of crash,Street type,Town,Route no.,School zone location,School zone active,Type of location,Latitude,Longitude,LGA,Urbanisation,Conurbation 1,Alignment,Street lighting,Road surface,Surface condition,Weather,Natural lighting,Signals operation,Other traffic control,Speed limit,Road classification,RUM - code,DCA - code,First impact type,Key TU type,Other TU type,No. of traffic units involved,No. killed,No. seriously injured,No. moderately injured,No. minor-other injured
1348449,3,2024,2024,0,4,5,265,17,7,193,0,1,9,-34.420921,148.244059,30,1,0,1,3,0,0,0,2,0,0,100,2,1669,1669,3,8,5,2,0,0,0,0
1348450,3,2024,2024,0,0,9,191,27,33,208,0,1,1,-33.801785,151.100412,61,0,2,0,3,0,3,4,2,0,7,60,2,3775,3775,0,5,5,3,0,0,0,0
1348451,3,2024,2024,0,1,4,19,27,182,174,0,1,10,-32.827217,151.354281,17,2,1,1,3,0,0,6,2,0,15,60,2,5929,5929,1,0,0,2,0,0,0,0
1348455,3,2024,2024,0,2,3,55,27,126,38,0,1,1,-33.948722,150.795564,41,0,2,1,3,0,3,4,1,0,7,80,2,945,945,5,5,40,1,0,0,0,0
1348457,3,2024,2024,0,0,8,177,31,174,208,0,1,7,-33.860622,150.927656,24,0,2,0,3,0,3,4,2,0,0,60,1,1957,777,8,0,40,1,0,0,0,0
1348458,3,2024,2024,0,4,9,46,27,62,13,0,1,10,-32.916589,151.623568,37,0,2,1,3,0,3,4,3,0,0,60,1,2852,2852,4,0,5,2,0,0,0,0
1348459,3,2024,2024,0,4,6,79,10,43,231,0,1,9,-33.440646,151.32958,16,2,2,0,3,0,0,0,2,0,15,60,2,14295,14295,3,0,0,3,0,0,0,0
1348462,3,2024,2024,0,1,6,916,17,91,917,0,1,9,-32.802726,151.633965,48,0,2,1,3,0,0,0,2,0,0,60,2,1282,1282,1,10,35,2,0,0,0,0
1348463,3,2024,2024,0,1,5,177,31,77,208,0,1,7,-33.862894,150.945097,24,0,2,1,3,0,0,0,2,0,0,60,1,14295,14295,3,5,5,2,0,0,0,0
1348466,3,2024,2024,0,0,6,3,27,7,34609,0,1,1,-35.299102,148.244576,66,1,0,0,3,0,3,4,2,0,7,100,0,1850,1463,5,10,40,1,0,0,0,0
1348469,3,2024,2024,0,6,8,1,27,463,34609,0,1,2,-30.280229,153.130069,19,2,1,1,3,0,0,0,2,0,7,50,0,4026,4026,1,5,11,2,0,0,0,0
1348470,3,2024,2024,0,6,8,1,27,15,262,0,1,10,-32.918081,151.738495,48,0,2,1,3,0,0,0,3,0,7,60,2,6545,6545,4,5,5,2,0,0,0,0
1348471,3,2024,2024,0,5,9,11,27,562,34609,0,1,1,-32.255048,148.529658,22,1,0,1,3,0,0,0,3,0,7,100,0,475,475,5,5,40,1,0,0,0,0
1348476,3,2024,2024,7,2,8,149,27,38,198,0,1,9,-34.053898,150.971131,68,0,2,1,3,0,0,0,2,3,7,70,2,217,217,1,5,0,2,0,0,0,0
1348481,3,2024,2024,0,2,7,153,27,290,147,0,1,9,-33.949043,151.111687,4,0,2,1,3,0,0,0,2,0,7,60,2,2852,2852,4,9,5,2,0,0,0,0
1348484,3,2024,2024,0,5,8,1,1,64,34609,0,1,10,-33.952633,150.995099,15,0,2,1,3,0,3,4,2,0,15,50,0,256,256,4,5,0,2,0,0,0,0
1348485,3,2024,2024,0,3,6,168,27,100,34609,0,1,9,-33.96229,151.151817,4,0,2,1,3,0,0,0,2,0,0,50,0,926,926,4,0,5,2,0,0,0,0
1348488,3,2024,2024,7,0,11,2,31,176,34609,0,1,1,-33.952926,151.13342,4,0,2,1,3,0,0,0,0,0,7,50,0,144,144,1,5,5,3,0,0,0,0
1348491,3,2024,2024,0,5,10,512,17,562,441,0,1,9,-32.202896,148.536257,22,1,0,1,3,0,0,0,0,0,0,110,2,6545,6545,4,0,13,2,0,0,0,0
1348494,3,2024,2024,0,5,9,19,31,111,34609,0,1,1,-33.922612,151.251499,59,0,2,1,3,0,3,4,0,0,7,50,0,9859,9859,1,5,5,3,0,0,0,0
1348496,3,2024,2024,0,5,8,1052,14,83,928,0,1,3,-33.478792,151.185532,16,1,2,0,3,0,3,4,4,0,7,90,2,2585,4009,8,10,40,1,0,0,0,0
1348497,3,2024,2024,7,3,7,158,27,46,207,0,1,10,-33.878549,151.235181,81,0,2,0,3,0,0,0,2,2,5,60,2,4552,777,8,5,40,1,0,0,0,0
1348498,3,2024,2024,0,6,8,1,27,49,34609,0,1,9,-34.736381,149.787274,26,1,0,1,3,0,0,0,2,0,0,100,0,1383,1383,1,29,5,2,0,0,0,0
1348500,3,2024,2024,0,5,10,2126,17,84,2149,0,1,10,-33.817889,150.981863,21,0,2,1,3,0,3,4,0,2,7,60,2,5929,5929,1,5,5,2,0,0,0,0
1348503,3,2024,2024,0,0,6,13,25,433,34609,0,1,2,-33.284195,149.101099,52,2,1,1,3,0,3,4,2,0,7,40,0,1192,1192,1,5,0,2,0,0,0,0
1348505,3,2024,2024,0,1,8,2261,17,10,2252,0,1,1,-34.815909,149.428407,74,1,0,1,3,0,0,0,2,0,7,110,2,9859,9859,8,5,40,1,0,0,0,0
1348507,3,2024,2024,7,0,9,3371,17,63,3342,0,1,2,-28.177868,153.517698,72,1,0,0,3,0,3,4,2,0,7,100,2,14295,14295,3,3,13,2,0,0,0,0
1348508,3,2024,2024,7,1,8,196,10,70,168,0,1,1,-33.91021,150.979186,15,0,2,1,3,0,0,0,3,0,7,60,2,1391,1391,1,0,5,2,0,0,0,0
1348509,3,2024,2024,0,2,4,196,10,34,168,0,1,1,-33.974659,151.016977,15,0,2,0,3,0,3,4,2,0,7,60,2,4552,5151,8,5,40,1,0,0,0,0
1348513,3,2024,2024,7,3,9,2126,17,44,2149,0,1,9,-33.764741,150.619779,8,2,2,1,3,0,0,0,3,2,7,80,2,14295,14295,3,0,0,3,0,0,0,0
1348516,3,2024,2024,7,0,10,348,17,25,232,0,1,1,-31.659141,148.631902,51,1,0,0,3,0,0,0,3,0,7,110,2,1089,1089,7,30,40,1,0,0,0,0
1348520,3,2024,2024,7,2,5,40,10,9,174,0,1,1,-32.793921,151.349033,17,2,1,1,3,0,0,0,2,0,7,80,2,323,323,1,0,0,2,0,0,0,0
1348523,3,2023,2023,9,1,9,1,36,23,34609,0,1,9,-33.729486,150.804939,7,0,2,1,2,0,0,0,3,0,0,50,0,4552,985,8,5,40,1,0,0,0,0
1348527,3,2023,2023,10,0,1,7,27,55,34609,0,1,1,-33.930107,150.90185,41,0,2,1,2,0,3,1,0,0,7,50,0,9859,9859,1,5,0,2,0,0,0,0
1348552,3,2023,2023,2,5,8,1104,14,460,962,0,1,3,-33.824424,150.988318,21,0,2,1,0,0,0,0,2,0,7,90,2,14295,14295,3,29,0,2,0,0,0,0
1348558,3,2023,2023,9,2,2,37,27,58,34609,0,1,1,-33.227403,151.4139,16,2,2,0,0,0,3,4,0,0,7,80,0,1259,5151,8,0,40,1,0,0,0,0
1348563,3,2023,2023,2,5,6,23,27,36,38,0,1,1,-33.531285,148.689676,11,1,0,0,0,0,0,0,2,0,7,100,2,782,957,5,5,40,1,0,0,0,0
1348567,3,2023,2023,2,4,3,7,31,62,34609,0,1,9,-32.92484,151.623727,37,0,2,1,1,0,0,0,2,0,0,50,0,2585,777,8,5,40,1,0,0,0,0
1348590,3,2023,2023,2,0,8,40,10,27,174,0,1,9,-32.670262,151.35192,17,2,1,1,1,0,0,0,2,2,7,60,2,1945,1945,5,5,40,1,0,0,0,0
1348598,3,2024,2024,4,4,7,149,27,42,198,0,1,2,-33.946326,150.947344,41,0,2,1,0,0,0,0,2,0,7,60,2,1981,1981,4,8,36,2,0,0,0,0
1348621,3,2023,2023,9,4,2,10,31,78,34609,0,1,1,-34.478234,150.842387,80,0,2,1,2,0,0,0,0,0,7,50,0,9859,9859,1,5,0,3,0,0,0,0
1348625,3,2024,2024,3,4,9,1,31,48,34609,0,1,4,-29.062557,152.026239,51,2,1,0,1,2,0,0,3,0,7,50,0,4552,5151,8,16,40,1,0,0,0,0
1348631,3,2024,2024,3,4,6,153,27,197,147,0,1,1,-33.956467,151.076628,25,0,2,1,0,0,0,0,2,0,7,60,2,1282,1282,1,5,5,3,0,0,0,0
1348637,3,2024,2024,3,0,4,17,27,24,34609,0,1,1,-34.015236,150.682076,12,0,2,1,1,0,0,0,2,0,7,60,0,9859,9859,8,19,40,1,0,0,0,0
1348684,3,2024,2024,7,1,5,251,27,108,212,0,1,1,-33.757335,151.277499,50,0,2,1,1,0,0,0,2,0,7,60,2,14295,14295,3,0,13,2,0,0,0,0
1348685,3,2024,2024,7,0,7,6,10,76,34609,0,1,1,-33.91569,150.861028,41,0,2,0,1,0,0,0,2,0,7,50,0,1957,4009,1,5,25,3,0,0,0,0
1348706,3,2024,2024,7,6,7,344,27,168,382,0,1,2,-33.712859,150.842375,7,0,2,1,2,0,0,0,2,0,7,80,2,1192,1192,1,10,36,2,0,0,0,0
1348708,3,2024,2024,7,3,7,5,27,83,34609,0,1,1,-30.107658,153.184377,19,2,1,1,0,0,3,4,2,0,7,50,0,9859,9859,1,5,5,2,0,0,0,0
1348723,3,2024,2024,3,1,3,54,31,82,34609,0,1,1,-33.79263,151.259622,50,0,2,1,0,0,0,0,2,0,7,50,0,9859,9859,1,8,12,2,0,0,0,0
1348734,3,2024,2024,4,4,0,2261,17,5,2252,0,1,3,-34.475393,150.32168,78,1,0,1,0,0,0,0,0,0,7,110,2,9859,9859,8,0,40,1,0,0,0,0
1348735,3,2024,2024,0,5,4,8,31,77,34609,0,1,10,-32.57058,151.183725,64,2,1,1,0,0,0,0,2,0,0,50,0,6545,6545,4,0,5,2,0,0,0,0
1348745,3,2024,2024,7,2,0,21,7,62,14,0,1,9,-33.890441,151.138524,32,0,2,0,2,0,0,0,0,2,7,50,1,1957,4009,8,5,40,1,0,0,0,0
1348759,3,2024,2024,0,6,0,2209,17,32,2205,0,1,2,-34.583193,150.840691,62,0,2,0,0,0,0,0,0,0,7,100,2,4552,5151,8,5,40,1,0,0,0,0
1348763,3,2024,2024,7,0,4,3371,17,28,3342,0,1,7,-28.681969,153.533522,10,2,1,1,1,0,3,0,2,0,0,50,2,4026,4026,8,5,40,1,0,0,0,0
1348769,3,2024,2024,0,3,5,37,27,13,41,0,1,1,-28.86558,153.29489,39,2,1,0,0,0,3,3,2,0,7,80,1,1957,4009,8,0,40,1,0,0,0,0
1348771,3,2024,2024,0,0,2,8,27,57,34609,0,1,1,-32.981642,151.683179,37,0,2,0,0,0,0,0,0,0,7,50,0,2585,4009,1,5,5,3,0,0,0,0
1348808,3,2024,2024,0,0,8,123,36,10,49,0,1,1,-30.118438,151.081938,33,1,0,1,0,0,3,4,2,0,7,100,1,9859,9859,8,34,40,1,0,0,0,0
1348820,3,2024,2024,7,4,5,162,31,6,48,0,1,1,-32.599148,151.617989,51,2,1,1,1,0,0,0,2,0,7,50,1,1981,1981,4,10,13,2,0,0,0,0
1348828,3,2024,2024,7,4,7,7,27,29,7,0,1,1,-31.855979,149.761755,51,1,0,1,0,0,3,4,2,0,7,100,1,945,945,5,5,40,1,0,0,0,0
1348829,3,2024,2024,7,1,4,115,27,138,114,0,1,9,-33.869116,151.276997,76,0,2,0,0,0,0,0,2,0,7,50,2,3775,3775,0,0,22,2,0,0,0,0
1348833,3,2024,2024,7,2,10,229,14,36,237,0,1,6,-33.764218,151.082292,54,0,2,0,0,0,0,0,0,0,7,60,2,1957,4009,8,10,40,1,0,0,0,0
1348838,3,2024,2024,0,2,5,149,10,346,702,0,1,2,-33.881494,151.069161,67,0,2,1,0,0,3,0,2,0,7,70,2,14295,14295,3,33,12,2,0,0,0,0
1348847,3,2024,2024,7,5,10,46,1,20,165,0,1,10,-33.974068,151.091942,25,0,2,1,2,0,0,0,0,0,15,50,1,5929,5929,1,10,0,2,0,0,0,0
1348852,3,2024,2024,7,0,5,229,14,98,237,0,1,6,-33.758488,151.052281,54,0,2,1,1,0,0,0,2,0,7,70,2,14295,14295,3,9,5,4,0,0,0,0
1348854,3,2024,2024,4,1,7,65,10,132,148,0,1,1,-34.121695,151.078974,68,0,2,0,0,0,0,0,2,0,7,80,2,57,57,1,5,13,2,0,0,0,0
1348855,3,2024,2024,3,0,8,280,10,237,240,1,0,1,-33.865435,150.955301,24,0,2,1,1,0,0,0,2,0,7,60,2,1383,1383,1,5,5,2,0,0,0,0
1348863,3,2024,2024,0,5,5,2,31,83,34609,0,1,9,-29.736884,152.944321,18,2,1,0,0,0,0,0,2,0,7,60,0,2585,4009,8,5,40,1,0,0,0,0
1348869,3,2024,2024,3,3,4,43,27,11,118,0,1,9,-30.722129,150.710439,70,1,0,1,0,0,0,0,2,0,7,100,2,323,323,1,0,13,2,0,0,0,0
1348873,3,2024,2024,0,2,8,3,31,82,34609,0,1,10,-31.07866,150.93212,70,2,1,1,0,0,0,0,2,0,15,50,0,6545,6545,4,10,13,2,0,0,0,0
1348882,3,2024,2024,7,1,1,125,27,43,144,0,1,1,-32.803462,151.88132,57,2,1,0,2,0,0,0,0,0,7,80,2,3775,3775,0,0,10,2,0,0,0,0
1348892,3,2024,2024,3,4,0,829,31,57,169,0,1,2,-32.820469,151.48457,17,2,1,1,2,0,0,0,0,0,7,60,2,9859,9859,8,5,40,1,0,0,0,0
1348907,3,2024,2024,7,4,11,55,31,172,34609,0,1,1,-32.760232,151.586059,42,2,1,1,2,0,0,0,0,0,7,50,0,9859,9859,1,0,0,4,0,0,0,0
1348911,3,2024,2024,0,0,4,29,31,346,34609,0,1,1,-33.869598,151.092245,14,0,2,0,3,0,2,6,2,0,7,50,0,1259,5151,8,34,40,1,0,0,0,0
1348936,3,2024,2024,0,6,4,1052,27,69,262,0,1,7,-32.906008,151.692943,48,0,2,0,0,0,0,0,2,0,0,40,2,2852,2852,4,5,40,2,0,0,0,0
1348943,3,2024,2024,7,2,9,118,31,218,34609,0,1,1,-33.76685,150.774552,55,0,2,1,0,0,0,0,2,0,7,40,0,237,397,1,5,5,2,0,0,0,0
1348956,3,2024,2024,0,4,7,4,36,119,34609,0,1,4,-32.755689,151.772231,57,2,1,0,1,0,3,4,2,0,7,50,0,4552,5151,8,5,40,1,0,0,0,0
1348958,3,2024,2024,0,4,11,2,2,6,34609,0,1,2,-32.678365,151.358772,17,2,1,1,2,0,3,4,0,0,7,50,0,4026,4026,8,10,40,2,0,0,0,0
1348962,3,2024,2024,7,2,2,3,25,11,34609,0,1,1,-33.491081,151.438191,16,2,2,0,2,0,0,0,0,0,7,50,0,1259,5151,1,10,0,3,0,0,0,0
1348972,3,2024,2024,7,1,8,134,10,363,133,0,1,1,-33.816671,151.022146,54,0,2,1,0,0,0,0,2,0,7,70,2,1282,1282,1,33,5,2,0,0,0,0
1348977,3,2023,2023,2,3,7,48,31,82,605,0,1,10,-33.828533,151.206381,49,0,2,1,1,0,0,0,2,2,7,60,2,6545,6545,4,5,5,4,0,0,0,0
1348978,3,2024,2024,7,4,8,2,27,77,2,0,1,1,-32.560371,151.171298,64,2,1,1,0,0,0,0,2,0,7,50,1,9859,9859,8,10,40,1,0,0,0,0
1348989,3,2024,2024,0,4,9,916,17,37,917,0,1,10,-32.675754,151.387367,17,2,1,1,2,0,3,4,2,0,15,60,2,6545,6545,4,0,0,3,0,0,0,0
1348991,3,2024,2024,0,3,3,13,23,32,34609,1,0,9,-32.945899,151.708079,48,0,2,0,1,0,0,0,2,0,9,50,0,4552,5151,8,10,40,1,0,0,0,0
1348995,3,2024,2024,0,0,5,334,17,25,308,0,1,1,-31.710354,148.652884,51,2,1,1,0,0,3,4,2,0,11,60,2,19,19,10,5,38,2,0,0,0,0
1349006,3,2024,2024,7,5,8,92,27,106,63,0,1,9,-33.918763,151.089084,15,0,2,1,0,0,0,0,2,0,9,40,1,2852,2852,4,8,12,2,0,0,0,0
1349007,3,2024,2024,0,0,5,213,17,132,213,0,1,10,-29.775492,151.105095,33,2,1,1,1,0,3,3,2,0,15,50,2,2852,2852,4,0,5,2,0,0,0,0
1349008,3,2024,2024,7,0,0,22,19,10,34609,0,1,9,-35.419387,149.223947,58,2,1,1,0,0,0,0,0,0,7,50,0,4552,985,1,5,13,2,0,0,0,0
1349013,3,2024,2024,0,0,8,512,17,562,441,0,1,9,-32.200449,148.522366,22,1,0,1,0,0,3,4,2,0,7,110,2,941,941,1,10,13,2,0,0,0,0
1349023,3,2023,2023,9,5,11,46,27,148,43,0,1,2,-36.037437,146.925482,0,2,1,1,2,0,0,0,0,0,7,60,1,404,404,8,30,40,1,0,0,0,0
1349043,3,2023,2023,2,3,0,11,31,71,34609,0,1,1,-33.834431,150.960106,21,0,2,0,2,0,3,4,0,0,7,50,0,2585,4009,1,5,0,2,0,0,0,0
1349048,3,2023,2023,2,4,11,12,31,166,34609,0,1,10,-33.422693,149.573831,3,2,1,1,2,0,0,0,0,0,0,50,0,9859,9859,1,10,5,4,0,0,0,0
1349092,3,2024,2024,3,5,7,294,17,10,288,0,1,7,-34.170874,142.180995,51,2,1,0,1,0,0,3,2,0,0,60,2,1282,1282,1,33,5,2,0,0,0,0
1349108,3,2024,2024,7,5,9,500,27,646,799,0,1,9,-33.935035,151.024601,15,0,2,1,3,0,0,0,3,2,7,60,2,5929,5929,1,5,0,2,0,0,0,0
1349123,3,2023,2023,2,0,9,33,27,27,40,0,1,1,-33.762464,151.295535,50,0,2,1,3,0,0,0,0,0,7,50,1,14295,14295,3,0,0,2,0,0,0,0
1349140,3,2024,2024,7,5,9,89,31,83,34609,0,1,1,-30.113241,153.193131,19,2,1,0,2,0,0,0,2,0,7,50,0,941,941,1,5,0,2,0,0,0,0
1349147,3,2024,2024,7,6,11,17,31,155,34609,0,1,9,-33.147062,148.175411,53,2,1,1,2,0,0,0,0,0,7,50,0,9859,9859,1,10,5,3,0,0,0,0
1349152,3,2024,2024,7,2,8,3,7,62,34609,0,1,1,-34.088723,150.821071,13,0,2,0,3,0,0,0,2,0,7,50,0,4552,5151,8,30,40,1,0,0,0,0
1349156,3,2024,2024,3,1,6,7,1,137,34609,0,1,1,-33.915605,151.201193,69,0,2,1,2,0,0,0,2,0,7,40,0,1282,1282,1,0,5,2,0,0,0,0
1349157,3,2024,2024,7,1,7,61,27,53,208,0,1,9,-33.84359,150.963017,21,0,2,1,1,0,0,0,2,1,7,60,1,6545,6545,4,9,0,3,0,0,0,0
1349161,3,2024,2024,7,0,7,204,31,169,99,0,1,9,-33.900811,151.209758,69,0,2,1,3,0,0,0,2,2,7,50,2,5929,5929,1,5,19,2,0,0,0,0
1349162,3,2024,2024,3,6,7,3371,17,104,3342,0,1,9,-32.827965,151.684232,48,0,2,1,3,0,0,0,2,2,7,80,2,14295,14295,3,30,5,5,0,0,0,0
1349189,3,2024,2024,7,1,5,2209,17,22,2205,0,1,1,-36.088541,150.050825,23,2,1,1,1,0,0,0,2,0,7,50,2,1282,1282,1,10,0,2,0,0,0,0
1349191,3,2024,2024,0,6,8,2261,17,93,2252,0,1,2,-36.078053,146.926873,0,1,0,1,3,0,0,0,3,0,7,110,2,14295,14295,3,10,0,2,0,0,0,0
1349192,3,2024,2024,0,4,7,8,31,112,34609,0,1,9,-36.05268,146.934749,0,2,1,1,3,0,0,0,2,0,7,60,0,5929,5929,1,10,0,2,0,0,0,0
1349208,3,2024,2024,0,1,9,8,27,21,34609,0,1,1,-33.873931,151.234554,81,0,2,1,0,0,0,0,3,0,7,50,0,248,248,1,10,0,2,0,0,0,0
1349228,3,2024,2024,0,5,6,15,31,228,34609,0,1,10,-34.750484,149.715693,26,2,1,1,3,0,0,0,2,0,0,50,0,6545,6545,4,21,0,2,0,0,0,0
1349232,3,2024,2024,0,4,7,143,31,123,181,1,0,2,-33.887981,151.23143,81,0,2,1,3,0,0,0,2,0,7,50,2,1282,1282,1,6,36,2,0,0,0,0
1349238,3,2024,2024,0,2,8,10,31,204,331,0,1,9,-33.939392,151.149907,4,0,2,1,3,0,0,0,2,0,4,60,2,5929,5929,1,5,5,2,0,0,0,0
1349239,3,2024,2024,0,0,11,330,27,147,605,0,1,10,-33.758712,151.280556,50,0,2,0,3,0,3,4,0,2,7,60,2,14295,14295,3,5,5,3,0,0,0,0
1349241,3,2024,2024,0,6,8,232,36,64,168,0,1,1,-34.042212,150.730393,12,0,2,1,3,0,0,0,4,0,7,60,1,9859,9859,8,10,40,1,0,0,0,0
1349242,3,2024,2024,0,2,11,149,36,32,113,0,1,1,-32.403597,152.300466,43,2,1,0,3,0,0,0,0,0,7,80,1,273,957,5,0,40,1,0,0,0,0
1349243,3,2024,2024,0,2,4,110,27,445,40,0,1,9,-33.848724,151.05468,54,0,2,1,3,0,0,0,2,0,0,60,1,83,83,1,5,25,2,0,0,0,0
1349245,3,2024,2024,0,3,5,9,27,10,19,0,1,1,-33.935138,151.119642,4,0,2,1,3,0,0,0,2,0,7,50,1,9859,9859,8,5,40,2,0,0,0,0
1349250,3,2024,2024,0,3,5,77,31,64,563,0,1,2,-33.886173,151.039684,21,0,2,1,3,0,0,0,2,0,7,80,2,1391,1391,1,8,5,2,0,0,0,0
1349251,3,2024,2024,0,3,9,15,10,35,34609,0,1,9,-34.101743,150.79128,13,0,2,0,3,0,0,0,3,0,15,50,0,1957,4009,1,5,5,2,0,0,0,0
1349254,3,2024,2024,0,4,4,18,27,22,34609,1,0,7,-36.055729,146.916254,0,2,1,1,3,0,0,0,2,0,0,50,0,6545,6545,4,0,13,2,0,0,0,0
1349257,3,2024,2024,0,0,8,500,27,83,799,0,1,1,-33.912267,151.11895,15,0,2,1,3,0,0,0,2,0,7,60,2,14295,14295,3,10,5,2,0,0,0,0
1349261,3,2024,2024,0,5,9,2209,17,35,2205,0,1,2,-34.049786,151.051666,68,0,2,0,3,0,3,4,3,0,11,80,2,1957,4009,8,5,40,1,0,0,0,0
1349262,3,2024,2024,7,3,10,2,27,4,34609,0,1,1,-29.017455,152.891156,60,1,0,0,3,2,3,0,0,0,7,100,0,404,404,8,9,40,1,0,0,0,0
1349265,3,2024,2024,0,2,5,1104,14,44,962,0,1,3,-33.761522,150.640531,8,1,2,1,3,0,0,0,2,0,7,90,2,1391,1391,1,29,5,2,0,0,0,0
1349270,3,2024,2024,7,5,2,348,17,9,232,0,1,9,-32.569609,149.559452,44,2,1,1,3,0,0,0,0,0,0,80,2,489,489,5,21,40,1,0,0,0,0
1349271,3,2024,2024,0,1,5,193,18,29,34609,0,1,1,-28.796807,153.592651,2,2,1,1,3,0,0,0,2,0,7,40,0,3775,3775,0,0,0,2,0,0,0,0
1349274,3,2024,2024,0,3,9,3371,17,44,3342,0,1,2,-32.423517,152.205404,43,1,0,0,3,0,0,0,3,0,7,110,2,404,404,8,21,40,1,0,0,0,0
1349279,3,2024,2024,0,4,9,255,27,103,76,0,1,1,-32.939997,151.670094,37,0,2,1,3,0,0,0,0,0,7,60,1,175,188,8,5,40,1,0,0,0,0
1349281,3,2024,2024,0,6,5,55,1,167,34609,0,1,9,-33.852801,151.076189,54,0,2,1,3,0,0,0,2,0,15,60,0,14295,14295,3,30,36,3,0,0,0,0
1349283,3,2024,2024,0,6,9,143,31,173,19,0,1,1,-33.879192,151.215044,69,0,2,1,3,0,0,0,0,0,7,40,1,14295,14295,3,0,5,3,0,0,0,0
1349284,3,2024,2024,0,2,7,500,27,198,799,0,1,1,-33.919024,151.102471,15,0,2,1,3,0,0,0,2,0,7,60,2,1192,1192,1,5,25,2,0,0,0,0
1349286,3,2024,2024,0,5,3,69,31,646,563,0,1,9,-33.921387,151.039274,15,0,2,1,3,0,0,0,1,3,7,70,2,1192,1192,1,8,0,2,0,0,0,0
1349288,3,2024,2024,0,6,5,485,27,187,769,0,1,9,-33.791006,150.997164,54,0,2,1,3,0,0,0,2,0,2,60,2,14295,14295,3,0,5,3,0,0,0,0
1349290,3,2024,2024,0,1,6,348,17,105,232,0,1,10,-32.599601,149.589506,44,2,1,1,3,0,0,0,2,0,0,50,2,515,515,1,29,0,2,0,0,0,0
1349291,3,2024,2024,0,3,5,866,17,98,793,1,0,2,-33.740511,151.059231,31,0,2,0,3,0,0,0,2,0,7,70,2,1981,1981,4,5,5,2,0,0,0,0
1349294,3,2023,2023,0,4,7,280,10,237,240,1,0,1,-33.86583,150.955559,24,0,2,1,3,0,0,0,2,0,7,60,2,14295,14295,3,5,0,2,0,0,0,0
1349297,3,2024,2024,0,0,4,3,31,207,34609,0,1,10,-31.961951,141.456875,51,2,1,1,3,0,0,0,2,0,7,50,0,515,515,1,0,5,2,0,0,0,0
1349301,3,2024,2024,7,2,5,20,31,433,34609,0,1,1,-33.282466,149.106594,52,2,1,1,3,0,0,0,2,0,7,50,0,248,248,1,0,12,2,0,0,0,0
1349302,3,2024,2024,0,0,9,829,27,159,770,0,1,1,-33.807632,151.087771,61,0,2,1,3,0,0,0,0,0,7,60,2,1391,1391,1,5,5,2,0,0,0,0
1349306,3,2024,2024,0,2,10,92,27,21,36,0,1,1,-35.733138,150.205928,23,2,1,0,3,0,0,0,0,0,7,50,1,3775,3775,0,5,0,2,0,0,0,0
1349307,3,2024,2024,0,0,5,916,17,104,917,0,1,2,-32.818768,151.680441,48,0,2,1,3,0,0,0,2,0,7,80,2,14295,14295,3,5,25,2,0,0,0,0
1349308,3,2024,2024,0,4,7,77,27,25,100,0,1,1,-34.524989,150.397158,78,1,0,1,3,0,0,0,2,0,7,90,2,1981,1981,4,0,0,2,0,0,0,0
1349310,3,2024,2024,0,1,4,17,36,12,72,0,1,9,-28.654451,153.536274,10,2,1,1,3,0,0,0,2,0,0,80,2,2852,2852,4,5,0,2,0,0,0,0
1349313,3,2024,2024,0,4,4,4,1,155,483,0,1,9,-33.141542,148.170421,53,2,1,1,3,0,0,0,2,0,0,50,2,6545,6545,4,0,25,2,0,0,0,0
1349314,3,2024,2024,0,2,9,2126,17,94,2149,0,1,9,-33.776721,150.802653,55,0,2,0,3,0,0,0,3,2,7,80,2,5929,5929,1,5,5,2,0,0,0,0
1349316,3,2024,2024,0,3,6,149,27,60,198,0,1,6,-33.945244,150.946975,41,0,2,0,3,0,0,0,2,0,9,60,2,14295,14295,3,0,0,2,0,0,0,0
1349320,3,2024,2024,0,4,4,2261,17,38,2252,0,1,3,-34.136833,150.742789,79,1,2,1,3,0,2,6,2,0,7,110,2,1282,1282,1,29,5,2,0,0,0,0
1349321,3,2024,2024,0,0,3,866,17,54,793,1,0,9,-33.722856,151.101272,31,0,2,1,3,0,0,0,2,0,7,70,2,14295,14295,3,5,12,2,0,0,0,0
1349324,3,2024,2024,0,3,6,49,22,41,96,0,1,2,-32.971025,151.62773,37,0,2,1,3,0,0,0,2,0,7,60,2,4026,4026,8,0,40,1,0,0,0,0
1349325,3,2024,2024,0,0,2,4,27,10,34609,0,1,1,-28.709063,153.428696,10,2,1,0,3,0,3,1,0,0,7,60,0,380,714,5,0,40,1,0,0,0,0
1349326,3,2024,2024,0,4,4,283,27,197,702,1,0,9,-33.95102,151.082087,25,0,2,1,3,0,0,0,2,0,7,60,2,1391,1391,1,5,2,2,0,0,0,0
1349327,3,2024,2024,0,3,9,866,17,278,793,0,1,9,-33.777627,151.051926,54,0,2,1,3,0,0,0,0,2,7,60,2,14295,14295,3,5,13,3,0,0,0,0
1349328,3,2024,2024,0,1,5,55,27,151,160,0,1,9,-34.03949,150.843748,13,0,2,1,3,0,0,0,2,0,0,60,2,1669,1669,3,0,5,2,0,0,0,0
1349329,3,2024,2024,7,4,8,55,36,22,95,0,1,1,-33.185829,148.547654,11,1,0,0,3,0,0,0,2,0,7,100,2,782,957,5,10,40,1,0,0,0,0
1349330,3,2024,2024,7,3,5,38,27,37,47,0,1,1,-34.648629,150.789217,35,2,1,0,3,0,0,0,2,0,7,80,1,1109,787,1,5,19,2,0,0,0,0
1349334,3,2024,2024,0,2,5,21,27,62,23,0,1,9,-33.744859,150.633048,8,2,2,1,3,0,0,0,2,0,0,50,1,14295,14295,3,5,5,2,0,0,0,0