Crash ID,Degree of crash - detailed,Reporting year,Year of crash,Month of crash,Day of week of crash,Two-hour intervals,Street of crash,Street type,Town,Route no.,School zone location,School zone active,Type of location,Latitude,Longitude,LGA,Urbanisation,Conurbation 1,Alignment,Street lighting,Road surface,Surface condition,Weather,Natural lighting,Signals operation,Other traffic control,Speed limit,Road classification,RUM - code,DCA - code,First impact type,Key TU type,Other TU type,No. of traffic units involved,No. killed,No. seriously injured,No. moderately injured,No. minor-other injured
1349336,3,2024,2024,0,5,9,10,27,10,33,0,1,1,-32.523394,151.335149,64,1,0,0,3,0,0,0,0,0,7,100,1,1089,1089,7,5,40,1,0,0,0,0
1349339,3,2024,2024,0,2,7,9,27,370,68,0,1,2,-34.080839,150.806444,13,0,2,1,3,0,0,0,2,0,7,60,1,1391,1391,1,5,5,2,0,0,0,0
1349342,3,2024,2024,0,4,7,348,17,11,232,0,1,1,-32.744285,149.753507,44,1,0,0,3,0,0,0,2,0,7,100,2,1850,1463,5,0,40,1,0,0,0,0
1349344,3,2024,2024,0,0,3,107,22,210,17,0,1,2,-34.028277,151.094419,68,0,2,1,3,0,0,0,2,0,7,60,1,14295,14295,3,5,13,2,0,0,0,0
1349345,3,2024,2024,0,4,7,485,27,187,769,0,1,1,-33.785899,150.995583,54,0,2,1,3,0,0,0,2,0,7,60,2,1383,1383,1,10,5,2,0,0,0,0
1349346,3,2024,2024,0,2,6,30,27,133,34609,0,1,9,-33.931574,151.017337,15,0,2,1,3,0,0,0,2,0,7,50,0,6545,6545,4,10,5,2,0,0,0,0
1349347,3,2024,2024,0,4,8,175,27,55,220,0,1,2,-33.74885,150.916066,7,0,2,1,3,0,0,0,2,0,7,70,2,14295,14295,3,10,5,2,0,0,0,0
1349349,3,2024,2024,0,0,9,3371,17,44,3342,0,1,2,-32.414097,152.216661,43,1,0,0,3,0,3,4,0,0,7,100,2,1259,5151,8,10,40,1,0,0,0,0
1349352,3,2024,2024,0,4,7,196,10,166,518,0,1,9,-33.944123,150.98247,15,0,2,1,3,0,0,0,2,2,7,60,2,5929,5929,1,0,5,2,0,0,0,0
1349353,3,2024,2024,0,3,7,1104,14,460,962,0,1,3,-33.825049,150.98993,54,0,2,1,3,0,0,0,2,0,7,90,2,14295,14295,3,30,5,2,0,0,0,0
1349355,3,2024,2024,7,2,11,1,1,62,34609,0,1,1,-32.921766,151.633397,37,0,2,1,2,0,0,0,0,0,7,50,0,248,248,1,0,5,2,0,0,0,0
1349388,3,2024,2024,0,1,2,19,27,46,34609,0,1,1,-35.15656,147.388856,75,2,1,1,0,0,0,0,0,0,7,80,0,9859,9859,8,5,40,1,0,0,0,0
1349393,3,2024,2024,0,4,0,100,27,109,799,0,1,1,-33.900924,151.144804,32,0,2,1,2,0,0,0,0,0,7,60,2,9859,9859,1,5,0,3,0,0,0,0
1349400,3,2024,2024,0,4,0,3,1,45,34609,0,1,1,-33.345157,151.494033,16,2,2,1,2,0,0,0,0,0,7,50,0,9859,9859,8,30,40,3,0,0,0,0
1349403,3,2024,2024,4,4,8,7,27,309,22,0,1,9,-33.802441,151.115477,61,0,2,1,0,0,0,0,2,0,7,60,1,14295,14295,3,5,13,2,0,0,0,0
1349409,3,2024,2024,7,2,10,13,1,234,34609,0,1,7,-34.283509,146.040814,28,2,1,0,2,0,0,0,0,0,0,50,0,4552,5151,8,5,40,1,0,0,0,0
1349426,3,2024,2024,0,6,5,232,36,64,168,0,1,9,-34.039737,150.738496,12,0,2,1,2,0,0,0,2,2,7,50,2,14295,14295,3,0,5,3,0,0,0,0
1349436,3,2024,2024,0,3,6,21,10,89,34609,0,1,10,-28.211565,153.544749,72,2,1,1,2,0,3,3,2,2,7,60,0,14295,14295,3,5,0,3,0,0,0,0
1349437,3,2024,2024,0,2,4,134,10,157,133,0,1,2,-33.797438,151.014454,54,0,2,0,1,0,0,0,2,0,7,90,2,14295,14295,3,33,5,4,0,0,0,0
1349441,3,2024,2024,0,3,9,30,27,159,34609,0,1,1,-33.803788,151.0923,61,0,2,1,1,0,0,0,0,0,7,50,0,387,387,1,21,0,2,0,0,0,0
1349448,3,2024,2024,0,3,0,7,27,106,34609,0,1,1,-28.812139,153.033994,60,2,1,0,0,0,0,0,0,0,7,60,0,41,41,8,10,40,1,0,0,0,0
1349453,3,2024,2024,7,5,11,344,27,89,382,0,1,1,-33.660493,150.796674,29,2,2,1,2,0,0,0,0,0,7,80,2,14295,14295,3,0,5,3,0,0,0,0
1349504,3,2024,2024,0,6,5,102,31,130,53,0,1,1,-33.874128,151.19275,69,0,2,1,1,0,0,0,2,0,7,50,2,1109,787,1,0,5,2,0,0,0,0
1349529,3,2024,2024,0,0,4,2,31,79,34609,0,1,1,-34.91545,150.582347,63,2,1,1,1,0,0,0,2,0,7,60,0,1282,1282,1,33,0,2,0,0,0,0
1349531,3,2024,2024,7,2,10,11,2,52,34609,0,1,7,-33.263775,151.464467,16,2,2,1,2,0,0,0,0,0,0,50,0,4552,985,8,30,40,1,0,0,0,0
1349535,3,2024,2024,0,5,6,133,31,14,34609,0,1,10,-36.928897,149.872027,5,2,1,1,0,0,0,0,2,0,15,50,0,6545,6545,4,10,0,2,0,0,0,0
1349550,3,2024,2024,0,5,9,19,27,182,174,0,1,1,-32.828069,151.354679,17,2,1,1,2,0,0,0,0,0,7,60,2,9859,9859,1,10,0,3,0,0,0,0
1349565,3,2024,2024,0,3,0,8,31,56,34609,0,1,9,-33.859618,151.173977,32,0,2,0,2,0,0,0,0,0,7,40,0,4552,5151,1,30,0,3,0,0,0,0
1349566,3,2023,2023,2,5,9,1,10,96,34609,0,1,9,-34.230003,150.689846,79,2,2,0,1,0,0,0,2,0,7,50,0,4552,5151,8,5,40,1,0,0,0,0
1349569,3,2024,2024,0,0,1,1,10,562,34609,0,1,1,-32.249887,148.636616,22,2,1,1,2,0,0,0,0,0,7,50,0,9859,9859,8,10,40,1,0,0,0,0
1349584,3,2024,2024,3,0,3,3,27,40,34609,0,1,1,-33.808117,151.230638,77,0,2,0,3,0,0,0,2,0,7,50,0,4552,5151,1,10,5,2,0,0,0,0
1349587,3,2024,2024,4,6,6,3371,17,54,3342,0,1,1,-33.231227,151.502682,16,2,2,1,3,0,0,0,2,0,7,60,2,1669,1669,3,5,5,2,0,0,0,0
1349591,3,2024,2024,0,3,6,1,27,1,34609,0,1,1,-32.150923,152.18153,43,1,0,1,3,2,0,0,2,0,7,100,0,1089,1089,7,10,40,1,0,0,0,0
1349592,3,2023,2023,9,0,1,1052,14,39,928,0,1,3,-32.897201,151.571399,37,0,2,0,3,0,0,3,0,0,7,110,2,1259,5151,8,3,40,1,0,0,0,0
1349594,3,2024,2024,0,5,9,133,1,68,8,0,1,7,-33.877151,151.238732,81,0,2,1,3,0,3,4,0,0,0,50,1,4026,4026,8,5,40,1,0,0,0,0
1349599,3,2024,2024,0,5,8,149,10,136,702,0,1,2,-33.867747,151.064306,67,0,2,1,3,0,3,3,2,0,7,80,2,1282,1282,1,5,5,2,0,0,0,0
1349609,3,2024,2024,0,4,3,916,17,105,917,0,1,9,-32.719461,151.536334,42,2,1,1,3,0,0,0,0,2,7,60,2,5929,5929,1,5,5,2,0,0,0,0
1349612,3,2024,2024,0,0,10,59,10,34,231,1,0,1,-33.504601,151.363743,16,2,2,1,3,0,3,4,0,0,7,60,2,9859,9859,1,0,0,3,0,0,0,0
1349613,3,2024,2024,0,4,9,110,27,167,40,0,1,9,-33.841975,151.058643,54,0,2,1,3,0,0,0,0,2,7,60,1,14295,14295,3,0,5,2,0,0,0,0
1349617,3,2024,2024,0,0,11,43,27,66,87,0,1,2,-34.442982,150.88396,80,0,2,1,3,0,0,0,0,0,7,80,2,1192,1192,1,5,5,2,0,0,0,0
1349620,3,2024,2024,7,6,7,222,27,71,165,0,1,10,-33.970231,151.073645,25,0,2,1,3,0,0,0,2,3,7,50,1,5929,5929,1,10,0,2,0,0,0,0
1349621,3,2024,2024,0,4,10,191,17,32,189,0,1,1,-32.174151,150.433684,73,1,0,1,3,0,0,0,0,0,7,100,2,1089,1089,7,10,40,1,0,0,0,0
1349624,3,2024,2024,0,1,6,3371,17,51,3342,0,1,7,-33.252158,151.489844,16,2,2,1,3,0,0,0,2,0,0,70,2,6545,6545,4,5,36,2,0,0,0,0
1349626,3,2024,2024,0,3,5,22,1,443,34609,0,1,7,-33.902116,151.05335,15,0,2,1,3,0,0,0,2,0,0,60,0,6545,6545,4,21,5,2,0,0,0,0
1349631,3,2024,2024,0,5,10,60,27,147,69,1,0,10,-33.869646,151.122307,14,0,2,1,3,0,0,0,0,2,7,60,2,3775,3775,0,30,0,2,0,0,0,0
1349633,3,2024,2024,0,3,6,7,31,19,34609,0,1,1,-33.370766,151.358978,16,2,2,0,3,0,3,4,2,0,7,50,0,1957,4009,8,10,40,1,0,0,0,0
1349637,3,2024,2024,0,4,7,330,27,7,25,0,1,7,-33.81413,151.140157,61,0,2,0,3,0,3,4,2,0,0,60,1,14295,14295,3,5,0,2,0,0,0,0
1349640,3,2024,2024,0,4,9,80,31,204,187,0,1,10,-33.88415,151.12026,32,0,2,1,3,0,0,0,2,2,7,50,2,926,926,4,5,5,3,0,0,0,0
1349643,3,2024,2024,0,5,8,346,17,103,332,0,1,9,-28.811532,153.343623,39,2,1,1,3,0,0,3,4,0,0,60,2,2852,2852,4,30,0,2,0,0,0,0
1349644,3,2024,2024,0,0,8,1052,14,173,928,0,1,3,-33.706595,151.117829,31,0,2,0,3,0,0,0,0,0,7,110,2,14295,14295,3,0,12,2,0,0,0,0
1349645,3,2024,2024,0,5,10,5,1,646,34609,0,1,9,-33.931253,151.033244,15,0,2,1,3,0,0,0,0,0,7,50,0,150,150,4,0,5,2,0,0,0,0
1349646,3,2024,2024,0,3,11,95,31,346,59,0,1,9,-33.867597,151.063622,67,0,2,1,3,0,0,0,0,2,7,60,1,5929,5929,1,5,0,2,0,0,0,0
1349648,3,2024,2024,0,2,6,118,17,98,118,0,1,1,-30.913092,150.178212,51,1,0,1,3,0,0,0,2,0,7,100,2,1109,787,1,5,0,2,0,0,0,0
1349649,3,2024,2024,0,1,7,1052,14,101,928,0,1,3,-32.889215,151.601206,37,0,2,1,3,0,0,0,2,0,7,110,2,1391,1391,1,5,35,2,0,0,0,0
1349652,3,2024,2024,0,2,8,3,31,69,23,0,1,10,-28.553141,153.499641,10,2,1,1,3,0,3,4,2,0,0,50,1,14295,14295,3,0,0,2,0,0,0,0
1349654,3,2024,2024,0,5,4,512,17,562,441,0,1,9,-32.274354,148.675594,22,1,0,1,3,0,3,0,2,0,15,110,2,1192,1192,1,10,5,2,0,0,0,0
1349658,3,2024,2024,0,0,7,2209,17,76,2205,0,1,2,-35.357894,150.474178,63,2,1,1,3,0,0,0,2,0,7,50,2,248,248,1,5,0,2,0,0,0,0
1349661,3,2024,2024,0,3,6,27,27,171,34609,0,1,9,-33.802225,150.969823,54,0,2,1,3,0,0,0,2,0,7,50,0,1109,397,1,5,5,2,0,0,0,0
1349663,3,2024,2024,0,6,8,308,14,127,311,0,1,3,-33.842729,150.85502,24,0,2,1,3,0,0,0,2,0,7,100,2,14295,14295,3,5,0,2,0,0,0,0
1349664,3,2024,2024,0,5,4,84,27,61,415,0,1,2,-33.771625,151.135531,36,0,2,1,3,0,0,3,2,0,7,70,2,1383,1383,1,5,5,2,0,0,0,0
1349665,3,2024,2024,0,3,8,1104,14,41,962,0,1,3,-33.826842,151.011278,54,0,2,0,3,0,0,0,2,0,7,90,2,14295,14295,3,9,13,3,0,0,0,0
1349667,3,2024,2024,0,2,5,41,27,102,91,0,1,10,-33.953043,151.241757,59,0,2,1,3,0,0,0,2,2,7,50,1,6545,6545,4,30,5,2,0,0,0,0
1349671,3,2024,2024,0,3,1,3371,17,24,3342,0,1,2,-29.717495,153.127199,18,1,0,0,3,0,3,4,0,0,7,110,2,1850,1463,5,5,40,1,0,0,0,0
1349674,3,2024,2024,0,3,2,1,27,1,34609,0,1,1,-31.670011,152.613657,56,1,0,1,3,0,3,1,1,0,7,100,0,9859,9859,8,0,40,1,0,0,0,0
1349678,3,2024,2024,0,6,8,135,17,93,136,0,1,10,-36.076473,146.936459,0,2,1,1,3,0,0,0,2,0,0,60,2,5929,5929,1,0,5,2,0,0,0,0
1349679,3,2024,2024,0,0,0,916,17,23,917,0,1,9,-31.620337,150.734438,51,1,0,0,3,0,3,4,0,0,7,100,2,1850,1463,5,3,40,1,0,0,0,0
1349683,3,2024,2024,0,2,5,21,31,316,34609,0,1,9,-31.431222,152.902587,56,2,1,1,3,0,0,0,2,0,7,50,0,941,941,1,5,13,2,0,0,0,0
1349684,3,2024,2024,0,4,7,103,36,14,103,0,1,1,-32.504838,151.944635,43,1,0,0,3,0,0,0,2,0,7,90,1,3775,3775,0,0,13,2,0,0,0,0
1349688,3,2024,2024,0,2,3,112,17,27,112,0,1,1,-31.576454,143.180501,51,1,0,1,3,0,0,0,4,0,7,110,2,1945,1945,5,25,40,1,0,0,0,0
1349694,3,2024,2024,0,4,3,11,27,36,143,0,1,1,-34.448089,149.431008,74,1,0,1,3,0,0,0,2,0,7,100,2,1089,1089,7,0,40,1,0,0,0,0
1349695,3,2024,2024,0,0,0,63,17,207,63,0,1,1,-31.982279,141.457936,51,2,1,1,3,0,0,0,0,0,7,50,2,4026,4026,1,10,5,2,0,0,0,0
1349697,3,2024,2024,0,1,9,6,10,40,34609,0,1,9,-34.013947,150.777003,12,0,2,0,3,0,0,0,0,0,7,50,0,5929,5929,1,5,25,2,0,0,0,0
1349698,3,2024,2024,0,6,10,4,27,11,34609,0,1,1,-34.355884,150.903191,80,0,2,1,3,0,0,0,0,0,7,50,0,9859,9859,1,34,5,2,0,0,0,0
1349699,3,2024,2024,0,6,6,6,27,13,45,0,1,1,-35.088297,150.593538,63,2,1,1,3,0,0,3,2,0,7,50,1,9859,9859,1,9,5,2,0,0,0,0
1349700,3,2024,2024,0,5,0,3,10,46,34609,0,1,1,-33.304998,151.413707,16,2,2,0,3,0,0,0,0,0,7,50,0,2585,4009,1,5,13,2,0,0,0,0
1349702,3,2024,2024,0,2,6,13,27,118,34609,0,1,9,-33.414547,151.300077,16,2,2,0,3,0,3,4,2,0,0,50,0,5929,5929,1,0,5,2,0,0,0,0
1349703,3,2024,2024,0,1,3,36,27,9,72,0,1,1,-28.716584,153.482691,10,2,1,0,3,0,3,4,2,0,7,80,2,4552,5151,8,10,40,1,0,0,0,0
1349708,3,2024,2024,0,3,6,92,31,25,34609,0,1,1,-35.045077,150.675702,63,2,1,1,1,0,0,0,2,0,7,50,0,248,248,1,10,0,2,0,0,0,0
1349709,3,2024,2024,0,2,10,1,31,137,34609,0,1,1,-34.02702,151.048739,68,0,2,0,3,0,3,4,0,0,7,50,0,2585,4009,8,5,40,1,0,0,0,0
1349711,3,2024,2024,0,6,8,168,17,18,212,0,1,1,-35.62631,150.078491,23,1,0,0,3,0,0,0,3,0,7,90,2,4552,5151,8,5,40,1,0,0,0,0
1349716,3,2024,2024,0,6,11,2,1,95,34609,0,1,9,-34.394716,150.892777,80,0,2,1,3,0,0,0,0,0,15,50,0,5929,5929,1,5,5,2,0,0,0,0
1349718,3,2024,2024,0,2,9,57,1,193,145,0,1,10,-33.79151,151.086672,61,0,2,1,3,0,0,3,0,0,15,50,2,775,775,4,5,0,2,0,0,0,0
1349719,3,2024,2024,0,2,6,2126,17,65,2149,0,1,2,-33.544201,150.176724,40,2,1,0,3,0,3,4,2,0,7,80,2,1259,5151,8,5,40,1,0,0,0,0
1349722,3,2024,2024,7,0,6,22,31,215,34609,0,1,10,-35.108007,147.362523,75,2,1,1,3,0,0,0,2,0,15,50,0,6545,6545,4,0,0,2,0,0,0,0
1349728,3,2024,2024,3,4,11,143,31,173,181,0,1,9,-33.879825,151.216021,69,0,2,1,2,0,0,0,0,2,7,40,2,1109,787,1,9,5,2,0,0,0,0
1349729,3,2024,2024,0,5,10,73,24,115,88,0,1,10,-33.749959,151.234903,50,0,2,1,3,0,0,0,0,2,7,50,2,1391,1391,1,0,0,2,0,0,0,0
1349732,3,2024,2024,0,6,5,387,27,91,331,0,1,9,-33.961261,151.077998,25,0,2,1,3,0,0,0,2,0,0,60,2,5929,5929,1,5,0,2,0,0,0,0
1349733,3,2024,2024,0,5,6,1,27,47,82,0,1,9,-35.705435,147.322422,27,2,1,1,3,0,0,0,2,0,7,80,2,4552,985,8,8,40,1,0,0,0,0
1349735,3,2024,2024,0,0,9,308,14,323,311,0,1,3,-33.805268,150.852668,7,0,2,1,3,0,0,0,3,0,7,100,2,14295,14295,3,5,5,2,0,0,0,0
1349737,3,2024,2024,0,1,8,1,10,31,34609,0,1,9,-30.353698,153.072045,19,2,1,1,3,0,0,3,3,0,7,50,0,150,150,4,5,5,2,0,0,0,0
1349738,3,2024,2024,0,4,8,171,27,24,369,0,1,9,-33.915918,150.708313,41,0,2,1,3,0,0,0,2,0,0,80,2,217,217,1,19,12,2,0,0,0,0
1349740,3,2024,2024,0,1,10,76,24,164,154,0,1,2,-33.72442,150.891013,7,0,2,1,3,0,0,0,0,0,7,70,1,1391,1391,1,0,5,2,0,0,0,0
1349744,3,2023,2023,9,3,11,2261,17,523,2252,0,1,9,-33.932405,150.916854,41,0,2,1,2,0,0,0,0,2,7,60,2,623,623,3,5,25,3,0,0,0,0
1349746,3,2023,2023,2,6,5,1,1,145,34609,0,1,9,-33.932118,151.11716,15,0,2,1,0,0,0,0,2,0,7,50,0,9859,9859,1,9,0,2,0,0,0,0
1349748,3,2023,2023,9,2,11,63,27,224,605,0,1,9,-33.820195,151.243888,45,0,2,1,2,0,0,0,0,0,0,60,2,1383,1383,1,5,5,2,0,0,0,0
1349750,3,2023,2023,9,2,9,168,10,387,260,0,1,2,-33.945418,151.184041,4,0,2,1,1,0,0,0,3,0,7,70,2,1282,1282,1,5,5,2,0,0,0,0
1349766,3,2024,2024,4,2,2,2261,17,201,2252,0,1,3,-34.00898,150.830919,13,0,2,0,0,0,0,0,0,0,7,110,2,2585,4009,8,5,40,1,0,0,0,0
1349768,3,2023,2023,2,2,5,4,31,163,34609,0,1,1,-33.858068,151.093675,14,0,2,1,0,0,0,0,2,0,7,50,0,9859,9859,1,5,25,3,0,0,0,0
1349796,3,2024,2024,4,1,7,2209,17,176,2205,0,1,2,-33.952749,151.137577,4,0,2,1,1,0,0,0,2,0,7,60,2,4026,4026,8,0,40,1,0,0,0,0
1349797,3,2024,2024,3,3,9,22,31,44,34609,0,1,8,-32.810002,151.427189,17,2,1,1,0,0,0,0,2,0,7,50,0,9859,9859,1,5,5,3,0,0,0,0
1349833,3,2024,2024,3,4,3,1,27,75,34609,0,1,9,-32.780576,151.637155,42,2,1,1,1,0,0,0,1,0,7,60,0,4026,4026,8,10,40,1,0,0,0,0
1349838,3,2024,2024,7,4,0,2,27,85,34609,0,1,1,-32.934077,151.72351,48,0,2,1,3,0,2,6,0,0,7,50,0,4026,4026,1,5,0,3,0,0,0,0
1349846,3,2024,2024,7,1,8,83,31,532,21,0,1,0,-33.874422,151.207341,69,0,2,1,2,0,0,0,3,0,7,40,1,9859,9859,1,33,5,2,0,0,0,0
1349869,3,2023,2023,9,2,2,14,1,49,18,0,1,1,-33.969696,151.147139,4,0,2,1,2,0,3,4,1,0,7,60,1,9859,9859,1,5,12,3,0,0,0,0
1349870,3,2024,2024,0,3,9,111,27,80,233,0,1,9,-33.933657,151.23034,4,0,2,1,2,0,0,0,0,2,7,60,2,1669,1669,3,10,13,2,0,0,0,0
1349881,3,2024,2024,0,4,2,515,14,271,518,0,1,3,-33.940677,151.016211,15,0,2,1,0,0,0,0,1,0,7,100,2,1192,1192,1,0,36,2,0,0,0,0
1349914,3,2024,2024,0,1,0,165,31,98,34609,0,1,1,-30.987458,150.24408,51,2,1,1,2,0,0,0,0,0,7,50,0,9859,9859,8,0,40,1,0,0,0,0
1349929,3,2024,2024,0,4,10,280,10,314,240,0,1,1,-33.856723,150.949867,24,0,2,1,3,0,2,6,0,0,7,60,2,1945,1945,5,5,40,1,0,0,0,0
1349931,3,2024,2024,0,1,11,16,31,84,34609,0,1,9,-31.101391,150.897743,70,2,1,1,2,0,0,0,0,0,7,50,0,489,489,5,5,40,1,0,0,0,0
1349942,3,2024,2024,0,0,11,2126,17,106,2149,0,1,10,-33.884795,151.191406,69,0,2,1,2,0,0,0,0,2,7,50,2,1282,1282,1,0,5,3,0,0,0,0
1349951,3,2024,2024,7,0,0,5,31,20,34609,0,1,10,-33.976704,151.093367,25,0,2,1,2,0,0,0,0,0,0,50,0,6545,6545,4,5,5,2,0,0,0,0
1349956,3,2024,2024,0,6,4,22,27,94,144,0,1,1,-33.789215,150.807151,55,0,2,1,1,0,0,0,2,0,7,60,2,1383,1383,1,5,10,2,0,0,0,0
1349962,3,2024,2024,0,6,0,37,23,443,78,0,1,1,-33.907355,151.061419,15,0,2,1,2,0,0,0,0,0,7,60,2,9859,9859,1,5,13,2,0,0,0,0
1349973,3,2024,2024,7,5,6,68,31,128,7,0,1,9,-33.622447,150.815517,29,2,2,1,2,0,3,0,2,0,7,50,1,4026,4026,1,5,0,2,0,0,0,0
1349977,3,2024,2024,0,3,9,9,31,22,34609,0,1,1,-33.797117,151.275849,50,0,2,1,2,0,0,0,0,0,7,50,0,9859,9859,1,5,5,3,0,0,0,0
1349981,3,2024,2024,0,2,6,13,27,19,143,0,1,10,-33.440112,149.578586,3,2,1,1,0,0,0,3,2,0,0,60,2,6545,6545,4,10,5,2,0,0,0,0
1350000,3,2024,2024,0,1,11,11,10,24,34609,0,1,1,-36.891956,149.89508,5,2,1,0,2,0,0,0,0,0,7,50,0,4552,5151,1,5,0,3,0,0,0,0
1350001,3,2024,2024,7,6,1,49,22,77,44,0,1,1,-33.730876,151.078571,31,0,2,1,2,0,0,0,0,0,7,50,1,9859,9859,1,0,0,2,0,0,0,0
1350009,3,2024,2024,0,1,4,515,14,60,518,0,1,3,-33.94394,150.94847,41,0,2,1,1,0,0,0,2,0,7,100,2,14295,14295,3,33,13,2,0,0,0,0
1350018,3,2024,2024,0,2,2,213,17,12,213,0,1,1,-29.688653,152.96632,18,1,0,1,0,0,0,1,1,0,7,100,2,1089,1089,7,0,40,1,0,0,0,0
1350035,3,2024,2024,0,3,6,194,31,273,34609,0,1,2,-34.430463,150.89419,80,0,2,1,1,0,0,0,2,0,7,50,0,9859,9859,1,5,5,3,0,0,0,0
1350043,3,2024,2024,0,0,7,34,31,56,34609,0,1,1,-31.093387,152.837454,34,2,1,1,0,0,0,0,2,0,7,50,0,5929,5929,1,0,40,2,0,0,0,0
1350048,3,2024,2024,0,0,6,9,27,57,34609,0,1,2,-32.988925,151.695691,37,0,2,1,1,0,0,0,2,0,15,60,0,623,623,3,16,13,2,0,0,0,0
1350079,3,2024,2024,0,3,10,4,27,24,34609,0,1,1,-33.413945,151.40166,16,2,2,0,1,0,0,0,0,0,7,60,0,3775,3775,0,5,5,2,0,0,0,0
1350082,3,2024,2024,0,4,7,916,17,105,917,0,1,1,-32.720588,151.53803,42,2,1,1,1,0,0,0,2,0,7,60,2,14295,14295,3,33,0,3,0,0,0,0
1350084,3,2024,2024,0,4,3,145,31,98,34609,1,0,10,-30.990719,150.249823,51,2,1,1,1,0,0,0,2,0,15,50,0,6545,6545,4,5,13,2,0,0,0,0
1350086,3,2024,2024,0,3,11,330,27,43,605,0,1,10,-33.692406,151.304694,50,0,2,1,2,0,0,0,0,2,7,70,2,4026,4026,8,5,40,1,0,0,0,0
1350089,3,2024,2024,0,0,11,11,31,25,34609,0,1,1,-33.012003,151.714714,37,0,2,1,2,0,3,4,0,0,7,50,0,9859,9859,1,33,5,2,0,0,0,0
1350091,3,2024,2024,0,6,2,4,17,609,34609,0,1,1,-33.776717,150.909537,7,0,2,1,0,0,0,6,0,0,7,50,0,4026,4026,1,5,5,2,0,0,0,0
1350100,3,2024,2024,0,4,10,11,31,8,34609,1,0,1,-33.426328,149.567778,3,2,1,1,2,0,0,0,0,0,7,50,0,9859,9859,1,5,5,2,0,0,0,0
1350102,3,2024,2024,0,1,0,69,31,445,59,0,1,1,-33.879958,151.049469,21,0,2,1,2,0,2,6,0,0,7,60,1,9859,9859,8,5,40,1,0,0,0,0
1350104,3,2024,2024,7,2,11,93,10,283,125,0,1,1,-33.834448,151.013941,21,0,2,1,1,0,3,4,0,0,7,60,1,9859,9859,1,5,36,2,0,0,0,0
1350105,3,2024,2024,3,1,3,829,27,165,770,0,1,9,-33.847322,151.151901,14,0,2,1,0,0,0,0,2,2,7,60,2,515,515,1,3,5,2,0,0,0,0
1350135,3,2024,2024,0,5,2,1104,14,113,962,0,1,3,-33.785014,150.725773,55,0,2,1,0,0,0,0,0,0,7,110,2,4026,4026,8,9,40,1,0,0,0,0
1350136,3,2024,2024,0,6,11,14,27,91,44,0,1,7,-33.983588,150.883676,13,0,2,1,2,0,0,0,0,0,0,50,1,6545,6545,4,5,0,2,0,0,0,0
1350140,3,2024,2024,0,2,3,2261,17,443,2252,0,1,9,-33.904581,151.041831,15,0,2,1,1,0,3,4,2,2,7,60,2,9859,9859,8,5,40,1,0,0,0,0
1350147,3,2024,2024,0,2,8,3371,17,56,3342,0,1,7,-31.127019,152.825733,34,2,1,1,0,0,3,4,0,0,0,60,2,515,515,1,10,41,2,0,0,0,0
1350156,3,2023,2023,9,4,9,149,10,136,702,0,1,9,-33.85745,151.069965,21,0,2,0,2,0,3,3,0,2,7,80,2,4552,5151,8,5,40,1,0,0,0,0
1350160,3,2023,2023,9,6,8,143,31,173,181,0,1,10,-33.879181,151.215231,69,0,2,1,2,0,3,3,2,2,7,40,2,1192,1192,1,15,5,2,0,0,0,0
1350161,3,2023,2023,9,4,11,44,31,304,34609,0,1,1,-33.906936,151.172929,32,0,2,1,3,0,0,0,0,0,7,50,0,4026,4026,1,5,5,4,0,0,0,0
1350170,3,2023,2023,2,1,4,15,27,64,32,0,1,9,-34.383949,150.903396,80,0,2,1,0,0,0,3,2,0,15,50,1,623,623,3,5,0,2,0,0,0,0
1350175,3,2024,2024,4,5,6,153,27,290,147,0,1,1,-33.949012,151.111218,4,0,2,1,3,0,0,0,2,0,7,60,2,14295,14295,3,30,0,2,0,0,0,0
1350195,3,2024,2024,4,0,3,112,27,29,769,0,1,1,-33.541139,150.635492,29,2,2,0,0,0,3,4,2,0,7,60,2,3775,3775,0,29,13,2,0,0,0,0
1350208,3,2024,2024,3,1,7,8,31,75,34609,0,1,1,-33.882918,151.117037,32,0,2,1,1,0,0,0,2,0,7,50,0,248,248,1,0,5,2,0,0,0,0
1350216,3,2024,2024,3,2,11,3,27,173,34609,0,1,1,-33.709072,151.11816,36,0,2,1,2,0,0,0,0,0,7,50,0,9859,9859,1,0,0,3,0,0,0,0
1350221,3,2024,2024,4,3,0,103,27,124,563,0,1,2,-33.815767,151.05228,54,0,2,1,2,0,0,0,0,0,7,80,2,9859,9859,8,0,40,1,0,0,0,0
1350250,3,2024,2024,7,6,10,2,22,19,34609,0,1,10,-32.731045,151.99972,57,2,1,1,3,0,0,0,0,0,0,50,0,9859,9859,8,5,40,1,0,0,0,0
1350251,3,2024,2024,7,2,7,143,31,123,181,0,1,9,-33.883817,151.22211,69,0,2,1,3,0,0,0,2,2,7,50,2,14295,14295,3,0,5,3,0,0,0,0
1350252,3,2024,2024,3,5,10,2,31,175,34609,0,1,7,-33.777166,151.064303,54,0,2,1,2,0,0,0,0,0,0,50,0,14295,14295,3,5,0,3,0,0,0,0
1350264,3,2024,2024,7,0,1,123,23,13,34609,0,1,1,-33.773991,151.292131,50,0,2,0,2,0,0,0,0,0,7,50,0,2585,4009,1,5,13,2,0,0,0,0
1350268,3,2024,2024,7,5,5,22,31,45,34609,0,1,1,-33.888931,151.197186,69,0,2,1,0,0,0,0,2,0,7,40,0,1282,1282,1,33,0,2,0,0,0,0