Crash ID,Degree of crash - detailed,Reporting year,Year of crash,Month of crash,Day of week of crash,Two-hour intervals,Street of crash,Street type,Town,Route no.,School zone location,School zone active,Type of location,Latitude,Longitude,LGA,Urbanisation,Conurbation 1,Alignment,Street lighting,Road surface,Surface condition,Weather,Natural lighting,Signals operation,Other traffic control,Speed limit,Road classification,RUM - code,DCA - code,First impact type,Key TU type,Other TU type,No. of traffic units involved,No. killed,No. seriously injured,No. moderately injured,No. minor-other injured
1350304,3,2024,2024,0,6,9,11,27,69,34609,0,1,1,-28.546804,153.491557,10,2,1,1,0,0,0,0,0,0,7,50,0,9859,9859,1,5,0,3,0,0,0,0
1350318,3,2024,2024,0,2,9,2126,17,23,2149,0,1,2,-33.446103,149.999019,40,1,0,0,3,0,0,0,3,0,7,100,2,1259,5151,8,5,40,1,0,0,0,0
1350323,3,2024,2024,0,6,8,2261,17,93,2252,0,1,2,-36.093448,146.923063,0,1,0,0,1,0,0,0,2,0,7,110,2,1383,1383,1,3,13,3,0,0,0,0
1350332,3,2024,2024,0,2,1,829,27,149,770,0,1,2,-33.868288,151.182566,32,0,2,1,2,0,0,0,0,0,7,60,2,9859,9859,8,0,40,1,0,0,0,0
1350340,3,2024,2024,0,2,0,2209,17,157,2205,0,1,2,-34.008739,151.102777,68,0,2,1,3,0,0,0,0,0,7,70,2,1945,1945,5,5,40,1,0,0,0,0
1350341,3,2024,2024,0,5,4,2,27,43,34609,0,1,1,-36.001051,144.804301,51,1,0,1,3,2,0,0,2,0,7,100,0,4026,4026,8,9,40,1,0,0,0,0
1350342,3,2024,2024,0,3,10,55,31,61,34609,0,1,1,-33.750096,150.887654,7,0,2,1,3,0,0,0,0,0,7,50,0,1945,1945,5,5,40,1,0,0,0,0
1350343,3,2024,2024,0,0,6,6,25,131,34609,0,1,2,-36.08019,146.910517,0,2,1,1,0,0,0,0,2,0,7,50,0,14295,14295,3,0,5,2,0,0,0,0
1350345,3,2024,2024,0,5,9,193,27,438,34609,0,1,1,-33.859609,151.028314,21,0,2,1,3,0,0,0,0,0,7,60,0,1383,1383,1,5,13,4,0,0,0,0
1350346,3,2024,2024,0,5,7,111,27,102,233,1,0,10,-33.955613,151.230321,59,0,2,1,2,0,0,0,2,2,7,60,2,256,256,4,5,25,2,0,0,0,0
1350352,3,2024,2024,0,4,5,13,31,55,34609,0,1,1,-33.885977,151.28412,76,0,2,1,0,0,0,0,2,0,7,50,0,9859,9859,1,5,12,4,0,0,0,0
1350354,3,2024,2024,0,1,2,48,27,13,42,0,1,1,-35.04186,150.432795,63,1,0,0,0,0,0,0,0,0,7,100,1,1850,1463,5,5,40,1,0,0,0,0
1350355,3,2024,2024,0,5,9,15,1,17,69,0,1,1,-33.79339,151.164938,77,0,2,1,2,0,0,0,3,2,7,50,2,1981,1981,4,0,0,2,0,0,0,0
1350358,3,2024,2024,0,1,9,37,27,34,34609,0,1,1,-33.970225,151.004982,15,0,2,1,2,0,0,0,0,0,7,50,0,9859,9859,1,5,5,2,0,0,0,0
1350380,3,2024,2024,7,1,7,512,17,28,441,0,1,1,-33.054013,148.862245,11,1,0,1,3,0,0,0,2,0,7,100,2,9859,9859,8,5,40,1,0,0,0,0
1350383,3,2024,2024,0,1,0,56,27,115,80,0,1,9,-33.873968,151.19241,69,0,2,1,2,0,0,0,0,2,7,40,2,489,489,8,0,40,1,0,0,0,0
1350384,3,2024,2024,7,6,8,3371,17,10,3342,0,1,9,-32.953088,151.711539,37,0,2,1,3,0,0,0,2,2,7,60,2,14295,14295,3,34,5,2,0,0,0,0
1350389,3,2024,2024,0,0,8,111,27,102,233,0,1,9,-33.967155,151.231198,59,0,2,0,3,0,0,0,2,2,7,60,2,2852,2852,4,0,5,2,0,0,0,0
1350390,3,2024,2024,8,4,0,7,27,6,34609,0,1,1,-34.761589,150.661737,63,2,1,1,3,0,3,4,0,0,7,60,0,4026,4026,8,0,40,1,0,0,0,0
1350391,3,2024,2024,0,1,9,78,17,22,75,0,1,2,-33.856637,151.208003,69,0,2,1,3,0,0,0,0,0,7,70,2,14295,14295,3,10,13,3,0,0,0,0
1350392,3,2024,2024,8,6,4,27,27,251,136,0,1,9,-33.767884,150.94413,7,0,2,1,3,0,0,3,2,2,7,60,2,186,186,1,5,0,2,0,0,0,0
1350393,3,2024,2024,0,0,6,234,27,57,217,0,1,1,-33.58219,151.011292,71,0,2,0,3,0,0,0,2,0,7,80,2,14295,14295,3,8,12,2,0,0,0,0
1350395,3,2024,2024,0,1,3,125,27,443,34609,0,1,1,-33.903258,151.062159,15,0,2,0,3,0,0,0,1,0,7,50,0,1981,1981,4,5,25,2,0,0,0,0
1350402,3,2024,2024,8,6,6,7,27,6,34609,0,1,1,-32.339809,149.653651,44,1,0,1,3,0,3,3,2,0,7,100,0,945,945,5,0,40,1,0,0,0,0
1350405,3,2024,2024,0,1,5,2,27,2,34609,0,1,1,-28.44207,153.24341,72,1,0,0,3,0,3,3,2,0,7,100,0,2585,4009,8,30,40,1,0,0,0,0
1350407,3,2024,2024,8,4,5,162,31,24,34609,0,1,1,-32.914499,151.782641,48,0,2,1,3,0,3,4,2,0,7,50,0,9859,9859,1,30,0,2,0,0,0,0
1350409,3,2024,2024,0,5,3,1104,14,142,962,0,1,3,-33.827827,150.999573,54,0,2,1,3,0,0,0,2,0,7,90,2,14295,14295,3,5,0,3,0,0,0,0
1350412,3,2024,2024,0,3,5,28,31,273,34609,0,1,9,-34.423124,150.891523,80,0,2,1,3,0,0,0,2,0,7,50,0,2585,777,8,5,40,1,0,0,0,0
1350415,3,2024,2024,0,5,7,2126,17,179,2149,0,1,10,-33.762218,150.734976,55,0,2,1,3,0,0,3,2,2,7,60,2,1383,1383,1,0,19,2,0,0,0,0
1350416,3,2024,2024,0,1,9,2,27,13,34609,0,1,1,-29.649689,150.390852,51,1,0,1,3,0,0,0,3,0,7,100,0,1089,1089,7,5,40,1,0,0,0,0
1350417,3,2024,2024,0,5,4,2126,17,65,2149,0,1,2,-33.539519,150.163384,40,2,1,0,3,0,3,0,2,0,7,80,2,1957,4009,8,10,40,1,0,0,0,0
1350418,3,2024,2024,8,6,6,23,27,136,101,0,1,9,-32.92479,151.719893,48,0,2,1,3,0,3,4,2,0,0,60,2,14295,14295,3,9,0,2,0,0,0,0
1350420,3,2024,2024,0,0,6,30,10,19,30,0,1,1,-33.299255,151.234994,16,2,2,0,3,0,0,0,2,0,7,60,1,3775,3775,0,5,5,2,0,0,0,0
1350426,3,2024,2024,0,3,10,3371,17,10,3342,0,1,7,-31.392616,152.810396,56,1,0,0,3,0,0,0,0,0,0,100,2,2585,4009,8,5,40,1,0,0,0,0
1350431,3,2024,2024,0,5,6,118,17,5,118,0,1,1,-30.061193,148.941141,51,1,0,1,3,0,0,0,2,0,7,110,2,1945,1945,5,3,40,1,0,0,0,0
1350435,3,2024,2024,0,1,4,76,27,15,148,0,1,10,-32.938708,151.758564,48,0,2,1,3,0,0,0,2,2,7,60,1,14295,14295,3,8,0,2,0,0,0,0
1350438,3,2024,2024,0,5,9,2261,17,64,2252,1,0,10,-33.891852,151.083401,67,0,2,1,3,0,0,3,0,2,7,60,2,6545,6545,4,0,0,2,0,0,0,0
1350440,3,2024,2024,0,2,5,225,27,304,34609,0,1,1,-33.903261,151.162693,32,0,2,1,3,0,0,0,2,0,7,50,0,3775,3775,0,8,5,3,0,0,0,0
1350445,3,2024,2024,8,6,9,149,27,149,14,0,1,10,-33.817821,150.969335,21,0,2,1,3,0,3,4,0,2,7,60,2,5929,5929,1,5,13,2,0,0,0,0
1350446,3,2024,2024,8,4,9,26,10,19,68,0,1,2,-34.07724,150.791293,13,0,2,0,3,0,0,3,0,0,7,50,1,941,941,1,0,13,2,0,0,0,0
1350447,3,2024,2024,8,4,8,100,31,363,769,0,1,10,-33.814376,150.999848,54,0,2,1,3,0,0,0,4,2,7,60,2,6545,6545,4,10,0,2,0,0,0,0
1350450,3,2024,2024,0,3,7,916,17,66,917,0,1,2,-32.812016,151.66564,48,0,2,1,3,0,0,0,2,0,7,80,2,1391,1391,1,0,5,3,0,0,0,0
1350453,3,2024,2024,0,5,2,3371,17,32,3342,0,1,1,-32.370667,152.295854,43,1,0,1,3,0,0,0,0,0,7,110,2,14295,14295,3,9,35,2,0,0,0,0
1350454,3,2024,2024,0,1,10,5,1,145,37,0,1,1,-33.917096,151.130656,15,0,2,1,3,0,0,0,0,0,7,50,1,14295,14295,3,10,5,2,0,0,0,0
1350461,3,2024,2024,0,2,9,27,27,108,49,1,0,1,-33.763873,151.279754,50,0,2,1,3,0,3,4,3,0,7,60,1,9859,9859,1,5,0,2,0,0,0,0
1350462,3,2024,2024,0,5,5,18,27,58,34609,1,0,7,-34.05153,151.131725,68,0,2,1,3,0,0,0,2,0,7,50,0,1957,777,1,0,0,3,0,0,0,0
1350463,3,2024,2024,0,3,9,149,27,60,198,0,1,10,-33.955678,150.9556,41,0,2,1,3,0,0,0,0,2,7,60,2,14295,14295,3,0,0,2,0,0,0,0
1350464,3,2024,2024,0,3,6,1052,14,160,928,0,1,3,-33.101272,151.462619,37,0,2,0,3,0,0,0,2,0,7,110,2,14295,14295,3,10,5,2,0,0,0,0
1350465,3,2024,2024,0,1,8,20,31,135,101,0,1,9,-32.89671,151.737189,48,0,2,1,3,0,0,0,2,0,7,60,2,5929,5929,1,5,13,2,0,0,0,0
1350475,3,2024,2024,8,4,9,60,10,121,84,0,1,9,-28.202778,153.544182,72,2,1,1,3,0,3,4,0,2,7,60,1,5929,5929,1,30,0,2,0,0,0,0
1350479,3,2024,2024,7,3,0,3,31,157,34609,0,1,2,-34.008189,151.101159,68,0,2,0,3,0,3,4,0,0,7,50,0,4552,5151,8,5,40,1,0,0,0,0
1350482,3,2024,2024,0,4,10,3371,17,30,3342,0,1,2,-33.18952,151.560157,16,2,2,1,3,0,3,0,0,0,15,80,2,1981,1981,4,5,13,2,0,0,0,0
1350484,3,2024,2024,8,4,3,829,27,26,770,0,1,10,-33.839447,151.139568,51,0,2,1,3,0,3,4,1,2,7,70,2,9859,9859,8,10,40,1,0,0,0,0
1350485,3,2024,2024,0,3,7,30,27,120,154,0,1,2,-33.747588,150.86777,7,0,2,0,3,0,0,0,2,0,7,60,1,1957,4009,1,10,0,2,0,0,0,0
1350490,3,2024,2024,0,0,8,42,31,107,34609,0,1,10,-29.675501,152.936292,18,2,1,1,3,0,0,0,3,0,0,50,0,4552,985,8,5,40,1,0,0,0,0
1350491,3,2024,2024,0,0,4,19,27,143,34609,0,1,1,-33.875,151.107521,9,0,2,1,3,0,0,0,2,0,7,50,0,1383,1383,1,5,5,2,0,0,0,0
1350494,3,2024,2024,0,0,8,2126,17,75,2149,0,1,2,-33.7124,150.377509,8,2,2,0,3,0,0,0,3,0,7,60,2,4552,5151,8,5,40,1,0,0,0,0
1350507,3,2024,2024,0,1,8,78,17,34,58,0,1,9,-34.994695,149.023729,82,1,0,1,3,0,0,0,2,0,0,100,2,2852,2852,4,30,0,2,0,0,0,0
1350512,3,2024,2024,0,0,4,3371,17,117,3342,0,1,2,-28.186997,153.525546,72,2,1,1,3,0,0,0,2,0,7,60,2,14295,14295,3,5,0,2,0,0,0,0
1350515,3,2024,2024,0,0,9,2,31,174,34609,0,1,9,-33.862893,150.929008,24,0,2,1,3,0,0,0,0,0,7,50,0,5929,5929,1,30,5,2,0,0,0,0
1350516,3,2024,2024,0,2,10,12,10,12,34609,0,1,9,-33.807345,151.260044,50,0,2,1,3,0,0,0,0,0,7,50,0,4552,985,1,30,25,2,0,0,0,0
1350519,3,2024,2024,8,6,11,2209,17,35,2205,0,1,2,-34.050118,151.051541,68,0,2,0,3,0,3,4,0,0,7,80,2,1259,5151,8,34,40,1,0,0,0,0
1350520,3,2024,2024,8,4,8,1104,14,323,962,0,1,3,-33.798474,150.856411,7,0,2,1,3,0,0,3,0,0,7,100,2,14295,14295,3,5,0,2,0,0,0,0
1350522,3,2024,2024,0,5,2,3,2,43,34609,0,1,1,-33.730948,150.781089,7,0,2,0,3,0,0,0,0,0,7,50,0,4552,5151,8,10,40,1,0,0,0,0
1350527,3,2024,2024,0,5,4,25,27,43,34609,0,1,10,-33.591826,150.87454,29,2,2,1,3,0,0,0,2,0,0,70,0,6545,6545,4,21,0,2,0,0,0,0
1350528,3,2024,2024,0,0,1,36,1,53,34609,0,1,1,-33.92317,150.846078,41,0,2,0,3,0,0,0,0,0,7,60,0,1957,4009,8,5,40,1,0,0,0,0
1350531,3,2024,2024,0,1,7,192,10,84,114,0,1,7,-33.467968,151.383362,16,2,2,0,3,0,0,0,2,0,0,60,2,5929,5929,1,0,0,2,0,0,0,0
1350535,3,2024,2024,8,4,9,77,31,314,34609,0,1,7,-33.852702,150.921822,24,0,2,1,3,0,0,0,0,0,0,50,0,926,926,4,5,5,2,0,0,0,0
1350537,3,2024,2024,0,1,1,2,27,8,34609,0,1,9,-28.800877,153.298133,39,2,1,0,3,0,3,0,0,0,7,50,0,2585,4009,8,5,40,1,0,0,0,0
1350539,3,2024,2024,0,2,3,234,27,112,217,0,1,7,-33.695884,151.030347,31,0,2,0,3,0,0,0,2,0,0,60,2,1192,1192,1,10,5,2,0,0,0,0
1350541,3,2024,2024,0,3,3,3,27,144,34609,0,1,9,-34.057761,151.012029,68,0,2,1,3,0,0,0,2,0,7,50,0,1391,1391,1,30,13,2,0,0,0,0
1350544,3,2024,2024,0,0,6,177,22,210,176,1,0,10,-34.033792,151.098705,68,0,2,1,3,0,0,0,2,2,7,60,2,6545,6545,4,5,0,4,0,0,0,0
1350574,3,2024,2024,8,4,8,17,27,3,18,0,1,9,-35.022767,148.835525,82,1,0,0,0,0,0,0,0,0,0,100,1,4552,5151,8,5,40,1,0,0,0,0
1350591,3,2024,2024,0,5,9,2126,17,75,2149,1,0,10,-33.709543,150.37315,8,2,2,0,2,0,0,0,3,2,7,60,2,14295,14295,3,33,0,2,0,0,0,0
1350594,3,2024,2024,0,5,11,24,31,169,769,0,1,10,-33.59918,150.751934,29,2,2,1,2,0,0,0,0,2,7,60,2,1259,985,8,5,40,1,0,0,0,0
1350597,3,2024,2024,3,1,9,4,31,176,34609,0,1,1,-33.954944,151.137321,4,0,2,1,2,0,0,0,0,0,7,50,0,9859,9859,1,0,5,2,0,0,0,0
1350624,3,2024,2024,0,6,6,21,27,9,34609,0,1,1,-34.505321,146.221366,51,1,0,1,0,0,0,0,2,0,7,100,0,4026,4026,8,5,40,1,0,0,0,0
1350628,3,2023,2023,2,2,0,2,31,219,34609,0,1,1,-32.905645,151.670838,48,0,2,1,2,0,0,0,0,0,7,50,0,9859,9859,1,5,5,2,0,0,0,0
1350642,3,2024,2024,8,6,7,39,31,161,19,0,1,9,-33.878892,151.162473,32,0,2,1,1,0,0,3,2,0,0,50,1,1109,787,1,5,36,3,0,0,0,0
1350645,3,2024,2024,0,3,4,3371,17,13,3342,0,1,2,-29.966438,153.137047,18,1,0,1,0,0,0,3,2,0,7,110,2,9859,9859,8,0,40,1,0,0,0,0
1350664,3,2024,2024,0,0,5,41,31,70,34609,0,1,1,-32.737296,151.56113,42,2,1,1,0,0,0,0,2,0,7,50,0,1282,1282,1,33,5,2,0,0,0,0
1350667,3,2024,2024,0,5,9,4,10,323,34609,0,1,9,-33.801014,150.832069,7,0,2,1,2,0,0,0,3,0,0,50,0,9859,9859,1,33,5,2,0,0,0,0
1350674,3,2024,2024,0,0,5,280,10,92,240,1,0,9,-33.872787,150.96456,24,0,2,0,2,0,0,0,2,0,15,60,2,775,775,4,5,5,2,0,0,0,0
1350676,3,2024,2024,0,2,6,17,31,189,34609,0,1,9,-33.945412,151.051245,15,0,2,1,1,0,3,4,2,0,7,50,0,237,397,1,5,5,3,0,0,0,0
1350679,3,2024,2024,0,2,0,168,10,387,260,0,1,9,-33.935856,151.192838,4,0,2,0,2,0,0,0,0,2,0,70,2,5929,5929,1,10,5,2,0,0,0,0
1350689,3,2024,2024,0,2,0,8,31,223,34609,0,1,4,-33.792686,150.911954,7,0,2,0,2,0,0,0,0,0,7,50,0,2585,4009,8,5,40,1,0,0,0,0
1350690,3,2024,2024,0,2,5,47,31,106,34609,0,1,10,-33.91892,151.088697,15,0,2,1,1,0,0,0,2,0,0,50,0,9859,9859,1,5,5,3,0,0,0,0
1350696,3,2024,2024,0,1,6,3,10,87,34609,0,1,9,-28.810591,153.302185,39,2,1,1,1,0,3,4,2,0,7,50,0,5929,5929,1,33,36,2,0,0,0,0
1350698,3,2024,2024,3,1,6,78,31,253,34609,0,1,1,-33.969598,151.104197,25,0,2,1,1,0,3,4,2,0,7,50,0,9859,9859,1,0,10,2,0,0,0,0
1350712,3,2024,2024,0,0,6,1,31,31,34609,0,1,1,-30.94986,148.379736,51,2,1,1,3,0,2,6,2,0,7,50,0,9859,9859,1,5,0,3,0,0,0,0
1350714,3,2024,2024,0,5,11,21,31,136,34609,0,1,9,-33.918789,151.080749,15,0,2,1,2,0,3,0,0,0,7,50,0,237,397,1,29,0,2,0,0,0,0
1350716,3,2024,2024,0,0,9,37,31,273,87,0,1,9,-34.415594,150.899609,80,0,2,0,1,0,0,0,2,0,15,60,2,14295,14295,3,5,10,2,0,0,0,0
1350718,3,2024,2024,0,2,11,2,31,293,34609,0,1,9,-33.953011,151.250898,59,0,2,0,0,0,0,0,0,0,7,50,0,1282,1282,1,33,5,2,0,0,0,0
1350720,3,2024,2024,3,1,5,13,27,8,34609,0,1,0,-33.844053,151.284549,81,0,2,1,1,0,0,0,2,0,7,40,0,1282,1282,1,5,40,1,0,0,0,0
1350727,3,2024,2024,0,4,9,48,27,11,34609,0,1,1,-34.380743,150.895242,80,0,2,0,2,0,0,0,0,0,7,50,0,1957,4009,1,5,36,2,0,0,0,0
1350746,3,2024,2024,0,0,6,100,27,323,100,0,1,2,-33.795199,150.853806,7,0,2,1,0,0,3,4,2,0,7,70,2,1282,1282,1,33,5,2,0,0,0,0
1350747,3,2024,2024,0,6,9,3,31,253,34609,0,1,1,-33.96829,151.100368,25,0,2,1,1,0,0,0,0,0,7,40,0,9859,9859,1,33,5,2,0,0,0,0
1350768,3,2024,2024,0,4,0,4,10,79,34609,0,1,9,-33.997065,150.73983,12,0,2,1,2,0,0,0,0,2,7,60,0,4552,985,8,5,40,1,0,0,0,0
1350786,3,2024,2024,7,0,9,334,17,37,308,0,1,1,-31.025938,151.710937,51,1,0,0,0,0,3,1,0,0,7,100,2,1957,4009,8,5,40,1,0,0,0,0
1350796,3,2024,2024,0,4,11,2,4,39,34609,0,1,1,-33.770822,150.745651,55,0,2,1,2,0,0,0,0,0,7,50,0,4026,4026,1,33,13,2,0,0,0,0
1350809,3,2024,2024,7,3,8,14,27,24,34609,0,1,1,-33.960936,150.992333,15,0,2,1,1,0,0,0,2,0,7,50,0,9859,9859,1,21,12,2,0,0,0,0
1350811,3,2024,2024,0,6,8,92,27,143,34609,0,1,1,-33.877156,151.103743,9,0,2,1,0,0,0,0,2,0,7,40,0,1383,1383,1,19,13,2,0,0,0,0
1350813,3,2024,2024,0,6,11,44,31,90,262,0,1,10,-32.919864,151.747749,48,0,2,1,2,0,3,3,0,2,7,60,2,14295,14295,3,21,5,3,0,0,0,0
1350814,3,2023,2023,10,1,8,3371,17,57,3342,0,1,2,-28.645087,153.548657,10,1,0,1,3,0,0,0,2,0,7,110,2,404,404,8,5,40,1,0,0,0,0
1350820,3,2024,2024,0,4,6,32,27,169,88,0,1,10,-33.623945,150.739887,29,2,2,1,3,0,3,4,2,0,15,80,2,5929,5929,1,9,0,2,0,0,0,0
1350823,3,2024,2024,3,2,9,866,17,187,793,0,1,2,-33.796428,150.987459,54,0,2,1,0,0,0,0,2,0,7,70,2,14295,14295,3,5,5,2,0,0,0,0
1350825,3,2024,2024,3,6,0,46,31,22,34609,0,1,9,-33.794069,151.276694,50,0,2,1,3,0,0,0,0,0,7,50,0,9859,9859,1,0,5,3,0,0,0,0
1350830,3,2024,2024,0,2,8,387,36,86,69,0,1,10,-33.722182,151.21728,50,0,2,1,3,0,0,0,3,2,7,80,2,3775,3775,0,30,0,3,0,0,0,0
1350832,3,2024,2024,0,0,4,2126,17,161,2149,0,1,9,-33.888205,151.157508,32,0,2,1,3,0,0,0,2,3,7,60,2,14295,14295,3,30,0,2,0,0,0,0
1350840,3,2024,2024,8,4,9,92,31,48,34609,0,1,1,-28.250283,153.569201,72,2,1,1,3,0,3,4,0,0,7,50,0,9859,9859,1,0,0,2,0,0,0,0
1350843,3,2024,2024,8,3,0,10,27,96,34609,0,1,9,-33.428738,151.397047,16,2,2,1,3,0,3,4,0,0,7,50,0,489,489,8,0,40,1,0,0,0,0
1350846,3,2024,2024,8,6,11,46,27,23,34609,0,1,1,-32.876778,151.635037,48,0,2,1,3,0,0,0,0,0,7,60,0,9859,9859,8,30,40,1,0,0,0,0
1350850,3,2024,2024,8,5,4,3371,17,54,3342,0,1,1,-33.233744,151.502235,16,2,2,1,3,0,0,0,2,0,7,60,2,14295,14295,3,10,0,3,0,0,0,0
1350854,3,2024,2024,0,0,9,2126,17,125,2149,0,1,9,-33.864469,151.083488,67,0,2,1,3,0,0,0,0,2,7,60,2,5929,5929,1,0,5,2,0,0,0,0
1350862,3,2024,2024,0,6,7,3371,17,35,3342,0,1,2,-30.477122,152.996437,6,1,0,0,3,0,0,0,2,0,7,110,2,1957,4009,8,0,40,1,0,0,0,0
1350865,3,2024,2024,8,6,2,485,27,25,769,0,1,9,-33.615147,150.833756,29,2,2,1,3,0,3,1,0,2,7,80,2,926,926,4,10,0,2,0,0,0,0
1350867,3,2024,2024,8,4,9,485,27,52,769,0,1,9,-33.69998,150.928759,71,0,2,1,3,0,0,0,0,2,7,80,2,1391,1391,1,5,0,3,0,0,0,0
1350871,3,2024,2024,0,4,7,1,27,5,34609,0,1,9,-30.084539,143.18818,51,1,0,1,3,2,0,0,2,0,7,100,0,84,84,8,10,40,1,0,0,0,0
1350872,3,2024,2024,8,0,7,57,36,112,25,0,1,2,-33.613645,150.816894,29,2,2,1,3,0,0,3,2,0,7,60,2,1383,1383,1,0,5,3,0,0,0,0
1350875,3,2024,2024,8,3,10,344,27,62,382,0,1,10,-33.732939,150.848754,7,0,2,1,3,0,3,4,4,0,7,70,2,3775,3775,0,5,0,2,0,0,0,0
1350876,3,2024,2024,0,5,0,2209,17,35,2205,0,1,2,-34.054826,151.044411,68,0,2,1,2,0,0,0,0,0,7,80,2,945,945,5,5,40,1,0,0,0,0
1350878,3,2024,2024,8,6,8,109,27,247,106,0,1,9,-33.827694,150.934835,21,0,2,1,3,0,3,3,3,0,7,60,1,2852,2852,4,30,25,2,0,0,0,0
1350881,3,2024,2024,8,6,7,3,27,102,34609,0,1,9,-33.947009,151.20151,4,0,2,1,3,0,0,0,2,0,15,50,0,9859,9859,1,9,5,2,0,0,0,0
1350885,3,2024,2024,7,1,7,22,31,59,47,0,1,9,-32.891194,151.724885,48,0,2,1,3,0,0,0,2,0,0,60,2,2852,2852,4,0,5,2,0,0,0,0
1350889,3,2024,2024,8,5,7,36,31,112,34609,0,1,9,-36.05268,146.934749,0,2,1,1,3,0,0,0,2,0,7,60,0,1282,1282,1,5,5,3,0,0,0,0
1350891,3,2024,2024,0,0,4,178,27,189,101,0,1,10,-33.949858,151.052476,25,0,2,1,3,0,0,0,2,0,0,50,1,256,256,4,5,36,3,0,0,0,0
1350895,3,2024,2024,8,1,3,1,31,18,34609,0,1,9,-32.921589,151.756521,48,0,2,1,3,0,3,3,1,0,7,50,0,4026,4026,1,5,25,3,0,0,0,0
1350896,3,2024,2024,8,4,8,2,27,123,34609,0,1,1,-33.905157,151.218531,59,0,2,1,3,0,0,0,2,0,7,40,0,9859,9859,1,0,5,3,0,0,0,0
1350898,3,2024,2024,8,2,8,16,31,188,34609,1,0,7,-33.929672,151.09602,15,0,2,1,3,0,3,4,3,0,0,50,0,6545,6545,4,5,5,2,0,0,0,0
1350899,3,2024,2024,8,3,5,1,27,30,34,1,0,1,-34.205244,150.570197,79,2,2,1,3,0,3,4,2,0,7,50,1,144,144,1,30,0,2,0,0,0,0
1350900,3,2024,2024,3,4,3,348,17,25,232,0,1,1,-33.015029,149.870723,44,1,0,0,3,0,0,0,2,0,7,100,2,2585,4009,8,8,40,1,0,0,0,0
1350904,3,2024,2024,8,0,7,21,22,115,21,0,1,3,-33.915995,151.175389,32,0,2,0,3,0,0,0,2,0,7,50,2,1383,1383,1,5,10,2,0,0,0,0
1350907,3,2024,2024,8,3,3,31,1,234,139,0,1,2,-34.287272,146.041487,28,2,1,1,3,0,0,3,1,0,7,50,2,9859,9859,1,5,0,2,0,0,0,0
1350911,3,2024,2024,8,4,3,35,27,21,96,1,0,7,-32.958385,151.679769,37,0,2,0,3,0,3,4,2,2,0,60,2,4552,985,8,5,40,1,0,0,0,0
1350913,3,2024,2024,8,1,3,38,31,387,64,0,1,9,-33.924122,151.19067,4,0,2,1,3,0,3,4,2,0,7,50,2,5929,5929,1,10,5,2,0,0,0,0
1350914,3,2024,2024,0,3,9,500,27,136,799,0,1,9,-33.927424,151.080101,15,0,2,1,3,0,0,0,0,0,0,60,2,5929,5929,1,10,19,2,0,0,0,0
1350922,3,2024,2024,8,3,11,78,17,34,75,0,1,2,-33.860258,151.206207,69,0,2,0,3,0,3,4,0,0,7,70,2,1282,1282,1,5,22,2,0,0,0,0
1350924,3,2024,2024,8,6,5,361,31,79,33,0,1,9,-33.967387,151.127701,4,0,2,1,3,0,0,0,2,0,0,50,1,2852,2852,4,0,0,2,0,0,0,0
1350925,3,2024,2024,0,1,10,7,27,61,34609,0,1,1,-35.152904,149.167315,82,1,0,1,3,0,3,3,0,0,7,100,0,9859,9859,8,5,40,1,0,0,0,0
1350926,3,2024,2024,8,2,5,171,31,273,34609,1,0,7,-34.419668,150.89414,80,0,2,1,3,0,3,4,2,0,0,50,0,6545,6545,4,30,5,2,0,0,0,0
1350928,3,2024,2024,8,5,7,2209,17,64,2205,0,1,10,-34.383514,150.900176,80,0,2,1,3,0,3,4,2,2,7,80,2,14295,14295,3,10,5,2,0,0,0,0
1350929,3,2024,2024,8,3,0,117,27,78,144,0,1,1,-33.862502,151.093517,14,0,2,1,3,0,3,0,0,0,7,60,2,1192,1192,1,5,22,2,0,0,0,0
1350932,3,2024,2024,3,2,0,829,27,91,34609,0,1,1,-33.986249,150.904714,13,0,2,1,3,0,0,0,0,0,7,50,0,1192,1192,1,5,5,2,0,0,0,0
1350933,3,2024,2024,8,4,4,1052,14,149,928,0,1,3,-33.357151,151.34907,16,1,2,0,3,0,3,4,2,0,7,110,2,782,957,5,5,40,1,0,0,0,0
1350936,3,2024,2024,8,4,3,344,27,88,163,0,1,9,-33.735669,150.851649,7,0,2,1,3,0,0,3,2,2,7,70,2,14295,14295,3,5,5,4,0,0,0,0
1350938,3,2024,2024,8,5,8,515,14,294,518,0,1,3,-33.940819,150.933859,41,0,2,1,3,0,3,4,3,0,7,100,2,14295,14295,3,5,5,2,0,0,0,0
1350939,3,2024,2024,8,3,9,14,10,19,34609,0,1,1,-31.458565,152.850211,56,2,1,1,3,0,3,3,3,0,7,80,0,1391,1391,1,5,13,2,0,0,0,0
1350940,3,2024,2024,8,2,7,2209,17,10,2205,0,1,2,-34.651914,150.854226,35,1,0,0,3,0,3,4,2,0,7,100,2,4552,5151,8,5,40,1,0,0,0,0
1350943,3,2024,2024,3,1,1,3371,17,29,3342,0,1,2,-31.784958,152.647609,43,1,0,1,0,0,0,0,0,0,7,100,2,4026,4026,8,0,40,1,0,0,0,0
1350944,3,2024,2024,0,3,6,2261,17,23,2252,0,1,2,-34.649017,150.116444,78,1,0,0,3,0,0,0,2,0,7,110,2,1383,1383,1,10,25,2,0,0,0,0
1350945,3,2024,2024,0,3,7,1,1,87,34609,0,1,1,-33.682663,150.94965,71,0,2,1,3,0,0,0,2,0,7,50,0,3775,3775,0,5,0,2,0,0,0,0