Crash ID,Degree of crash - detailed,Reporting year,Year of crash,Month of crash,Day of week of crash,Two-hour intervals,Street of crash,Street type,Town,Route no.,School zone location,School zone active,Type of location,Latitude,Longitude,LGA,Urbanisation,Conurbation 1,Alignment,Street lighting,Road surface,Surface condition,Weather,Natural lighting,Signals operation,Other traffic control,Speed limit,Road classification,RUM - code,DCA - code,First impact type,Key TU type,Other TU type,No. of traffic units involved,No. killed,No. seriously injured,No. moderately injured,No. minor-other injured
1350947,3,2024,2024,0,6,10,1,25,137,34609,0,1,1,-32.95864,151.697704,37,0,2,1,3,0,0,0,0,0,7,50,0,237,397,1,5,13,2,0,0,0,0
1350950,3,2024,2024,8,1,5,165,31,112,34609,0,1,1,-33.607959,150.818756,29,2,2,1,3,0,3,3,2,0,7,40,0,9859,9859,1,9,36,2,0,0,0,0
1350952,3,2024,2024,8,6,3,6,27,27,34609,0,1,1,-33.242917,151.256084,16,2,2,0,3,0,3,1,2,0,7,80,0,1850,1463,5,10,40,1,0,0,0,0
1350960,3,2024,2024,8,1,7,26,31,90,34609,0,1,10,-32.928775,151.750538,48,0,2,1,3,0,3,3,2,0,15,50,0,1282,1282,1,5,13,2,0,0,0,0
1350966,3,2024,2024,8,6,7,204,31,41,82,0,1,1,-35.130613,147.35344,75,2,1,1,3,0,0,0,2,0,7,60,1,1109,787,1,10,0,2,0,0,0,0
1350968,3,2024,2024,8,4,8,118,27,646,118,0,1,9,-33.926392,151.030557,15,0,2,1,3,0,0,0,2,0,7,60,1,14295,14295,3,5,0,2,0,0,0,0
1350971,3,2024,2024,8,0,8,1,31,133,34609,1,0,1,-34.492824,150.800496,80,0,2,1,3,0,3,4,2,0,7,50,0,9859,9859,1,5,0,2,0,0,0,0
1350972,3,2024,2024,8,4,6,2,27,11,34609,0,1,1,-28.569173,153.434244,10,1,0,0,3,2,3,3,2,0,7,100,0,4552,5151,8,0,40,1,0,0,0,0
1350973,3,2024,2024,8,3,6,43,31,104,117,0,1,1,-32.914644,151.704116,48,0,2,1,3,0,3,4,2,0,7,60,2,9859,9859,8,0,40,1,0,0,0,0
1350977,3,2024,2024,8,3,10,126,27,74,168,0,1,9,-34.058068,150.779217,12,0,2,1,3,0,3,0,0,2,7,80,2,14295,14295,3,10,5,2,0,0,0,0
1350979,3,2024,2024,0,5,6,4,31,33,34609,0,1,9,-34.777729,150.69853,63,2,1,1,3,0,0,0,2,0,7,50,0,323,323,1,10,0,2,0,0,0,0
1350982,3,2024,2024,8,3,3,3371,17,25,3342,0,1,2,-32.668688,151.835106,57,1,0,1,3,0,3,4,2,0,7,110,2,9859,9859,8,5,40,1,0,0,0,0
1350983,3,2024,2024,8,3,4,22,27,59,34609,0,1,10,-33.163605,151.39671,37,0,2,0,3,0,3,3,2,0,7,100,0,4552,5151,8,5,40,1,0,0,0,0
1350985,3,2024,2024,8,5,5,149,36,10,113,0,1,1,-32.387903,152.416573,43,2,1,1,3,0,3,3,2,0,7,80,1,4026,4026,8,5,40,1,0,0,0,0
1350986,3,2024,2024,0,0,8,67,23,68,34609,0,1,9,-34.086698,151.010318,68,0,2,1,3,0,0,0,2,0,7,50,0,1957,777,1,34,5,4,0,0,0,0
1350987,3,2024,2024,8,2,8,32,27,56,62,0,1,1,-33.80587,151.199149,77,0,2,1,3,0,0,0,2,0,7,60,2,3775,3775,0,5,19,2,0,0,0,0
1350989,3,2024,2024,8,0,3,63,27,103,34,0,1,9,-32.947222,151.667769,37,0,2,1,3,0,3,0,2,0,15,60,1,775,775,4,10,13,2,0,0,0,0
1350992,3,2024,2024,8,4,3,2261,17,30,2252,0,1,3,-34.496003,150.311087,78,1,0,1,3,0,0,0,0,0,7,110,2,4026,4026,8,0,40,1,0,0,0,0
1350993,3,2024,2024,0,1,5,481,17,16,483,0,1,9,-35.709421,145.538598,51,1,0,1,3,0,0,0,2,0,0,100,2,1109,787,1,10,0,2,0,0,0,0
1350995,3,2024,2024,8,4,7,2126,17,94,2149,0,1,9,-33.774925,150.794012,55,0,2,1,3,0,0,0,2,2,7,60,2,2852,2852,4,5,0,2,0,0,0,0
1350996,3,2024,2024,8,6,6,334,17,15,308,0,1,1,-30.93962,150.583303,70,1,0,1,3,0,0,0,2,0,7,100,2,945,945,5,3,40,1,0,0,0,0
1350997,3,2024,2024,8,3,11,22,31,218,34609,0,1,1,-33.780323,150.76957,55,0,2,1,3,0,3,4,0,0,7,50,0,9859,9859,1,5,10,2,0,0,0,0
1350999,3,2024,2024,8,4,4,26,27,103,34609,0,1,1,-32.942717,151.63968,37,0,2,0,3,0,3,4,2,0,7,60,0,1981,1981,4,5,0,2,0,0,0,0
1351001,3,2024,2024,0,2,0,2261,17,68,2252,0,1,2,-34.805747,148.907643,82,1,0,0,3,0,0,0,0,0,7,110,2,4552,5151,8,3,40,1,0,0,0,0
1351004,3,2024,2024,8,4,11,3,27,9,34609,0,1,1,-34.054011,150.853927,13,0,2,0,3,0,0,0,0,0,7,60,0,273,957,5,5,40,1,0,0,0,0
1351007,3,2024,2024,8,1,11,2126,17,226,2149,0,1,2,-33.782121,150.826782,7,0,2,1,3,0,3,4,0,0,7,80,2,14295,14295,3,5,0,2,0,0,0,0
1351009,3,2024,2024,8,2,8,90,31,112,165,0,1,2,-33.90891,151.213135,69,0,2,1,3,0,0,0,2,0,7,80,2,14295,14295,3,0,0,2,0,0,0,0
1351015,3,2023,2023,9,0,7,19,31,182,174,0,1,1,-32.834695,151.356344,17,2,1,1,1,0,0,0,2,0,9,40,2,14295,14295,3,34,0,2,0,0,0,0
1351028,3,2023,2023,2,3,10,21,27,19,22,0,1,7,-32.737266,151.998588,57,2,1,0,2,0,0,0,3,0,0,60,1,782,985,5,5,40,1,0,0,0,0
1351029,3,2024,2024,4,5,7,5,31,123,34609,0,1,1,-33.809734,151.055367,54,0,2,1,0,0,0,0,2,0,7,50,0,1981,1981,4,5,5,2,0,0,0,0
1351048,3,2024,2024,3,4,2,1104,14,74,962,0,1,3,-33.774614,150.673074,55,0,2,1,2,0,0,0,0,0,7,110,2,404,404,8,0,40,1,0,0,0,0
1351061,3,2024,2024,3,0,7,36,27,33,36,0,1,9,-34.027003,150.816435,13,0,2,1,1,0,0,0,2,0,15,60,1,1109,397,1,5,0,2,0,0,0,0
1351090,3,2024,2024,4,3,8,1052,14,83,928,0,1,3,-33.515076,151.193905,16,1,2,1,1,0,0,0,2,0,7,90,2,14295,14295,3,5,5,2,0,0,0,0
1351111,3,2024,2024,7,0,4,107,22,346,144,1,0,9,-33.878263,151.093134,67,0,2,1,2,0,0,6,2,0,7,60,2,623,623,3,5,0,2,0,0,0,0
1351120,3,2024,2024,7,3,10,7,23,198,41,0,1,1,-33.909375,151.103608,15,0,2,1,2,0,0,0,0,0,7,40,1,9859,9859,1,5,0,2,0,0,0,0
1351135,3,2024,2024,0,5,3,60,1,176,34609,0,1,10,-33.96758,151.131604,25,0,2,1,2,0,0,0,2,0,15,50,0,9859,9859,1,5,5,2,0,0,0,0
1351159,3,2024,2024,7,4,2,132,31,174,126,0,1,10,-33.889952,151.207908,69,0,2,1,2,0,0,0,0,2,7,50,2,6545,6545,4,9,5,2,0,0,0,0
1351175,3,2024,2024,7,0,11,475,10,12,268,0,1,1,-33.874922,150.762304,55,0,2,1,2,0,0,0,0,0,7,60,2,9859,9859,8,10,40,1,0,0,0,0
1351180,3,2024,2024,0,3,7,2261,17,32,2252,0,1,3,-34.239825,150.660667,79,1,2,0,0,0,0,0,2,0,7,110,2,4552,5151,8,5,40,1,0,0,0,0
1351231,3,2024,2024,0,3,7,60,27,147,69,0,1,9,-33.870098,151.125608,14,0,2,1,0,0,0,0,2,0,7,60,2,3775,3775,0,5,13,2,0,0,0,0
1351233,3,2024,2024,8,3,0,76,7,33,34609,0,1,9,-33.414766,151.355551,16,2,2,1,2,0,3,4,0,0,7,50,0,9859,9859,8,10,40,1,0,0,0,0
1351251,3,2024,2024,8,0,7,191,17,5,189,0,1,1,-32.124367,149.150945,22,1,0,1,0,0,2,6,2,0,7,100,2,945,945,5,3,40,1,0,0,0,0
1351259,3,2024,2024,0,1,5,1,27,28,34609,0,1,1,-32.635894,151.99497,43,2,1,0,1,0,0,0,2,0,7,80,0,418,714,5,30,40,1,0,0,0,0
1351283,3,2024,2024,0,3,8,11,7,304,52,0,1,1,-33.922729,151.15631,32,0,2,1,2,0,0,0,2,0,7,50,1,9859,9859,1,5,5,4,0,0,0,0
1351286,3,2024,2024,7,6,2,829,27,81,34609,1,0,9,-33.878789,151.254005,81,0,2,1,1,0,0,0,0,0,9,50,0,4026,4026,8,5,40,1,0,0,0,0
1351296,3,2024,2024,8,2,2,1,31,102,34609,0,1,9,-33.946958,151.19658,4,0,2,1,0,0,0,0,1,0,15,50,0,2852,2852,4,33,0,2,0,0,0,0
1351299,3,2024,2024,8,0,8,126,27,370,168,0,1,9,-34.063293,150.786917,13,0,2,0,2,0,3,4,0,2,7,80,2,1282,1282,1,5,5,2,0,0,0,0
1351303,3,2024,2024,8,6,3,32,27,201,34609,0,1,1,-34.000256,150.860916,13,0,2,1,0,0,3,4,2,0,7,50,0,1282,1282,1,33,13,2,0,0,0,0
1351307,3,2024,2024,8,5,3,86,27,5,65,0,1,1,-30.220863,152.538548,18,1,0,0,0,0,3,4,2,0,7,100,1,2585,4009,8,10,40,1,0,0,0,0
1351326,3,2024,2024,8,3,10,11,27,5,34609,0,1,1,-31.899104,151.623252,43,1,0,0,0,2,3,4,0,0,7,100,0,1957,4009,8,10,40,1,0,0,0,0
1351345,3,2024,2024,0,1,2,916,17,66,917,0,1,2,-32.811578,151.675052,48,0,2,1,1,0,0,0,1,0,7,80,2,945,945,5,8,40,1,0,0,0,0
1351361,3,2024,2024,0,2,2,8,27,210,34609,0,1,1,-34.025826,151.099683,68,0,2,1,2,0,0,0,0,0,7,50,0,9859,9859,1,5,0,3,0,0,0,0
1351384,3,2024,2024,0,3,0,2126,17,33,2149,0,1,10,-33.718865,150.441604,8,2,2,0,2,0,0,0,0,2,7,70,2,2585,4009,8,5,40,1,0,0,0,0
1351395,3,2024,2024,0,2,6,2261,17,70,2252,0,1,10,-34.717704,150.00095,26,1,0,1,0,0,0,0,2,0,7,110,2,395,395,1,0,5,2,0,0,0,0
1351397,3,2024,2024,8,0,4,10,31,219,34609,0,1,1,-32.908757,151.668052,48,0,2,0,0,0,0,0,2,0,7,50,0,3775,3775,0,5,0,2,0,0,0,0
1351400,3,2024,2024,0,2,11,87,27,438,34609,0,1,1,-33.867634,151.0187,21,0,2,1,0,0,0,0,0,0,7,50,0,237,162,8,5,40,1,0,0,0,0
1351404,3,2024,2024,0,2,9,165,31,50,34609,0,1,1,-33.627601,151.331212,50,0,2,0,2,0,0,0,0,0,7,50,0,4552,5151,1,5,41,2,0,0,0,0
1351406,3,2024,2024,8,4,4,43,27,17,46,0,1,9,-28.257046,153.559777,72,2,1,1,1,0,0,0,2,0,0,80,1,775,775,4,33,5,2,0,0,0,0
1351415,3,2024,2024,0,5,5,21,27,62,23,0,1,1,-33.741954,150.638979,8,2,2,0,0,0,0,0,2,0,7,50,1,4552,5151,8,8,40,1,0,0,0,0
1351420,3,2024,2024,8,5,7,123,36,17,90,0,1,1,-31.796889,151.913986,43,2,1,0,0,0,3,3,2,0,7,80,1,4552,5151,8,5,40,1,0,0,0,0
1351421,3,2024,2024,8,3,4,1104,14,75,962,0,1,3,-33.873314,151.118611,9,0,2,1,1,0,3,3,2,0,7,90,2,9859,9859,8,0,40,1,0,0,0,0
1351425,3,2024,2024,8,0,10,8,1,78,34609,0,1,1,-33.857603,151.008508,21,0,2,1,2,0,3,4,0,0,7,50,0,9859,9859,1,10,5,2,0,0,0,0
1351468,3,2023,2023,9,5,8,2,7,293,34609,0,1,1,-33.948691,151.246689,59,0,2,1,1,0,0,0,2,0,7,50,0,4026,4026,1,0,5,2,0,0,0,0
1351480,3,2024,2023,2,6,9,11,31,21,34609,0,1,9,-34.54297,150.856312,62,0,2,1,3,0,0,0,3,0,7,50,0,9859,9859,8,0,40,1,0,0,0,0
1351482,3,2024,2024,4,3,4,71,17,43,71,0,1,10,-36.099971,144.752948,51,2,1,1,3,0,0,0,2,0,0,50,2,6545,6545,4,5,13,2,0,0,0,0
1351485,3,2024,2024,8,4,0,35,27,30,34609,0,1,1,-28.329328,153.509556,72,2,1,0,3,0,3,0,0,0,7,80,0,1957,4009,8,5,40,1,0,0,0,0
1351487,3,2024,2024,8,3,9,19,27,58,34609,0,1,1,-34.050379,151.122852,68,0,2,1,3,0,3,4,0,0,7,50,0,186,186,1,5,0,2,0,0,0,0
1351494,3,2024,2024,8,0,11,26,27,28,34609,0,1,1,-35.147585,147.339324,75,2,1,1,3,0,3,4,0,0,7,70,0,9859,9859,8,5,40,1,0,0,0,0
1351500,3,2024,2024,8,4,6,3,1,115,34609,0,1,1,-33.96272,151.060476,25,0,2,0,3,0,0,0,2,0,7,50,0,4552,5151,8,5,40,1,0,0,0,0
1351506,3,2024,2024,8,2,10,2261,17,31,2252,0,1,2,-35.095405,148.073839,20,1,0,1,3,0,3,4,0,0,7,110,2,9859,9859,8,10,40,1,0,0,0,0
1351510,3,2024,2024,8,5,3,33,31,57,62,0,1,1,-32.816823,151.484371,17,2,1,1,3,0,0,0,1,0,7,60,2,1669,1669,3,0,41,2,0,0,0,0
1351512,3,2024,2024,8,5,6,125,27,55,123,0,1,2,-33.365489,151.461507,16,2,2,1,3,0,0,0,2,0,7,60,2,1383,1383,1,5,13,2,0,0,0,0
1351514,3,2024,2024,8,0,4,19,27,47,24,0,1,1,-28.818154,153.432085,2,2,1,1,3,0,3,4,2,0,7,80,1,9859,9859,1,5,12,2,0,0,0,0
1351518,3,2024,2024,8,0,9,2209,17,201,2205,0,1,10,-34.887613,150.604566,63,2,1,1,3,0,0,0,3,2,7,70,2,5929,5929,1,10,0,2,0,0,0,0
1351520,3,2024,2024,8,0,5,37,31,273,87,0,1,10,-34.429681,150.899009,80,0,2,1,3,0,0,0,2,0,15,60,2,9859,9859,1,5,0,3,0,0,0,0
1351522,3,2024,2024,8,4,8,387,27,290,331,0,1,1,-33.944019,151.129216,4,0,2,1,3,0,0,0,2,0,7,60,2,14295,14295,3,5,0,3,0,0,0,0
1351523,3,2024,2024,0,4,8,5,31,33,34609,0,1,1,-33.416678,151.34517,16,2,2,1,3,0,0,0,2,0,7,50,0,1109,787,1,33,36,2,0,0,0,0
1351524,3,2024,2024,8,5,8,18,31,108,57,0,1,10,-28.8601,153.559134,2,2,1,1,3,0,0,0,2,2,7,60,1,926,926,4,5,13,2,0,0,0,0
1351526,3,2024,2024,3,5,3,128,27,61,133,0,1,1,-33.854565,150.649377,55,0,2,0,3,0,3,4,2,0,7,80,2,217,217,1,10,0,2,0,0,0,0
1351527,3,2024,2024,8,3,8,475,10,100,268,0,1,9,-33.890476,150.884956,24,0,2,1,3,0,3,4,2,2,7,70,2,14295,14295,3,5,5,2,0,0,0,0
1351528,3,2024,2024,8,5,3,866,17,171,793,0,1,10,-33.807288,150.969468,21,0,2,1,3,0,0,0,2,2,7,70,2,6545,6545,4,0,13,2,0,0,0,0
1351529,3,2024,2024,8,4,11,4,31,219,34609,0,1,1,-32.896267,151.681577,48,0,2,1,3,0,0,0,0,0,7,60,0,9859,9859,8,5,40,1,0,0,0,0
1351530,3,2024,2024,8,2,7,123,36,11,90,0,1,1,-31.730182,151.866983,43,2,1,0,3,0,3,4,2,0,7,80,1,1850,1463,5,10,40,1,0,0,0,0
1351532,3,2024,2024,8,2,6,123,36,17,90,0,1,1,-31.797233,151.91351,43,2,1,0,3,0,3,4,2,0,7,80,1,4552,5151,8,10,40,1,0,0,0,0
1351533,3,2024,2024,8,0,7,1,27,4,34609,0,1,1,-34.856448,147.7255,51,1,0,1,3,0,0,0,2,0,7,100,0,4026,4026,8,10,40,1,0,0,0,0
1351534,3,2024,2024,8,2,3,344,27,44,369,0,1,9,-33.742252,150.715937,55,0,2,1,3,0,0,3,2,2,7,70,2,14295,14295,3,10,13,2,0,0,0,0
1351537,3,2024,2024,8,2,5,2261,17,75,2252,0,1,1,-33.887889,151.115193,32,0,2,1,3,0,3,4,2,0,7,60,2,1981,1981,4,5,5,2,0,0,0,0
1351538,3,2024,2024,8,6,9,12,31,284,34609,0,1,7,-33.910774,151.017444,15,0,2,1,3,0,0,0,0,0,0,50,0,6545,6545,4,0,5,2,0,0,0,0
1351539,3,2024,2024,8,4,3,5,27,197,22,0,1,9,-33.801086,151.119903,61,0,2,1,3,0,0,0,2,0,15,60,1,5929,5929,1,10,5,2,0,0,0,0
1351540,3,2024,2024,8,3,7,4,23,4,34609,0,1,1,-33.986379,151.101086,25,0,2,0,3,0,0,0,2,0,7,50,0,1981,1981,4,5,5,2,0,0,0,0
1351541,3,2024,2024,8,0,0,45,27,26,44,0,1,2,-33.838588,151.145167,51,0,2,0,3,0,3,4,0,0,7,70,2,1957,4009,8,0,40,1,0,0,0,0
1351543,3,2024,2024,8,2,4,3,31,58,34609,1,0,10,-28.540522,153.550347,10,2,1,1,3,0,3,4,2,0,0,50,0,6545,6545,4,34,0,2,0,0,0,0
1351545,3,2024,2024,8,3,5,36,27,9,72,0,1,1,-28.715616,153.476394,10,2,1,0,3,0,3,4,2,0,7,80,2,2585,4009,8,0,40,1,0,0,0,0
1351546,3,2024,2024,8,5,4,45,3,20,331,0,1,1,-34.071209,150.700375,12,0,2,1,3,0,0,0,2,0,7,80,2,14295,14295,3,0,0,2,0,0,0,0
1351551,3,2024,2024,0,1,4,49,22,41,96,0,1,9,-32.970636,151.638084,37,0,2,1,3,0,0,0,2,2,7,60,2,14295,14295,3,0,5,2,0,0,0,0
1351555,3,2024,2024,8,2,8,2,27,433,34609,0,1,9,-33.32448,149.091582,52,2,1,1,3,0,3,4,3,0,7,80,0,782,985,5,5,40,1,0,0,0,0
1351556,3,2024,2024,8,4,6,63,17,11,63,0,1,1,-34.120254,142.142372,51,1,0,1,3,0,0,0,2,0,7,100,2,1192,1192,1,5,2,2,0,0,0,0
1351558,3,2024,2024,8,2,7,2261,17,70,2252,0,1,2,-34.717077,150.002415,26,1,0,1,0,0,3,4,2,0,7,110,2,9859,9859,8,0,40,1,0,0,0,0
1351560,3,2024,2024,8,3,6,100,27,68,78,0,1,7,-33.698403,149.845046,51,2,1,1,3,0,3,3,2,0,0,60,1,9859,9859,8,5,40,1,0,0,0,0
1351563,3,2024,2024,8,5,7,47,27,161,34609,0,1,1,-33.718645,151.160711,36,0,2,1,3,0,0,0,2,0,7,50,0,1383,1383,1,0,13,2,0,0,0,0
1351565,3,2024,2024,0,6,6,12,31,215,34609,0,1,1,-35.119603,147.344632,75,2,1,1,3,0,0,0,2,0,7,60,0,9859,9859,1,5,5,3,0,0,0,0
1351566,3,2024,2024,8,3,7,6,27,53,34609,0,1,1,-31.879545,152.355408,43,2,1,0,3,0,0,0,2,0,7,50,0,1957,4009,1,5,5,2,0,0,0,0
1351568,3,2024,2024,8,5,5,251,14,139,124,0,1,2,-33.83107,151.21323,49,0,2,1,3,0,0,0,2,0,7,80,2,1383,1383,1,8,0,2,0,0,0,0
1351569,3,2024,2024,8,3,5,73,27,443,78,0,1,1,-33.905285,151.046503,15,0,2,1,3,0,3,4,2,0,7,60,2,14295,14295,3,5,5,2,0,0,0,0
1351574,3,2024,2024,8,6,5,117,27,309,702,0,1,2,-33.822577,151.096298,61,0,2,1,3,0,0,0,2,0,7,70,2,14295,14295,3,5,0,3,0,0,0,0
1351575,3,2024,2024,8,0,0,17,27,7,34609,0,1,1,-33.012406,151.545659,37,0,2,1,3,0,3,3,0,0,7,60,0,9859,9859,8,0,40,1,0,0,0,0
1351577,3,2024,2024,8,2,11,222,27,71,165,0,1,10,-33.970231,151.073645,25,0,2,1,3,0,3,4,0,3,7,50,1,1282,1282,1,5,40,1,0,0,0,0
1351578,3,2024,2024,8,1,5,2,31,26,34609,0,1,1,-33.279236,151.568609,16,2,2,1,3,0,2,6,2,0,7,50,0,220,220,1,10,0,2,0,0,0,0
1351580,3,2024,2024,8,4,9,61,27,232,70,0,1,1,-33.67089,150.914118,71,0,2,1,3,0,0,3,0,0,7,70,1,14295,14295,3,5,0,2,0,0,0,0
1351581,3,2024,2024,8,4,7,2261,17,93,2252,0,1,9,-36.09086,146.923666,0,2,1,1,3,0,0,0,2,2,9,60,2,5929,5929,1,5,13,2,0,0,0,0
1351585,3,2024,2024,8,1,9,916,17,44,917,0,1,1,-31.99809,150.864109,73,1,0,1,3,0,3,4,0,0,7,100,2,1109,397,1,10,35,2,0,0,0,0
1351588,3,2024,2024,8,1,4,46,31,137,34609,0,1,1,-32.963065,151.697286,37,0,2,1,3,0,3,4,2,0,7,50,0,1981,1981,4,0,5,2,0,0,0,0
1351589,3,2024,2024,8,1,6,11,10,134,181,0,1,10,-33.891021,151.253378,76,0,2,0,3,0,0,0,2,2,7,50,2,1391,1391,1,9,5,2,0,0,0,0
1351593,3,2024,2024,8,6,3,916,17,9,917,0,1,9,-32.708671,151.426012,42,1,0,0,3,0,3,4,2,0,15,100,2,2852,2852,4,5,13,2,0,0,0,0
1351595,3,2024,2024,8,0,3,16,1,35,34609,0,1,1,-35.345361,149.208817,58,2,1,1,3,0,0,3,4,0,7,50,0,515,515,1,10,5,2,0,0,0,0
1351596,3,2024,2024,8,0,11,63,17,112,34609,0,1,1,-33.449524,151.435901,16,2,2,0,3,0,3,4,0,0,7,50,0,1259,5151,1,10,5,2,0,0,0,0
1351599,3,2024,2024,8,4,4,119,31,433,34609,0,1,1,-33.281673,149.106211,52,2,1,1,3,0,0,0,2,0,7,50,0,1109,787,1,10,5,2,0,0,0,0
1351602,3,2024,2024,8,2,4,3371,17,12,3342,0,1,2,-28.66126,153.547704,10,1,0,1,3,0,3,4,2,0,7,110,2,475,475,5,5,40,1,0,0,0,0
1351605,3,2024,2024,0,5,5,1052,14,54,928,0,1,3,-33.466097,151.194608,16,1,2,0,3,0,3,4,2,0,7,110,2,2585,4009,8,9,40,1,0,0,0,0
1351606,3,2024,2024,8,6,9,169,27,22,61,0,1,1,-33.828619,151.197781,49,0,2,1,3,0,0,0,0,0,7,50,1,1192,1192,1,5,5,2,0,0,0,0
1351609,3,2024,2024,8,4,4,1,31,134,34609,0,1,1,-33.672373,150.868241,7,0,2,1,3,0,0,0,2,0,7,50,0,220,220,8,5,40,2,0,0,0,0
1351611,3,2024,2024,8,3,11,19,27,5,34609,0,1,1,-34.907926,150.727547,63,2,1,1,3,0,3,4,0,0,7,50,0,4026,4026,8,10,40,1,0,0,0,0
1351613,3,2024,2024,0,2,9,1104,14,460,962,0,1,3,-33.819526,150.982586,21,0,2,1,3,0,0,0,0,0,7,90,2,1282,1282,1,5,0,2,0,0,0,0
1351615,3,2024,2024,8,6,0,330,23,24,39,0,1,0,-33.962613,151.246183,59,0,2,0,3,0,0,0,0,0,7,60,1,3775,3775,0,30,13,2,0,0,0,0
1351618,3,2024,2024,8,3,1,1,27,2,34609,0,1,1,-36.188336,149.110606,65,1,0,1,3,0,3,0,0,0,7,100,0,84,84,6,10,40,1,0,0,0,0
1351619,3,2024,2024,8,2,11,22,27,4,34609,0,1,9,-34.043459,150.863555,13,0,2,1,3,0,3,4,0,0,0,70,0,9859,9859,8,5,40,1,0,0,0,0
1351620,3,2024,2024,8,6,2,191,27,175,208,0,1,10,-33.773866,151.083113,54,0,2,1,3,0,0,0,0,2,7,60,2,1391,1391,1,5,0,2,0,0,0,0
1351623,3,2024,2024,8,6,2,114,27,24,228,0,1,1,-33.54003,150.920358,71,0,2,0,3,0,3,1,0,0,7,80,2,4552,5151,8,8,40,1,0,0,0,0
1351627,3,2024,2024,8,0,9,1104,11,532,770,0,1,3,-33.87363,151.200517,69,0,2,1,3,0,3,0,0,0,7,60,2,14295,14295,3,0,0,2,0,0,0,0
1351629,3,2024,2024,8,5,4,18,36,9,8,0,1,1,-35.652491,146.314465,51,1,0,0,3,0,0,0,2,0,7,100,1,1089,1089,7,0,40,1,0,0,0,0
1351630,3,2024,2024,8,4,8,2209,17,273,2205,0,1,1,-34.425335,150.89123,80,0,2,1,3,0,3,4,0,0,7,50,2,186,186,1,10,5,2,0,0,0,0
1351631,3,2024,2024,8,3,6,29,32,117,34609,0,1,1,-28.180351,153.540905,72,2,1,1,3,0,0,0,2,0,7,50,0,1981,1981,4,0,0,2,0,0,0,0
1351632,3,2024,2024,8,6,3,23,1,198,34609,1,0,1,-33.908852,151.096464,15,0,2,1,3,0,0,0,2,0,7,50,0,9859,9859,1,5,5,2,0,0,0,0
1351634,3,2024,2024,0,5,7,829,27,124,34609,0,1,1,-33.809752,151.029942,54,0,2,1,3,0,0,0,2,0,7,50,0,14295,14295,3,10,5,5,0,0,0,0
1351635,3,2024,2024,0,1,5,10,31,120,34609,0,1,1,-32.190459,152.511893,43,2,1,1,3,0,0,0,2,0,7,50,0,9859,9859,8,9,40,1,0,0,0,0
1351637,3,2024,2024,8,5,8,2126,17,323,2149,0,1,10,-33.788773,150.854467,7,0,2,0,3,0,0,0,3,3,7,80,2,515,515,1,5,5,2,0,0,0,0
1351639,3,2024,2024,8,6,4,251,27,62,212,0,1,2,-33.753554,151.259077,50,0,2,0,3,0,0,0,2,0,7,70,2,14295,14295,3,5,12,2,0,0,0,0
1351643,3,2024,2024,8,2,7,31,31,73,19,0,1,10,-33.87252,151.217605,69,0,2,1,3,0,3,3,2,2,7,50,2,1383,1383,1,5,5,2,0,0,0,0
1351646,3,2024,2024,8,0,7,222,27,98,70,1,0,9,-33.737392,151.063204,31,0,2,1,3,0,3,3,2,0,7,60,2,775,775,4,30,0,2,0,0,0,0
1351647,3,2024,2024,8,0,10,13,1,129,34609,0,1,9,-33.935118,151.070859,15,0,2,0,3,0,3,4,0,0,7,50,0,1850,1463,5,5,40,1,0,0,0,0
1351650,3,2024,2024,8,3,3,829,27,125,770,0,1,10,-33.830181,151.126663,61,0,2,1,3,0,3,3,2,2,7,60,2,6545,6545,4,5,41,2,0,0,0,0
1351651,3,2024,2024,8,3,6,224,27,246,321,0,1,9,-33.917207,151.19994,69,0,2,1,3,0,0,0,2,0,0,50,2,2852,2852,4,5,5,2,0,0,0,0
1351653,3,2024,2024,8,4,1,28,31,273,34609,0,1,1,-34.424123,150.898524,80,0,2,1,3,0,0,0,0,0,7,50,0,1109,787,1,5,13,2,0,0,0,0
1351654,3,2024,2024,8,5,3,191,17,25,189,0,1,1,-32.399147,150.72049,46,1,0,1,3,0,0,1,2,0,7,100,2,4026,4026,8,29,40,1,0,0,0,0
1351656,3,2024,2024,8,5,3,42,27,37,30,0,1,1,-33.901853,151.254453,76,0,2,1,3,0,0,0,2,0,7,50,1,941,941,1,5,5,2,0,0,0,0
1351661,3,2024,2024,8,2,7,222,27,562,34609,0,1,10,-32.268718,148.614857,22,2,1,1,3,0,3,3,2,0,15,50,0,2852,2852,4,5,0,2,0,0,0,0
1351665,3,2024,2024,8,0,7,2261,17,64,2252,0,1,2,-33.887315,151.073176,67,0,2,1,3,0,0,0,2,0,7,60,2,1391,1391,1,29,36,2,0,0,0,0
1351666,3,2024,2024,8,1,4,2261,17,523,2252,0,1,10,-33.928701,150.917871,41,0,2,1,3,0,0,0,2,2,7,60,2,1391,1391,1,0,0,2,0,0,0,0
1351668,3,2024,2024,8,1,8,29,31,74,9,0,1,9,-33.752081,150.845678,7,0,2,1,3,0,0,0,2,2,7,60,2,5929,5929,1,5,0,2,0,0,0,0
1351669,3,2024,2024,8,0,9,3371,17,90,3342,0,1,9,-28.247652,153.534734,72,1,0,0,3,0,0,0,3,0,0,110,2,14295,14295,3,5,13,2,0,0,0,0
1351677,3,2024,2023,2,0,10,1,27,136,34609,0,1,1,-32.9211,151.715754,48,0,2,1,2,0,0,0,0,0,7,50,0,4026,4026,8,5,40,1,0,0,0,0