Crash ID,Degree of crash - detailed,Reporting year,Year of crash,Month of crash,Day of week of crash,Two-hour intervals,Street of crash,Street type,Town,Route no.,School zone location,School zone active,Type of location,Latitude,Longitude,LGA,Urbanisation,Conurbation 1,Alignment,Street lighting,Road surface,Surface condition,Weather,Natural lighting,Signals operation,Other traffic control,Speed limit,Road classification,RUM - code,DCA - code,First impact type,Key TU type,Other TU type,No. of traffic units involved,No. killed,No. seriously injured,No. moderately injured,No. minor-other injured
1351680,3,2024,2023,2,1,4,58,4,22,34609,0,1,10,-33.821928,150.918496,21,0,2,1,2,0,0,0,2,2,7,60,0,9859,9859,8,5,40,1,0,0,0,0
1351701,3,2024,2024,3,0,8,283,27,197,702,0,1,9,-33.943079,151.077092,15,0,2,1,1,0,0,0,2,2,7,60,2,14295,14295,3,5,0,2,0,0,0,0
1351711,3,2024,2024,3,3,10,3,31,40,34609,0,1,9,-34.228799,150.576709,79,2,2,1,1,0,0,0,0,0,7,80,0,14295,14295,3,10,36,3,0,0,0,0
1351726,3,2024,2024,3,4,10,80,31,198,34609,0,1,10,-33.908019,151.109511,15,0,2,1,2,0,0,0,0,0,7,50,0,9859,9859,1,5,0,3,0,0,0,0
1351732,3,2024,2024,7,5,7,866,17,278,793,0,1,9,-33.776004,151.051325,54,0,2,1,1,0,0,0,2,0,0,60,2,2852,2852,4,5,13,2,0,0,0,0
1351760,3,2024,2024,7,3,10,2126,17,218,2149,0,1,10,-33.773136,150.786628,55,0,2,1,2,0,0,0,0,2,7,60,2,9859,9859,8,5,40,1,0,0,0,0
1351773,3,2024,2024,0,3,0,67,27,165,78,0,1,1,-33.854618,151.149125,14,0,2,1,2,0,0,0,0,0,7,50,2,9859,9859,1,0,0,4,0,0,0,0
1351777,3,2024,2024,7,2,8,10,31,8,34609,0,1,7,-33.841201,151.281334,81,0,2,0,0,0,0,0,2,0,0,40,0,4552,5151,8,10,40,1,0,0,0,0
1351789,3,2024,2024,0,6,1,27,27,119,96,0,1,9,-33.870811,151.161269,32,0,2,1,2,0,0,0,0,0,7,50,2,9859,9859,1,30,0,2,0,0,0,0
1351838,3,2024,2024,0,5,10,1,27,39,34609,0,1,1,-32.890175,151.570367,37,0,2,0,1,0,3,3,0,0,7,30,0,4552,5151,8,5,40,1,0,0,0,0
1351855,3,2024,2024,8,0,7,21,27,26,10,0,1,1,-32.740728,151.389102,17,2,1,1,0,0,0,0,2,0,7,80,1,1109,787,1,30,22,2,0,0,0,0
1351860,3,2024,2024,8,6,2,512,17,8,441,0,1,1,-33.416953,149.261141,11,1,0,0,0,0,0,0,0,0,7,100,2,1259,5151,8,5,40,1,0,0,0,0
1351861,3,2024,2024,7,6,3,2261,17,45,2252,0,1,3,-34.301878,150.608895,79,1,2,0,0,0,0,0,1,0,7,110,2,1192,1192,1,5,13,2,0,0,0,0
1351887,3,2024,2024,8,4,9,6,31,107,157,0,1,7,-29.683126,152.939984,18,2,1,1,2,0,0,0,0,0,0,50,2,6545,6545,4,5,5,2,0,0,0,0
1351890,3,2024,2024,8,2,1,27,27,171,35,0,1,1,-33.803342,150.973385,54,0,2,1,2,0,3,0,0,0,7,50,1,9859,9859,1,5,5,2,0,0,0,0
1351899,3,2024,2024,0,2,6,2,10,6,34609,0,1,1,-34.033131,151.026552,68,0,2,0,0,0,0,0,2,0,7,50,0,1957,4009,1,19,5,2,0,0,0,0
1351908,3,2024,2024,8,0,7,44,27,23,126,0,1,2,-32.772205,151.858973,57,2,1,1,1,0,0,3,2,0,7,80,2,9859,9859,8,5,40,1,0,0,0,0
1351917,3,2024,2024,8,0,10,330,27,125,25,0,1,9,-33.828835,151.128896,51,0,2,1,2,0,3,4,0,0,0,60,1,9859,9859,1,0,13,2,0,0,0,0
1351918,3,2024,2024,0,2,6,220,27,251,222,0,1,10,-33.774157,150.961216,7,0,2,1,1,0,0,0,2,2,7,80,2,1192,1192,1,9,13,2,0,0,0,0
1351920,3,2024,2024,7,2,10,16,36,17,41,0,1,1,-34.8309,147.419334,51,1,0,0,0,0,0,0,0,0,13,100,1,782,957,5,3,40,1,0,0,0,0
1351921,3,2024,2024,8,5,6,24,31,112,60,0,1,2,-36.057251,146.932721,0,2,1,1,1,0,0,0,2,0,7,60,1,1282,1282,1,0,40,1,0,0,0,0
1351926,3,2024,2024,3,3,5,512,31,55,34609,1,0,1,-33.884961,151.276086,76,0,2,1,1,0,0,0,2,0,7,50,0,9859,9859,1,0,0,2,0,0,0,0
1351938,3,2024,2024,8,2,8,95,27,14,605,0,1,1,-33.646178,151.324484,50,0,2,0,0,0,3,4,2,0,7,60,2,4552,5151,8,5,40,1,0,0,0,0
1351965,3,2024,2024,8,6,10,481,17,10,483,0,1,1,-29.683774,149.804292,51,1,0,0,0,0,0,0,0,0,7,110,2,2585,4009,8,0,40,1,0,0,0,0
1351973,3,2024,2024,8,3,7,8,27,5,34609,0,1,1,-30.041739,153.10884,19,2,1,0,1,2,3,0,2,0,7,40,0,4552,5151,8,10,40,1,0,0,0,0
1351982,3,2024,2024,0,0,7,2209,17,67,2205,1,0,2,-34.426017,150.870819,80,0,2,1,1,0,0,0,2,0,7,60,2,14295,14295,3,0,5,2,0,0,0,0
1351995,3,2024,2024,8,0,4,8,31,204,34609,0,1,1,-33.93141,151.147507,4,0,2,1,1,0,0,3,2,0,7,50,0,29,29,6,33,5,2,0,0,0,0
1352006,3,2024,2024,8,4,2,229,14,173,237,0,1,3,-33.778085,151.128384,61,0,2,1,0,0,3,3,0,0,7,100,2,9859,9859,8,9,40,1,0,0,0,0
1352011,3,2024,2024,8,5,9,16,36,9,19,0,1,1,-32.956423,147.726374,53,1,0,1,0,0,0,0,0,0,7,100,1,945,945,5,10,40,1,0,0,0,0
1352037,3,2024,2024,0,3,6,478,17,70,480,1,0,9,-33.436988,151.351102,16,2,2,1,1,0,3,4,2,2,7,60,2,1192,1192,1,5,5,2,0,0,0,0
1352049,3,2024,2024,8,2,11,12,31,30,34609,1,0,1,-34.329164,146.041821,28,2,1,1,0,0,0,0,0,0,7,50,0,3775,3775,0,33,0,2,0,0,0,0
1352053,3,2024,2024,8,0,0,2,1,78,34609,0,1,1,-28.329438,153.38416,72,2,1,1,2,0,3,3,0,0,7,50,0,4026,4026,1,33,13,2,0,0,0,0
1352061,3,2024,2024,0,1,7,5,10,38,34609,0,1,1,-30.260431,153.132768,19,2,1,0,1,0,0,0,2,0,7,50,0,3775,3775,0,19,0,2,0,0,0,0
1352065,3,2024,2024,0,0,5,44,27,75,34609,0,1,9,-33.880158,151.120241,32,0,2,1,1,0,0,0,2,0,7,50,0,775,775,4,5,5,2,0,0,0,0
1352078,3,2024,2024,8,0,11,4,10,232,34609,0,1,1,-33.67566,150.926384,71,0,2,1,2,0,3,4,0,0,7,50,0,9859,9859,1,0,0,2,0,0,0,0
1352080,3,2024,2024,8,0,2,89,27,182,228,1,0,10,-32.839025,151.343178,17,2,1,1,2,0,0,1,1,0,0,60,1,6545,6545,4,0,5,2,0,0,0,0
1352088,3,2024,2024,8,4,9,22,1,337,34609,0,1,1,-33.733246,151.000187,71,0,2,1,3,0,0,0,0,0,7,50,0,9859,9859,1,0,36,2,0,0,0,0
1352093,3,2024,2024,8,2,8,5,6,609,34609,0,1,1,-33.799709,150.899979,7,0,2,1,3,0,3,3,2,0,7,50,0,1391,1391,1,0,5,2,0,0,0,0
1352095,3,2024,2024,8,0,5,4,10,7,62,0,1,1,-36.72446,149.978768,5,2,1,0,3,0,3,4,2,0,7,50,1,4552,5151,1,5,13,2,0,0,0,0
1352103,3,2024,2024,8,5,4,515,14,271,518,0,1,3,-33.940044,151.013136,15,0,2,1,3,0,0,0,2,0,7,100,2,14295,14295,3,8,10,2,0,0,0,0
1352104,3,2024,2024,8,5,7,344,27,609,163,0,1,9,-33.766047,150.90454,7,0,2,1,3,0,0,0,2,0,7,60,2,14295,14295,3,5,5,3,0,0,0,0
1352105,3,2024,2024,8,3,5,866,31,17,34609,0,1,1,-33.86,151.206705,69,0,2,1,3,0,0,0,2,0,7,40,0,9859,9859,8,0,40,1,0,0,0,0
1352106,3,2024,2024,8,4,9,2,27,55,31,0,1,1,-36.227019,149.135591,65,2,1,0,3,0,0,0,0,0,7,50,1,273,957,5,5,40,1,0,0,0,0
1352107,3,2024,2024,8,5,4,20,31,135,101,0,1,9,-32.898093,151.735657,48,0,2,1,3,0,3,3,2,0,7,50,2,926,926,4,0,5,3,0,0,0,0
1352109,3,2024,2024,8,0,6,4,27,32,34609,0,1,1,-34.598694,150.592751,78,2,1,0,3,0,0,0,2,0,7,60,0,1850,1463,5,0,40,1,0,0,0,0
1352111,3,2024,2024,8,1,8,344,27,42,163,0,1,2,-33.740012,150.861996,7,0,2,1,3,0,0,0,2,0,7,70,2,14295,14295,3,0,0,2,0,0,0,0
1352116,3,2024,2024,8,5,4,344,27,168,382,0,1,10,-33.717694,150.843996,7,0,2,0,3,0,0,0,2,2,7,80,2,6545,6545,4,9,0,2,0,0,0,0
1352118,3,2024,2024,8,6,5,194,31,155,34609,0,1,10,-33.135497,148.175195,53,2,1,1,3,0,0,0,2,0,0,50,0,6545,6545,4,5,13,2,0,0,0,0
1352120,3,2024,2024,8,5,6,1052,14,39,928,0,1,3,-32.895814,151.574903,37,0,2,0,3,0,0,3,2,0,7,110,2,941,941,1,0,35,2,0,0,0,0
1352121,3,2024,2024,0,6,11,1,18,37,34609,0,1,9,-32.812461,151.514306,17,2,1,1,3,0,0,0,0,0,7,50,0,1089,1089,7,5,40,1,0,0,0,0
1352124,3,2024,2024,8,4,4,22,31,247,34609,0,1,1,-33.814904,150.936739,21,0,2,1,3,0,0,0,2,0,7,50,0,217,217,1,5,0,2,0,0,0,0
1352129,3,2024,2024,8,3,0,3371,17,16,3342,0,1,3,-28.380159,153.52431,72,1,0,1,3,0,3,3,0,0,7,110,2,404,404,8,9,40,1,0,0,0,0
1352133,3,2024,2024,8,2,5,10,27,106,34609,0,1,1,-33.889509,151.182073,69,0,2,1,3,0,0,0,2,0,9,40,0,4026,4026,8,5,40,1,0,0,0,0
1352134,3,2024,2024,8,4,9,1,10,41,34609,0,1,1,-30.348876,153.083188,19,2,1,0,3,0,3,4,0,0,7,50,0,782,957,5,5,40,1,0,0,0,0
1352140,3,2024,2024,8,0,4,3371,17,3,3342,0,1,2,-31.060051,152.886956,34,1,0,1,3,0,0,0,2,0,7,110,2,4026,4026,8,0,40,1,0,0,0,0
1352141,3,2024,2024,8,5,5,475,10,523,34609,0,1,2,-33.919763,150.921291,41,0,2,1,3,0,0,0,2,0,7,50,0,1981,1981,4,5,5,2,0,0,0,0
1352143,3,2024,2024,8,4,6,3,31,124,34609,0,1,9,-33.81461,151.035819,54,0,2,1,3,0,0,0,2,0,0,50,0,926,926,4,10,5,2,0,0,0,0
1352146,3,2024,2024,8,1,2,84,27,252,31,0,1,7,-33.944397,150.882261,41,0,2,1,3,0,0,0,1,0,0,60,1,14295,14295,3,5,0,2,0,0,0,0
1352147,3,2024,2024,8,4,4,178,27,189,101,0,1,10,-33.947334,151.052986,15,0,2,1,3,0,0,0,2,0,7,50,1,14295,14295,3,5,0,2,0,0,0,0
1352148,3,2024,2024,8,5,8,1104,14,223,962,0,1,3,-33.806376,150.927641,7,0,2,1,3,0,0,3,3,0,7,100,2,14295,14295,3,5,5,3,0,0,0,0
1352150,3,2024,2024,8,3,0,2261,17,523,2252,0,1,10,-33.934571,150.915948,41,0,2,1,3,0,3,4,0,2,7,60,2,1192,1192,1,5,5,2,0,0,0,0
1352151,3,2024,2024,8,5,10,48,31,119,34609,0,1,9,-32.767606,151.746651,57,2,1,1,0,0,0,0,0,0,0,50,0,6545,6545,4,5,25,2,0,0,0,0
1352153,3,2024,2024,0,3,7,112,27,18,769,0,1,1,-33.511962,150.492848,29,2,2,0,3,0,0,0,2,0,7,80,2,14295,14295,3,10,5,2,0,0,0,0
1352156,3,2024,2024,8,0,7,59,27,35,53,0,1,1,-34.174172,150.696685,79,2,2,1,3,0,0,0,2,0,7,80,1,4026,4026,8,0,40,1,0,0,0,0
1352159,3,2024,2024,0,2,9,7,27,7,34609,0,1,9,-29.10719,153.004425,60,1,0,0,3,2,3,4,0,0,7,100,0,4552,5151,8,5,40,1,0,0,0,0
1352160,3,2024,2024,8,4,3,1104,14,149,962,0,1,3,-33.818081,150.980037,21,0,2,0,3,0,0,0,1,0,7,90,2,1391,1391,1,10,13,3,0,0,0,0
1352161,3,2024,2024,8,5,5,1,31,41,34609,0,1,9,-33.861389,150.987252,24,0,2,0,3,0,0,0,2,0,7,50,0,4552,985,8,5,40,1,0,0,0,0
1352167,3,2024,2024,8,2,7,11,27,309,34609,0,1,9,-33.814904,151.11739,61,0,2,1,3,0,0,0,2,0,7,50,0,941,941,1,9,0,2,0,0,0,0
1352168,3,2024,2024,8,6,4,37,31,323,34609,0,1,9,-33.75844,151.006403,71,0,2,0,3,0,0,0,2,0,0,50,0,6545,6545,4,0,36,2,0,0,0,0
1352170,3,2024,2024,8,1,5,2209,17,45,2205,0,1,2,-33.891613,151.188178,69,0,2,1,3,0,0,0,2,0,7,50,2,941,941,1,19,5,2,0,0,0,0
1352171,3,2024,2024,8,4,0,163,27,41,165,1,0,9,-33.730808,150.829027,7,0,2,0,3,0,0,0,0,0,7,60,1,1109,397,1,5,12,2,0,0,0,0
1352174,3,2024,2024,8,4,5,3,27,4,34609,0,1,1,-28.79119,153.448264,2,1,0,0,3,0,0,0,2,0,7,100,0,782,957,5,5,40,1,0,0,0,0
1352177,3,2024,2024,8,3,1,39,27,19,51,0,1,1,-33.656288,151.068016,31,0,2,0,3,0,3,3,0,0,7,60,2,1259,5151,8,5,40,1,0,0,0,0
1352178,3,2024,2024,8,3,0,24,24,85,34609,0,1,2,-33.794324,150.683641,55,0,2,0,3,0,0,0,0,0,7,50,0,2585,4009,8,5,40,1,0,0,0,0
1352179,3,2024,2024,7,3,6,192,10,84,114,0,1,9,-33.467353,151.376627,16,2,2,0,1,0,0,0,2,0,0,60,2,150,150,4,5,0,2,0,0,0,0
1352183,3,2024,2024,8,6,10,11,31,228,143,1,0,7,-34.75002,149.718983,26,2,1,1,3,0,0,0,0,0,0,50,2,6545,6545,4,10,13,2,0,0,0,0
1352185,3,2024,2024,8,4,9,10,31,93,34609,0,1,10,-36.074943,146.936821,0,2,1,1,3,0,0,0,0,0,0,50,0,6545,6545,4,5,12,2,0,0,0,0
1352187,3,2024,2024,8,6,8,2261,17,68,2252,0,1,2,-34.772333,148.809251,82,1,0,1,3,0,0,0,2,0,7,110,2,4026,4026,8,10,40,1,0,0,0,0
1352194,3,2024,2024,8,2,6,2,31,133,34609,0,1,1,-33.92918,151.014419,15,0,2,1,3,0,0,0,2,0,7,50,0,9859,9859,1,10,5,3,0,0,0,0
1352195,3,2024,2024,8,3,0,12,31,53,34609,0,1,1,-33.762625,151.151154,36,0,2,0,3,0,3,0,0,0,7,50,0,4552,5151,1,5,5,2,0,0,0,0
1352196,3,2024,2024,0,3,2,1,10,21,34609,0,1,9,-35.066904,147.344439,75,2,1,1,3,0,0,0,0,0,7,50,0,489,489,8,5,40,1,0,0,0,0
1352197,3,2024,2024,8,2,11,149,27,72,198,0,1,9,-33.984281,150.992802,68,0,2,0,3,0,3,4,0,0,15,80,2,1259,5151,8,5,40,1,0,0,0,0
1352198,3,2024,2024,8,2,3,225,17,85,180,1,0,1,-34.571594,150.764837,62,0,2,1,3,0,0,0,2,0,7,50,2,14295,14295,3,5,40,2,0,0,0,0
1352199,3,2024,2024,8,2,8,57,27,36,143,0,1,1,-34.476302,149.513618,74,1,0,0,3,0,3,4,4,0,7,100,2,4552,5151,8,0,40,1,0,0,0,0
1352200,3,2024,2024,8,3,7,22,31,38,34609,0,1,1,-33.771824,150.799834,55,0,2,1,3,0,0,0,2,0,7,50,0,1981,1981,4,0,5,2,0,0,0,0
1352202,3,2024,2024,8,0,7,135,17,93,136,0,1,10,-36.076473,146.936459,0,2,1,1,3,0,0,0,2,0,0,60,2,6545,6545,4,0,0,2,0,0,0,0
1352204,3,2024,2024,8,5,3,168,10,387,260,0,1,2,-33.945013,151.185761,4,0,2,1,3,0,0,0,2,0,7,70,2,1383,1383,1,10,19,2,0,0,0,0
1352205,3,2024,2024,8,5,8,2126,17,283,2149,0,1,1,-33.828411,151.006757,54,0,2,1,3,0,0,0,2,0,7,60,2,14295,14295,3,0,5,2,0,0,0,0
1352206,3,2024,2024,8,2,11,866,17,247,793,0,1,2,-33.81738,150.962548,21,0,2,0,3,0,0,0,0,0,7,70,2,1383,1383,1,5,13,2,0,0,0,0
1352207,3,2024,2024,8,2,9,512,6,19,34609,0,1,9,-28.814967,153.528239,2,2,1,0,3,0,3,4,3,0,7,80,0,4552,5151,8,0,40,1,0,0,0,0
1352208,3,2024,2024,0,6,8,16,27,16,34609,0,1,9,-33.872293,151.228906,69,0,2,0,2,0,0,0,3,0,7,40,0,220,220,8,0,40,1,0,0,0,0
1352209,3,2024,2024,8,1,3,4,10,119,34609,1,0,1,-32.760506,151.777231,57,2,1,0,3,0,0,0,2,0,7,50,0,4552,5151,1,5,13,2,0,0,0,0
1352210,3,2024,2024,8,0,6,4,1,176,34609,0,1,1,-33.960692,151.139062,4,0,2,1,3,0,0,0,2,0,7,50,0,387,387,1,0,5,2,0,0,0,0
1352213,3,2024,2024,8,4,2,478,17,96,480,0,1,10,-33.433833,151.390015,16,2,2,1,3,0,0,0,0,2,7,60,2,9859,9859,8,9,40,1,0,0,0,0
1352215,3,2024,2024,8,6,3,481,17,16,483,0,1,1,-35.644156,145.576242,51,2,1,1,3,0,3,0,1,0,7,50,2,4026,4026,8,10,40,1,0,0,0,0
1352217,3,2024,2024,8,1,4,1052,14,160,928,0,1,6,-33.118234,151.466575,37,0,2,0,3,0,0,0,2,0,7,60,2,14295,14295,3,5,0,2,0,0,0,0
1352219,3,2024,2024,8,4,9,69,10,46,34609,0,1,9,-33.938714,151.109449,4,0,2,1,3,0,0,0,4,0,7,50,0,9859,9859,1,0,13,3,0,0,0,0
1352223,3,2024,2024,8,3,8,2,1,165,34609,0,1,10,-32.276582,150.888242,46,2,1,1,3,0,0,0,2,0,15,50,0,6545,6545,4,5,5,2,0,0,0,0
1352224,3,2024,2024,8,0,4,19,27,232,34609,1,0,1,-33.683393,150.931609,71,0,2,1,3,0,0,0,2,0,7,60,0,14295,14295,3,5,5,2,0,0,0,0
1352228,3,2024,2024,8,1,8,26,27,103,34609,0,1,1,-32.942725,151.647282,37,0,2,1,3,0,3,4,3,0,7,60,0,1109,787,1,30,5,2,0,0,0,0
1352229,3,2024,2024,8,6,8,5,31,18,34609,0,1,9,-32.962464,151.710335,37,0,2,0,3,0,0,0,3,0,15,60,0,5929,5929,1,0,5,2,0,0,0,0
1352230,3,2024,2024,8,6,8,22,31,215,34609,0,1,10,-35.10605,147.36159,75,2,1,1,3,0,0,0,3,0,0,50,0,6545,6545,4,0,0,2,0,0,0,0
1352231,3,2024,2024,8,1,8,4,31,215,34609,0,1,9,-35.120327,147.345314,75,2,1,1,3,0,0,0,2,0,0,50,0,5929,5929,1,0,13,2,0,0,0,0
1352233,3,2024,2024,8,2,4,9,27,110,20,0,1,9,-33.764569,151.01203,71,0,2,1,3,0,0,0,2,0,0,60,1,2852,2852,4,5,0,2,0,0,0,0
1352234,3,2024,2024,8,5,0,39,31,271,21,0,1,10,-33.944005,151.010072,15,0,2,1,3,0,0,0,0,2,7,60,1,6545,6545,4,5,5,2,0,0,0,0
1352236,3,2024,2024,8,5,5,134,10,36,133,0,1,2,-33.797441,151.014457,54,0,2,0,3,0,3,4,2,0,7,90,2,1192,1192,1,5,10,2,0,0,0,0
1352240,3,2024,2024,8,0,4,30,31,68,34609,0,1,1,-33.876992,151.242613,81,0,2,1,3,0,0,0,2,0,7,40,0,1109,397,1,5,18,2,0,0,0,0
1352241,3,2024,2024,8,3,7,143,31,90,181,0,1,9,-33.889845,151.240486,81,0,2,0,3,0,0,0,2,2,7,60,2,4552,5151,8,5,40,1,0,0,0,0
1352244,3,2024,2024,8,1,4,168,17,18,212,0,1,1,-35.656271,150.154028,23,1,0,0,3,0,0,0,2,0,6,100,2,323,323,1,10,10,2,0,0,0,0
1352246,3,2024,2024,8,3,0,3371,17,18,3342,0,1,2,-30.911196,152.914138,34,1,0,1,3,0,3,4,0,0,7,100,2,9859,9859,8,5,40,1,0,0,0,0
1352247,3,2024,2024,8,5,4,10,31,188,17,0,1,1,-33.941543,151.097533,25,0,2,1,3,0,0,0,2,0,7,50,1,1981,1981,4,5,22,2,0,0,0,0
1352249,3,2024,2024,8,6,9,512,17,7,441,0,1,1,-31.243576,146.899132,51,1,0,1,3,0,0,0,0,0,7,110,2,945,945,5,3,40,1,0,0,0,0
1352250,3,2024,2024,0,6,7,28,10,32,70,0,1,7,-31.939886,152.47194,43,2,1,1,1,0,0,0,2,0,0,70,1,1192,1192,1,0,5,2,0,0,0,0
1352258,3,2024,2024,8,6,10,17,31,91,172,0,1,7,-32.966752,151.652297,37,0,2,1,3,0,3,3,0,0,0,60,2,217,217,1,5,13,2,0,0,0,0
1352259,3,2024,2024,7,6,1,27,27,4,35,0,1,1,-28.437763,152.378935,51,1,0,0,3,0,3,4,0,0,7,100,1,1259,5151,8,5,40,1,0,0,0,0
1352260,3,2024,2024,8,6,7,133,27,66,260,0,1,1,-32.922008,151.653009,37,0,2,1,3,0,0,0,2,0,7,70,2,1192,1192,1,0,5,2,0,0,0,0
1352263,3,2024,2024,8,1,8,866,17,171,793,0,1,10,-33.80287,150.971204,54,0,2,0,3,0,3,0,2,2,7,70,2,5929,5929,1,5,10,2,0,0,0,0
1352266,3,2024,2024,8,5,2,77,27,25,100,0,1,1,-34.529602,150.39395,78,1,0,1,3,0,0,0,0,0,7,90,2,1089,1089,7,8,40,2,0,0,0,0
1352282,3,2024,2024,4,3,7,16,27,74,34609,0,1,1,-34.026822,150.764129,12,0,2,1,1,0,0,0,2,0,7,50,0,4026,4026,1,5,10,2,0,0,0,0
1352300,3,2024,2024,3,0,7,108,31,171,34609,0,1,1,-33.810105,150.971377,21,0,2,1,0,0,0,0,2,0,7,50,0,9859,9859,1,5,5,3,0,0,0,0
1352314,3,2024,2024,3,0,11,133,1,22,34609,1,0,1,-34.473537,150.871335,80,0,2,0,2,0,0,0,0,0,7,50,0,1957,4009,1,5,0,2,0,0,0,0
1352320,3,2024,2024,3,0,7,2209,17,157,2205,0,1,2,-34.01661,151.092839,68,0,2,0,1,0,0,0,2,0,7,70,2,14295,14295,3,5,5,2,0,0,0,0
1352331,3,2024,2024,7,0,8,89,31,133,34609,0,1,1,-33.922831,151.021872,15,0,2,1,0,0,0,0,2,0,7,50,0,941,941,1,5,25,2,0,0,0,0
1352347,3,2024,2024,7,4,4,2261,17,284,2252,1,2,9,-33.90764,151.025984,15,0,2,1,1,0,0,0,2,2,7,40,2,515,515,1,33,5,2,0,0,0,0
1352358,3,2024,2024,0,4,10,2,25,76,34609,0,1,9,-33.910864,150.874655,41,0,2,1,2,0,0,0,0,0,7,50,0,9859,9859,8,0,40,1,0,0,0,0
1352368,3,2024,2024,0,3,7,143,31,90,181,0,1,2,-33.890358,151.235967,81,0,2,1,1,0,0,0,2,0,7,60,2,9859,9859,1,5,13,2,0,0,0,0
1352387,3,2024,2024,0,0,9,105,17,251,136,0,1,9,-33.767997,150.944033,7,0,2,0,2,0,0,0,0,2,7,60,2,4552,985,8,0,40,1,0,0,0,0
1352413,3,2024,2024,0,3,10,85,10,136,702,0,1,9,-33.856692,151.071009,67,0,2,0,2,0,0,0,0,2,7,80,2,395,395,1,29,5,2,0,0,0,0
1352419,3,2024,2024,8,2,8,296,27,283,293,0,1,10,-33.834705,151.002056,21,0,2,1,2,0,0,0,0,2,6,70,2,3775,3775,0,10,13,2,0,0,0,0
1352433,3,2024,2024,8,0,9,4,1,74,34609,0,1,1,-34.027289,150.774341,12,0,2,1,2,0,3,4,0,0,7,50,0,9859,9859,1,0,5,2,0,0,0,0
1352451,3,2024,2024,8,3,9,11,27,29,25,0,1,1,-33.476168,151.436212,16,2,2,0,0,0,3,4,0,0,7,50,1,4552,5151,8,10,40,1,0,0,0,0
1352467,3,2024,2024,8,1,8,1,23,50,34609,0,1,1,-33.634224,151.323974,50,0,2,1,0,0,0,0,2,0,7,50,0,9859,9859,1,30,13,2,0,0,0,0
1352495,3,2024,2024,8,2,11,2209,17,7,2205,0,1,1,-36.34616,150.023383,23,2,1,1,0,0,0,0,0,0,7,80,2,1945,1945,5,10,40,1,0,0,0,0
1352498,3,2024,2024,0,3,11,46,27,15,49,0,1,2,-34.077072,150.840838,13,0,2,1,2,0,0,0,0,0,7,60,1,9859,9859,8,5,40,1,0,0,0,0
1352511,3,2024,2024,8,2,0,19,27,42,34609,0,1,9,-33.735687,151.280083,50,0,2,1,2,0,3,4,0,0,15,50,0,782,985,5,10,40,1,0,0,0,0
1352512,3,2024,2024,8,0,10,7,31,107,34609,0,1,9,-29.684689,152.927015,18,2,1,1,2,0,0,0,0,0,0,50,0,3775,3775,0,10,0,2,0,0,0,0
1352514,3,2024,2024,8,2,3,23,31,218,19,0,1,1,-33.747263,150.771336,55,0,2,0,0,0,0,0,2,0,7,60,1,4552,5151,1,0,12,3,0,0,0,0
1352516,3,2024,2024,8,4,8,21,31,433,34609,0,1,1,-33.29359,149.111672,52,2,1,1,2,0,0,0,3,0,7,50,0,9859,9859,8,0,40,1,0,0,0,0
1352519,3,2024,2024,8,0,9,19,27,201,42,0,1,1,-34.887299,150.599991,63,2,1,1,2,0,0,0,0,0,7,60,1,9859,9859,1,10,0,2,0,0,0,0
1352523,3,2024,2024,8,4,6,1,10,20,34609,0,1,1,-33.089854,151.524756,37,0,2,0,0,0,0,0,2,0,7,50,0,2585,4009,8,0,40,1,0,0,0,0
1352527,3,2024,2024,8,4,2,1104,14,218,962,0,1,3,-33.785327,150.779233,55,0,2,1,2,0,0,0,1,0,7,110,2,4026,4026,8,10,40,1,0,0,0,0
1352529,3,2024,2024,8,3,6,20,27,34,20,0,1,2,-35.077198,150.655338,63,2,1,0,1,0,3,4,2,2,9,60,1,1259,5151,8,30,40,2,0,0,0,0
1352547,3,2024,2024,0,2,1,19,1,100,68,0,1,1,-33.80642,151.166387,38,0,2,1,2,0,3,4,0,0,7,60,1,9859,9859,1,0,5,3,0,0,0,0
1352569,3,2024,2024,8,2,0,1,27,2,34609,0,1,1,-34.721585,150.687764,63,1,0,0,0,0,3,4,0,0,7,100,0,4552,5151,8,0,40,1,0,0,0,0
1352572,3,2024,2024,8,0,0,5,31,293,34609,0,1,1,-33.933989,151.232636,59,0,2,1,0,0,0,0,0,0,7,50,0,9859,9859,1,5,5,3,0,0,0,0
1352574,3,2024,2024,8,3,3,27,27,294,27,0,1,7,-33.942477,150.951366,41,0,2,1,1,0,0,0,2,0,0,60,1,6545,6545,4,5,0,2,0,0,0,0
1352591,3,2024,2024,8,0,9,2,27,1,34609,0,1,1,-28.552971,153.412161,10,2,1,1,0,2,0,0,2,0,7,50,0,4026,4026,8,10,40,1,0,0,0,0
1352602,3,2024,2024,0,0,9,3371,17,39,3342,0,1,7,-33.252241,151.48942,16,2,2,0,2,0,0,0,0,0,0,70,2,6545,6545,4,0,5,2,0,0,0,0
1352605,3,2024,2024,8,5,4,255,31,64,46,0,1,9,-33.483163,150.147752,40,2,1,1,1,0,0,0,2,0,0,50,2,926,926,4,33,5,2,0,0,0,0
1352607,3,2024,2024,0,5,4,33,27,70,49,0,1,1,-33.876503,150.877731,24,0,2,1,0,0,0,3,2,0,7,60,1,4026,4026,1,30,0,2,0,0,0,0
1352608,3,2024,2024,7,6,11,7,27,36,34609,0,1,1,-34.465213,149.468248,74,2,1,1,2,0,0,0,0,0,7,50,0,4026,4026,8,10,40,1,0,0,0,0