Crash ID,Degree of crash - detailed,Reporting year,Year of crash,Month of crash,Day of week of crash,Two-hour intervals,Street of crash,Street type,Town,Route no.,School zone location,School zone active,Type of location,Latitude,Longitude,LGA,Urbanisation,Conurbation 1,Alignment,Street lighting,Road surface,Surface condition,Weather,Natural lighting,Signals operation,Other traffic control,Speed limit,Road classification,RUM - code,DCA - code,First impact type,Key TU type,Other TU type,No. of traffic units involved,No. killed,No. seriously injured,No. moderately injured,No. minor-other injured
1352611,3,2024,2024,8,2,0,20,31,55,34609,0,1,9,-33.37175,151.46154,16,2,2,1,2,0,3,4,0,0,7,50,0,9859,9859,1,5,5,2,0,0,0,0
1352628,3,2024,2024,8,0,8,2126,17,149,2149,0,1,9,-33.816421,150.973158,21,0,2,1,0,0,3,4,3,2,7,80,2,14295,14295,3,5,5,2,0,0,0,0
1352630,3,2024,2024,8,0,8,158,27,46,207,0,1,9,-33.877302,151.233552,81,0,2,0,1,0,0,0,2,3,9,60,2,1192,1192,1,33,0,2,0,0,0,0
1352635,3,2024,2024,8,6,8,10,27,112,34609,0,1,1,-36.055591,146.928948,0,2,1,1,0,0,0,0,2,0,7,60,0,9859,9859,1,0,0,3,0,0,0,0
1352647,3,2024,2024,8,2,9,7,4,101,34609,0,1,1,-32.898904,151.604791,37,0,2,0,2,0,3,4,0,0,7,50,0,4552,5151,1,5,0,2,0,0,0,0
1352658,3,2024,2023,9,2,6,2126,17,17,2149,0,1,2,-33.710386,150.587081,8,2,2,0,3,0,3,4,2,0,7,80,2,14295,14295,3,5,0,2,0,0,0,0
1352678,3,2024,2024,0,5,6,2209,17,11,2205,0,1,1,-35.38462,150.455449,63,2,1,1,3,0,0,0,2,0,7,70,2,3775,3775,0,0,0,2,0,0,0,0
1352680,3,2024,2024,8,4,4,112,17,207,112,0,1,1,-31.885459,141.769571,51,1,0,1,3,0,0,0,2,0,7,110,2,3775,3775,0,10,5,2,0,0,0,0
1352683,3,2024,2024,8,6,4,7,27,3,34609,0,1,1,-32.279517,150.654101,46,1,0,1,3,0,0,0,2,0,7,100,0,1089,1089,7,5,40,1,0,0,0,0
1352686,3,2024,2024,8,4,5,3371,17,56,3342,0,1,2,-31.130135,152.825972,34,1,0,1,3,0,0,0,2,0,7,110,2,941,941,1,3,0,2,0,0,0,0
1352687,3,2024,2024,8,3,7,24,31,58,34609,0,1,1,-32.97542,151.669734,37,0,2,0,3,0,0,0,2,0,7,60,0,1109,397,1,0,0,2,0,0,0,0
1352689,3,2024,2024,8,1,4,205,27,161,415,0,1,9,-33.727155,151.165758,36,0,2,1,3,0,0,0,2,0,7,60,2,1669,1669,3,30,5,2,0,0,0,0
1352692,3,2024,2024,8,4,4,348,17,25,232,0,1,1,-32.934309,149.854289,44,1,0,1,3,0,0,0,2,0,7,100,2,1981,1981,4,0,35,2,0,0,0,0
1352693,3,2024,2024,8,3,9,6,31,85,34609,0,1,4,-32.939378,151.713888,48,0,2,1,3,0,0,0,0,0,7,50,0,175,188,8,5,40,1,0,0,0,0
1352696,3,2024,2024,8,6,6,11,31,215,82,0,1,9,-35.120874,147.355393,75,2,1,1,3,0,0,0,2,0,7,50,1,2852,2852,4,5,0,2,0,0,0,0
1352702,3,2024,2024,8,3,8,14,27,40,88,0,1,7,-33.797371,151.249953,50,0,2,1,3,0,0,0,3,0,0,50,2,14295,14295,3,21,5,2,0,0,0,0
1352703,3,2024,2024,8,6,8,6,10,74,34609,0,1,10,-34.021987,150.765274,12,0,2,1,3,0,0,0,3,2,7,50,0,5929,5929,1,5,0,2,0,0,0,0
1352704,3,2024,2024,8,0,8,2209,17,137,2205,0,1,2,-34.048483,151.052066,68,0,2,1,3,0,0,0,3,0,7,80,2,14295,14295,3,0,13,2,0,0,0,0
1352708,3,2024,2024,8,6,6,33,10,69,34609,0,1,9,-28.570331,153.4871,10,2,1,1,3,0,0,0,2,0,15,80,0,9859,9859,8,0,40,1,0,0,0,0
1352710,3,2024,2024,8,6,8,196,10,24,168,0,1,9,-33.966519,150.993572,15,0,2,1,3,0,0,0,2,0,7,60,2,14295,14295,3,0,0,3,0,0,0,0
1352713,3,2024,2024,8,4,8,4,31,70,34609,0,1,10,-33.914833,150.979178,15,0,2,1,3,0,0,0,3,0,0,50,0,6545,6545,4,5,13,2,0,0,0,0
1352717,3,2024,2024,8,2,8,829,31,179,70,0,1,10,-31.914191,152.459879,43,2,1,1,3,0,0,0,2,2,7,40,1,83,83,1,5,13,2,0,0,0,0
1352718,3,2024,2024,8,1,4,30,27,41,24,0,1,9,-32.813055,151.773512,57,2,1,0,3,0,0,0,2,0,0,80,2,941,941,1,0,5,2,0,0,0,0
1352722,3,2024,2024,8,6,5,14,27,40,88,0,1,7,-33.797329,151.250135,50,0,2,0,3,0,0,0,2,0,0,50,2,6545,6545,4,5,5,2,0,0,0,0
1352724,3,2024,2024,8,6,8,1104,14,113,962,0,1,3,-33.784161,150.769774,55,0,2,1,3,0,0,0,3,0,7,110,2,14295,14295,3,5,10,2,0,0,0,0
1352725,3,2024,2024,8,2,4,40,27,108,34609,0,1,1,-33.806842,151.182124,77,0,2,1,3,0,0,0,2,0,7,50,0,1981,1981,4,0,5,2,0,0,0,0
1352726,3,2024,2024,8,2,6,89,17,137,54,0,1,9,-34.030928,151.065325,68,0,2,1,3,0,0,3,2,0,0,70,2,14295,14295,3,10,0,3,0,0,0,0
1352727,3,2024,2024,8,3,3,33,27,33,154,0,1,10,-33.769172,150.871126,7,0,2,1,3,0,0,1,2,2,7,60,1,395,395,1,0,0,2,0,0,0,0
1352730,3,2024,2024,8,3,6,29,31,120,34609,0,1,1,-33.756657,150.874952,7,0,2,1,3,0,0,0,2,0,7,50,0,9859,9859,1,5,4,4,0,0,0,0
1352733,3,2024,2024,8,5,6,7,27,11,34609,1,0,1,-36.033484,146.946048,0,2,1,1,3,0,0,0,2,0,7,60,0,1981,1981,4,5,5,2,0,0,0,0
1352734,3,2024,2024,8,5,1,109,36,19,108,0,1,2,-28.272905,153.50858,72,1,0,1,3,0,0,0,0,0,7,100,1,4026,4026,8,0,40,1,0,0,0,0
1352735,3,2024,2024,8,4,4,344,31,32,34609,0,1,1,-29.07295,153.342771,60,2,1,1,3,0,0,0,2,0,7,50,0,941,941,1,10,0,2,0,0,0,0
1352742,3,2024,2024,8,1,9,7,31,175,34609,0,1,1,-33.77638,151.061933,54,0,2,1,3,0,0,0,3,0,7,50,0,4026,4026,8,5,40,1,0,0,0,0
1352744,3,2024,2024,8,0,9,283,27,253,702,0,1,9,-33.965683,151.094594,25,0,2,1,3,0,0,0,3,2,6,60,2,395,395,1,16,5,2,0,0,0,0
1352745,3,2024,2024,8,6,8,475,31,17,34609,0,1,9,-32.731711,151.539254,42,2,1,1,3,0,0,0,2,0,15,50,0,9859,9859,1,30,13,2,0,0,0,0
1352746,3,2024,2024,8,5,8,89,17,21,21,0,1,1,-34.251196,150.945124,80,0,2,1,3,0,0,0,2,0,7,100,1,1109,787,1,10,0,2,0,0,0,0
1352748,3,2024,2024,8,5,4,35,27,42,212,0,1,7,-35.350299,149.241079,58,2,1,0,3,0,0,0,2,0,0,60,2,1192,1192,1,5,22,2,0,0,0,0
1352749,3,2024,2024,8,6,10,7,31,78,34609,0,1,10,-33.853593,151.010829,21,0,2,1,3,0,0,0,0,0,0,50,0,1391,1391,1,5,5,2,0,0,0,0
1352752,3,2024,2024,8,2,9,3371,17,12,3342,0,1,2,-28.768049,153.533668,2,1,0,0,3,0,3,4,0,0,7,110,2,1391,1391,1,5,5,2,0,0,0,0
1352753,3,2024,2024,8,6,2,13,27,443,34609,0,1,7,-33.911948,151.051361,15,0,2,1,3,0,0,0,0,0,0,50,0,5929,5929,1,0,5,2,0,0,0,0
1352756,3,2024,2024,8,0,6,2126,17,21,2149,0,1,2,-33.726289,150.399807,8,2,2,0,3,0,3,4,2,0,7,80,2,1259,5151,8,34,40,1,0,0,0,0
1352757,3,2024,2024,8,6,4,2,10,30,34609,0,1,9,-34.039348,150.774613,12,0,2,1,3,0,0,0,2,0,0,50,0,144,144,1,8,5,2,0,0,0,0
1352760,3,2024,2024,8,3,9,125,27,6,123,0,1,10,-33.328156,151.428546,16,2,2,1,3,0,0,0,0,2,7,70,2,926,926,4,5,0,2,0,0,0,0
1352761,3,2024,2024,8,3,8,171,31,523,34609,0,1,10,-33.917393,150.921015,41,0,2,1,3,0,0,0,2,0,0,50,0,926,926,4,5,5,2,0,0,0,0
1352762,3,2024,2024,8,5,3,2261,17,70,2252,0,1,2,-34.700773,150.01844,26,1,0,1,3,0,0,0,2,0,7,110,2,1109,787,1,29,5,2,0,0,0,0
1352763,3,2024,2024,8,5,8,1,10,129,34609,0,1,9,-33.936383,151.070092,15,0,2,1,3,0,0,0,3,0,15,50,0,3775,3775,0,0,13,2,0,0,0,0
1352770,3,2024,2024,8,2,7,32,27,35,62,0,1,9,-33.813224,151.199559,77,0,2,0,3,0,0,0,2,2,7,60,2,14295,14295,3,0,5,2,0,0,0,0
1352772,3,2024,2024,8,3,2,26,27,92,25,0,1,1,-33.973949,150.825622,13,0,2,1,3,0,0,0,1,0,7,70,1,9859,9859,8,5,40,1,0,0,0,0
1352773,3,2024,2024,8,0,9,2,31,224,34609,0,1,1,-33.83706,151.235196,45,0,2,1,3,0,0,0,0,0,7,50,0,9859,9859,1,0,0,4,0,0,0,0
1352775,3,2024,2024,0,2,11,17,31,108,34609,0,1,1,-28.860664,153.569894,2,2,1,1,3,0,0,0,0,0,7,50,0,945,945,5,5,40,1,0,0,0,0
1352778,3,2024,2024,8,1,7,95,31,18,34609,0,1,9,-32.949692,151.662195,37,0,2,1,3,0,0,0,2,0,15,50,0,77,77,1,0,0,2,0,0,0,0
1352779,3,2024,2024,8,2,3,45,31,179,34609,0,1,7,-31.90946,152.459125,43,2,1,1,3,0,0,0,1,0,0,50,0,6545,6545,4,9,5,2,0,0,0,0
1352784,3,2024,2024,8,0,4,133,27,46,260,0,1,9,-32.913382,151.660796,48,0,2,1,3,0,0,0,2,2,7,70,2,623,623,3,5,22,2,0,0,0,0
1352785,3,2024,2024,8,6,4,145,27,201,34609,0,1,9,-34.869712,150.601167,63,2,1,1,3,0,0,0,2,0,15,50,0,2852,2852,4,0,5,2,0,0,0,0
1352788,3,2024,2024,8,1,9,59,27,10,143,0,1,1,-34.013054,149.323415,74,2,1,0,3,0,0,0,0,0,7,50,2,1957,4009,8,10,40,1,0,0,0,0
1352789,3,2024,2024,8,0,9,5,27,15,24,0,1,1,-28.800493,153.500558,2,2,1,0,3,0,3,4,0,0,7,80,1,4552,5151,8,5,40,1,0,0,0,0
1352791,3,2024,2024,8,3,6,15,27,30,34609,0,1,7,-34.493587,150.817307,80,0,2,1,3,0,0,0,2,0,0,60,0,926,926,4,5,5,2,0,0,0,0
1352793,3,2024,2024,8,6,2,13,27,1,34609,0,1,1,-32.515718,151.165307,64,2,1,1,3,0,0,1,0,0,7,80,0,1981,1981,4,5,13,2,0,0,0,0
1352794,3,2024,2024,8,4,11,33,10,69,34609,0,1,1,-28.536381,153.505558,10,1,0,0,3,0,3,4,0,0,7,100,0,4552,5151,8,5,40,1,0,0,0,0
1352799,3,2024,2024,8,1,9,25,31,460,55,0,1,2,-33.83148,150.977609,21,0,2,1,3,0,0,0,0,0,7,50,1,14295,14295,3,16,40,3,0,0,0,0
1352801,3,2024,2024,8,4,5,83,31,44,34609,0,1,1,-33.088863,147.150236,51,2,1,1,3,0,0,0,2,0,7,40,0,248,248,1,10,13,2,0,0,0,0
1352806,3,2024,2024,8,3,4,21,10,89,34609,0,1,1,-28.223737,153.530409,72,2,1,1,3,0,0,0,2,0,7,50,0,9859,9859,1,5,13,2,0,0,0,0
1352807,3,2024,2024,8,4,9,11,27,87,34609,0,1,10,-33.68523,150.952559,71,0,2,1,3,0,0,0,3,0,0,60,0,77,77,1,5,0,2,0,0,0,0
1352809,3,2024,2024,8,4,6,97,27,271,799,0,1,9,-33.934489,151.006401,15,0,2,1,3,0,0,0,2,0,0,70,2,9859,9859,8,5,40,1,0,0,0,0
1352811,3,2024,2024,8,5,4,51,27,85,34609,0,1,10,-33.910862,150.875157,41,0,2,1,3,0,0,0,2,1,7,50,0,1383,1383,1,10,5,2,0,0,0,0
1352813,3,2024,2024,8,3,5,9,27,11,34609,0,1,1,-28.641079,153.500729,10,2,1,1,3,0,0,0,2,0,7,60,0,3775,3775,0,0,5,2,0,0,0,0
1352822,3,2024,2024,8,5,7,177,22,239,176,0,1,1,-34.043345,151.124838,68,0,2,1,3,0,0,0,2,0,7,70,2,9859,9859,1,0,22,2,0,0,0,0
1352828,3,2024,2024,7,5,8,49,31,182,34609,0,1,1,-32.838286,151.345967,17,2,1,1,3,0,0,0,3,0,7,50,0,220,220,1,10,0,2,0,0,0,0
1352829,3,2024,2024,8,4,10,35,10,20,148,0,1,1,-34.211426,151.010364,80,0,2,0,3,0,0,0,4,0,7,60,2,1957,4009,8,0,40,1,0,0,0,0
1352830,3,2024,2024,8,3,1,19,31,197,34609,0,1,1,-33.947453,151.088468,25,0,2,1,3,0,0,0,0,0,7,50,0,1282,1282,1,0,5,2,0,0,0,0
1352833,3,2024,2024,8,1,8,112,27,18,769,1,0,1,-33.497092,150.513984,29,2,2,0,3,0,0,0,0,0,7,60,2,782,957,5,9,40,1,0,0,0,0
1352837,3,2024,2024,8,1,4,1,27,36,34609,0,1,1,-33.951653,148.264186,51,1,0,1,3,0,0,0,2,0,7,100,0,3775,3775,0,10,5,2,0,0,0,0
1352840,3,2024,2024,8,4,8,31,24,18,36,1,0,9,-33.746026,151.113448,36,0,2,1,3,0,0,0,2,0,15,60,1,14295,14295,3,5,0,2,0,0,0,0
1352841,3,2024,2024,8,1,8,37,27,21,34609,0,1,1,-33.264321,151.401656,16,2,2,1,3,0,0,0,2,0,7,80,0,14295,14295,3,5,0,2,0,0,0,0
1352842,3,2024,2024,8,5,4,829,27,149,770,0,1,9,-33.869049,151.176401,32,0,2,0,3,0,0,0,2,2,7,60,2,14295,14295,3,16,18,2,0,0,0,0
1352844,3,2024,2023,2,1,8,14,31,609,34609,0,1,9,-33.768685,150.916528,7,0,2,1,1,0,3,4,2,0,0,50,0,1282,1282,1,5,5,2,0,0,0,0
1352852,3,2024,2024,4,1,8,7,22,173,7,0,1,2,-33.875189,151.22052,69,0,2,1,2,0,0,0,2,0,7,80,2,1192,1192,1,3,5,2,0,0,0,0
1352854,3,2024,2023,2,0,1,46,1,187,34609,0,1,1,-33.885327,150.972659,24,0,2,1,2,0,0,0,0,0,7,50,0,9859,9859,1,5,5,3,0,0,0,0
1352864,3,2024,2024,4,0,5,32,1,110,34609,0,1,1,-33.748276,151.04328,71,0,2,1,0,0,0,0,2,0,7,50,0,1981,1981,4,0,18,2,0,0,0,0
1352884,3,2024,2024,7,3,8,100,27,62,799,1,0,1,-33.896974,151.148061,32,0,2,0,0,0,0,0,2,0,7,60,2,1957,4009,1,5,0,2,0,0,0,0
1352891,3,2024,2024,7,5,1,3371,17,35,3342,0,1,2,-30.530938,152.991783,6,1,0,0,0,0,0,0,0,0,7,110,2,204,204,1,33,0,2,0,0,0,0
1352925,3,2024,2024,0,6,10,44,27,53,34609,0,1,1,-33.772344,151.143692,36,0,2,1,2,0,0,0,0,0,7,50,0,1282,1282,1,5,0,3,0,0,0,0
1352939,3,2024,2023,2,2,0,361,31,36,34609,0,1,1,-32.963629,151.601035,37,0,2,0,2,0,0,0,0,0,7,50,0,489,489,8,5,40,1,0,0,0,0
1352948,3,2024,2024,0,3,1,3,27,3,34609,0,1,1,-32.900725,151.280781,17,2,1,1,2,0,3,4,0,0,7,50,0,9859,9859,1,10,0,2,0,0,0,0
1352951,3,2024,2024,0,4,3,150,27,309,415,0,1,10,-33.803923,151.113423,61,0,2,0,0,0,3,3,1,0,7,70,2,1192,1192,1,33,5,2,0,0,0,0
1352952,3,2024,2024,0,5,9,229,14,175,237,0,1,3,-33.764313,151.085422,54,0,2,1,0,0,0,0,2,0,7,100,2,404,404,8,5,40,1,0,0,0,0
1352975,3,2024,2024,0,6,6,12,24,55,34609,0,1,7,-35.383009,149.21089,58,2,1,1,3,0,2,6,2,0,0,50,0,2852,2852,4,5,35,2,0,0,0,0
1352980,3,2024,2024,8,1,6,4,27,136,34609,1,0,1,-33.867346,151.066905,67,0,2,1,1,0,0,0,2,0,7,50,0,248,248,1,0,5,2,0,0,0,0
1353016,3,2024,2024,0,2,11,17,10,20,34609,0,1,1,-34.395214,150.845281,80,0,2,0,0,0,0,0,0,0,7,60,0,1259,5151,1,5,5,3,0,0,0,0
1353038,3,2024,2024,8,2,7,4,27,11,34609,0,1,1,-29.782466,151.785266,51,1,0,0,0,2,0,0,2,0,7,100,0,380,714,5,5,40,1,0,0,0,0
1353046,3,2024,2024,8,3,3,2261,17,65,2252,0,1,7,-36.040542,146.974609,0,2,1,0,0,0,0,0,1,0,0,60,2,14295,14295,3,5,5,2,0,0,0,0
1353048,3,2024,2024,8,1,5,3,31,207,34609,0,1,10,-31.969341,141.443322,51,2,1,1,0,0,0,0,2,0,0,50,0,6545,6545,4,5,13,2,0,0,0,0
1353049,3,2024,2024,8,3,5,481,17,96,483,0,1,10,-33.364112,148.022811,51,2,1,1,0,0,0,0,2,0,0,80,2,6545,6545,4,10,13,3,0,0,0,0
1353056,3,2024,2024,8,2,0,128,27,363,133,0,1,10,-33.756982,150.686097,55,0,2,1,2,0,0,0,0,2,7,60,2,5929,5929,1,0,19,2,0,0,0,0
1353059,3,2024,2024,3,4,4,22,27,123,59,0,1,2,-33.889775,151.232656,69,0,2,0,1,0,0,0,2,0,7,40,1,1282,1282,1,5,5,2,0,0,0,0
1353061,3,2024,2024,0,4,2,1,27,12,34609,0,1,1,-34.164842,147.35213,51,1,0,0,0,0,0,0,0,0,7,100,0,782,957,5,10,40,1,0,0,0,0
1353081,3,2024,2024,3,2,0,92,7,15,34609,0,1,1,-33.997386,151.084517,68,0,2,0,2,0,3,4,0,0,7,50,0,4552,5151,1,9,5,2,0,0,0,0
1353089,3,2024,2024,8,6,8,5,31,159,34609,0,1,1,-33.80627,151.10077,61,0,2,1,2,0,3,4,3,0,7,50,0,9859,9859,1,10,12,4,0,0,0,0
1353091,3,2024,2024,8,2,0,145,27,143,19,0,1,1,-33.698382,151.106835,31,0,2,1,2,0,0,0,0,0,7,50,1,9859,9859,1,5,5,3,0,0,0,0
1353101,3,2024,2024,8,5,3,22,27,16,34609,0,1,0,-33.876129,151.226236,69,0,2,0,0,0,3,4,1,0,7,50,0,1957,4009,1,8,5,4,0,0,0,0
1353107,3,2024,2024,8,5,5,13,27,5,143,0,1,1,-34.622361,149.623236,26,1,0,1,0,0,0,0,2,0,7,100,2,101,101,8,34,13,2,0,0,0,0
1353116,3,2024,2024,8,2,0,1,25,91,34609,0,1,1,-33.988704,150.896546,13,0,2,1,2,0,0,0,0,0,7,50,0,220,220,1,5,5,2,0,0,0,0
1353119,3,2024,2024,8,5,9,16,2,168,34609,0,1,10,-33.695124,150.819053,7,0,2,1,2,0,0,0,0,0,15,50,0,6545,6545,4,5,0,2,0,0,0,0
1353124,3,2024,2024,0,0,9,294,17,56,288,0,1,10,-35.120206,147.378271,75,2,1,1,2,0,0,0,0,2,7,60,2,5929,5929,1,10,0,2,0,0,0,0
1353129,3,2024,2024,8,5,8,42,31,194,34609,0,1,9,-30.495733,151.68063,1,2,1,1,0,0,0,0,3,0,0,50,0,1282,1282,1,5,5,2,0,0,0,0
1353134,3,2024,2024,8,6,9,344,27,88,163,0,1,2,-33.734528,150.850332,7,0,2,1,2,0,0,0,0,0,7,70,2,14295,14295,3,33,5,3,0,0,0,0
1353135,3,2024,2024,8,1,7,3,27,54,34609,0,1,1,-28.51367,153.528495,10,2,1,1,0,0,0,0,2,0,7,60,0,3775,3775,0,5,10,2,0,0,0,0
1353141,3,2024,2024,8,2,5,9,10,65,34609,0,1,1,-36.032634,147.005298,0,2,1,1,1,0,0,0,2,0,7,60,0,941,941,1,0,5,2,0,0,0,0
1353150,3,2024,2024,8,5,5,7,27,22,34609,0,1,1,-33.450789,150.936045,71,0,2,0,1,0,0,0,2,0,7,60,0,380,714,5,5,40,1,0,0,0,0
1353155,3,2024,2024,8,3,6,16,31,215,34609,0,1,10,-35.113887,147.369,75,2,1,1,1,0,0,0,2,0,7,50,0,6545,6545,4,5,0,2,0,0,0,0
1353158,3,2024,2024,8,0,3,1,27,103,34609,0,1,1,-34.316336,148.328616,30,1,0,1,0,0,3,0,1,0,7,100,0,9859,9859,8,10,40,1,0,0,0,0
1353159,3,2024,2024,8,2,1,2,27,147,34609,0,1,1,-33.872447,150.986724,15,0,2,1,2,0,3,4,0,0,7,50,0,9859,9859,1,0,5,3,0,0,0,0
1353167,3,2024,2024,8,6,1,48,10,316,121,0,1,2,-31.429609,152.884659,56,2,1,1,2,0,0,6,0,0,7,60,1,1282,1282,1,33,40,1,0,0,0,0
1353176,3,2024,2024,8,1,10,6,10,55,34609,0,1,9,-35.379545,149.20136,58,2,1,1,2,0,0,0,0,0,7,50,0,9859,9859,8,30,40,1,0,0,0,0
1353177,3,2024,2024,8,6,0,2126,17,75,2149,0,1,9,-33.724673,150.384586,8,2,2,0,2,0,0,0,0,0,15,80,2,4552,985,8,0,40,1,0,0,0,0
1353183,3,2024,2024,8,5,4,515,14,243,518,0,1,3,-33.958422,150.876463,41,0,2,1,0,0,0,0,2,0,7,100,2,14295,14295,3,5,40,2,0,0,0,0
1353199,3,2024,2024,8,4,10,2,27,67,34609,1,0,1,-33.3969,151.334126,16,2,2,1,2,0,0,0,0,0,7,50,0,9859,9859,1,5,36,3,0,0,0,0
1353200,3,2024,2024,8,5,10,37,27,6,52,0,1,1,-33.995955,150.570769,79,2,2,0,0,0,0,0,0,0,7,80,1,4552,5151,8,5,40,1,0,0,0,0
1353202,3,2024,2024,8,0,10,2126,17,204,2149,0,1,9,-33.884744,151.135596,32,0,2,1,2,0,3,4,0,2,7,60,2,14295,14295,3,5,13,2,0,0,0,0
1353204,3,2024,2024,8,3,1,2,1,39,34609,0,1,1,-33.245935,151.48442,16,2,2,0,2,0,3,4,0,0,7,50,0,4552,5151,8,5,40,1,0,0,0,0
1353208,3,2024,2024,7,2,6,5,31,19,34609,1,0,1,-29.867509,150.568167,51,2,1,1,0,0,0,0,2,0,7,50,0,9859,9859,8,5,40,1,0,0,0,0
1353215,3,2024,2024,8,4,10,33,27,21,260,0,1,1,-33.036504,151.564364,37,0,2,1,2,0,0,0,0,0,7,80,2,1109,787,1,0,0,2,0,0,0,0
1353218,3,2024,2024,8,2,11,512,31,24,34609,0,1,1,-32.911943,151.786285,48,0,2,1,2,0,0,0,0,0,7,50,0,4026,4026,8,5,40,1,0,0,0,0
1353231,3,2024,2024,8,0,5,39,31,137,34609,0,1,1,-33.900974,150.906101,24,0,2,0,0,0,0,0,2,0,7,50,0,4552,5151,1,0,5,3,0,0,0,0
1353247,3,2024,2024,8,4,8,348,27,169,100,0,1,10,-33.602005,150.733855,29,2,2,1,0,0,0,0,0,0,15,60,2,6545,6545,4,0,0,2,0,0,0,0
1353250,3,2024,2024,8,5,3,1104,14,149,962,0,1,3,-33.817143,150.96941,21,0,2,1,1,0,0,0,1,0,7,90,2,1282,1282,1,10,13,2,0,0,0,0
1353276,3,2024,2024,8,4,3,866,17,61,793,0,1,2,-33.893417,150.922316,24,0,2,1,0,0,3,0,2,0,7,70,2,1282,1282,1,10,5,2,0,0,0,0
1353291,3,2024,2024,4,3,6,22,27,44,34609,0,1,1,-33.20797,151.504121,16,2,2,1,3,0,3,4,2,0,7,50,0,9859,9859,1,5,0,2,0,0,0,0
1353292,3,2024,2024,4,5,9,171,31,33,34609,0,1,10,-33.983841,151.137582,4,0,2,1,3,0,0,0,2,0,0,50,0,6545,6545,4,5,5,4,0,0,0,0
1353293,3,2024,2024,0,0,6,68,31,73,331,0,1,9,-34.180281,150.608193,79,2,2,1,3,0,0,0,2,0,7,60,1,475,475,5,5,40,1,0,0,0,0
1353296,3,2024,2024,0,5,9,17,31,131,34609,0,1,10,-36.083556,146.921733,0,2,1,1,3,0,0,0,3,0,0,50,0,6545,6545,4,5,5,2,0,0,0,0
1353298,3,2024,2024,7,0,10,294,17,11,288,0,1,1,-34.471827,145.456135,51,1,0,1,3,0,0,0,0,0,7,110,2,1089,1089,7,30,40,1,0,0,0,0
1353305,3,2024,2024,8,4,2,4,27,19,19,0,1,1,-33.214502,151.464757,16,1,2,1,3,0,0,0,0,0,7,100,2,1945,1945,5,0,40,1,0,0,0,0
1353306,3,2024,2024,8,5,8,224,27,169,321,0,1,10,-33.901489,151.201136,69,0,2,1,3,0,0,0,0,2,7,50,2,6545,6545,4,5,0,2,0,0,0,0
1353307,3,2024,2024,8,6,7,44,27,119,126,0,1,1,-32.758133,151.783038,57,2,1,1,3,0,0,0,2,0,7,70,2,9859,9859,8,21,40,1,0,0,0,0
1353313,3,2024,2024,8,6,3,2209,17,18,2205,0,1,1,-35.689628,150.196018,23,1,0,1,3,0,0,0,2,0,7,100,2,14295,14295,3,10,10,4,0,0,0,0
1353314,3,2024,2024,8,6,4,1,27,3,34609,0,1,1,-29.063562,153.356336,39,1,0,1,3,0,0,0,2,0,7,100,0,3775,3775,0,0,0,2,0,0,0,0
1353315,3,2024,2024,8,6,7,57,27,155,75,0,1,1,-33.487475,151.303304,16,2,2,0,3,0,3,0,2,0,7,60,1,3775,3775,0,10,5,2,0,0,0,0
1353317,3,2024,2024,0,4,3,3371,17,52,3342,0,1,1,-33.263107,151.466804,16,2,2,1,3,0,0,0,2,0,7,70,2,475,475,5,5,40,1,0,0,0,0
1353318,3,2024,2024,6,3,8,120,27,12,148,0,1,1,-30.526583,151.931186,1,1,0,1,3,0,3,4,2,0,7,100,2,9859,9859,8,30,40,1,0,0,0,0
1353320,3,2024,2024,6,2,1,3371,17,29,3342,0,1,2,-32.184587,152.326447,43,1,0,0,3,0,3,4,0,0,7,100,2,404,404,8,9,40,1,0,0,0,0
1353321,3,2024,2024,6,1,5,222,27,54,40,0,1,9,-33.644615,150.881911,29,2,2,1,3,0,0,0,2,0,7,80,1,14295,14295,3,10,5,2,0,0,0,0
1353325,3,2024,2024,6,2,9,344,27,95,382,0,1,10,-33.732612,150.848153,7,0,2,1,3,0,3,4,3,2,7,70,2,14295,14295,3,5,5,4,0,0,0,0
1353326,3,2024,2024,4,4,8,14,27,11,34609,0,1,9,-34.535904,150.767749,80,0,2,1,3,0,0,3,2,0,7,80,0,14295,14295,3,16,10,2,0,0,0,0
1353327,3,2024,2024,6,2,5,1052,14,160,928,0,1,3,-33.146349,151.475311,37,0,2,1,3,0,3,4,2,0,7,110,2,945,945,5,5,40,1,0,0,0,0
1353331,3,2024,2024,6,3,5,344,27,164,163,0,1,9,-33.74368,150.873215,7,0,2,1,3,0,0,0,2,0,7,70,2,623,623,3,5,5,2,0,0,0,0
1353332,3,2024,2024,6,5,8,8,31,215,34609,0,1,2,-35.10614,147.369803,75,2,1,1,3,0,0,0,2,0,7,50,0,248,248,1,10,5,2,0,0,0,0
1353333,3,2024,2024,6,1,9,4,27,54,34609,0,1,10,-33.239462,151.492703,16,2,2,1,3,0,0,0,3,0,15,50,0,1957,777,8,5,40,1,0,0,0,0
1353335,3,2024,2024,6,5,4,100,31,157,769,0,1,10,-33.800855,151.00285,54,0,2,1,3,0,0,0,2,2,7,60,2,14295,14295,3,5,5,2,0,0,0,0
1353337,3,2024,2024,6,0,8,866,17,149,793,0,1,2,-33.815012,150.964453,21,0,2,1,3,0,0,0,3,0,7,70,2,14295,14295,3,0,12,2,0,0,0,0
1353338,3,2024,2024,8,4,8,67,27,85,34609,0,1,1,-33.90297,150.866475,41,0,2,1,3,0,0,0,2,0,7,50,0,941,941,1,0,5,2,0,0,0,0