Crash ID,Degree of crash - detailed,Reporting year,Year of crash,Month of crash,Day of week of crash,Two-hour intervals,Street of crash,Street type,Town,Route no.,School zone location,School zone active,Type of location,Latitude,Longitude,LGA,Urbanisation,Conurbation 1,Alignment,Street lighting,Road surface,Surface condition,Weather,Natural lighting,Signals operation,Other traffic control,Speed limit,Road classification,RUM - code,DCA - code,First impact type,Key TU type,Other TU type,No. of traffic units involved,No. killed,No. seriously injured,No. moderately injured,No. minor-other injured
1353339,3,2024,2024,6,6,6,72,14,169,71,0,1,3,-33.898486,151.215582,69,0,2,1,0,0,0,0,2,0,7,80,2,1282,1282,1,29,5,3,0,0,0,0
1353340,3,2024,2024,8,6,4,2,31,73,34609,0,1,9,-33.889715,151.163816,32,0,2,1,3,0,0,0,2,0,7,50,0,217,217,1,10,0,2,0,0,0,0
1353344,3,2024,2024,6,1,9,78,31,124,34609,0,1,9,-33.815437,151.041746,54,0,2,1,3,0,0,0,0,0,7,50,0,9859,9859,8,5,40,1,0,0,0,0
1353347,3,2024,2024,6,5,5,99,31,84,105,0,1,9,-33.882042,150.939704,24,0,2,1,3,0,0,0,2,0,7,60,1,2852,2852,4,0,5,2,0,0,0,0
1353351,3,2024,2024,8,5,4,97,27,294,799,0,1,10,-33.92881,150.962285,41,0,2,1,3,0,3,0,2,2,7,70,2,186,186,1,29,35,2,0,0,0,0
1353352,3,2024,2024,6,0,2,103,36,24,103,0,1,9,-32.006254,151.976645,43,1,0,1,3,0,0,1,1,0,7,90,1,1089,1089,7,10,40,1,0,0,0,0
1353354,3,2024,2024,0,4,8,34,31,115,34609,0,1,1,-33.960475,151.057163,25,0,2,1,3,0,0,0,4,0,7,50,0,387,387,1,5,5,2,0,0,0,0
1353357,3,2024,2024,6,4,4,6,7,201,34609,0,1,10,-34.897954,150.615272,63,2,1,1,3,0,3,4,2,0,0,50,0,6545,6545,4,10,41,2,0,0,0,0
1353364,3,2024,2024,6,2,9,3371,17,53,3342,0,1,9,-33.77056,151.160593,36,0,2,1,3,0,3,4,0,0,3,60,2,5929,5929,1,34,0,2,0,0,0,0
1353365,3,2024,2024,8,0,4,7,27,232,34609,0,1,9,-33.675432,150.902633,7,0,2,1,3,0,0,0,2,0,7,60,0,5929,5929,1,5,13,3,0,0,0,0
1353366,3,2024,2024,8,0,11,2126,17,27,2149,0,1,1,-33.584184,150.244324,8,2,2,0,3,0,3,0,0,0,7,60,2,1957,4009,8,5,40,1,0,0,0,0
1353369,3,2024,2024,6,5,4,109,27,38,169,0,1,10,-32.814891,151.458806,17,2,1,1,3,0,0,0,2,2,7,60,2,14295,14295,3,9,5,2,0,0,0,0
1353370,3,2024,2024,3,2,7,2126,17,125,2149,0,1,2,-33.865114,151.086829,67,0,2,1,3,0,3,4,2,0,7,60,2,14295,14295,3,0,13,2,0,0,0,0
1353371,3,2024,2024,6,6,7,478,17,128,480,0,1,10,-33.427169,151.317787,16,2,2,1,3,0,0,0,2,2,7,70,2,14295,14295,3,30,0,2,0,0,0,0
1353373,3,2024,2024,6,2,9,51,27,28,34609,0,1,10,-33.910862,150.875157,41,0,2,1,3,0,3,4,0,2,7,50,0,9859,9859,8,9,40,1,0,0,0,0
1353375,3,2024,2024,8,1,5,90,36,24,102,0,1,1,-34.529195,148.164843,20,2,1,1,3,0,0,0,2,0,7,60,2,1109,787,1,10,13,2,0,0,0,0
1353378,3,2024,2024,6,3,1,2261,17,68,2252,0,1,2,-34.771972,148.831382,82,1,0,0,3,0,3,1,0,0,7,110,2,1957,4009,8,10,40,1,0,0,0,0
1353379,3,2024,2024,3,3,6,485,27,232,769,0,1,10,-33.690517,150.922224,7,0,2,1,3,0,0,0,2,2,7,80,2,6545,6545,4,0,12,2,0,0,0,0
1353382,3,2024,2024,8,0,0,16,27,20,34609,0,1,1,-32.962154,151.548205,37,0,2,0,3,0,3,4,0,0,7,80,0,1259,5151,8,0,40,1,0,0,0,0
1353383,3,2024,2024,8,5,11,6,31,35,34609,0,1,10,-33.821641,151.198084,77,0,2,1,3,0,0,0,0,0,15,50,0,404,404,8,5,40,1,0,0,0,0
1353386,3,2024,2024,8,0,7,3371,17,10,3342,0,1,2,-28.427782,153.519109,72,1,0,1,3,0,0,0,2,0,7,110,2,1192,1192,1,10,5,2,0,0,0,0
1353387,3,2024,2024,6,0,3,2209,17,40,2205,0,1,2,-34.962392,150.599358,63,1,0,1,3,0,3,4,2,0,7,100,2,9859,9859,8,10,40,1,0,0,0,0
1353391,3,2024,2024,8,6,10,14,1,64,34609,0,1,1,-33.707333,150.744756,55,0,2,1,3,0,0,0,0,0,7,60,0,4026,4026,8,5,40,1,0,0,0,0
1353394,3,2024,2024,6,0,0,157,17,25,158,0,1,1,-33.709825,148.891295,51,1,0,0,3,0,3,4,0,0,7,100,2,1259,5151,8,29,40,1,0,0,0,0
1353395,3,2024,2024,6,1,2,21,22,115,21,0,1,6,-33.915807,151.17467,32,0,2,1,3,0,0,0,0,0,7,80,2,1383,1383,1,5,0,2,0,0,0,0
1353398,3,2024,2024,8,4,4,18,31,52,34609,0,1,10,-33.900655,151.260422,76,0,2,1,3,0,0,0,2,0,0,50,0,6545,6545,4,21,5,2,0,0,0,0
1353400,3,2024,2024,6,5,3,3,27,30,34609,0,1,9,-34.343864,145.986555,28,1,0,1,3,0,2,6,2,0,7,100,0,1089,1089,7,10,40,1,0,0,0,0
1353401,3,2024,2024,8,0,3,2261,17,14,2252,0,1,2,-34.807408,149.519888,26,1,0,0,3,0,3,4,1,0,7,110,2,1957,4009,8,3,40,1,0,0,0,0
1353402,3,2024,2024,6,5,10,22,31,532,34609,0,1,9,-33.866637,151.205812,69,0,2,1,3,0,3,5,0,2,7,40,0,395,395,1,5,5,2,0,0,0,0
1353403,3,2024,2024,8,6,7,8,1,63,34609,0,1,7,-33.243754,151.506289,16,2,2,1,3,0,0,0,2,0,0,50,0,5929,5929,1,0,5,2,0,0,0,0
1353407,3,2024,2024,6,5,8,15,27,69,34609,0,1,9,-32.903625,151.690768,48,0,2,1,3,0,0,0,3,0,7,50,0,1282,1282,1,5,0,2,0,0,0,0
1353408,3,2024,2024,8,0,3,1052,14,33,928,0,1,3,-33.641785,151.143749,31,0,2,1,3,0,0,0,1,0,7,110,2,9859,9859,8,5,40,1,0,0,0,0
1353410,3,2024,2024,6,2,8,10,27,463,34609,0,1,7,-30.283947,153.129376,19,2,1,0,3,0,3,4,3,0,0,50,0,3775,3775,0,5,0,2,0,0,0,0
1353411,3,2024,2024,6,2,10,76,27,15,148,0,1,10,-32.938708,151.758564,48,0,2,1,3,0,3,4,0,2,7,60,1,3775,3775,0,5,5,2,0,0,0,0
1353413,3,2024,2024,6,2,11,103,27,123,563,0,1,2,-33.817236,151.052283,54,0,2,1,3,0,3,4,0,0,7,80,2,1282,1282,1,5,0,2,0,0,0,0
1353414,3,2024,2024,6,6,3,196,10,166,168,0,1,9,-33.944929,150.9823,15,0,2,1,3,0,0,3,2,2,7,60,2,5929,5929,1,21,5,2,0,0,0,0
1353415,3,2024,2024,8,0,5,2261,17,70,2252,0,1,2,-34.717917,150.000419,26,1,0,1,3,0,3,4,2,0,7,110,2,4026,4026,8,0,40,1,0,0,0,0
1353417,3,2024,2024,6,1,3,67,27,225,68,0,1,9,-33.801477,151.18794,77,0,2,1,3,0,0,0,2,2,7,50,1,5929,5929,1,0,5,2,0,0,0,0
1353419,3,2024,2024,6,2,5,234,27,4,217,0,1,1,-33.536618,151.013044,31,0,2,1,3,0,3,4,2,0,7,90,2,9859,9859,8,8,40,1,0,0,0,0
1353421,3,2024,2024,6,2,6,3371,17,24,3342,0,1,2,-31.577975,152.73188,56,1,0,1,0,0,3,4,2,0,7,110,2,4026,4026,8,5,40,1,0,0,0,0
1353424,3,2024,2024,8,0,8,57,27,30,126,0,1,9,-32.767369,151.63072,42,2,1,1,3,0,0,0,3,0,15,80,2,2852,2852,4,5,13,2,0,0,0,0
1353425,3,2024,2024,6,6,8,229,14,98,237,0,1,3,-33.758354,151.052313,54,0,2,1,3,0,0,0,3,0,7,100,2,14295,14295,3,8,0,4,0,0,0,0
1353426,3,2024,2024,8,0,7,13,27,151,34609,0,1,1,-34.030733,150.848716,13,0,2,1,3,0,0,0,2,0,7,50,0,217,217,1,5,5,2,0,0,0,0
1353427,3,2024,2024,6,4,5,481,17,96,483,0,1,9,-33.386749,148.009177,51,2,1,1,3,0,3,4,2,0,0,50,2,5929,5929,1,0,13,2,0,0,0,0
1353428,3,2024,2024,6,2,8,8,27,5,34609,0,1,1,-33.193829,151.357107,16,2,2,1,3,0,3,4,0,0,7,60,0,1089,1089,7,0,40,1,0,0,0,0
1353429,3,2024,2024,6,2,5,4,1,42,34609,0,1,9,-33.949004,150.944687,41,0,2,0,3,0,3,4,2,0,7,50,0,1259,5151,8,10,40,1,0,0,0,0
1353436,3,2024,2024,8,5,9,2209,17,61,2205,0,1,10,-35.910274,150.080783,23,2,1,1,3,0,0,0,0,0,0,50,2,6545,6545,4,10,5,2,0,0,0,0
1353437,3,2024,2024,0,2,6,3371,17,17,3342,0,1,2,-28.870355,153.491262,2,1,0,0,3,0,3,4,2,0,7,110,2,782,957,5,5,40,1,0,0,0,0
1353439,3,2024,2024,6,2,5,2,18,109,34609,0,1,9,-33.95255,150.850548,41,0,2,1,3,0,0,3,2,0,0,50,0,5929,5929,1,10,5,2,0,0,0,0
1353448,3,2024,2024,6,2,10,21,31,293,34609,0,1,1,-33.922842,151.043849,15,0,2,1,3,0,3,4,0,0,7,50,0,3775,3775,0,5,5,2,0,0,0,0
1353451,3,2024,2024,6,6,4,515,14,189,518,0,1,3,-33.942527,151.05273,15,0,2,1,3,0,3,4,2,0,7,100,2,14295,14295,3,5,10,2,0,0,0,0
1353458,3,2024,2024,6,6,3,4,31,108,34609,0,1,10,-33.81507,151.190063,77,0,2,1,3,0,3,4,2,2,7,50,0,5929,5929,1,0,5,2,0,0,0,0
1353460,3,2024,2024,6,3,8,6,27,74,34609,0,1,1,-34.753495,148.22315,20,1,0,0,3,0,0,0,2,0,7,100,0,2585,4009,8,0,40,1,0,0,0,0
1353463,3,2024,2024,4,5,0,8,27,67,34609,0,1,1,-33.39306,151.354227,16,2,2,0,2,0,0,0,0,0,7,50,0,2585,4009,8,21,40,5,0,0,0,0
1353533,3,2024,2024,7,3,9,43,27,56,87,0,1,9,-34.44606,150.87603,80,0,2,0,1,0,0,0,2,2,7,80,2,1669,1669,3,5,5,3,0,0,0,0
1353535,3,2024,2024,7,4,10,153,27,197,147,1,0,2,-33.952478,151.084035,25,0,2,1,2,0,0,0,0,0,7,60,2,14295,14295,3,10,5,3,0,0,0,0
1353582,3,2024,2024,0,6,4,1104,14,149,962,0,1,3,-33.817226,150.971547,21,0,2,1,0,0,0,0,2,0,7,90,2,1282,1282,1,33,5,2,0,0,0,0
1353583,3,2024,2024,0,0,9,28,31,532,34609,0,1,10,-33.870942,151.204963,69,0,2,1,2,0,0,0,0,2,7,40,0,14295,14295,3,33,5,3,0,0,0,0
1353611,3,2024,2024,0,2,6,280,10,237,240,1,0,2,-33.867275,150.956466,24,0,2,1,1,0,0,0,2,0,7,60,2,1383,1383,1,5,2,2,0,0,0,0
1353633,3,2024,2024,8,2,4,475,10,137,268,0,1,9,-33.91358,150.906814,41,0,2,1,0,0,0,0,2,0,0,70,2,2852,2852,4,33,5,2,0,0,0,0
1353638,3,2024,2024,0,5,9,829,27,159,770,0,1,9,-33.807453,151.086885,61,0,2,1,2,0,0,0,3,2,7,60,2,1391,1391,1,33,19,2,0,0,0,0
1353663,3,2024,2024,8,5,9,2126,17,346,2149,0,1,9,-33.867217,151.096217,9,0,2,1,2,0,0,0,0,2,7,60,2,14295,14295,3,5,5,4,0,0,0,0
1353676,3,2024,2024,8,3,10,62,31,77,33,0,1,7,-32.560672,151.17171,64,2,1,1,2,0,0,0,0,0,0,50,1,5929,5929,1,0,0,2,0,0,0,0
1353679,3,2024,2024,8,2,3,10,1,63,34609,0,1,1,-33.245413,151.466208,16,2,2,1,1,0,0,0,1,0,7,50,0,9859,9859,1,10,5,3,0,0,0,0
1353681,3,2024,2024,0,3,7,2,27,6,8,0,1,1,-35.097808,144.051425,51,1,0,0,0,0,0,0,2,0,7,100,1,273,957,5,10,40,1,0,0,0,0
1353687,3,2024,2024,8,3,9,1,27,70,34609,0,1,1,-33.255209,151.503044,16,2,2,1,2,0,0,0,0,0,7,50,0,4026,4026,1,5,36,2,0,0,0,0
1353690,3,2024,2024,8,2,9,32,31,111,91,0,1,7,-33.915831,151.257813,59,0,2,1,2,0,3,4,0,0,0,50,1,6545,6545,4,0,5,3,0,0,0,0
1353710,3,2024,2024,6,2,1,21,31,165,34609,0,1,1,-33.853605,151.149822,14,0,2,1,2,0,3,0,0,0,7,50,0,237,397,1,5,0,2,0,0,0,0
1353736,3,2024,2024,8,0,8,1,1,123,34609,0,1,1,-33.823339,148.697807,51,2,1,1,0,0,0,0,3,0,7,40,0,1945,1945,5,10,40,1,0,0,0,0
1353744,3,2024,2024,8,4,8,196,10,45,168,0,1,1,-33.893766,150.971104,15,0,2,0,2,2,3,4,0,0,7,70,2,3775,3775,0,9,12,2,0,0,0,0
1353756,3,2024,2024,6,1,9,20,27,17,34609,0,1,1,-31.867958,152.631383,43,1,0,0,0,0,0,0,0,0,7,90,0,782,957,5,5,40,1,0,0,0,0
1353757,3,2024,2024,0,2,5,515,14,188,518,0,1,3,-33.940195,151.090092,15,0,2,1,1,0,0,0,2,0,7,80,2,101,101,8,0,40,2,0,0,0,0
1353763,3,2024,2024,0,4,10,3371,17,107,3342,0,1,1,-33.268088,151.432889,16,2,2,1,2,0,0,0,0,0,7,70,2,9859,9859,8,5,40,1,0,0,0,0
1353765,3,2024,2024,0,0,10,829,31,143,34609,0,1,9,-33.874707,151.102024,9,0,2,1,2,0,0,0,0,0,7,50,0,2585,777,1,8,5,2,0,0,0,0
1353768,3,2024,2024,8,5,2,225,31,66,34609,1,0,1,-34.488341,150.895391,80,0,2,1,2,0,3,4,0,0,7,60,0,9859,9859,8,30,40,1,0,0,0,0
1353772,3,2024,2024,8,6,7,3,10,111,34609,0,1,1,-33.703113,150.874912,7,0,2,0,2,0,0,0,2,0,7,50,0,4552,5151,1,8,13,6,0,0,0,0
1353777,3,2024,2024,6,5,3,481,17,562,483,0,1,1,-32.259877,148.585965,22,2,1,1,1,0,0,0,2,0,7,60,2,14295,14295,3,3,32,2,0,0,0,0
1353796,3,2024,2024,8,4,4,1,27,16,34609,0,1,10,-33.275894,151.48892,16,2,2,1,1,0,0,0,2,0,0,50,0,6545,6545,4,5,5,2,0,0,0,0
1353797,3,2024,2024,6,1,2,3371,17,463,3342,0,1,2,-30.277366,153.136146,19,2,1,0,2,0,3,3,1,0,7,60,2,1850,1463,5,0,40,1,0,0,0,0
1353808,3,2024,2024,8,3,1,14,27,78,34609,0,1,1,-28.330084,153.387125,72,2,1,0,2,0,0,0,0,0,7,50,0,4552,5151,8,5,40,1,0,0,0,0
1353809,3,2024,2024,8,4,9,80,31,204,187,0,1,1,-33.886821,151.118643,32,0,2,1,2,0,0,0,0,0,7,50,2,9859,9859,8,10,40,1,0,0,0,0
1353812,3,2024,2024,8,0,11,5,27,134,34609,0,1,1,-33.506001,151.311786,16,2,2,1,3,0,2,6,0,0,7,50,0,4026,4026,8,5,40,2,0,0,0,0
1353813,3,2024,2024,8,6,9,2,7,62,34609,0,1,9,-33.721727,150.853262,7,0,2,1,2,0,0,0,0,0,0,50,0,237,162,8,5,40,1,0,0,0,0
1353815,3,2024,2024,8,6,5,229,14,36,237,0,1,3,-33.763453,151.080267,31,0,2,1,2,0,0,0,2,0,7,100,2,9859,9859,8,5,40,1,0,0,0,0
1353816,3,2024,2024,8,5,11,22,31,194,34609,0,1,1,-30.502122,151.669903,1,2,1,1,2,0,0,0,0,0,7,50,0,1282,1282,1,33,13,2,0,0,0,0
1353818,3,2024,2024,6,1,3,162,31,12,13,0,1,9,-33.899517,151.120384,15,0,2,1,1,0,0,0,2,0,0,50,1,1109,397,1,5,5,3,0,0,0,0
1353820,3,2024,2024,8,4,4,8,27,11,34609,0,1,1,-34.437399,145.579068,51,1,0,1,0,0,0,0,2,0,7,100,0,475,475,5,29,40,1,0,0,0,0
1353822,3,2024,2024,8,0,7,7,23,24,34609,0,1,7,-33.708849,151.103174,31,0,2,1,0,0,0,3,2,0,0,50,0,926,926,4,5,0,2,0,0,0,0
1353831,3,2024,2024,0,1,8,2,31,123,34609,0,1,9,-33.884351,151.22738,81,0,2,1,0,0,0,0,0,0,7,40,0,1957,777,1,33,19,2,0,0,0,0
1353837,3,2024,2024,8,1,9,7,36,6,7,0,1,1,-31.584514,149.483365,51,1,0,1,0,0,0,0,0,0,7,100,1,1089,1089,7,30,40,1,0,0,0,0
1353838,3,2024,2024,8,0,9,56,27,323,38,0,1,1,-33.75599,150.957304,71,0,2,1,2,0,0,0,0,0,7,60,1,1282,1282,1,5,0,2,0,0,0,0
1353841,3,2024,2024,6,1,0,3371,17,463,3342,0,1,2,-30.297984,153.112543,19,2,1,0,2,0,3,4,0,0,7,60,2,1957,4009,8,3,40,1,0,0,0,0
1353842,3,2024,2024,8,0,9,21,27,39,34609,0,1,1,-33.551306,150.822979,29,2,2,0,1,0,0,0,0,0,7,80,0,418,714,5,10,40,1,0,0,0,0
1353843,3,2024,2024,6,3,0,2,18,35,34609,0,1,9,-30.497404,153.018688,6,2,1,1,0,0,3,3,0,0,7,50,0,9859,9859,1,5,0,2,0,0,0,0
1353868,3,2024,2024,8,6,7,19,27,96,34609,0,1,9,-34.054999,150.831001,13,0,2,1,0,0,0,0,2,0,0,60,0,6545,6545,4,5,5,2,0,0,0,0
1353872,3,2024,2024,6,3,2,35,27,31,34609,0,1,4,-33.502402,151.336098,16,2,2,0,2,0,3,3,1,0,7,50,0,4552,5151,8,5,40,2,0,0,0,0
1353903,3,2024,2024,8,0,8,1052,14,83,928,0,1,3,-33.509665,151.190435,16,1,2,1,0,0,0,0,0,0,7,100,2,14295,14295,3,5,5,2,0,0,0,0
1353908,3,2024,2024,6,3,9,34,27,53,34609,0,1,7,-35.130748,147.342488,75,2,1,1,2,0,0,0,0,0,0,60,0,6545,6545,4,0,13,2,0,0,0,0
1353915,3,2024,2024,7,1,9,12,27,56,12,0,1,2,-34.444258,150.870659,80,0,2,1,3,0,2,6,0,0,7,80,2,9859,9859,8,5,40,1,0,0,0,0
1353916,3,2024,2024,6,3,10,2,23,29,34609,0,1,7,-28.79889,153.592561,2,2,1,0,2,0,0,0,0,0,0,50,0,2585,4009,8,21,40,1,0,0,0,0
1353941,3,2024,2024,6,0,8,7,27,119,126,0,1,7,-32.757295,151.748301,57,2,1,1,3,0,3,4,3,0,0,60,2,6545,6545,4,5,5,2,0,0,0,0
1353949,3,2024,2024,6,4,2,10,36,33,18,0,1,9,-36.494901,148.670324,65,1,0,1,3,0,1,5,0,0,7,100,1,1089,1089,7,0,40,1,0,0,0,0
1353958,3,2024,2024,6,2,10,34,1,173,34609,0,1,1,-33.780165,151.116654,61,0,2,1,2,0,0,0,0,0,7,50,0,3775,3775,0,33,36,2,0,0,0,0
1353960,3,2024,2024,6,4,3,2209,17,33,2205,0,1,2,-34.772362,150.690987,63,1,0,0,3,0,3,4,2,0,7,100,2,2585,4009,8,5,40,1,0,0,0,0
1353971,3,2024,2024,8,3,11,11,27,18,34609,0,1,9,-34.503031,150.810361,80,0,2,0,2,0,0,0,0,0,0,60,0,1957,4009,1,0,6,2,0,0,0,0
1353974,3,2024,2024,6,6,3,80,31,204,187,0,1,10,-33.877973,151.127567,32,0,2,1,3,0,0,0,2,0,15,50,2,775,775,4,5,5,3,0,0,0,0
1353977,3,2024,2024,8,0,11,4,27,36,34609,0,1,1,-34.408326,150.853415,80,0,2,0,3,0,0,0,0,0,7,60,0,4552,5151,8,10,40,1,0,0,0,0
1353981,3,2024,2024,8,4,8,4,27,80,34609,0,1,9,-34.504221,146.424215,51,1,0,1,3,0,0,0,2,0,0,100,0,2585,777,8,5,40,1,0,0,0,0
1353983,3,2024,2024,6,5,6,126,1,32,17,0,1,9,-33.745897,150.820324,7,0,2,1,3,0,0,0,2,0,7,60,1,1383,1383,1,0,5,2,0,0,0,0
1353984,3,2024,2024,6,4,7,1104,14,104,962,0,1,3,-33.786072,150.781803,55,0,2,1,3,0,3,4,2,0,7,110,2,14295,14295,3,10,13,2,0,0,0,0
1353989,3,2024,2024,6,2,11,16,31,176,34609,0,1,1,-33.961856,151.128432,4,0,2,1,3,0,3,4,0,0,7,50,0,9859,9859,8,5,40,2,0,0,0,0
1353995,3,2024,2024,6,3,0,74,27,251,163,0,1,9,-33.779662,150.920452,7,0,2,1,3,0,0,0,0,2,7,60,2,5929,5929,1,5,5,2,0,0,0,0
1354003,3,2024,2024,6,2,11,2,10,55,34609,0,1,1,-35.372178,149.204744,58,2,1,0,0,0,0,0,0,0,7,50,0,2585,4009,1,5,13,2,0,0,0,0
1354006,3,2024,2024,6,0,7,512,31,77,34609,0,1,1,-32.941632,151.757236,48,0,2,1,3,0,0,0,2,0,7,50,0,515,515,1,9,5,3,0,0,0,0
1354007,3,2024,2024,8,5,7,2209,17,201,2205,0,1,10,-34.881034,150.60424,63,2,1,1,0,0,0,0,2,0,15,70,2,14295,14295,3,10,25,2,0,0,0,0
1354012,3,2024,2024,6,1,0,14,31,304,34609,0,1,1,-33.913047,151.153976,32,0,2,1,2,0,0,0,0,0,7,50,0,9859,9859,1,0,12,2,0,0,0,0
1354013,3,2024,2024,6,2,11,294,17,56,288,0,1,7,-35.1253,147.420508,75,2,1,1,3,0,0,0,0,0,0,60,2,6545,6545,4,0,0,2,0,0,0,0
1354014,3,2024,2024,6,6,5,916,17,70,917,0,1,2,-32.741746,151.562292,42,2,1,1,3,0,0,0,2,0,7,80,2,14295,14295,3,0,13,2,0,0,0,0
1354016,3,2024,2024,6,4,4,387,27,290,331,1,0,9,-33.947502,151.127958,4,0,2,1,3,0,3,0,2,0,7,60,2,14295,14295,3,5,0,3,0,0,0,0
1354018,3,2024,2024,6,5,10,73,27,56,34609,0,1,1,-33.755537,150.789308,55,0,2,1,3,0,0,0,0,0,7,50,0,4026,4026,8,34,40,1,0,0,0,0
1354029,3,2024,2024,6,1,3,3371,17,10,3342,0,1,2,-32.638156,152.030216,43,1,0,1,3,0,0,0,0,0,7,110,2,9859,9859,8,8,40,1,0,0,0,0
1354040,3,2024,2024,6,3,10,2,18,3,34609,0,1,1,-35.101739,150.686712,63,2,1,0,0,2,0,0,0,0,7,50,0,2585,4009,8,5,40,1,0,0,0,0
1354046,3,2024,2024,6,4,4,103,27,62,256,0,1,10,-34.070775,150.811886,13,0,2,1,3,0,3,3,2,2,7,60,2,14295,14295,3,5,0,2,0,0,0,0
1354047,3,2024,2024,6,2,9,6,36,88,34609,0,1,9,-33.735021,150.84989,7,0,2,1,3,0,0,0,0,0,7,50,0,14295,14295,3,5,0,2,0,0,0,0
1354051,3,2024,2024,6,5,5,15,27,103,34609,0,1,9,-28.821578,153.319493,39,2,1,0,3,0,0,0,2,0,7,50,0,1109,787,1,0,5,2,0,0,0,0
1354059,3,2024,2024,6,0,7,80,31,66,172,0,1,9,-32.928085,151.63667,37,0,2,1,3,0,0,0,2,0,0,50,2,14295,14295,3,10,25,2,0,0,0,0
1354066,3,2024,2024,6,0,9,2261,17,30,2252,0,1,3,-34.455938,150.362413,78,1,0,1,0,0,3,4,0,0,7,110,2,4026,4026,8,5,40,1,0,0,0,0
1354068,3,2024,2024,6,0,3,2261,17,243,2252,0,1,2,-33.957694,150.886548,41,0,2,0,2,0,3,4,0,0,7,70,2,14295,14295,3,0,5,2,0,0,0,0
1354069,3,2024,2024,6,3,9,168,17,36,212,0,1,1,-35.454981,149.82368,58,2,1,1,3,0,0,0,0,0,7,80,2,9859,9859,8,5,40,1,0,0,0,0
1354078,3,2024,2024,6,3,1,1,10,13,34609,0,1,1,-33.627575,150.901299,71,0,2,0,3,0,0,0,0,0,7,50,0,4552,5151,8,0,40,1,0,0,0,0
1354082,3,2024,2024,8,0,1,12,27,58,43,0,1,1,-28.57793,153.532877,10,2,1,0,3,0,3,4,0,0,7,80,1,380,714,5,5,40,1,0,0,0,0
1354085,3,2024,2024,8,4,11,168,10,387,260,0,1,2,-33.938597,151.192878,4,0,2,1,2,0,0,0,0,0,7,70,2,1192,1192,1,29,5,2,0,0,0,0
1354092,3,2024,2024,6,2,5,26,27,32,3342,0,1,7,-31.942074,152.475806,43,2,1,0,3,0,3,4,2,0,0,70,2,14295,14295,3,0,0,3,0,0,0,0
1354106,3,2024,2024,7,2,1,3,31,44,10,0,1,10,-33.083888,147.14415,51,2,1,1,2,0,0,0,0,0,0,50,1,4552,985,8,10,40,1,0,0,0,0
1354108,3,2024,2024,6,0,2,220,14,67,220,0,1,3,-34.420547,150.872001,80,0,2,1,2,0,3,4,1,0,7,90,2,9859,9859,8,10,40,1,0,0,0,0
1354111,3,2024,2024,6,6,3,36,27,23,39,0,1,9,-32.36966,149.267483,44,2,1,1,0,0,0,1,1,0,0,80,2,489,489,8,29,40,1,0,0,0,0
1354117,3,2024,2024,6,6,11,68,27,110,67,0,1,1,-33.790784,151.002368,54,0,2,1,2,0,0,0,0,0,7,60,1,5929,5929,1,0,5,2,0,0,0,0
1354122,3,2024,2024,6,5,10,9,31,48,34609,1,0,1,-32.911526,151.743445,48,0,2,1,0,0,0,0,0,0,7,50,0,1109,397,1,5,0,2,0,0,0,0
1354128,3,2024,2024,0,2,7,6,31,370,34609,0,1,9,-34.071792,150.827758,13,0,2,1,3,0,0,0,2,0,0,50,0,2852,2852,4,0,5,2,0,0,0,0
1354129,3,2024,2024,6,3,0,2,10,433,34609,0,1,1,-33.254876,149.121687,52,2,1,1,3,0,0,0,0,0,7,50,0,1282,1282,1,5,40,1,0,0,0,0
1354134,3,2024,2024,6,4,8,126,1,226,144,0,1,2,-33.766414,150.817062,7,0,2,1,3,0,3,4,0,0,0,60,2,1981,1981,4,5,5,3,0,0,0,0
1354143,3,2024,2024,6,5,4,4,31,293,34609,1,0,1,-33.937228,151.240488,59,0,2,1,1,0,0,0,2,0,7,50,0,1282,1282,1,33,5,2,0,0,0,0
1354145,3,2024,2024,0,5,6,3,31,39,34609,0,1,1,-35.301805,148.222184,66,2,1,1,1,0,0,0,2,0,7,50,0,941,941,1,30,0,3,0,0,0,0
1354159,3,2024,2024,6,1,11,500,27,106,799,1,0,1,-33.924523,151.089901,15,0,2,1,2,0,0,0,0,0,7,60,2,4026,4026,8,5,40,1,0,0,0,0
1354161,3,2024,2024,8,3,0,168,10,21,260,0,1,10,-33.951629,151.161179,4,0,2,0,2,0,3,4,0,2,7,70,2,14295,14295,3,0,5,2,0,0,0,0
1354162,3,2024,2024,6,0,9,916,17,31,917,0,1,10,-31.144677,150.9225,70,2,1,1,2,0,3,4,0,0,0,80,2,926,926,4,5,0,2,0,0,0,0
1354165,3,2024,2024,0,5,10,2126,17,445,2149,0,1,10,-33.850799,151.053669,21,0,2,1,2,0,0,0,0,2,7,60,2,5929,5929,1,5,5,2,0,0,0,0
1354171,3,2024,2024,6,3,9,3,10,92,34609,1,0,7,-33.981772,150.816165,13,0,2,1,3,0,0,0,0,0,0,50,0,301,301,4,5,13,2,0,0,0,0
1354176,3,2024,2024,6,4,11,27,17,23,34609,0,1,1,-33.321348,151.397362,16,2,2,0,3,0,3,2,0,0,7,60,0,1957,4009,8,0,40,1,0,0,0,0
1354178,3,2024,2024,6,3,6,3371,17,39,3342,0,1,2,-29.835916,153.044316,18,1,0,1,3,0,0,0,2,0,7,110,2,4026,4026,8,10,40,1,0,0,0,0
1354185,3,2024,2024,8,6,11,37,31,273,87,0,1,1,-34.42381,150.900232,80,0,2,1,2,0,0,0,0,0,7,60,2,9859,9859,8,5,40,1,0,0,0,0