Crash ID,Degree of crash - detailed,Reporting year,Year of crash,Month of crash,Day of week of crash,Two-hour intervals,Street of crash,Street type,Town,Route no.,School zone location,School zone active,Type of location,Latitude,Longitude,LGA,Urbanisation,Conurbation 1,Alignment,Street lighting,Road surface,Surface condition,Weather,Natural lighting,Signals operation,Other traffic control,Speed limit,Road classification,RUM - code,DCA - code,First impact type,Key TU type,Other TU type,No. of traffic units involved,No. killed,No. seriously injured,No. moderately injured,No. minor-other injured
1354199,3,2024,2024,6,0,11,196,10,34,168,0,1,2,-33.978096,151.006871,15,0,2,0,3,0,3,1,0,0,7,60,2,1957,4009,8,5,40,1,0,0,0,0
1354206,3,2024,2024,6,2,10,41,31,161,34609,0,1,1,-33.877878,151.155431,32,0,2,1,2,0,0,0,0,0,7,50,0,248,248,1,33,5,2,0,0,0,0
1354209,3,2024,2024,6,3,1,36,27,70,34609,1,0,9,-33.87296,150.878897,24,0,2,1,2,0,3,4,0,0,7,50,0,926,926,4,0,0,2,0,0,0,0
1354216,3,2024,2024,6,0,8,1,27,7,34609,0,1,1,-33.980118,151.233204,59,0,2,1,1,0,3,3,3,0,7,50,0,9859,9859,1,5,13,3,0,0,0,0
1354218,3,2024,2024,6,1,8,346,17,46,332,0,1,1,-28.816627,153.295312,39,2,1,0,3,0,0,0,0,0,7,60,2,1669,1669,3,10,5,2,0,0,0,0
1354220,3,2024,2024,8,6,5,10,31,387,64,0,1,1,-33.921004,151.191732,4,0,2,1,0,0,0,0,2,0,7,50,2,1192,1192,1,5,5,2,0,0,0,0
1354223,3,2024,2024,6,1,8,82,27,14,103,0,1,9,-28.356161,153.360909,72,1,0,0,0,0,0,0,3,0,15,100,1,1383,1383,1,5,0,2,0,0,0,0
1354225,3,2024,2024,7,5,1,48,10,463,52,0,1,1,-30.338874,153.094299,19,2,1,1,0,0,0,0,0,0,7,80,1,9859,9859,8,10,40,1,0,0,0,0
1354229,3,2024,2024,6,2,11,1,1,42,34609,0,1,1,-33.734483,151.26234,50,0,2,0,3,0,0,0,0,0,7,50,0,782,957,5,19,40,1,0,0,0,0
1354233,3,2024,2024,6,2,10,2261,17,443,2252,0,1,9,-33.890426,151.05887,15,0,2,1,3,0,0,0,2,2,7,70,2,5929,5929,1,5,13,2,0,0,0,0
1354239,3,2024,2024,6,1,0,63,17,112,114,0,1,1,-33.459964,151.417644,16,2,2,1,2,0,0,0,0,0,7,70,2,9859,9859,1,0,13,3,0,0,0,0
1354241,3,2024,2024,8,4,3,2,31,147,34609,0,1,1,-33.873437,151.001934,15,0,2,1,3,0,0,0,2,0,7,50,0,9859,9859,8,0,40,1,0,0,0,0
1354249,3,2024,2024,6,2,7,2126,17,438,2149,0,1,1,-33.836198,151.023863,21,0,2,1,3,0,0,0,2,0,7,60,2,14295,14295,3,5,5,6,0,0,0,0
1354255,3,2024,2024,0,1,6,44,31,160,260,0,1,7,-33.113077,151.478204,37,0,2,1,3,0,0,0,2,0,0,60,1,6545,6545,4,5,5,2,0,0,0,0
1354256,3,2024,2024,6,5,9,137,14,101,262,0,1,3,-32.892326,151.60495,37,0,2,1,3,0,0,0,3,0,7,90,2,1383,1383,1,10,0,2,0,0,0,0
1354267,3,2024,2024,8,3,2,41,31,201,34609,0,1,1,-33.993989,150.869375,13,0,2,0,2,0,0,0,0,0,7,50,0,2585,4009,1,10,5,3,0,0,0,0
1354272,3,2024,2024,8,6,3,56,23,31,144,0,1,9,-33.893161,151.090575,9,0,2,1,3,0,0,0,2,0,0,60,2,150,150,4,5,5,2,0,0,0,0
1354279,3,2024,2024,8,6,4,3371,17,73,3342,1,0,9,-33.781165,151.170143,36,0,2,1,1,0,0,0,2,2,7,60,2,1192,1192,1,29,5,2,0,0,0,0
1354287,3,2024,2024,6,6,10,2,27,15,34609,0,1,1,-34.616732,150.274733,78,2,1,1,3,2,3,4,0,0,7,80,0,1089,1089,7,0,40,1,0,0,0,0
1354288,3,2024,2024,6,5,10,59,31,73,46,0,1,1,-34.180473,150.613748,79,2,2,0,2,0,0,0,0,0,7,60,2,3775,3775,0,5,0,2,0,0,0,0
1354294,3,2024,2024,8,4,11,23,1,198,34609,0,1,1,-33.906478,151.095673,15,0,2,1,2,0,3,4,0,0,7,50,0,9859,9859,1,5,0,2,0,0,0,0
1354298,3,2024,2024,0,3,9,2,31,79,34609,0,1,9,-33.971745,151.120933,25,0,2,1,2,0,0,0,0,0,7,50,0,9859,9859,1,33,5,3,0,0,0,0
1354304,3,2024,2024,7,2,11,866,27,201,44,0,1,1,-34.002571,150.864992,13,0,2,1,2,0,0,0,0,0,7,60,1,9859,9859,1,5,5,3,0,0,0,0
1354309,3,2024,2024,6,4,7,59,27,35,53,0,1,1,-34.171673,150.708963,79,2,2,1,3,0,3,0,2,0,7,80,1,623,623,3,5,0,2,0,0,0,0
1354313,3,2024,2024,0,2,4,105,17,251,136,0,1,10,-33.776838,150.933274,7,0,2,1,1,0,0,0,2,2,7,60,2,926,926,4,30,0,2,0,0,0,0
1354315,3,2024,2024,6,4,6,5,1,53,34609,0,1,1,-33.741542,151.294309,50,0,2,1,1,0,3,4,2,0,7,50,0,1282,1282,1,33,0,3,0,0,0,0
1354316,3,2024,2024,6,0,9,23,31,25,34609,0,1,6,-34.136676,150.994197,68,0,2,0,3,0,3,3,0,0,7,50,0,1957,4009,8,10,40,1,0,0,0,0
1354326,3,2024,2024,3,1,5,13,25,115,34609,0,1,1,-34.036586,151.070868,68,0,2,1,1,0,0,0,2,0,7,50,0,9859,9859,1,10,5,2,0,0,0,0
1354331,3,2024,2024,8,0,6,125,27,21,144,0,1,2,-32.779084,151.999694,57,2,1,1,3,0,0,0,2,0,7,80,2,1391,1391,1,0,0,2,0,0,0,0
1354339,3,2024,2024,6,1,9,293,31,112,769,0,1,10,-33.606761,150.822191,29,2,2,1,3,0,0,0,0,2,7,60,2,775,775,4,5,0,2,0,0,0,0
1354340,3,2024,2024,8,4,11,330,1,144,34609,0,1,1,-34.062024,151.014663,68,0,2,1,2,0,0,0,0,0,7,50,0,9859,9859,1,33,5,2,0,0,0,0
1354349,3,2024,2024,8,6,3,293,31,128,369,0,1,1,-33.617393,150.809393,29,2,2,1,0,0,0,0,1,0,7,60,2,14295,14295,3,5,13,2,0,0,0,0
1354355,3,2024,2024,8,2,1,6,23,198,34609,0,1,1,-33.918659,151.098771,15,0,2,1,2,0,3,4,0,0,7,50,0,9859,9859,1,5,5,2,0,0,0,0
1354357,3,2024,2024,6,4,5,50,27,166,799,0,1,9,-33.898786,151.174,32,0,2,1,3,0,0,0,2,2,7,40,2,9859,9859,8,5,40,1,0,0,0,0
1354364,3,2024,2024,0,4,9,2261,17,523,2252,0,1,10,-33.924221,150.918232,41,0,2,1,2,0,0,0,0,2,7,60,2,14295,14295,3,0,0,3,0,0,0,0
1354367,3,2024,2024,8,3,11,161,17,6,161,0,1,1,-35.380657,148.291801,66,1,0,0,3,0,0,0,0,0,7,100,2,1089,1089,7,5,40,1,0,0,0,0
1354370,3,2024,2024,8,2,5,916,17,8,917,0,1,1,-31.764664,150.837307,73,2,1,0,3,0,0,0,2,0,7,50,2,2585,4009,8,10,40,1,0,0,0,0
1354371,3,2024,2024,6,0,4,27,1,25,148,1,0,1,-34.137621,150.995433,68,0,2,0,3,0,3,4,2,0,7,60,2,1109,397,1,0,0,2,0,0,0,0
1354375,3,2024,2024,6,0,2,2,27,26,34609,1,0,1,-33.703269,150.580054,8,2,2,0,3,0,3,4,0,0,7,50,0,4552,5151,8,5,40,1,0,0,0,0
1354377,3,2024,2024,6,3,0,2261,17,44,2252,0,1,2,-33.891905,150.963957,24,0,2,1,2,0,3,4,0,0,7,70,2,3775,3775,0,5,0,2,0,0,0,0
1354381,3,2024,2024,6,3,10,7,27,4,34609,0,1,1,-36.924248,149.846643,5,1,0,0,3,2,0,0,0,0,7,100,0,4552,5151,8,0,40,1,0,0,0,0
1354388,3,2024,2024,7,1,2,1,25,120,34609,0,1,9,-33.777617,150.874721,7,0,2,0,2,0,0,0,1,0,7,50,0,4552,5151,1,5,5,2,0,0,0,0
1354392,3,2024,2024,8,5,2,3371,17,19,3342,0,1,2,-31.874739,152.565303,43,1,0,1,3,0,0,0,1,0,7,110,2,1383,1383,1,3,2,2,0,0,0,0
1354394,3,2024,2024,3,0,5,103,31,149,167,0,1,9,-33.990609,151.133156,4,0,2,1,1,0,0,0,2,2,6,70,2,515,515,1,29,5,2,0,0,0,0
1354402,3,2024,2024,6,0,9,1104,14,26,962,0,1,3,-33.773621,150.671134,55,0,2,1,3,0,0,0,4,0,7,110,2,14295,14295,3,0,5,3,0,0,0,0
1354404,3,2024,2024,6,3,8,157,17,123,158,0,1,1,-33.798383,148.761038,51,1,0,0,3,0,0,0,2,0,7,100,2,1957,4009,8,10,40,1,0,0,0,0
1354405,3,2024,2024,8,0,11,12,31,13,91,0,1,9,-34.540682,149.393323,74,2,1,0,3,0,3,1,0,0,0,50,1,2585,4009,8,10,40,1,0,0,0,0
1354407,3,2024,2024,6,0,4,100,27,323,100,0,1,9,-33.812398,150.850853,7,0,2,1,3,0,0,3,2,2,7,70,2,14295,14295,3,3,0,3,0,0,0,0
1354408,3,2024,2024,6,4,10,79,27,145,159,0,1,10,-33.927642,151.108893,15,0,2,1,2,0,3,4,0,2,7,60,2,14295,14295,3,0,5,2,0,0,0,0
1354422,3,2024,2024,4,6,9,293,31,523,198,0,1,9,-33.927836,150.91908,41,0,2,1,0,0,0,0,2,0,2,60,2,775,775,4,5,35,2,0,0,0,0
1354426,3,2024,2024,0,5,5,4,27,24,34609,0,1,1,-33.421097,151.397126,16,2,2,0,3,0,3,4,2,0,7,50,0,4552,5151,8,21,40,1,0,0,0,0
1354427,3,2024,2024,6,2,7,14,31,46,34609,0,1,7,-28.821717,153.293781,39,2,1,1,3,0,0,0,2,0,0,50,0,301,301,4,33,5,2,0,0,0,0
1354435,3,2024,2024,0,2,5,31,31,174,34609,0,1,1,-33.891395,151.197784,69,0,2,1,1,0,3,4,2,0,7,40,0,4026,4026,1,9,0,2,0,0,0,0
1354441,3,2024,2024,6,1,8,2261,17,5,2252,0,1,3,-34.477007,150.319051,78,1,0,0,3,0,0,0,0,0,7,110,2,14295,14295,3,10,13,3,0,0,0,0
1354443,3,2024,2024,6,1,6,8,31,49,34609,0,1,1,-33.930209,151.1495,4,0,2,1,3,0,0,0,2,0,7,50,0,9859,9859,1,5,0,2,0,0,0,0
1354463,3,2024,2024,6,1,10,2261,17,140,2252,0,1,1,-33.893557,150.986851,15,0,2,0,3,0,0,0,0,0,7,70,2,3775,3775,0,5,0,2,0,0,0,0
1354475,3,2024,2024,8,0,9,125,27,290,103,0,1,10,-33.86239,151.001582,21,0,2,1,3,0,0,0,0,2,7,60,1,5929,5929,1,5,5,2,0,0,0,0
1354478,3,2024,2024,6,4,3,44,31,160,260,0,1,2,-33.107781,151.489492,37,0,2,1,1,0,0,0,1,0,7,50,2,14295,14295,3,9,36,2,0,0,0,0
1354490,3,2024,2024,6,0,8,18,27,136,148,1,0,9,-32.931844,151.718657,48,0,2,1,3,0,3,4,3,0,7,60,1,2852,2852,4,0,0,2,0,0,0,0
1354491,3,2024,2024,0,1,3,85,27,53,145,1,0,10,-33.802899,151.038547,54,0,2,0,1,0,0,0,2,0,0,60,2,926,926,4,0,36,2,0,0,0,0
1354500,3,2024,2024,6,3,9,99,31,84,105,0,1,10,-33.881272,150.940196,24,0,2,1,3,0,0,0,0,0,0,60,1,5929,5929,1,10,5,2,0,0,0,0
1354504,3,2024,2024,6,3,11,112,27,29,769,0,1,1,-33.518898,150.621824,29,2,2,0,0,0,0,0,0,0,7,60,2,4552,5151,8,5,40,1,0,0,0,0
1354511,3,2024,2024,8,2,2,79,31,247,34609,0,1,9,-33.816562,150.947091,21,0,2,1,2,0,3,0,1,0,7,50,0,4026,4026,8,5,40,1,0,0,0,0
1354517,3,2024,2024,6,6,7,25,31,57,34609,0,1,10,-34.672109,150.853189,35,2,1,1,3,0,0,0,2,0,15,50,0,775,775,4,0,0,2,0,0,0,0
1354552,3,2024,2024,6,0,9,296,27,283,293,0,1,2,-33.830994,151.003654,21,0,2,1,2,0,3,0,0,0,7,70,2,14295,14295,3,5,0,2,0,0,0,0
1354559,3,2024,2024,6,4,1,5,31,207,5,0,1,10,-31.973067,141.438852,51,2,1,1,3,0,0,0,0,0,0,50,1,782,985,5,0,40,1,0,0,0,0
1354562,3,2024,2024,6,5,6,1052,14,56,928,0,1,3,-32.973326,151.532281,37,0,2,1,3,0,0,0,2,0,7,110,2,14295,14295,3,0,5,2,0,0,0,0
1354564,3,2024,2024,6,3,9,12,24,28,34609,0,1,2,-35.382247,149.219235,58,2,1,1,3,0,0,0,3,0,7,70,0,1089,1089,7,10,40,1,0,0,0,0
1354566,3,2024,2024,6,6,10,3,31,202,34609,0,1,1,-33.949199,151.032539,15,0,2,1,3,0,0,0,0,0,7,50,0,9859,9859,1,0,0,2,0,0,0,0
1354568,3,2024,2024,6,0,8,2126,17,17,2149,0,1,1,-33.451489,149.8059,3,1,0,1,3,0,0,3,2,0,15,100,2,14295,14295,3,29,0,2,0,0,0,0
1354573,3,2024,2024,6,1,3,3371,17,32,3342,0,1,2,-31.941799,152.474753,43,1,0,0,3,0,0,0,2,0,7,110,2,1192,1192,1,10,5,2,0,0,0,0
1354575,3,2024,2024,6,6,10,3371,17,30,3342,0,1,2,-32.602459,152.110027,43,1,0,1,3,0,0,0,0,0,7,110,2,475,475,5,9,40,1,0,0,0,0
1354577,3,2024,2024,6,6,9,204,27,134,34609,0,1,7,-33.510781,151.322808,16,2,2,1,3,0,0,0,0,0,0,60,0,6545,6545,4,30,0,2,0,0,0,0
1354579,3,2024,2024,6,6,4,36,10,91,34609,0,1,7,-32.797133,151.640956,48,0,2,0,3,0,0,0,2,0,0,60,0,301,301,4,10,13,2,0,0,0,0
1354581,3,2024,2024,6,0,10,157,17,18,158,0,1,1,-33.591847,149.1789,51,1,0,0,3,0,1,4,0,0,7,100,2,1850,1463,5,8,40,1,0,0,0,0
1354582,3,2024,2024,6,5,3,171,27,113,369,0,1,9,-33.821144,150.685708,55,0,2,1,3,0,0,0,0,2,7,80,2,14295,14295,3,0,0,3,0,0,0,0
1354583,3,2024,2024,6,1,3,280,10,237,240,0,1,10,-33.863953,150.954285,24,0,2,1,3,0,0,0,1,2,7,60,2,2852,2852,4,5,5,2,0,0,0,0
1354585,3,2024,2024,6,4,5,515,14,60,518,0,1,3,-33.947034,150.960658,41,0,2,1,3,0,0,0,2,0,7,100,2,1391,1391,1,5,0,2,0,0,0,0
1354586,3,2024,2024,6,0,7,346,17,103,332,0,1,1,-28.814773,153.315168,39,2,1,1,3,0,0,3,2,0,7,60,2,14295,14295,3,5,13,4,0,0,0,0
1354587,3,2024,2024,6,5,7,12,27,137,34609,0,1,10,-33.918409,151.205045,69,0,2,1,3,0,0,0,2,0,15,40,0,6545,6545,4,5,0,2,0,0,0,0
1354590,3,2024,2024,6,1,9,1104,14,142,962,0,1,3,-33.827014,150.99418,54,0,2,1,3,0,0,0,0,0,7,90,2,14295,14295,3,0,5,3,0,0,0,0
1354591,3,2024,2024,6,4,3,27,27,294,27,0,1,10,-33.933804,150.953609,41,0,2,1,3,0,0,0,4,2,7,60,1,5929,5929,1,21,13,2,0,0,0,0
1354594,3,2024,2024,6,2,10,1,27,50,34609,0,1,9,-33.631293,150.848422,29,2,2,0,3,2,3,4,0,0,7,50,0,4552,985,8,9,40,1,0,0,0,0
1354595,3,2024,2024,6,5,3,85,10,73,702,0,1,2,-33.836647,151.085365,14,0,2,1,3,0,0,0,1,0,7,70,2,1282,1282,1,5,5,2,0,0,0,0
1354596,3,2024,2024,6,5,9,97,27,271,799,0,1,10,-33.936084,151.011331,15,0,2,1,3,0,0,0,3,2,7,70,2,14295,14295,3,29,12,2,0,0,0,0
1354600,3,2024,2024,6,2,8,35,27,71,24,0,1,7,-33.76146,150.68938,55,0,2,1,3,0,0,0,3,0,0,60,1,6545,6545,4,5,5,2,0,0,0,0
1354602,3,2024,2024,6,1,4,7,10,18,34609,0,1,9,-28.865921,153.580074,2,2,1,0,3,0,0,0,2,0,15,50,0,623,623,3,5,0,2,0,0,0,0
1354605,3,2024,2024,6,2,8,225,17,50,180,0,1,1,-34.572244,150.676682,62,0,2,0,3,0,3,4,2,0,7,60,2,3775,3775,0,10,12,2,0,0,0,0
1354606,3,2024,2024,6,0,7,3,1,53,34609,0,1,1,-33.928677,150.843779,41,0,2,1,3,0,0,0,2,0,7,50,0,1259,985,8,0,40,1,0,0,0,0
1354607,3,2024,2024,3,1,5,283,27,197,702,0,1,2,-33.943775,151.077218,15,0,2,1,3,0,0,0,2,0,7,60,2,3775,3775,0,0,0,2,0,0,0,0
1354610,3,2024,2024,8,2,5,133,17,55,121,0,1,10,-36.227084,149.135384,65,2,1,0,3,0,3,1,2,0,0,50,2,6545,6545,4,0,5,2,0,0,0,0
1354611,3,2024,2024,6,2,7,27,27,294,27,0,1,1,-33.93614,150.953069,41,0,2,1,3,0,0,0,2,0,7,60,1,2585,4009,8,0,40,1,0,0,0,0
1354615,3,2024,2024,6,1,11,2261,17,24,2252,0,1,3,-34.401189,150.50948,78,1,0,1,3,0,0,6,0,0,7,110,2,4026,4026,8,10,40,1,0,0,0,0
1354616,3,2024,2024,6,5,6,9,31,157,34609,0,1,1,-33.807163,151.009241,54,0,2,1,3,0,0,0,2,0,7,50,0,941,941,1,5,5,3,0,0,0,0
1354617,3,2024,2024,6,2,9,12,27,54,70,0,1,9,-33.71039,151.024618,31,0,2,1,3,0,0,0,0,2,7,60,2,14295,14295,3,0,36,3,0,0,0,0
1354619,3,2024,2024,6,1,8,165,31,532,34609,0,1,10,-33.870805,151.206954,69,0,2,1,3,0,0,0,3,2,7,40,0,2040,2040,9,5,28,2,0,0,0,0
1354621,3,2024,2024,3,4,8,3371,17,19,3342,0,1,2,-31.864987,152.598061,43,1,0,0,3,0,0,0,2,0,7,100,2,1259,5151,8,0,40,1,0,0,0,0
1354625,3,2024,2024,6,6,7,105,17,223,34609,0,1,7,-33.809597,150.918278,7,0,2,1,3,0,0,0,2,0,0,60,0,6545,6545,4,5,5,2,0,0,0,0
1354628,3,2024,2024,6,4,4,2209,17,40,2205,0,1,2,-34.708412,150.839566,35,2,1,0,3,0,0,0,2,0,7,80,2,2585,4009,8,30,40,1,0,0,0,0
1354632,3,2024,2024,6,3,9,44,27,23,126,0,1,7,-32.772092,151.859774,57,2,1,0,3,0,0,0,0,0,0,80,2,6545,6545,4,10,13,2,0,0,0,0
1354634,3,2024,2024,6,5,6,50,27,125,51,0,1,7,-33.854101,151.077495,67,0,2,1,3,0,0,0,2,3,0,60,1,2852,2852,4,0,5,2,0,0,0,0
1354638,3,2024,2024,6,5,9,2261,17,646,2252,1,0,10,-33.907309,151.033343,15,0,2,1,3,0,0,0,0,2,7,60,2,5929,5929,1,0,5,2,0,0,0,0
1354646,3,2024,2024,6,4,4,2209,17,176,2205,0,1,9,-33.954958,151.137592,4,0,2,1,3,0,0,0,2,0,7,60,2,775,775,4,9,5,2,0,0,0,0
1354653,3,2024,2024,6,4,8,866,17,314,793,0,1,2,-33.846367,150.950996,21,0,2,1,3,0,0,0,2,0,7,70,2,14295,14295,3,5,13,2,0,0,0,0
1354655,3,2024,2024,6,0,9,115,27,138,114,0,1,1,-33.873861,151.273299,81,0,2,1,3,0,3,4,0,0,7,50,2,941,941,1,5,5,2,0,0,0,0
1354658,3,2024,2024,6,0,5,512,17,43,441,0,1,7,-32.551175,148.94105,22,2,1,1,3,0,0,3,2,0,0,50,2,6545,6545,4,8,5,2,0,0,0,0
1354660,3,2024,2024,6,2,8,42,10,78,39,1,0,9,-34.482892,150.851804,80,0,2,1,3,0,3,3,3,0,15,70,1,782,985,5,0,40,1,0,0,0,0
1354663,3,2024,2024,6,4,9,11,36,36,11,0,1,1,-33.580355,148.744499,51,1,0,1,3,0,0,0,0,0,7,100,1,4026,4026,8,5,40,1,0,0,0,0
1354668,3,2024,2024,6,0,10,177,31,89,38,0,1,9,-33.855871,150.891942,24,0,2,1,3,0,3,4,0,2,7,60,1,14295,14295,3,0,13,3,0,0,0,0
1354669,3,2024,2024,6,2,6,512,17,562,441,0,1,10,-32.254442,148.60997,22,2,1,1,3,0,0,0,2,0,0,60,2,6545,6545,4,30,5,2,0,0,0,0
1354670,3,2024,2024,6,2,6,44,31,169,34609,0,1,9,-33.896203,151.207194,69,0,2,1,3,0,3,4,2,0,7,40,0,323,323,1,0,12,2,0,0,0,0
1354671,3,2024,2024,6,0,8,6,1,112,34609,0,1,2,-33.906043,151.212502,69,0,2,1,3,0,3,4,2,0,7,40,0,941,941,1,0,13,4,0,0,0,0
1354676,3,2024,2024,8,6,6,8,31,69,34609,0,1,1,-33.35935,151.489628,16,2,2,1,3,0,3,4,2,0,7,50,0,9859,9859,8,5,40,1,0,0,0,0
1354678,3,2024,2024,6,2,4,8,27,36,24,1,0,1,-33.620342,151.147847,31,0,2,1,3,0,3,4,2,0,7,50,1,4026,4026,8,34,40,1,0,0,0,0
1354679,3,2024,2024,6,1,6,169,31,108,57,0,1,10,-28.868126,153.554706,2,2,1,1,3,0,0,0,2,2,7,60,1,14295,14295,3,10,0,2,0,0,0,0
1354681,3,2024,2024,6,2,6,16,31,246,321,0,1,10,-33.895079,151.19822,69,0,2,1,3,0,3,4,2,2,7,50,2,14295,14295,3,15,5,2,0,0,0,0
1354688,3,2024,2024,6,3,6,171,31,31,34609,0,1,9,-33.873497,151.030141,21,0,2,1,3,0,0,3,2,0,0,50,0,5929,5929,1,5,5,3,0,0,0,0
1354689,3,2024,2024,6,2,8,171,1,42,29,0,1,1,-33.744629,151.28735,50,0,2,1,3,0,3,3,0,0,7,50,1,4026,4026,8,5,40,1,0,0,0,0
1354690,3,2024,2024,6,1,9,3371,17,32,3342,0,1,2,-32.38484,152.261471,43,1,0,1,3,0,3,4,2,0,7,110,2,1391,1391,1,5,0,2,0,0,0,0
1354691,3,2024,2024,7,1,4,42,10,25,39,1,2,1,-34.49007,150.867616,80,0,2,1,3,0,0,0,2,0,7,40,1,9859,9859,1,5,40,3,0,0,0,0
1354694,3,2024,2024,6,6,3,22,27,113,48,0,1,2,-34.345261,150.875285,80,0,2,0,3,0,3,3,2,0,7,100,2,14295,14295,3,5,5,4,0,0,0,0
1354695,3,2024,2024,6,5,9,20,10,55,91,0,1,9,-35.377351,149.189088,58,2,1,1,3,0,3,4,0,2,7,80,2,5929,5929,1,0,5,2,0,0,0,0
1354696,3,2024,2024,4,3,3,3371,17,53,3342,0,1,2,-30.66397,152.955241,47,1,0,1,3,0,0,0,2,0,7,110,2,1192,1192,1,0,35,2,0,0,0,0
1354700,3,2024,2024,0,5,6,18,31,166,34609,0,1,1,-33.418715,149.582917,3,2,1,1,3,0,3,0,2,0,7,50,0,941,941,1,19,36,2,0,0,0,0
1354701,3,2024,2024,6,4,1,103,36,4,103,0,1,1,-32.020814,152.058262,43,2,1,0,3,0,3,0,0,0,7,80,1,1259,5151,8,10,40,1,0,0,0,0
1354702,3,2024,2024,6,0,1,89,36,13,81,0,1,1,-34.177591,148.695794,30,1,0,1,3,0,3,0,0,0,7,100,2,1089,1089,7,10,40,1,0,0,0,0
1354703,3,2024,2024,8,5,5,21,27,140,34609,0,1,1,-33.896312,150.997112,15,0,2,1,3,0,0,0,2,0,7,60,0,3775,3775,0,0,10,2,0,0,0,0
1354705,3,2024,2024,6,5,5,9,27,72,34609,0,1,1,-33.833247,151.225444,49,0,2,1,3,0,0,0,2,0,7,50,0,1282,1282,1,0,5,2,0,0,0,0
1354707,3,2024,2024,8,0,7,2261,17,41,2252,0,1,2,-35.057663,148.094978,20,1,0,0,3,0,0,0,2,0,7,110,2,2585,4009,8,0,40,1,0,0,0,0
1354710,3,2024,2024,6,5,8,12,31,228,34609,0,1,7,-34.771863,149.687416,26,2,1,1,3,0,0,0,0,0,0,50,0,926,926,4,0,5,2,0,0,0,0
1354711,3,2024,2024,6,0,9,2261,17,35,2252,0,1,3,-34.161935,150.737444,79,1,2,0,3,0,3,4,0,0,7,110,2,14295,14295,3,5,0,3,0,0,0,0
1354712,3,2024,2024,6,6,7,229,14,323,237,0,1,6,-33.768185,150.998407,54,0,2,1,3,0,3,4,2,0,7,50,2,14295,14295,3,10,0,3,0,0,0,0
1354714,3,2024,2024,6,2,8,500,27,293,799,0,1,9,-33.932471,151.044852,15,0,2,1,3,0,0,0,0,2,7,60,2,5929,5929,1,5,5,2,0,0,0,0
1354715,3,2024,2024,6,4,4,86,27,16,65,0,1,1,-30.078764,152.637356,18,1,0,0,3,2,1,1,2,0,7,100,1,2585,4009,8,0,40,1,0,0,0,0
1354716,3,2024,2024,6,6,4,9,27,40,34609,0,1,1,-33.810965,151.211507,77,0,2,1,3,0,0,0,2,0,7,50,0,248,248,1,10,5,2,0,0,0,0
1354720,3,2024,2024,6,6,2,133,31,120,34609,0,1,7,-32.182383,152.513668,43,2,1,0,3,0,0,0,1,0,0,50,0,6545,6545,4,5,25,2,0,0,0,0
1354722,3,2024,2024,6,3,9,45,31,204,331,0,1,9,-33.937778,151.152909,4,0,2,1,3,0,0,0,0,2,7,60,2,2852,2852,4,5,0,2,0,0,0,0
1354726,3,2024,2024,6,1,5,125,27,108,123,0,1,2,-33.305945,151.408476,16,2,2,1,3,0,0,0,2,0,7,70,2,475,475,5,0,40,1,0,0,0,0
1354730,3,2024,2024,6,6,10,481,17,7,483,0,1,1,-31.936755,148.620003,22,1,0,0,3,0,0,0,0,0,7,110,2,1089,1089,7,10,40,1,0,0,0,0
1354742,3,2024,2024,6,0,9,1,27,3,34609,0,1,1,-28.850586,152.971521,60,1,0,1,0,2,3,3,0,0,7,100,0,1089,1089,7,0,40,1,0,0,0,0
1354744,3,2024,2024,8,0,0,2,1,106,34609,0,1,1,-34.55505,150.788328,62,0,2,1,1,0,0,0,0,0,7,50,0,4026,4026,1,5,5,2,0,0,0,0
1354750,3,2024,2024,6,4,11,109,27,204,105,0,1,2,-33.899473,150.920557,24,0,2,0,2,0,0,0,0,0,7,60,2,4552,5151,8,5,40,1,0,0,0,0
1354754,3,2024,2024,7,2,1,1,31,169,34609,0,1,9,-33.899449,151.208042,69,0,2,1,2,0,0,0,0,0,0,40,0,4552,985,1,5,0,6,0,0,0,0
1354762,3,2024,2024,0,5,6,2,27,234,34609,0,1,9,-34.280945,146.030894,28,2,1,1,0,0,0,0,2,0,0,50,0,3775,3775,0,16,5,2,0,0,0,0
1354769,3,2024,2024,8,6,7,229,14,173,237,0,1,3,-33.793534,151.135888,61,0,2,0,1,0,3,3,2,0,7,100,2,1383,1383,1,34,5,2,0,0,0,0
1354770,3,2024,2024,0,0,10,2261,17,36,2252,0,1,2,-36.09645,146.918848,0,1,0,1,2,0,3,4,0,0,7,110,2,4026,4026,8,34,40,1,0,0,0,0
1354809,3,2024,2024,8,0,10,133,27,66,260,0,1,10,-32.929014,151.642397,37,0,2,1,2,0,3,4,0,2,7,60,2,5929,5929,1,5,40,2,0,0,0,0
1354816,3,2024,2024,8,0,3,43,27,56,87,0,1,9,-34.44606,150.87603,80,0,2,0,1,0,0,0,2,2,7,80,2,395,395,1,33,0,2,0,0,0,0
1354826,3,2024,2023,10,2,6,213,17,11,213,0,1,1,-29.778842,151.410703,33,1,0,1,0,0,0,0,2,0,7,100,2,9859,9859,8,5,40,1,0,0,0,0
1354827,3,2024,2024,6,3,8,344,27,89,382,0,1,9,-33.667694,150.803008,55,0,2,1,1,0,0,0,3,2,7,80,2,9859,9859,8,5,40,1,0,0,0,0
1354836,3,2024,2023,10,5,6,213,17,13,213,0,1,1,-29.440715,152.381833,51,1,0,0,0,0,0,0,2,0,7,100,2,2585,4009,8,8,40,1,0,0,0,0