Crash ID,Degree of crash - detailed,Reporting year,Year of crash,Month of crash,Day of week of crash,Two-hour intervals,Street of crash,Street type,Town,Route no.,School zone location,School zone active,Type of location,Latitude,Longitude,LGA,Urbanisation,Conurbation 1,Alignment,Street lighting,Road surface,Surface condition,Weather,Natural lighting,Signals operation,Other traffic control,Speed limit,Road classification,RUM - code,DCA - code,First impact type,Key TU type,Other TU type,No. of traffic units involved,No. killed,No. seriously injured,No. moderately injured,No. minor-other injured
1354837,3,2024,2024,4,3,4,2126,17,346,2149,0,1,2,-33.867268,151.096425,9,0,2,1,2,0,0,0,2,0,7,60,2,475,475,5,5,40,1,0,0,0,0
1354847,3,2024,2024,6,2,0,46,1,79,34609,0,1,9,-34.899726,150.611196,63,2,1,1,2,0,0,0,0,0,0,60,0,489,489,8,21,40,2,0,0,0,0
1354852,3,2024,2024,8,2,11,98,31,107,34609,0,1,9,-33.879514,151.194529,69,0,2,1,2,0,3,4,0,2,7,50,0,515,515,1,0,5,2,0,0,0,0
1354884,3,2024,2024,0,5,5,109,27,204,105,0,1,9,-33.895682,150.946104,24,0,2,0,1,0,0,0,2,0,0,60,2,775,775,4,0,12,2,0,0,0,0
1354900,3,2024,2024,6,3,11,3371,17,28,3342,0,1,2,-31.831722,152.6173,43,1,0,1,0,0,0,0,0,0,7,100,2,1089,1089,7,30,40,1,0,0,0,0
1354901,3,2024,2024,6,4,11,3,27,2,34609,0,1,1,-33.844296,151.204362,49,0,2,1,2,0,0,0,0,0,7,50,0,4026,4026,1,5,36,2,0,0,0,0
1354918,3,2024,2024,6,1,5,16,27,88,20,0,1,7,-33.760936,150.85054,7,0,2,1,1,0,0,0,2,3,0,60,1,395,395,1,29,25,2,0,0,0,0
1354919,3,2024,2024,6,6,9,67,27,58,34609,0,1,1,-34.057977,151.120891,68,0,2,1,0,0,0,0,0,0,7,50,0,9859,9859,1,5,0,3,0,0,0,0
1354951,3,2024,2024,7,5,3,4,27,25,34609,0,1,1,-34.517524,150.406017,78,2,1,0,0,0,3,1,0,0,7,70,0,1957,4009,8,0,40,1,0,0,0,0
1354967,3,2024,2024,6,0,1,3,31,143,34609,0,1,1,-33.88289,151.106432,9,0,2,1,2,0,3,4,0,0,7,50,0,1282,1282,1,33,5,2,0,0,0,0
1354974,3,2024,2024,0,4,7,100,27,12,78,0,1,1,-33.586824,149.759319,51,1,0,0,0,0,0,0,2,0,7,100,2,14295,14295,3,29,0,2,0,0,0,0
1354982,3,2024,2024,6,1,10,57,27,11,75,0,1,1,-33.49193,151.299794,16,2,2,0,2,0,0,0,0,0,7,60,1,1957,4009,8,5,40,1,0,0,0,0
1354987,3,2024,2024,8,0,8,2,4,74,34609,0,1,1,-34.047283,150.75615,12,0,2,0,0,0,0,0,2,0,7,50,0,1957,4009,1,8,5,2,0,0,0,0
1355017,3,2024,2024,8,2,9,2,27,15,34609,0,1,1,-35.371271,146.321982,51,1,0,1,0,0,0,0,0,0,7,100,0,3775,3775,0,33,5,2,0,0,0,0
1355037,3,2024,2024,4,2,1,330,23,150,233,0,1,10,-33.924536,151.228171,59,0,2,1,1,0,0,0,0,2,9,50,2,4552,985,8,5,40,1,0,0,0,0
1355043,3,2024,2024,6,1,1,12,1,31,34609,0,1,1,-33.507227,151.327051,16,2,2,1,1,0,0,0,0,0,7,50,0,9859,9859,8,0,40,1,0,0,0,0
1355048,3,2024,2024,8,6,9,232,36,134,331,0,1,2,-33.969836,150.814046,12,0,2,1,2,0,0,0,0,0,7,80,2,1282,1282,1,33,36,2,0,0,0,0
1355052,3,2024,2024,6,2,1,3371,17,90,3342,0,1,2,-28.245714,153.548453,72,1,0,0,0,0,0,0,0,0,7,110,2,1850,1463,5,5,40,1,0,0,0,0
1355058,3,2024,2024,6,6,4,20,1,98,34609,0,1,1,-33.014808,151.595835,37,0,2,1,1,0,0,0,2,0,7,50,0,9859,9859,1,5,5,3,0,0,0,0
1355059,3,2024,2024,8,5,8,8,1,445,34609,0,1,9,-33.849961,151.050007,21,0,2,1,2,0,0,0,3,0,0,60,0,14295,14295,3,5,5,2,0,0,0,0
1355067,3,2024,2024,3,5,2,19,31,562,34609,0,1,1,-32.237924,148.617874,22,2,1,1,0,0,0,0,0,0,7,50,0,9859,9859,1,0,13,3,0,0,0,0
1355075,3,2024,2024,6,0,1,9,27,65,34609,0,1,1,-30.384527,152.988438,19,2,1,0,0,2,0,0,0,0,7,80,0,4552,5151,8,5,40,1,0,0,0,0
1355078,3,2024,2024,6,3,8,1104,14,460,962,0,1,3,-33.826233,150.992528,54,0,2,1,0,0,0,0,3,0,7,90,2,14295,14295,3,5,0,2,0,0,0,0
1355095,3,2024,2024,6,4,6,3371,17,3,3342,0,1,2,-33.083045,151.643815,37,0,2,1,0,0,0,0,2,0,7,70,2,945,945,5,9,40,1,0,0,0,0
1355104,3,2024,2024,6,3,0,4,31,38,34609,0,1,1,-32.739042,151.86679,57,2,1,1,2,0,0,0,0,0,7,50,0,1282,1282,1,10,35,2,0,0,0,0
1355106,3,2024,2024,6,5,10,293,31,532,22,0,1,9,-33.863272,151.212887,69,0,2,1,2,0,0,0,0,2,7,40,2,3775,3775,0,0,5,2,0,0,0,0
1355116,3,2024,2024,4,3,9,119,31,17,34609,0,1,1,-32.727971,151.535093,42,2,1,1,3,0,0,0,2,0,7,50,0,9859,9859,8,30,40,1,0,0,0,0
1355126,3,2024,2024,6,1,3,161,17,23,161,0,1,1,-36.637568,149.577655,5,1,0,0,0,0,3,3,2,0,7,100,2,1089,1089,7,5,40,1,0,0,0,0
1355147,3,2023,2023,8,3,5,8,27,7,34609,0,1,1,-33.428889,149.08046,51,2,1,0,0,0,0,3,2,0,7,80,0,4552,5151,8,10,40,1,0,0,0,0
1355150,3,2024,2024,6,0,9,109,27,74,382,0,1,10,-33.744531,150.842668,7,0,2,1,3,0,0,0,0,2,7,60,2,1383,1383,1,5,5,2,0,0,0,0
1355153,3,2024,2024,6,2,6,387,36,86,69,0,1,10,-33.722103,151.217229,50,0,2,0,3,0,3,4,2,2,7,80,2,14295,14295,3,10,0,3,0,0,0,0
1355155,3,2024,2024,6,1,10,2126,17,161,2149,0,1,10,-33.889851,151.149072,32,0,2,1,3,0,0,0,0,2,7,60,2,6545,6545,4,0,0,2,0,0,0,0
1355156,3,2024,2024,6,5,5,283,27,197,702,1,0,2,-33.94849,151.080064,25,0,2,1,3,0,0,0,2,0,7,60,2,941,941,1,5,40,3,0,0,0,0
1355158,3,2024,2024,6,0,8,35,27,91,96,0,1,9,-32.960939,151.664258,37,0,2,1,3,0,3,4,2,0,15,60,2,256,256,4,5,0,3,0,0,0,0
1355167,3,2024,2024,6,5,4,4,1,22,8,0,1,1,-33.799392,151.27606,50,0,2,0,3,0,0,0,2,0,7,50,1,237,162,8,0,40,1,0,0,0,0
1355173,3,2024,2024,6,6,3,3371,17,463,3342,0,1,2,-30.291031,153.119674,19,2,1,1,3,0,0,0,1,0,7,60,2,1981,1981,4,9,5,2,0,0,0,0
1355175,3,2024,2024,6,6,4,1,31,21,34609,0,1,10,-34.372389,150.907823,80,0,2,1,3,0,0,0,2,0,0,50,0,217,217,1,0,5,2,0,0,0,0
1355176,3,2024,2024,7,1,7,220,14,51,220,0,1,3,-34.194334,150.966581,80,0,2,1,3,0,0,0,2,0,7,110,2,4026,4026,8,0,40,1,0,0,0,0
1355177,3,2024,2024,6,6,3,2209,17,176,2205,0,1,9,-33.959561,151.137949,4,0,2,0,3,0,0,0,2,2,7,60,2,1282,1282,1,8,5,2,0,0,0,0
1355179,3,2024,2024,6,1,8,37,27,149,34609,0,1,2,-33.3454,151.371312,16,2,2,1,3,0,0,0,4,0,9,50,0,475,475,5,9,40,1,0,0,0,0
1355182,3,2024,2024,6,0,1,7,10,23,34609,0,1,1,-32.869627,151.645272,48,0,2,1,3,0,0,0,0,0,7,100,0,9859,9859,1,5,5,2,0,0,0,0
1355184,3,2024,2024,8,2,4,344,27,95,382,0,1,2,-33.732332,150.847829,7,0,2,1,3,0,0,0,2,0,7,70,2,9859,9859,8,5,40,1,0,0,0,0
1355185,3,2024,2024,6,2,0,28,27,38,28,0,1,7,-32.727307,151.868109,57,2,1,1,3,0,3,4,0,0,0,60,1,380,777,5,10,40,1,0,0,0,0
1355187,3,2024,2024,6,5,9,3371,17,8,3342,0,1,2,-28.334628,153.522096,72,1,0,1,3,0,0,0,3,0,7,110,2,404,404,8,0,40,1,0,0,0,0
1355188,3,2024,2024,6,2,9,2209,17,70,2205,0,1,7,-34.855837,150.598248,63,2,1,0,3,0,3,4,0,0,0,70,2,14295,14295,3,5,13,3,0,0,0,0
1355190,3,2024,2024,6,4,4,28,27,38,28,0,1,1,-32.754347,151.86776,57,2,1,1,3,0,0,0,2,0,7,80,1,14295,14295,3,33,0,2,0,0,0,0
1355191,3,2024,2024,6,5,7,3371,17,82,3342,0,1,10,-33.827704,151.200636,49,0,2,1,3,0,0,0,2,2,7,60,2,2585,777,8,9,40,1,0,0,0,0
1355192,3,2024,2024,6,3,1,15,31,28,34609,0,1,9,-28.687767,153.522872,10,2,1,1,3,0,0,0,0,0,7,50,0,220,220,8,10,40,1,0,0,0,0
1355193,3,2024,2024,6,4,8,2209,17,76,2205,0,1,2,-35.358592,150.474046,63,2,1,1,3,0,0,0,3,0,7,50,2,14295,14295,3,5,5,2,0,0,0,0
1355194,3,2024,2024,6,6,4,213,17,83,213,0,1,1,-29.706273,152.935844,18,2,1,1,3,0,0,0,2,0,7,50,2,14295,14295,3,5,0,3,0,0,0,0
1355195,3,2024,2024,0,0,9,195,27,46,186,0,1,10,-33.929146,150.84713,41,0,2,1,3,0,3,4,3,2,7,70,2,6545,6545,4,21,5,2,0,0,0,0
1355197,3,2024,2024,6,0,3,15,31,201,46,0,1,7,-34.888054,150.607825,63,2,1,1,3,0,0,0,2,0,0,60,1,5929,5929,1,0,19,2,0,0,0,0
1355199,3,2024,2024,6,1,9,10,27,433,34609,0,1,1,-33.305537,149.071706,52,2,1,1,3,0,0,0,0,0,7,80,0,1089,1089,7,0,40,1,0,0,0,0
1355202,3,2024,2024,6,0,10,20,10,8,34609,0,1,1,-35.075092,147.349836,75,2,1,1,3,0,0,0,0,0,7,50,0,9859,9859,1,5,13,2,0,0,0,0
1355203,3,2024,2024,6,4,8,16,2,168,34609,0,1,10,-33.695124,150.819053,7,0,2,1,3,0,0,0,3,0,7,50,0,5929,5929,1,0,5,2,0,0,0,0
1355207,3,2024,2024,6,0,5,1,27,106,34609,0,1,1,-33.675823,151.314771,50,0,2,1,3,0,0,0,2,0,7,50,0,9859,9859,1,0,5,2,0,0,0,0
1355208,3,2024,2024,6,5,8,125,27,43,144,0,1,7,-32.817483,151.843221,57,2,1,0,3,0,0,0,3,0,0,80,2,6545,6545,4,10,5,2,0,0,0,0
1355213,3,2024,2024,6,2,10,2209,17,33,2205,0,1,2,-34.770242,150.709256,63,1,0,0,3,0,3,4,0,0,7,100,2,1259,5151,8,5,40,1,0,0,0,0
1355215,3,2024,2024,6,5,4,109,36,28,108,0,1,9,-28.328605,153.404433,72,2,1,1,3,0,3,4,2,0,7,60,1,14295,14295,3,10,13,2,0,0,0,0
1355217,3,2024,2024,6,6,2,135,17,65,136,0,1,1,-36.07026,147.014684,0,1,0,1,3,0,3,1,0,0,7,100,2,1089,1089,7,10,40,1,0,0,0,0
1355218,3,2024,2024,6,4,7,2209,17,41,2205,0,1,9,-33.90459,151.18042,69,0,2,1,3,0,0,0,2,0,7,40,2,14295,14295,3,10,5,3,0,0,0,0
1355219,3,2024,2024,6,4,5,330,27,108,605,0,1,9,-33.764003,151.271295,50,0,2,0,3,0,0,0,2,2,7,60,2,2585,4009,8,5,40,1,0,0,0,0
1355222,3,2024,2024,6,0,2,70,27,84,35,0,1,9,-33.807869,150.987222,54,0,2,1,3,0,0,0,1,2,7,40,1,5929,5929,1,34,5,2,0,0,0,0
1355225,3,2024,2024,6,1,8,2209,17,115,2205,0,1,9,-33.916239,151.173459,32,0,2,1,3,0,0,0,2,0,0,60,2,5929,5929,1,5,12,2,0,0,0,0
1355227,3,2024,2024,6,2,4,5,27,2,34609,0,1,1,-31.733347,149.288044,51,1,0,1,3,0,0,0,2,0,7,100,0,1089,1089,7,10,40,1,0,0,0,0
1355228,3,2024,2024,6,6,8,8,10,101,9,0,1,9,-32.897065,151.597135,37,0,2,1,3,0,0,0,4,0,0,80,1,2852,2852,4,5,25,3,0,0,0,0
1355230,3,2024,2024,6,4,7,6,27,3,6,0,1,1,-30.247415,152.590613,6,2,1,0,3,0,3,4,2,0,7,80,1,3775,3775,0,10,0,2,0,0,0,0
1355232,3,2024,2024,6,1,7,20,31,433,34609,0,1,7,-33.282727,149.10839,52,2,1,1,3,0,0,0,2,0,0,50,0,14295,14295,3,0,40,3,0,0,0,0
1355233,3,2024,2024,6,5,9,21,27,23,15,0,1,1,-32.333085,149.246603,44,1,0,1,3,0,0,0,0,0,7,100,1,1089,1089,7,10,40,1,0,0,0,0
1355234,3,2024,2024,6,5,3,9,31,215,34609,0,1,1,-35.100246,147.351627,75,2,1,1,3,0,0,0,1,0,7,60,0,9859,9859,8,5,40,1,0,0,0,0
1355235,3,2024,2024,6,5,10,1,25,37,34609,0,1,1,-34.645285,150.769925,35,2,1,1,3,0,0,0,4,0,7,50,0,175,188,8,9,40,1,0,0,0,0
1355237,3,2024,2024,6,2,10,177,31,314,208,0,1,7,-33.860453,150.9279,24,0,2,1,3,0,3,4,0,0,0,60,1,6545,6545,4,5,0,2,0,0,0,0
1355239,3,2024,2024,6,3,5,98,27,294,198,0,1,9,-33.92761,150.929824,41,0,2,1,3,0,3,3,2,0,7,60,2,14295,14295,3,0,5,2,0,0,0,0
1355243,3,2024,2024,6,5,11,103,36,1,157,0,1,1,-28.477841,152.905198,51,1,0,1,3,0,0,0,0,0,7,100,2,1089,1089,7,10,40,1,0,0,0,0
1355244,3,2024,2024,6,0,4,58,1,70,34609,0,1,1,-33.911606,150.998212,15,0,2,1,3,0,0,0,2,0,7,50,0,1981,1981,4,10,5,2,0,0,0,0
1355245,3,2024,2024,6,3,6,56,27,115,80,0,1,10,-33.8798,151.18698,69,0,2,1,3,0,3,4,2,2,7,40,2,1391,1391,1,0,0,2,0,0,0,0
1355246,3,2024,2024,6,0,2,36,27,134,36,0,1,9,-33.998299,150.791327,12,0,2,1,3,0,0,0,4,2,7,80,1,5929,5929,1,5,5,2,0,0,0,0
1355247,3,2024,2024,6,2,6,64,27,278,284,0,1,9,-33.77658,151.057115,54,0,2,1,3,0,3,4,2,0,0,60,2,1391,1391,1,0,0,2,0,0,0,0
1355252,3,2024,2024,6,0,11,47,27,9,33,0,1,9,-32.429984,151.552773,51,2,1,1,3,0,0,0,0,0,7,50,1,4552,985,8,34,40,1,0,0,0,0
1355253,3,2024,2024,6,0,7,3371,17,6,3342,0,1,2,-33.178987,151.599121,16,2,2,0,3,0,3,3,2,0,7,80,2,1957,4009,8,5,40,1,0,0,0,0
1355255,3,2024,2024,6,4,10,5,31,290,34609,0,1,1,-33.852117,151.003805,21,0,2,1,3,0,0,0,0,0,7,50,0,9859,9859,1,0,5,2,0,0,0,0
1355256,3,2024,2024,6,2,7,1,31,72,34609,0,1,9,-33.849119,151.093664,14,0,2,1,3,0,3,4,2,0,7,50,0,14295,14295,3,5,0,2,0,0,0,0
1355257,3,2024,2024,6,2,8,22,27,44,34609,0,1,1,-33.209439,151.514775,16,2,2,1,3,0,3,4,0,0,7,50,0,9859,9859,1,5,13,2,0,0,0,0
1355260,3,2024,2024,6,0,7,220,27,251,222,0,1,10,-33.76575,150.958253,7,0,2,1,3,0,0,0,2,2,7,80,2,14295,14295,3,5,0,3,0,0,0,0
1355261,3,2024,2024,0,1,9,19,27,1,46,0,1,1,-34.899108,150.671891,63,2,1,0,3,0,0,1,0,0,7,80,1,2585,4009,8,5,40,1,0,0,0,0
1355262,3,2024,2024,8,0,9,7,31,128,34609,0,1,1,-33.62925,150.79776,29,2,2,1,3,0,0,0,0,0,7,50,0,5929,5929,1,5,0,3,0,0,0,0
1355263,3,2024,2024,6,6,6,3371,17,107,3342,0,1,9,-33.276531,151.428624,16,2,2,1,3,0,0,0,2,0,15,70,2,150,150,4,5,5,2,0,0,0,0
1355267,3,2024,2024,8,5,3,36,31,314,38,0,1,10,-33.846822,150.923059,24,0,2,1,3,0,0,0,2,0,0,60,2,2852,2852,4,9,5,2,0,0,0,0
1355270,3,2024,2024,6,4,9,157,17,5,158,0,1,1,-33.497056,149.386572,3,2,1,0,3,0,0,0,0,0,7,80,2,1089,1089,7,0,40,1,0,0,0,0
1355271,3,2024,2024,8,0,5,348,17,11,232,0,1,1,-32.705763,149.72358,44,1,0,1,3,0,0,6,2,0,7,100,2,1089,1089,7,5,40,1,0,0,0,0
1355272,3,2024,2024,6,1,7,57,27,172,126,0,1,9,-32.751011,151.598467,42,2,1,1,3,0,0,0,2,0,0,50,2,1669,1669,3,10,5,3,0,0,0,0
1355273,3,2024,2024,6,2,9,25,27,11,34609,0,1,1,-34.527592,149.113672,74,1,0,1,3,2,0,0,0,0,7,100,0,4026,4026,8,0,40,1,0,0,0,0
1355277,3,2024,2024,6,3,0,2,27,22,34609,0,1,1,-33.422833,150.875404,29,2,2,0,3,2,3,3,0,0,7,50,0,2585,4009,8,10,40,1,0,0,0,0
1355279,3,2024,2024,6,6,9,68,27,98,208,1,0,9,-33.753246,151.065943,31,0,2,1,3,0,0,0,3,0,7,60,2,926,926,4,5,0,2,0,0,0,0
1355281,3,2024,2024,6,5,8,100,27,323,100,0,1,2,-33.804825,150.851844,7,0,2,1,3,0,0,0,2,0,7,70,2,1383,1383,1,5,0,3,0,0,0,0
1355285,3,2024,2024,6,2,9,3371,17,108,3342,0,1,9,-33.307306,151.419959,16,2,2,1,3,0,3,4,3,2,7,60,2,14295,14295,3,0,5,2,0,0,0,0
1355286,3,2024,2024,6,2,11,2,27,3,34609,0,1,1,-33.999669,149.078119,74,1,0,0,3,2,3,1,0,0,7,100,0,1957,4009,8,10,40,1,0,0,0,0
1355288,3,2024,2024,6,2,6,171,7,103,34609,0,1,9,-28.820704,153.313334,39,2,1,0,3,0,0,0,2,0,7,40,0,1109,787,1,5,5,2,0,0,0,0
1355290,3,2024,2023,9,0,4,2209,17,57,2205,0,1,2,-34.672886,150.842825,35,1,0,0,3,0,3,4,2,0,7,100,2,1282,1282,1,10,10,2,0,0,0,0
1355293,3,2024,2024,6,0,8,44,27,53,34609,0,1,10,-31.868067,152.361122,43,2,1,1,3,0,0,0,2,0,0,50,0,6545,6545,4,0,0,2,0,0,0,0
1355294,3,2024,2024,6,5,8,45,27,232,40,0,1,9,-33.670227,150.878913,7,0,2,1,3,0,0,0,0,0,7,60,2,1109,787,1,0,13,2,0,0,0,0
1355295,3,2024,2024,6,6,5,10,31,283,34609,1,0,1,-33.835335,151.009542,21,0,2,1,3,0,0,0,2,0,7,50,0,5929,5929,1,0,5,2,0,0,0,0
1355296,3,2024,2024,6,6,9,500,27,293,799,0,1,1,-33.932005,151.053157,15,0,2,1,3,0,0,0,3,0,7,60,2,1981,1981,4,5,12,2,0,0,0,0
1355298,3,2024,2024,6,1,3,9,10,16,34609,0,1,1,-33.985251,151.02244,68,0,2,1,3,0,0,0,2,0,7,50,0,9859,9859,1,10,5,2,0,0,0,0
1355299,3,2024,2024,6,5,9,33,27,120,34609,0,1,7,-33.763016,150.864791,7,0,2,1,3,0,0,0,0,0,0,50,0,14295,14295,3,21,0,2,0,0,0,0
1355300,3,2024,2024,6,1,6,43,31,106,7,0,1,1,-33.674598,151.305396,50,0,2,1,3,0,0,0,2,0,7,50,1,1981,1981,4,0,5,3,0,0,0,0
1355301,3,2024,2024,6,2,8,97,31,80,34609,0,1,1,-33.8784,151.207342,69,0,2,1,3,0,0,0,3,0,7,40,0,1282,1282,1,0,5,2,0,0,0,0
1355302,3,2024,2024,6,6,9,31,31,562,34609,0,1,10,-32.245339,148.63776,22,2,1,1,3,0,0,0,0,0,0,50,0,6545,6545,4,34,36,2,0,0,0,0
1355305,3,2024,2024,6,3,4,57,27,337,47,0,1,10,-33.724998,150.976862,71,0,2,1,3,0,0,0,2,2,7,60,2,14295,14295,3,5,5,2,0,0,0,0
1355307,3,2024,2024,6,2,8,361,1,80,34609,0,1,1,-34.555014,146.396767,51,2,1,1,3,0,0,0,2,0,0,60,0,9859,9859,8,5,40,1,0,0,0,0
1355312,3,2024,2024,6,3,8,71,27,33,69,0,1,1,-36.413957,148.596524,65,2,1,0,3,0,0,0,3,0,7,80,2,1089,1089,7,5,40,1,0,0,0,0
1355313,3,2024,2024,6,6,4,8,31,29,34609,0,1,1,-32.884256,151.695686,48,0,2,1,3,0,0,0,2,0,7,50,0,9859,9859,1,0,5,2,0,0,0,0
1355317,3,2024,2024,6,2,8,2209,17,157,2205,0,1,2,-34.00651,151.111997,68,0,2,1,3,0,0,0,0,0,7,70,2,4026,4026,8,5,40,1,0,0,0,0
1355318,3,2024,2024,6,5,4,2,31,72,34609,0,1,10,-33.853664,151.089714,14,0,2,1,3,0,0,0,2,0,0,50,0,6545,6545,4,5,36,2,0,0,0,0
1355319,3,2024,2024,6,3,7,3,31,102,34609,0,1,1,-33.94969,151.204952,4,0,2,1,0,0,0,0,2,0,7,50,0,9859,9859,8,5,40,1,0,0,0,0
1355324,3,2024,2024,6,0,6,109,36,28,108,0,1,1,-28.327594,153.407347,72,2,1,1,3,0,0,0,2,0,7,60,1,1981,1981,4,5,0,2,0,0,0,0
1355326,3,2024,2024,6,1,8,2261,31,228,39,0,1,10,-34.769083,149.696323,26,2,1,1,3,0,0,0,2,0,0,60,2,6545,6545,4,21,5,2,0,0,0,0
1355328,3,2024,2024,6,1,4,63,27,224,605,0,1,2,-33.817358,151.243531,45,0,2,1,3,0,0,0,2,0,7,60,2,14295,14295,3,0,0,2,0,0,0,0
1355329,3,2024,2024,6,0,5,53,31,102,34609,0,1,7,-31.117448,150.917051,70,2,1,0,3,0,0,0,2,0,0,50,0,6545,6545,4,5,0,2,0,0,0,0
1355330,3,2024,2024,6,6,5,79,10,43,231,0,1,1,-33.44505,151.328447,16,2,2,1,3,0,0,0,2,0,7,60,2,1383,1383,1,5,10,2,0,0,0,0
1355331,3,2024,2024,6,3,10,1,31,47,49,0,1,1,-33.778339,151.280621,50,0,2,0,3,0,0,0,0,0,7,60,1,4552,5151,1,5,5,3,0,0,0,0
1355332,3,2024,2024,6,5,3,866,17,314,793,0,1,9,-33.850821,150.944005,24,0,2,1,3,0,0,0,2,0,7,70,2,14295,14295,3,9,13,3,0,0,0,0
1355333,3,2024,2024,6,5,2,5,27,90,34609,0,1,10,-33.788204,150.955525,54,0,2,1,3,0,0,0,0,0,15,50,0,6545,6545,4,0,0,2,0,0,0,0
1355336,3,2024,2024,6,6,5,2209,17,115,2205,0,1,9,-33.91282,151.179077,32,0,2,1,3,0,0,0,2,0,0,50,2,14295,14295,3,10,13,2,0,0,0,0
1355339,3,2024,2024,0,5,10,2261,17,346,2252,0,1,9,-33.885847,151.068928,67,0,2,0,3,0,0,0,0,2,7,60,2,14295,14295,3,0,0,3,0,0,0,0
1355340,3,2024,2024,0,6,0,16,25,151,34609,0,1,9,-34.019229,150.865106,13,0,2,1,3,0,0,0,0,0,7,50,0,9859,9859,1,0,13,2,0,0,0,0
1355347,3,2024,2024,6,5,10,3,27,74,34609,0,1,1,-34.670865,148.116234,20,1,0,0,3,0,0,0,0,0,7,100,0,4552,5151,8,5,40,1,0,0,0,0
1355349,3,2024,2024,6,2,4,2209,17,176,2205,0,1,2,-33.948653,151.139733,4,0,2,1,3,0,3,4,2,0,7,60,2,1282,1282,1,19,5,2,0,0,0,0
1355364,3,2024,2024,8,5,11,92,27,16,34609,0,1,9,-32.980931,151.714406,37,0,2,1,0,0,3,4,0,0,15,50,0,489,489,8,21,40,1,0,0,0,0
1355367,3,2024,2024,6,5,8,512,17,433,441,0,1,9,-33.254677,149.10165,52,2,1,1,1,0,0,0,3,2,7,70,2,14295,14295,3,0,40,2,0,0,0,0
1355377,3,2024,2024,6,0,4,161,17,39,161,0,1,1,-35.299027,148.223927,66,2,1,1,0,0,3,0,2,0,7,50,2,1109,787,1,5,13,2,0,0,0,0
1355378,3,2024,2024,6,0,0,77,10,20,331,0,1,9,-34.09063,150.695015,12,0,2,1,2,0,0,0,0,0,0,80,2,9859,9859,8,30,40,1,0,0,0,0
1355382,3,2024,2024,7,5,4,475,31,23,34609,0,1,1,-32.991403,151.637614,37,0,2,1,1,0,0,0,2,0,7,50,0,9859,9859,1,5,3,2,0,0,0,0
1355387,3,2024,2024,8,0,0,29,27,85,27,0,1,1,-34.570271,150.780492,62,0,2,1,2,0,0,0,0,0,7,50,2,9859,9859,8,5,40,1,0,0,0,0
1355399,3,2024,2024,6,3,0,12,31,134,34609,0,1,1,-33.508816,151.310421,16,2,2,1,0,0,3,4,0,0,7,50,0,9859,9859,1,0,13,2,0,0,0,0
1355405,3,2024,2024,6,1,4,19,31,74,34609,0,1,1,-34.629944,148.019489,20,2,1,1,0,0,3,1,2,0,7,50,0,9859,9859,8,5,40,1,0,0,0,0
1355407,3,2024,2024,6,3,5,500,27,106,799,0,1,9,-33.921552,151.096409,15,0,2,1,1,0,0,0,2,0,7,60,2,2852,2852,4,5,5,2,0,0,0,0
1355411,3,2024,2024,8,4,9,283,27,197,702,0,1,2,-33.942738,151.076727,15,0,2,1,2,0,0,0,3,0,7,60,2,1192,1192,1,33,36,2,0,0,0,0
1355449,3,2024,2024,6,5,9,308,14,86,311,0,1,3,-33.740314,150.924282,7,0,2,1,2,0,0,0,0,0,7,100,2,9859,9859,8,0,40,1,0,0,0,0
1355451,3,2024,2024,6,0,9,17,2,38,34609,0,1,9,-32.758027,151.886649,57,2,1,1,0,0,3,3,0,0,7,50,0,489,489,8,21,40,1,0,0,0,0
1355453,3,2024,2024,6,5,9,26,27,111,34609,0,1,10,-33.700472,150.857519,7,0,2,1,0,0,0,0,0,0,15,60,0,6545,6545,4,0,13,2,0,0,0,0
1355454,3,2024,2024,6,2,0,178,31,84,34609,0,1,10,-31.099784,150.918935,70,2,1,1,2,0,3,4,0,0,0,50,0,6545,6545,4,5,0,2,0,0,0,0
1355461,3,2024,2024,8,3,1,2126,17,104,2149,0,1,9,-33.833136,151.017781,54,0,2,1,2,0,3,4,0,0,6,60,2,775,775,4,5,0,2,0,0,0,0
1355476,3,2024,2024,6,2,6,2,31,138,34609,0,1,1,-33.877408,151.275103,76,0,2,1,0,0,0,0,2,0,7,50,0,1282,1282,1,33,5,2,0,0,0,0
1355489,3,2024,2024,7,2,11,866,17,171,793,0,1,10,-33.807288,150.969468,21,0,2,1,2,0,0,0,0,2,7,70,2,6545,6545,4,0,0,2,0,0,0,0
1355493,3,2024,2024,7,6,8,866,17,204,793,0,1,10,-33.88827,150.922952,24,0,2,1,0,0,0,0,2,2,7,70,2,14295,14295,3,5,5,2,0,0,0,0
1355503,3,2024,2024,6,2,3,3371,17,40,3342,0,1,2,-33.817809,151.182122,38,0,2,0,2,0,3,3,1,0,7,60,2,1957,4009,1,5,5,2,0,0,0,0
1355528,3,2024,2024,6,1,3,916,17,9,917,0,1,1,-30.411755,151.691064,1,1,0,1,0,0,0,0,2,0,7,100,2,9859,9859,8,5,40,1,0,0,0,0
1355562,3,2024,2024,6,4,8,6,27,62,34609,0,1,7,-33.716353,150.85229,7,0,2,1,1,0,0,0,3,0,0,60,0,14295,14295,3,33,5,3,0,0,0,0
1355564,3,2024,2024,6,4,0,89,27,182,228,1,0,1,-32.835819,151.347486,17,2,1,1,2,0,0,0,0,0,7,60,1,1391,1391,1,5,0,2,0,0,0,0
1355577,3,2024,2024,6,3,3,5,31,39,34609,0,1,10,-35.304383,148.221541,66,2,1,1,0,0,0,0,0,0,0,50,0,4026,4026,8,0,40,1,0,0,0,0