Crash ID,Degree of crash - detailed,Reporting year,Year of crash,Month of crash,Day of week of crash,Two-hour intervals,Street of crash,Street type,Town,Route no.,School zone location,School zone active,Type of location,Latitude,Longitude,LGA,Urbanisation,Conurbation 1,Alignment,Street lighting,Road surface,Surface condition,Weather,Natural lighting,Signals operation,Other traffic control,Speed limit,Road classification,RUM - code,DCA - code,First impact type,Key TU type,Other TU type,No. of traffic units involved,No. killed,No. seriously injured,No. moderately injured,No. minor-other injured
1355582,3,2024,2024,0,0,11,1,10,5,34609,0,1,1,-31.942962,152.467788,43,2,1,1,2,0,0,0,0,0,7,50,0,4026,4026,1,5,12,2,0,0,0,0
1355594,3,2024,2024,6,2,9,11,23,18,34609,0,1,1,-33.461099,151.311764,16,2,2,1,0,0,3,4,0,0,7,50,0,9859,9859,1,0,13,2,0,0,0,0
1355598,3,2024,2024,0,3,2,2,25,562,34609,0,1,1,-32.252977,148.620379,22,2,1,1,0,0,0,0,0,0,7,50,0,489,489,8,5,40,1,0,0,0,0
1355609,3,2024,2024,6,5,7,169,31,4,42,0,1,1,-31.058471,152.798368,34,2,1,1,1,0,0,0,2,0,7,60,1,9859,9859,8,10,40,1,0,0,0,0
1355623,3,2024,2024,6,2,2,118,17,8,118,0,1,2,-30.472338,149.893102,51,1,0,1,0,0,0,0,0,0,7,100,2,945,945,5,3,40,1,0,0,0,0
1355631,3,2024,2024,6,6,10,9,27,63,34609,0,1,1,-33.258067,151.465678,16,2,2,1,2,0,0,0,0,0,7,50,0,3775,3775,0,33,5,2,0,0,0,0
1355635,3,2024,2024,6,1,9,4,18,13,34609,0,1,7,-31.04457,150.910542,70,2,1,1,0,0,0,0,2,0,0,60,0,6545,6545,4,10,0,2,0,0,0,0
1355637,3,2024,2024,6,6,1,1052,14,14,928,0,1,3,-33.208723,151.454595,16,1,2,1,0,0,0,0,0,0,7,110,2,1089,1089,7,5,40,1,0,0,0,0
1355655,3,2024,2024,6,6,2,40,27,73,34609,0,1,1,-35.129296,147.37755,75,2,1,1,2,0,0,0,1,0,7,60,0,9859,9859,1,10,5,2,0,0,0,0
1355657,3,2024,2024,0,0,9,113,27,78,111,0,1,1,-33.8684,150.796309,55,0,2,1,0,0,0,0,3,0,7,80,2,14295,14295,3,5,0,2,0,0,0,0
1355676,3,2024,2024,6,3,8,8,10,14,14,0,1,1,-36.924759,149.892006,5,2,1,0,0,0,0,0,0,0,7,70,1,1957,4009,8,30,40,1,0,0,0,0
1355684,3,2024,2024,8,2,11,1104,14,149,962,0,1,3,-33.817073,150.972171,21,0,2,1,2,0,0,0,0,0,7,90,2,14295,14295,3,10,5,2,0,0,0,0
1355720,3,2024,2024,8,3,11,330,27,43,605,0,1,2,-33.697264,151.300844,50,0,2,0,2,0,3,3,0,0,7,70,2,1259,5151,8,5,40,1,0,0,0,0
1355732,3,2024,2024,7,4,7,38,27,13,34609,0,1,9,-35.088425,150.612142,63,2,1,1,0,0,0,3,2,0,0,80,0,6545,6545,4,0,0,2,0,0,0,0
1355733,3,2024,2024,7,0,1,27,36,83,34609,0,1,1,-30.093615,153.187979,19,1,0,1,0,0,0,0,0,0,7,100,0,9859,9859,8,10,40,1,0,0,0,0
1355736,3,2024,2024,6,5,9,109,27,44,169,0,1,1,-32.812384,151.441147,17,2,1,1,2,0,0,0,0,0,7,60,2,4026,4026,1,10,0,2,0,0,0,0
1355737,3,2024,2024,8,6,9,866,27,201,44,0,1,9,-33.99847,150.86963,13,0,2,1,2,0,0,0,0,0,7,60,1,2852,2852,4,5,19,3,0,0,0,0
1355741,3,2024,2024,6,2,9,2,31,155,34609,0,1,9,-33.4978,151.31082,16,2,2,0,2,0,3,4,0,0,7,50,0,4552,985,1,5,5,2,0,0,0,0
1355756,3,2024,2024,8,3,4,8,31,438,34609,0,1,1,-33.853999,151.030018,21,0,2,1,0,0,0,0,2,0,7,50,0,1282,1282,1,33,5,2,0,0,0,0
1355786,3,2024,2024,6,6,8,1,7,433,34609,0,1,1,-33.265724,149.109917,52,2,1,1,2,0,0,0,3,0,7,50,0,9859,9859,1,10,0,2,0,0,0,0
1355795,3,2024,2024,6,6,4,6,10,130,34609,0,1,1,-34.457951,150.847146,80,0,2,1,1,0,0,0,2,0,7,50,0,3775,3775,0,10,5,3,0,0,0,0
1355812,3,2024,2024,6,6,8,2209,17,25,2205,0,1,2,-34.117979,150.991857,68,0,2,1,3,0,0,0,0,0,7,100,2,404,404,8,21,40,1,0,0,0,0
1355814,3,2024,2024,5,5,6,5,31,55,34609,0,1,1,-35.707794,150.176397,23,2,1,1,3,0,0,0,2,0,0,40,0,1981,1981,4,5,5,2,0,0,0,0
1355816,3,2024,2024,6,5,4,6,27,27,34609,0,1,1,-32.899381,151.777814,48,0,2,1,0,0,0,0,2,0,7,60,0,1945,1945,5,30,40,1,0,0,0,0
1355819,3,2024,2024,5,5,8,485,27,42,769,0,1,2,-33.705609,150.934786,71,0,2,1,3,0,3,3,2,0,7,80,2,14295,14295,3,30,0,2,0,0,0,0
1355820,3,2024,2024,6,2,3,19,31,104,34609,0,1,9,-33.83029,151.223138,49,0,2,1,1,0,0,0,2,0,7,50,0,9859,9859,1,0,0,3,0,0,0,0
1355822,3,2024,2024,5,0,3,65,10,132,148,0,1,1,-34.12041,151.070961,68,0,2,0,3,0,3,4,1,0,7,60,2,1850,1463,5,0,40,1,0,0,0,0
1355824,3,2024,2024,5,1,3,100,31,157,769,0,1,10,-33.803199,151.003199,54,0,2,1,1,0,0,0,2,2,7,60,2,5929,5929,1,10,5,2,0,0,0,0
1355825,3,2024,2024,6,4,7,2126,17,7,2149,0,1,10,-33.423018,149.654597,3,2,1,1,1,0,0,0,2,2,7,80,2,14295,14295,3,29,36,2,0,0,0,0
1355830,3,2024,2024,6,2,1,8,31,77,34609,0,1,9,-33.922306,151.159716,32,0,2,1,2,0,3,4,0,0,7,50,0,489,489,5,0,5,3,0,0,0,0
1355841,3,2024,2024,6,5,8,3371,17,10,3342,0,1,9,-32.071572,152.438956,43,1,0,1,0,0,0,0,2,0,15,100,2,6545,6545,4,0,5,2,0,0,0,0
1355843,3,2024,2024,8,3,11,41,27,102,91,0,1,1,-33.956192,151.227023,59,0,2,1,2,0,3,4,0,0,7,50,1,9859,9859,1,5,5,3,0,0,0,0
1355844,3,2024,2024,0,2,3,1104,14,142,962,0,1,3,-33.827836,150.99593,21,0,2,0,3,0,0,0,2,0,7,90,2,14295,14295,3,5,10,2,0,0,0,0
1355847,3,2024,2024,8,1,10,1,1,19,34609,0,1,1,-33.756267,151.096939,31,0,2,1,2,0,0,0,0,0,7,50,0,4026,4026,1,5,5,3,0,0,0,0
1355852,3,2024,2023,10,6,11,27,1,132,148,0,1,1,-34.152127,151.021692,68,0,2,0,3,0,0,0,0,0,7,60,2,4552,5151,8,5,40,1,0,0,0,0
1355859,3,2024,2024,6,2,9,3,1,189,34609,0,1,1,-33.948943,151.051557,25,0,2,1,3,0,0,0,3,0,7,50,0,9859,9859,1,30,5,3,0,0,0,0
1355862,3,2024,2024,5,1,4,3371,17,89,3342,0,1,2,-28.223578,153.554031,72,1,0,1,3,0,0,6,2,0,7,100,2,14295,14295,3,0,13,3,0,0,0,0
1355863,3,2024,2024,5,1,8,485,27,187,769,0,1,1,-33.78896,150.995285,54,0,2,0,3,0,3,4,3,0,7,60,2,14295,14295,3,5,0,3,0,0,0,0
1355865,3,2024,2024,5,6,6,177,22,87,176,0,1,2,-34.050968,151.151792,68,0,2,1,3,0,3,3,2,0,7,60,2,1391,1391,1,0,5,2,0,0,0,0
1355872,3,2024,2024,6,3,7,30,27,23,34609,0,1,1,-33.311484,151.392829,16,1,2,0,3,2,3,0,2,0,7,100,0,2585,4009,8,5,40,1,0,0,0,0
1355874,3,2024,2024,5,5,11,2126,17,26,2149,0,1,2,-33.702498,150.577296,8,2,2,0,3,0,3,4,0,0,7,80,2,2585,4009,8,5,40,1,0,0,0,0
1355891,3,2024,2024,6,5,4,50,36,10,43,0,1,1,-36.530662,148.200059,66,2,1,0,0,0,1,3,2,0,7,60,2,2585,4009,8,10,40,1,0,0,0,0
1355901,3,2024,2024,5,1,0,3371,17,90,3342,0,1,7,-28.244724,153.55319,72,2,1,0,3,0,3,4,0,0,0,60,2,14295,14295,3,0,0,2,0,0,0,0
1355902,3,2024,2024,5,5,4,5,27,251,34609,0,1,9,-33.787971,150.930196,7,0,2,1,3,0,3,0,2,0,7,50,0,1669,1669,3,0,0,2,0,0,0,0
1355908,3,2024,2024,6,3,5,169,27,80,61,0,1,9,-33.820385,151.16741,38,0,2,0,3,0,3,4,2,0,7,50,1,4552,5151,8,5,40,1,0,0,0,0
1355910,3,2024,2024,6,3,7,35,27,30,34609,0,1,1,-28.33154,153.477004,72,2,1,0,3,0,0,0,2,0,7,80,0,4552,5151,8,0,40,1,0,0,0,0
1355911,3,2024,2024,5,6,3,7,31,179,34609,0,1,1,-33.761939,150.718203,55,0,2,1,3,0,3,4,1,0,7,50,0,1282,1282,1,0,5,2,0,0,0,0
1355916,3,2024,2024,6,4,6,149,27,294,198,0,1,9,-33.942419,150.942692,41,0,2,1,3,0,0,0,2,2,7,60,2,926,926,4,0,12,2,0,0,0,0
1355923,3,2024,2024,3,4,8,4,27,22,4,0,1,1,-28.645408,150.076356,51,1,0,1,0,0,0,0,2,0,7,100,1,3775,3775,0,5,2,2,0,0,0,0
1355932,3,2024,2024,6,0,7,3,27,370,34609,0,1,1,-34.061236,150.815971,13,0,2,1,3,0,0,0,2,0,7,60,0,1669,1669,3,5,5,2,0,0,0,0
1355937,3,2024,2024,6,2,5,55,36,22,95,0,1,1,-33.206048,148.760747,11,1,0,1,0,0,0,0,2,0,7,100,2,945,945,5,10,40,1,0,0,0,0
1355963,3,2024,2024,8,1,8,1052,14,58,928,0,1,3,-33.22009,151.437572,16,1,2,1,1,0,0,0,3,0,7,100,2,1282,1282,1,5,5,3,0,0,0,0
1355966,3,2024,2024,5,4,9,21,36,18,34609,0,1,1,-30.956912,152.948941,34,1,0,1,3,0,3,4,0,0,7,100,0,1089,1089,7,0,40,1,0,0,0,0
1355981,3,2024,2024,6,0,2,14,31,41,34609,0,1,1,-32.971668,151.629783,37,0,2,0,1,0,0,0,0,0,7,50,0,2585,4009,1,5,0,3,0,0,0,0
1355988,3,2024,2024,8,2,8,334,17,6,308,0,1,1,-31.647787,147.926542,51,2,1,1,0,2,0,0,3,0,7,60,2,83,83,5,10,40,1,0,0,0,0
1355991,3,2024,2024,5,5,6,10,31,204,34609,0,1,9,-33.891044,151.125441,32,0,2,1,3,0,0,0,2,0,7,50,0,1981,1981,4,5,5,2,0,0,0,0
1355996,3,2024,2024,6,3,7,16,27,143,19,0,1,10,-33.703316,151.106228,31,0,2,1,3,0,0,0,2,2,7,50,1,6545,6545,4,5,5,3,0,0,0,0
1356004,3,2024,2024,5,1,4,348,27,9,100,0,1,1,-33.599456,150.74242,29,2,2,1,3,0,0,0,2,0,7,60,2,248,248,1,5,12,2,0,0,0,0
1356005,3,2024,2024,5,5,6,1104,14,223,962,0,1,3,-33.805021,150.913073,7,0,2,1,3,0,0,0,2,0,7,100,2,4026,4026,8,5,40,1,0,0,0,0
1356008,3,2024,2024,6,0,5,95,31,107,83,0,1,10,-29.672014,152.943969,18,2,1,1,0,0,0,0,2,0,0,50,1,6545,6545,4,34,0,2,0,0,0,0
1356011,3,2024,2024,3,6,4,11,10,65,34609,0,1,9,-36.042594,147.005152,0,2,1,0,1,0,0,0,2,0,0,80,0,1957,4009,8,0,40,1,0,0,0,0
1356012,3,2024,2024,6,0,4,515,14,294,518,0,1,3,-33.941804,150.941227,41,0,2,1,1,0,0,0,2,0,7,100,2,1192,1192,1,33,5,2,0,0,0,0
1356013,3,2024,2024,6,1,3,5,31,106,19,0,1,10,-33.889784,151.177808,69,0,2,1,3,0,0,0,2,0,0,40,1,6545,6545,4,5,5,2,0,0,0,0
1356026,3,2024,2024,5,4,1,475,10,42,268,0,1,2,-33.910364,150.900151,41,0,2,0,3,0,3,4,0,0,7,70,2,4552,5151,8,5,40,1,0,0,0,0
1356029,3,2024,2024,6,2,6,85,27,72,145,0,1,9,-33.799075,151.053967,54,0,2,0,3,0,0,0,2,0,0,70,2,5929,5929,1,5,36,2,0,0,0,0
1356033,3,2024,2024,6,3,10,1,31,53,34609,0,1,1,-31.095688,150.936795,70,2,1,1,2,0,0,0,0,0,7,40,0,5929,5929,1,10,5,2,0,0,0,0
1356042,3,2024,2024,0,4,8,3,27,15,34609,0,1,1,-34.008364,151.074055,68,0,2,1,2,0,0,0,2,0,7,50,0,9859,9859,1,5,0,2,0,0,0,0
1356043,3,2024,2024,6,0,9,14,31,100,260,0,1,1,-33.958063,151.157355,4,0,2,1,2,0,3,4,0,0,7,50,2,4026,4026,1,5,0,3,0,0,0,0
1356050,3,2024,2024,6,2,7,1,31,36,212,0,1,1,-35.437667,149.80046,58,2,1,1,1,0,0,0,2,0,7,50,2,3775,3775,0,5,0,2,0,0,0,0
1356065,3,2024,2024,8,6,9,2126,17,33,2149,0,1,2,-33.469393,150.124414,40,1,0,1,0,0,0,0,0,0,7,100,2,9859,9859,8,5,40,1,0,0,0,0
1356070,3,2024,2024,5,6,10,78,27,147,78,0,1,9,-33.869306,151.129488,14,0,2,1,3,0,3,4,0,2,7,50,2,5929,5929,1,5,36,2,0,0,0,0
1356072,3,2024,2024,8,4,8,2261,17,204,2252,0,1,2,-33.89944,150.946646,24,0,2,1,1,0,3,0,2,0,7,70,2,1383,1383,1,33,5,2,0,0,0,0
1356076,3,2024,2024,5,5,8,158,27,138,207,0,1,1,-33.872138,151.264585,81,0,2,1,3,0,0,0,3,0,7,60,2,941,941,1,0,5,2,0,0,0,0
1356081,3,2024,2024,3,1,6,37,27,46,41,0,1,1,-28.824767,153.28872,39,2,1,1,1,0,0,0,2,0,7,50,1,9859,9859,8,10,40,2,0,0,0,0
1356083,3,2024,2024,8,4,7,68,27,98,208,0,1,1,-33.744822,151.063752,31,0,2,1,1,0,0,0,2,0,7,60,2,9859,9859,8,5,40,1,0,0,0,0
1356084,3,2024,2024,0,3,9,1052,14,160,928,0,1,3,-33.124308,151.46903,37,0,2,1,0,0,0,0,0,0,7,110,2,14295,14295,3,5,25,3,0,0,0,0
1356086,3,2024,2024,8,0,7,3371,17,20,3342,0,1,2,-29.548423,153.1642,18,1,0,1,1,0,3,3,2,0,7,110,2,3775,3775,0,30,25,2,0,0,0,0
1356093,3,2024,2024,6,3,0,251,27,62,212,0,1,2,-33.754015,151.259961,50,0,2,0,2,0,0,0,0,0,7,70,2,1282,1282,1,5,5,2,0,0,0,0
1356095,3,2024,2024,8,6,8,147,27,104,605,0,1,2,-33.830573,151.219643,49,0,2,1,3,0,0,0,2,0,7,60,2,941,941,1,5,5,2,0,0,0,0
1356103,3,2024,2024,6,0,5,15,1,104,34609,0,1,1,-32.912059,151.69825,48,0,2,0,0,0,0,0,2,0,7,50,0,4552,5151,1,5,0,3,0,0,0,0
1356104,3,2024,2024,6,5,5,13,27,151,160,0,1,2,-34.029667,150.848895,13,0,2,1,0,0,0,0,2,0,0,50,2,1981,1981,4,5,5,2,0,0,0,0
1356105,3,2024,2024,8,2,9,14,27,12,34609,0,1,1,-33.509001,151.405685,16,2,2,0,0,0,3,4,0,0,7,60,0,3775,3775,0,5,13,2,0,0,0,0
1356109,3,2024,2024,6,0,3,4,1,173,34609,0,1,9,-33.727715,151.109258,36,0,2,1,3,0,0,0,0,0,7,50,0,9859,9859,1,5,0,2,0,0,0,0
1356111,3,2024,2024,6,4,4,23,27,39,34609,0,1,10,-33.757777,150.924513,7,0,2,1,0,0,0,0,2,0,7,50,0,926,926,4,5,40,2,0,0,0,0
1356112,3,2024,2024,6,0,6,6,27,21,34609,0,1,1,-33.872462,150.910489,24,0,2,0,3,0,0,0,2,0,7,50,0,14295,14295,3,5,0,2,0,0,0,0
1356113,3,2024,2024,8,4,9,3,31,80,34609,0,1,9,-33.763258,150.658682,55,0,2,1,0,0,0,0,0,0,15,50,0,2585,777,8,5,40,1,0,0,0,0
1356116,3,2024,2024,5,1,0,42,27,37,30,1,0,9,-33.897953,151.252065,76,0,2,1,2,0,3,4,0,0,7,50,1,4026,4026,8,5,40,1,0,0,0,0
1356125,3,2024,2024,6,6,11,1,27,14,34609,0,1,1,-34.37813,148.391261,30,1,0,0,0,2,0,0,0,0,7,100,0,4552,5151,8,5,40,1,0,0,0,0
1356127,3,2024,2024,6,0,11,10,27,73,34609,0,1,1,-33.890201,151.165152,32,0,2,1,3,0,0,0,0,0,7,50,0,9859,9859,1,0,5,2,0,0,0,0
1356129,3,2024,2024,3,2,2,916,17,105,917,0,1,1,-32.719231,151.532618,42,2,1,1,0,0,0,1,1,0,7,60,2,9859,9859,8,5,40,1,0,0,0,0
1356133,3,2024,2024,6,0,6,3371,17,77,3342,0,1,9,-32.948044,151.726719,48,0,2,0,3,0,0,0,2,0,0,70,2,204,204,1,10,5,2,0,0,0,0
1356137,3,2024,2024,6,3,3,11,31,433,19,0,1,10,-33.283823,149.101181,52,2,1,1,3,0,3,4,1,2,7,40,2,5929,5929,1,10,0,2,0,0,0,0
1356141,3,2024,2024,6,0,0,37,23,443,78,0,1,9,-33.906964,151.058976,15,0,2,1,2,0,3,4,0,0,0,60,2,9859,9859,8,0,40,1,0,0,0,0
1356147,3,2024,2024,6,3,11,194,31,157,769,1,0,9,-33.793646,150.999904,54,0,2,1,3,0,3,0,0,2,7,60,2,1669,1669,3,0,0,2,0,0,0,0
1356149,3,2024,2024,6,2,8,178,27,189,101,0,1,10,-33.95312,151.051793,25,0,2,1,3,0,0,0,3,2,15,50,1,1282,1282,1,5,5,2,0,0,0,0
1356172,3,2024,2024,5,5,10,6,1,63,34609,0,1,1,-28.195093,153.50874,72,2,1,1,1,0,3,4,0,0,7,50,0,9859,9859,1,10,5,2,0,0,0,0
1356174,3,2024,2024,6,3,8,157,17,36,158,0,1,1,-33.532366,149.255258,51,2,1,1,3,0,3,3,2,0,7,50,2,941,941,1,0,5,2,0,0,0,0
1356183,3,2024,2024,8,0,5,866,17,94,793,1,0,10,-33.883641,150.923766,24,0,2,1,3,0,0,3,2,2,7,70,2,6545,6545,4,5,0,2,0,0,0,0
1356188,3,2024,2024,7,0,3,31,27,136,101,0,1,9,-32.921475,151.72348,48,0,2,1,1,0,0,0,2,0,7,60,2,9859,9859,1,0,0,4,0,0,0,0
1356192,3,2024,2024,8,2,10,330,27,108,605,0,1,10,-33.758655,151.280372,50,0,2,0,2,0,3,4,0,2,7,60,2,204,204,1,0,5,2,0,0,0,0
1356195,3,2024,2024,6,0,6,149,36,21,113,0,1,9,-32.090335,152.478379,43,2,1,0,3,0,0,0,2,0,15,80,1,2852,2852,4,5,0,2,0,0,0,0
1356202,3,2024,2024,6,0,3,1,31,252,34609,0,1,1,-33.885367,151.210369,69,0,2,1,3,0,3,4,0,0,7,40,0,1282,1282,1,8,25,2,0,0,0,0
1356209,3,2024,2024,5,5,4,13,27,76,14,0,1,1,-34.532929,150.355303,78,2,1,1,3,0,3,3,2,0,7,70,1,9859,9859,8,5,40,1,0,0,0,0
1356219,3,2024,2024,6,6,2,1,27,2,34609,0,1,1,-28.782813,152.950235,60,1,0,1,0,0,2,6,0,0,7,100,0,1089,1089,7,10,40,1,0,0,0,0
1356222,3,2024,2024,6,3,9,21,10,74,34609,0,1,2,-34.024871,150.782428,12,0,2,0,3,0,3,3,0,0,7,60,0,4552,5151,8,0,40,1,0,0,0,0
1356233,3,2024,2024,5,4,3,13,27,131,212,0,1,2,-33.778644,151.195037,36,0,2,1,1,0,0,3,1,0,7,60,2,945,945,5,0,40,1,0,0,0,0
1356235,3,2024,2024,5,5,4,98,27,609,136,0,1,1,-33.776877,150.920143,7,0,2,0,3,0,3,3,2,0,7,60,2,14295,14295,3,5,13,2,0,0,0,0
1356239,3,2024,2024,6,3,10,1,27,6,34609,0,1,9,-30.879067,153.072773,34,2,1,0,0,0,3,4,0,0,7,40,0,782,985,5,5,40,1,0,0,0,0
1356244,3,2024,2024,5,6,6,25,27,64,32,0,1,10,-34.387166,150.906144,80,0,2,1,3,0,0,0,2,0,7,60,1,5929,5929,1,5,5,2,0,0,0,0
1356247,3,2024,2024,5,5,8,916,17,70,917,0,1,7,-32.739071,151.551547,42,2,1,1,3,0,3,4,3,0,0,60,2,2852,2852,4,0,0,2,0,0,0,0
1356249,3,2024,2024,5,6,9,330,27,147,605,0,1,9,-33.753443,151.285669,50,0,2,1,3,0,3,4,0,2,7,60,2,5929,5929,1,5,0,2,0,0,0,0
1356250,3,2024,2024,6,0,6,21,27,370,68,0,1,10,-34.059726,150.813629,13,0,2,1,3,0,0,0,2,3,7,60,1,14295,14295,3,9,12,3,0,0,0,0
1356252,3,2024,2024,5,6,4,2,31,96,34609,0,1,10,-33.379693,148.00621,51,2,1,1,3,0,0,0,2,0,0,50,0,301,301,4,0,0,2,0,0,0,0
1356254,3,2024,2024,6,2,9,2,31,316,16,0,1,0,-33.918106,151.241959,59,0,2,1,2,0,3,0,0,0,7,50,1,14295,14295,3,5,5,2,0,0,0,0
1356263,3,2024,2024,6,6,7,4,27,65,34609,1,0,1,-33.381599,151.37587,16,2,2,0,3,0,0,0,2,0,7,60,0,3775,3775,0,0,0,2,0,0,0,0
1356275,3,2024,2024,6,2,8,5,4,44,34609,0,1,9,-28.815201,153.415121,2,2,1,0,3,0,0,0,2,0,7,50,0,14295,14295,3,5,5,2,0,0,0,0
1356276,3,2024,2024,6,0,4,78,32,646,34609,0,1,1,-33.917642,151.037587,15,0,2,1,3,0,0,0,2,0,7,40,0,84,84,8,9,40,2,0,0,0,0
1356285,3,2024,2024,6,0,3,24,31,433,34609,1,0,1,-33.296529,149.096234,52,2,1,1,2,0,3,3,1,2,9,50,0,9859,9859,8,10,40,1,0,0,0,0
1356297,3,2024,2024,6,4,10,22,31,337,30,0,1,10,-33.731106,151.004213,71,0,2,1,3,0,0,0,0,0,7,60,2,248,248,1,9,0,2,0,0,0,0
1356302,3,2024,2024,6,2,5,4,27,91,44,0,1,1,-33.991534,150.882781,13,0,2,1,3,0,3,0,2,0,7,60,1,1669,1669,3,5,5,2,0,0,0,0
1356308,3,2024,2024,6,2,5,13,27,26,45,0,1,1,-33.742143,150.810886,7,0,2,1,3,0,0,0,2,0,7,50,1,14295,14295,3,0,13,2,0,0,0,0
1356317,3,2024,2024,5,1,3,2126,17,140,2149,0,1,10,-33.78893,150.854357,7,0,2,0,3,0,0,0,2,1,7,60,2,14295,14295,3,0,0,2,0,0,0,0
1356318,3,2024,2024,6,2,0,11,27,112,34609,0,1,10,-36.057098,146.927186,0,2,1,1,2,0,0,0,0,2,7,60,0,1850,777,5,10,40,1,0,0,0,0
1356324,3,2024,2024,5,1,6,39,31,94,34609,0,1,1,-33.837718,151.037459,54,0,2,1,3,0,0,0,2,0,7,50,0,9859,9859,1,0,0,3,0,0,0,0
1356327,3,2024,2024,6,1,8,19,31,172,126,0,1,10,-32.747942,151.592916,42,2,1,1,3,0,0,0,2,0,15,50,2,6545,6545,4,0,5,2,0,0,0,0
1356334,3,2024,2024,5,1,9,230,27,197,284,0,1,9,-33.79266,151.13211,61,0,2,1,3,0,3,4,0,0,7,70,2,1391,1391,1,0,5,2,0,0,0,0
1356337,3,2024,2024,5,6,7,3371,17,65,3342,0,1,7,-33.385068,151.36626,16,2,2,0,3,0,0,0,2,0,0,60,2,1383,1383,1,8,5,2,0,0,0,0
1356340,3,2024,2024,6,2,4,112,27,18,769,0,1,1,-33.509201,150.494197,29,2,2,0,0,0,3,4,2,0,7,80,2,1850,1463,5,8,40,1,0,0,0,0
1356346,3,2024,2024,6,0,3,2126,17,445,2149,0,1,10,-33.85484,151.061436,21,0,2,1,3,0,0,0,2,2,7,60,2,5929,5929,1,30,19,2,0,0,0,0
1356351,3,2024,2024,6,0,4,2,27,2,34609,0,1,1,-31.800066,152.527668,43,1,0,1,3,2,3,0,2,0,7,100,0,9859,9859,8,0,40,1,0,0,0,0
1356352,3,2024,2024,5,5,0,18,31,228,34609,0,1,1,-34.741198,149.713514,26,2,1,1,0,0,3,3,0,0,7,50,0,9859,9859,1,0,41,2,0,0,0,0
1356354,3,2024,2024,6,2,1,13,31,122,34609,0,1,10,-33.426937,151.341851,16,2,2,1,2,0,3,4,0,2,7,40,0,1669,1669,3,5,0,2,0,0,0,0
1356361,3,2024,2024,6,0,0,57,27,11,75,0,1,1,-33.493779,151.299773,16,2,2,0,3,0,0,0,0,0,7,60,1,1259,5151,8,21,40,1,0,0,0,0
1356371,3,2024,2024,5,4,8,3,31,5,34609,0,1,9,-33.839029,151.105817,14,0,2,1,3,0,0,0,0,0,0,50,0,1282,1282,1,0,5,2,0,0,0,0
1356380,3,2024,2024,6,2,7,3371,17,58,3342,0,1,2,-28.552546,153.537936,10,1,0,1,3,0,0,0,2,0,7,110,2,1391,1391,1,10,5,2,0,0,0,0
1356383,3,2024,2024,5,5,11,3371,17,143,3342,1,0,9,-33.709293,151.100713,31,0,2,1,3,0,3,4,0,0,7,60,2,9859,9859,8,0,40,1,0,0,0,0
1356386,3,2024,2024,6,4,9,222,31,131,212,0,1,9,-33.786777,151.181382,77,0,2,1,3,0,0,0,3,2,7,60,2,5929,5929,1,5,5,2,0,0,0,0
1356387,3,2024,2024,5,5,2,11,27,27,34609,0,1,9,-32.882295,151.776852,48,0,2,1,2,0,3,4,0,0,15,60,0,926,926,4,29,35,2,0,0,0,0
1356391,3,2024,2024,5,5,5,126,27,74,168,0,1,2,-34.060847,150.783067,13,0,2,1,3,0,0,0,2,0,7,80,2,1391,1391,1,29,36,2,0,0,0,0
1356393,3,2024,2024,7,2,2,46,31,62,34609,0,1,1,-33.892974,151.142863,32,0,2,0,1,0,3,3,0,0,7,50,0,2585,4009,8,0,40,1,0,0,0,0
1356400,3,2024,2024,5,5,6,60,27,239,167,1,0,10,-34.031914,151.119298,68,0,2,1,3,0,0,0,2,2,7,70,2,14295,14295,3,9,13,2,0,0,0,0
1356401,3,2024,2024,6,1,4,475,10,42,268,0,1,2,-33.875845,150.842084,24,0,2,1,0,0,0,3,2,0,7,60,2,1383,1383,1,33,5,2,0,0,0,0
1356405,3,2024,2024,5,1,4,95,31,204,34609,0,1,9,-33.894533,150.937329,24,0,2,1,3,0,0,0,2,0,7,40,0,1391,1391,1,5,5,2,0,0,0,0
1356407,3,2024,2024,6,0,8,515,14,294,518,0,1,3,-33.940514,150.931593,41,0,2,1,3,0,0,0,3,0,7,100,2,14295,14295,3,5,0,3,0,0,0,0
1356412,3,2024,2024,6,3,8,123,27,316,25,0,1,10,-33.91,151.251542,59,0,2,1,3,0,3,4,0,2,7,50,1,5929,5929,1,5,5,2,0,0,0,0
1356415,3,2024,2024,6,2,6,330,27,53,605,0,1,10,-33.737288,151.302559,50,0,2,1,3,0,0,0,2,2,7,60,2,14295,14295,3,0,0,2,0,0,0,0
1356416,3,2024,2024,5,1,3,234,27,112,217,0,1,2,-33.695599,151.030715,71,0,2,0,3,0,3,0,2,0,0,60,2,1391,1391,1,10,5,2,0,0,0,0
1356421,3,2024,2024,6,4,9,4,27,65,19,0,1,1,-33.701956,151.290458,50,0,2,0,3,0,0,0,0,0,7,50,1,623,623,3,5,5,2,0,0,0,0
1356433,3,2024,2024,3,4,3,92,27,129,244,0,1,9,-33.893628,151.11564,32,0,2,1,1,0,0,0,2,0,15,60,2,9859,9859,8,5,40,1,0,0,0,0
1356436,3,2024,2024,4,5,7,42,31,150,34609,0,1,1,-33.920066,151.231115,59,0,2,1,0,0,0,0,2,0,7,50,0,175,188,1,0,0,3,0,0,0,0
1356437,3,2024,2024,8,0,5,25,27,11,34609,0,1,1,-34.552066,149.118529,74,1,0,1,0,2,0,0,2,0,7,100,0,945,945,5,5,40,1,0,0,0,0