Crash ID,Degree of crash - detailed,Reporting year,Year of crash,Month of crash,Day of week of crash,Two-hour intervals,Street of crash,Street type,Town,Route no.,School zone location,School zone active,Type of location,Latitude,Longitude,LGA,Urbanisation,Conurbation 1,Alignment,Street lighting,Road surface,Surface condition,Weather,Natural lighting,Signals operation,Other traffic control,Speed limit,Road classification,RUM - code,DCA - code,First impact type,Key TU type,Other TU type,No. of traffic units involved,No. killed,No. seriously injured,No. moderately injured,No. minor-other injured
1356438,3,2024,2024,6,5,11,9,27,69,34609,1,0,1,-28.548562,153.495633,10,2,1,1,2,0,0,0,0,0,7,50,0,9859,9859,1,21,5,2,0,0,0,0
1356439,3,2024,2024,6,2,3,12,31,363,34609,0,1,1,-33.761406,150.705618,55,0,2,1,1,0,0,0,1,0,7,50,0,9859,9859,1,5,5,3,0,0,0,0
1356454,3,2024,2024,5,4,3,149,27,60,198,0,1,2,-33.943148,150.943594,41,0,2,1,3,0,3,3,2,0,7,60,2,387,387,1,8,5,2,0,0,0,0
1356461,3,2024,2024,5,6,3,21,27,79,34609,0,1,1,-33.551755,150.743959,29,2,2,1,3,0,0,0,1,0,7,80,0,1089,1089,7,5,40,1,0,0,0,0
1356480,3,2024,2024,5,2,6,26,31,171,19,0,1,7,-33.805381,150.961094,21,0,2,1,3,0,0,3,2,0,0,50,1,14295,14295,3,34,5,2,0,0,0,0
1356482,3,2024,2024,5,1,1,1,31,387,34609,0,1,1,-33.927107,151.194913,4,0,2,1,3,0,3,4,0,0,7,50,0,9859,9859,1,5,5,2,0,0,0,0
1356485,3,2024,2024,5,2,10,80,31,204,187,0,1,10,-33.877973,151.127567,32,0,2,1,3,0,0,0,0,0,15,50,2,6545,6545,4,5,5,2,0,0,0,0
1356486,3,2024,2024,6,3,11,3,25,30,34609,0,1,1,-35.358236,149.208216,58,2,1,1,2,0,3,3,0,0,7,50,0,1282,1282,1,10,0,2,0,0,0,0
1356488,3,2024,2024,5,1,10,39,31,169,99,0,1,10,-33.900262,151.206164,69,0,2,1,3,0,3,4,0,2,7,50,2,6545,6545,4,10,5,2,0,0,0,0
1356491,3,2024,2024,5,6,4,13,27,16,34609,0,1,9,-33.816146,151.091297,61,0,2,1,3,0,0,0,2,0,15,50,0,2852,2852,4,5,5,2,0,0,0,0
1356492,3,2024,2024,5,3,2,18,27,49,34609,0,1,1,-34.048247,151.133398,68,0,2,1,3,0,3,3,0,0,7,50,0,9859,9859,1,5,13,2,0,0,0,0
1356493,3,2024,2024,8,6,8,50,36,14,43,0,1,1,-36.442788,148.501029,65,1,0,0,0,0,0,0,2,0,7,100,2,1669,1669,3,5,36,2,0,0,0,0
1356495,3,2024,2024,5,5,3,5,31,363,769,0,1,10,-33.805185,151.002597,54,0,2,1,3,0,3,0,1,0,15,60,2,926,926,4,5,13,2,0,0,0,0
1356499,3,2024,2024,5,5,10,28,10,12,70,0,1,2,-31.935801,152.467167,43,2,1,1,0,0,3,3,0,0,7,70,1,1089,1089,7,0,40,1,0,0,0,0
1356505,3,2024,2024,5,4,9,10,31,129,34609,0,1,7,-33.895626,151.09389,9,0,2,1,3,0,3,4,0,0,0,50,0,6545,6545,4,5,0,2,0,0,0,0
1356506,3,2024,2024,0,4,9,2,31,337,34609,0,1,1,-33.74118,151.001317,71,0,2,1,3,0,0,0,0,0,7,50,0,4026,4026,1,10,5,3,0,0,0,0
1356507,3,2024,2024,0,5,6,1052,14,54,928,0,1,3,-33.459954,151.199703,16,1,2,1,0,0,3,4,2,0,7,110,2,14295,14295,3,10,5,2,0,0,0,0
1356512,3,2024,2024,5,2,3,1,31,174,34609,0,1,1,-33.865343,150.911275,24,0,2,1,3,0,3,4,2,0,7,50,0,5929,5929,1,5,0,2,0,0,0,0
1356518,3,2024,2024,5,5,9,283,27,145,702,0,1,10,-33.917466,151.065154,15,0,2,1,3,0,3,4,0,2,7,60,2,1383,1383,1,5,5,2,0,0,0,0
1356519,3,2024,2024,5,2,9,334,17,53,308,0,1,2,-31.092419,150.934657,70,2,1,1,3,0,0,0,0,0,7,50,2,4026,4026,8,5,40,1,0,0,0,0
1356522,3,2024,2024,5,2,3,1,10,106,34609,0,1,11,-28.858926,153.069025,60,2,1,0,3,0,3,3,2,0,7,50,0,84,84,8,3,40,1,0,0,0,0
1356523,3,2024,2024,5,5,8,9,31,130,34609,0,1,1,-33.871304,151.192643,69,0,2,0,3,0,0,0,2,0,7,50,0,14295,14295,3,34,5,3,0,0,0,0
1356530,3,2024,2024,6,5,6,1,27,27,34609,0,1,7,-30.142593,153.186548,19,2,1,1,3,0,0,0,2,0,0,60,0,775,775,4,0,5,2,0,0,0,0
1356541,3,2024,2024,7,0,10,3,27,148,34609,0,1,1,-36.045463,146.955145,0,2,1,1,2,0,0,0,0,0,7,50,0,1109,787,1,5,5,2,0,0,0,0
1356547,3,2024,2024,6,1,5,2209,17,176,2205,1,0,2,-33.964677,151.137049,4,0,2,1,3,0,0,0,2,0,7,60,2,14295,14295,3,0,0,3,0,0,0,0
1356548,3,2024,2024,7,5,6,98,31,77,34609,0,1,0,-33.926714,151.158394,32,0,2,1,1,0,0,0,2,0,7,40,0,4026,4026,1,8,0,2,0,0,0,0
1356555,3,2024,2024,5,2,0,234,27,24,228,0,1,1,-33.395226,150.984895,71,0,2,0,3,0,3,1,0,0,7,60,2,4552,5151,8,5,40,1,0,0,0,0
1356558,3,2024,2024,5,3,6,5,31,165,34609,0,1,1,-33.852774,151.155295,14,0,2,1,3,0,0,0,2,0,7,50,0,941,941,1,5,5,2,0,0,0,0
1356563,3,2024,2024,5,6,10,2261,17,7,2252,0,1,2,-34.820593,149.101601,74,1,0,0,3,0,0,0,0,0,7,110,2,380,714,5,9,40,1,0,0,0,0
1356569,3,2024,2024,5,6,2,24,1,609,115,0,1,10,-33.765531,150.911003,7,0,2,1,3,0,0,0,1,2,9,60,2,4026,4026,8,10,40,1,0,0,0,0
1356572,3,2024,2024,5,5,5,10,27,112,34609,0,1,2,-36.06364,146.925086,0,2,1,0,1,0,3,4,2,0,7,60,0,4552,5151,8,5,40,1,0,0,0,0
1356573,3,2024,2024,5,3,3,56,27,251,11,0,1,1,-33.766904,150.945212,7,0,2,1,1,0,0,0,2,0,7,60,2,1945,1945,5,9,40,1,0,0,0,0
1356575,3,2024,2024,6,2,11,1,7,18,34609,0,1,1,-33.232211,151.532455,16,2,2,1,2,0,3,4,0,0,7,50,0,1109,787,1,0,5,3,0,0,0,0
1356580,3,2024,2024,5,0,10,2,1,17,34609,0,1,9,-30.88458,153.040399,34,2,1,1,2,0,3,4,0,0,7,40,0,4552,985,1,5,36,2,0,0,0,0
1356581,3,2024,2024,6,5,10,2126,17,171,2149,0,1,2,-33.813736,150.961869,21,0,2,1,3,0,0,0,0,0,0,80,2,1981,1981,4,5,0,2,0,0,0,0
1356584,3,2024,2024,6,5,4,294,17,215,288,1,0,10,-35.118502,147.365836,75,2,1,1,3,0,0,0,2,2,7,60,2,14295,14295,3,10,0,2,0,0,0,0
1356587,3,2024,2024,5,6,7,2,31,293,34609,1,2,9,-33.934879,151.239027,59,0,2,1,1,0,0,0,2,0,7,40,0,2852,2852,4,5,0,2,0,0,0,0
1356593,3,2024,2024,6,6,2,5,7,16,34609,0,1,1,-32.900456,151.699907,48,0,2,1,0,0,0,0,0,0,7,50,0,1282,1282,1,33,5,2,0,0,0,0
1356600,3,2024,2024,6,6,8,78,27,284,61,0,1,7,-33.9043,151.020918,15,0,2,1,3,0,0,0,3,0,0,60,1,6545,6545,4,5,36,4,0,0,0,0
1356606,3,2024,2024,5,4,3,196,36,36,15,0,1,9,-33.946519,148.17061,51,1,0,1,0,0,0,1,2,0,7,100,1,1089,1089,7,0,40,1,0,0,0,0
1356611,3,2024,2024,6,2,11,18,10,121,34609,0,1,7,-28.210078,153.52377,72,2,1,0,2,0,0,0,0,0,7,60,0,4552,5151,8,5,40,1,0,0,0,0
1356613,3,2024,2024,5,2,11,1,18,59,34609,0,1,10,-33.977901,150.85398,13,0,2,1,3,0,3,0,0,0,7,50,0,4552,985,8,5,40,1,0,0,0,0
1356623,3,2024,2024,5,6,7,171,23,99,34609,0,1,9,-33.893576,151.273027,76,0,2,1,0,0,3,4,2,0,7,50,0,387,387,1,33,0,2,0,0,0,0
1356626,3,2024,2024,6,2,2,4,18,93,34609,0,1,9,-36.074849,146.930555,0,2,1,1,0,0,0,0,0,0,7,50,0,4552,985,8,0,40,1,0,0,0,0
1356635,3,2024,2024,5,6,9,19,27,57,63,0,1,7,-34.570727,150.823265,62,0,2,1,3,0,0,0,0,0,0,60,2,926,926,4,10,0,2,0,0,0,0
1356636,3,2024,2024,5,2,8,15,27,12,91,0,1,1,-34.852493,149.244457,74,1,0,0,3,0,0,0,0,0,7,100,1,1089,1089,7,0,40,1,0,0,0,0
1356648,3,2024,2024,8,6,6,78,31,137,34609,0,1,10,-34.032829,151.064946,68,0,2,1,1,0,3,0,2,0,15,50,0,6545,6545,4,9,0,2,0,0,0,0
1356667,3,2024,2024,6,2,6,83,27,108,147,0,1,1,-28.857601,153.562316,2,2,1,1,3,0,0,0,2,0,7,60,1,4026,4026,8,34,40,1,0,0,0,0
1356668,3,2024,2024,5,5,9,481,17,29,483,0,1,2,-31.273026,149.277071,51,2,1,1,2,0,3,4,0,0,7,50,2,248,248,1,3,5,2,0,0,0,0
1356669,3,2024,2024,0,3,0,8,27,26,34609,0,1,1,-33.734785,150.813018,7,0,2,0,2,0,0,0,0,0,7,50,0,1957,4009,1,5,6,2,0,0,0,0
1356671,3,2024,2024,5,1,2,21,27,20,34609,0,1,1,-33.253496,151.324167,16,2,2,0,3,0,3,1,0,0,7,80,0,1957,4009,8,5,40,1,0,0,0,0
1356673,3,2024,2024,6,3,8,100,31,157,769,0,1,10,-33.803199,151.003199,54,0,2,0,3,0,3,4,0,2,7,60,2,5929,5929,1,0,5,2,0,0,0,0
1356676,3,2024,2024,5,3,9,10,27,463,34609,0,1,1,-30.283528,153.129187,19,2,1,1,2,0,3,3,0,0,7,50,0,3775,3775,0,5,36,2,0,0,0,0
1356677,3,2024,2024,5,4,4,125,27,108,123,0,1,2,-33.309586,151.419199,16,2,2,1,3,0,3,3,2,2,9,70,2,1282,1282,1,0,0,2,0,0,0,0
1356684,3,2024,2024,5,5,3,69,31,93,34609,0,1,1,-36.090593,146.932582,0,2,1,0,3,0,3,3,2,0,7,60,0,3775,3775,0,5,0,2,0,0,0,0
1356687,3,2024,2024,6,1,10,4,27,21,34609,1,0,1,-34.375842,150.912438,80,0,2,1,3,0,0,0,0,0,7,50,0,9859,9859,1,5,0,2,0,0,0,0
1356688,3,2024,2024,5,3,6,3371,17,147,3342,0,1,2,-33.747727,151.145338,36,0,2,1,3,0,0,0,2,0,7,60,2,1391,1391,1,30,5,2,0,0,0,0
1356695,3,2024,2024,5,1,8,55,31,172,34609,0,1,1,-32.754403,151.581396,42,2,1,0,3,0,3,4,2,0,7,50,0,782,957,5,9,40,1,0,0,0,0
1356703,3,2024,2024,5,2,10,39,27,284,563,0,1,10,-33.899061,151.037351,15,0,2,1,3,0,0,0,0,2,7,70,2,14295,14295,3,5,0,2,0,0,0,0
1356708,3,2024,2024,5,4,4,2209,17,76,2205,0,1,1,-35.368253,150.469982,63,2,1,1,1,0,0,0,2,0,7,60,2,1109,787,1,0,13,2,0,0,0,0
1356709,3,2024,2024,6,0,9,65,27,202,563,0,1,10,-33.941377,151.035262,15,0,2,1,2,0,3,0,0,0,15,70,2,6545,6545,4,5,13,2,0,0,0,0
1356710,3,2024,2024,5,1,2,77,27,87,100,0,1,1,-34.485069,150.415557,78,2,1,1,3,0,1,2,1,0,7,50,2,9859,9859,8,10,40,1,0,0,0,0
1356712,3,2024,2024,5,2,1,232,36,36,168,0,1,1,-34.045427,150.720269,12,0,2,0,0,0,0,0,0,0,7,70,1,4552,5151,8,9,40,1,0,0,0,0
1356713,3,2024,2024,7,0,8,40,27,162,34609,0,1,9,-33.849051,150.887991,24,0,2,0,1,0,0,0,2,0,7,60,0,14295,14295,3,0,0,2,0,0,0,0
1356716,3,2024,2024,5,0,3,2209,17,201,2205,0,1,9,-34.878951,150.604529,63,2,1,1,3,0,3,4,2,2,7,70,2,5929,5929,1,0,13,3,0,0,0,0
1356717,3,2024,2024,6,5,8,35,27,71,24,0,1,1,-33.763359,150.704298,55,0,2,1,2,0,0,0,3,0,7,60,1,591,591,1,17,5,2,0,0,0,0
1356723,3,2024,2024,6,2,6,192,10,96,114,0,1,2,-33.438209,151.373627,16,2,2,1,3,0,3,4,2,0,7,60,2,1391,1391,1,9,5,3,0,0,0,0
1356724,3,2024,2024,5,4,4,280,10,127,240,0,1,2,-33.845159,150.870731,24,0,2,0,1,0,0,0,2,0,7,60,2,1282,1282,1,33,0,2,0,0,0,0
1356736,3,2024,2024,5,1,9,5,10,2,3,0,1,9,-33.130417,148.752261,11,1,0,0,3,0,0,0,3,0,7,100,2,1089,1089,7,10,40,1,0,0,0,0
1356745,3,2024,2024,5,4,7,15,31,99,34609,0,1,9,-33.890076,151.274156,76,0,2,1,3,0,0,0,2,0,7,40,0,1282,1282,1,8,5,2,0,0,0,0
1356749,3,2024,2024,5,6,4,103,27,94,563,0,1,9,-33.836954,151.047299,54,0,2,1,1,0,0,0,2,0,7,70,2,1282,1282,1,5,0,2,0,0,0,0
1356750,3,2024,2024,3,6,8,20,31,36,34609,0,1,1,-34.055643,150.70888,12,0,2,1,0,0,0,0,2,0,7,50,0,9859,9859,1,9,0,2,0,0,0,0
1356751,3,2024,2024,5,6,3,125,27,8,144,0,1,1,-32.857123,151.803941,57,2,1,1,3,0,0,0,1,0,7,70,2,14295,14295,3,10,0,2,0,0,0,0
1356754,3,2024,2024,6,3,0,3,10,201,34609,0,1,1,-34.005198,150.879184,13,0,2,0,2,0,0,0,0,0,7,50,0,2585,4009,1,5,5,2,0,0,0,0
1356757,3,2024,2024,5,0,9,1104,14,460,962,0,1,3,-33.820673,150.983965,21,0,2,1,0,0,3,3,0,0,7,90,2,14295,14295,3,5,5,3,0,0,0,0
1356758,3,2024,2024,5,1,10,1104,14,140,962,0,1,3,-33.79111,150.812002,7,0,2,1,3,0,3,4,0,0,7,40,2,1192,1192,1,5,36,4,0,0,0,0
1356763,3,2024,2024,8,4,9,481,17,113,483,0,1,9,-29.328739,149.951777,51,1,0,1,3,0,0,0,4,0,0,110,2,1089,1089,7,0,40,1,0,0,0,0
1356774,3,2024,2024,5,4,8,7,23,12,34609,0,1,9,-32.949606,151.685974,37,0,2,1,3,0,0,0,3,0,0,60,0,2852,2852,4,5,5,2,0,0,0,0
1356776,3,2024,2024,6,4,9,348,17,8,232,0,1,1,-32.480522,149.507234,44,1,0,1,0,0,0,0,3,0,7,100,2,1089,1089,7,10,40,1,0,0,0,0
1356778,3,2024,2024,6,5,6,83,27,433,19,0,1,9,-33.293093,149.11305,52,2,1,1,1,0,0,0,2,0,0,50,2,256,256,4,0,36,2,0,0,0,0
1356795,3,2024,2024,6,0,9,1,6,8,34609,0,1,1,-28.806976,153.303888,39,2,1,0,3,0,0,0,0,0,7,50,0,1282,1282,1,5,5,2,0,0,0,0
1356802,3,2024,2024,5,0,8,133,17,4,121,0,1,1,-36.996168,149.231071,65,1,0,1,3,0,0,0,3,0,7,100,2,945,945,5,29,40,1,0,0,0,0
1356812,3,2024,2024,5,0,10,7,27,24,7,0,1,1,-33.923569,150.729125,41,0,2,1,0,0,0,0,0,0,7,80,1,1089,1089,7,5,40,1,0,0,0,0
1356814,3,2024,2024,5,6,7,225,27,304,140,0,1,9,-33.921591,151.143405,32,0,2,1,3,0,0,0,2,0,15,50,1,1981,1981,4,0,5,2,0,0,0,0
1356824,3,2024,2024,5,4,2,48,31,33,45,0,1,1,-33.41259,151.345012,16,2,2,1,3,0,3,0,0,0,7,60,1,1109,787,1,5,5,2,0,0,0,0
1356839,3,2024,2024,8,3,10,2209,17,17,2205,0,1,2,-35.088805,150.51036,63,2,1,0,0,0,3,4,0,0,9,80,2,2585,4009,8,5,40,1,0,0,0,0
1356841,3,2024,2024,6,4,11,330,27,125,25,0,1,10,-33.821849,151.13443,61,0,2,1,2,0,0,0,0,2,7,60,1,5929,5929,1,5,0,2,0,0,0,0
1356846,3,2024,2024,5,3,8,108,31,70,101,0,1,10,-32.902931,151.728715,48,0,2,1,2,0,3,6,2,2,7,60,2,3775,3775,0,10,0,2,0,0,0,0
1356851,3,2024,2024,6,3,6,51,27,278,34609,0,1,1,-33.784228,151.052819,54,0,2,0,3,0,0,0,2,0,7,50,0,782,957,5,5,40,1,0,0,0,0
1356855,3,2024,2024,5,0,8,222,31,17,34609,0,1,4,-33.911072,151.269644,59,0,2,0,3,0,0,3,3,0,7,50,0,4552,5151,8,0,40,1,0,0,0,0
1356860,3,2024,2024,5,5,3,35,27,145,34609,0,1,1,-33.92367,151.129949,15,0,2,1,3,0,3,3,2,0,7,50,0,9859,9859,1,0,13,3,0,0,0,0
1356864,3,2024,2024,7,0,7,23,27,81,34609,0,1,1,-33.885124,151.264322,81,0,2,1,1,0,0,0,2,0,7,50,0,3775,3775,0,8,5,2,0,0,0,0
1356881,3,2024,2024,7,4,9,162,31,91,172,0,1,9,-32.975294,151.646599,37,0,2,1,1,0,0,0,2,2,7,40,2,1669,1669,3,30,5,2,0,0,0,0
1356882,3,2024,2024,5,5,9,11,31,49,56,0,1,1,-34.445731,147.533269,51,2,1,1,3,0,3,4,4,0,7,50,2,9859,9859,8,10,40,1,0,0,0,0
1356886,3,2024,2024,5,2,8,19,27,57,63,0,1,7,-34.570923,150.823701,62,0,2,0,3,0,3,4,3,0,0,60,2,6545,6545,4,5,5,2,0,0,0,0
1356890,3,2024,2024,5,4,4,3371,17,108,3342,0,1,2,-33.295619,151.422415,16,2,2,1,1,0,3,3,2,0,7,60,2,14295,14295,3,5,0,3,0,0,0,0
1356896,3,2024,2024,5,2,1,19,27,147,8,1,0,1,-33.745862,151.286396,50,0,2,1,3,0,3,4,0,0,7,50,1,9859,9859,1,5,0,3,0,0,0,0
1356900,3,2024,2024,5,2,7,76,27,85,148,0,1,9,-32.933594,151.721558,48,0,2,1,3,0,0,0,2,0,0,60,1,323,323,1,5,0,2,0,0,0,0
1356902,3,2024,2024,5,4,11,15,31,115,52,0,1,10,-33.910137,151.175775,32,0,2,1,3,0,3,4,0,2,7,60,1,5929,5929,1,21,5,2,0,0,0,0
1356903,3,2024,2024,5,5,11,2261,17,140,2252,1,0,9,-33.904539,151.00541,15,0,2,1,3,0,3,4,0,0,7,70,2,9859,9859,1,5,5,5,0,0,0,0
1356904,3,2024,2024,5,5,8,10,10,41,34609,0,1,1,-35.134095,147.372806,75,2,1,0,3,0,3,4,3,0,7,50,0,380,714,5,10,40,1,0,0,0,0
1356906,3,2024,2024,0,3,1,6,31,90,34609,0,1,10,-32.920863,151.74765,48,0,2,1,2,0,0,0,0,2,9,50,0,941,941,1,5,5,2,0,0,0,0
1356919,3,2024,2024,5,1,10,44,1,126,22,0,1,1,-33.921233,150.814424,41,0,2,1,3,0,3,4,0,0,7,60,1,9859,9859,8,0,40,1,0,0,0,0
1356922,3,2024,2024,5,4,6,1,27,2,34609,0,1,1,-32.243775,152.174465,43,1,0,0,3,2,0,0,2,0,7,100,0,380,714,5,0,40,1,0,0,0,0
1356934,3,2024,2024,5,5,4,866,17,77,793,0,1,2,-33.724637,151.088553,31,0,2,1,3,0,3,4,2,0,7,70,2,1192,1192,1,5,22,2,0,0,0,0
1356942,3,2024,2024,5,5,8,1104,14,149,962,0,1,3,-33.816313,150.964069,21,0,2,1,3,0,0,0,2,0,7,90,2,14295,14295,3,10,13,3,0,0,0,0
1356943,3,2024,2024,5,3,5,2261,17,32,2252,0,1,9,-34.837096,149.013354,82,1,0,0,3,0,0,0,2,0,0,110,2,926,926,4,0,5,2,0,0,0,0
1356944,3,2024,2024,5,2,8,82,27,134,181,0,1,10,-33.892138,151.254521,76,0,2,1,3,0,0,0,2,0,0,50,2,6545,6545,4,5,5,2,0,0,0,0
1356957,3,2024,2024,5,4,7,7,18,104,34609,0,1,9,-33.739036,150.932047,7,0,2,1,3,0,0,0,2,0,0,50,0,14295,14295,3,0,5,2,0,0,0,0
1356960,3,2024,2024,5,5,0,74,27,56,59,0,1,9,-34.465455,150.871508,80,0,2,1,3,0,3,4,0,2,7,80,2,4552,985,8,5,40,1,0,0,0,0
1356963,3,2024,2024,7,0,10,3371,17,23,3342,0,1,2,-32.064699,152.439969,43,1,0,0,0,0,0,0,0,0,7,100,2,1850,1463,5,10,40,1,0,0,0,0
1356965,3,2024,2024,6,0,9,234,27,337,217,0,1,9,-33.737366,151.001362,71,0,2,1,0,0,0,0,3,0,15,60,2,945,945,5,34,40,1,0,0,0,0
1356971,3,2024,2024,5,0,6,1052,14,3,928,0,1,3,-33.332937,151.380721,16,1,2,1,3,0,3,3,2,0,7,110,2,4026,4026,8,34,40,2,0,0,0,0
1356974,3,2024,2024,5,6,6,9,31,157,34609,0,1,1,-33.807082,151.009948,54,0,2,1,3,0,0,0,2,0,7,50,0,9859,9859,1,5,0,2,0,0,0,0
1356983,3,2024,2024,8,4,4,2,2,109,34609,0,1,9,-33.9721,150.858013,41,0,2,1,3,0,3,3,2,0,0,50,0,14295,14295,3,0,0,2,0,0,0,0
1356988,3,2024,2024,6,3,0,34,27,57,799,0,1,1,-33.899051,151.169787,32,0,2,1,2,0,3,4,0,0,7,60,2,1981,1981,4,33,5,2,0,0,0,0
1356990,3,2024,2024,6,0,11,104,27,63,140,0,1,2,-33.924803,151.216464,4,0,2,1,2,0,0,0,0,0,7,60,2,9859,9859,8,33,40,1,0,0,0,0
1356997,3,2024,2024,5,4,2,92,31,16,34609,1,0,9,-33.802189,151.20336,77,0,2,1,3,0,0,0,1,0,9,50,0,1282,1282,1,16,10,2,0,0,0,0
1357007,3,2024,2024,5,5,2,145,31,160,34609,1,0,10,-33.106724,151.489412,37,0,2,1,3,0,0,0,1,0,0,50,0,2852,2852,4,0,5,2,0,0,0,0
1357011,3,2024,2024,5,4,3,17,27,53,145,0,1,6,-33.799412,151.055867,54,0,2,0,3,0,0,0,1,0,9,70,2,14295,14295,3,30,13,4,0,0,0,0
1357012,3,2024,2024,5,2,8,1052,14,207,928,0,1,3,-33.549601,151.194753,31,0,2,0,3,0,0,0,2,0,7,110,2,3775,3775,0,34,5,2,0,0,0,0
1357014,3,2024,2024,6,2,5,9,27,21,34609,0,1,1,-33.69569,151.280028,50,0,2,1,3,0,0,0,2,0,7,50,0,941,941,1,5,5,2,0,0,0,0
1357016,3,2024,2024,5,5,7,43,31,106,7,0,1,9,-33.676088,151.307603,50,0,2,1,3,0,0,0,2,0,7,50,1,775,775,4,5,25,2,0,0,0,0
1357017,3,2024,2024,5,4,6,10,31,11,34609,1,0,1,-34.379874,150.888517,80,0,2,0,3,0,0,0,2,0,7,50,0,4552,5151,8,5,40,1,0,0,0,0
1357021,3,2024,2024,5,0,5,12,27,137,34609,0,1,10,-33.918409,151.205045,69,0,2,1,3,0,0,0,2,0,15,40,0,301,301,4,5,5,2,0,0,0,0
1357022,3,2024,2024,5,1,3,29,31,120,34609,1,0,7,-33.756122,150.870922,7,0,2,1,3,0,0,0,2,0,0,50,0,6545,6545,4,5,5,2,0,0,0,0
1357023,3,2024,2024,5,1,7,177,31,77,208,0,1,1,-33.863254,150.948304,24,0,2,1,3,0,0,0,2,0,7,60,1,9859,9859,1,0,12,3,0,0,0,0
1357027,3,2024,2024,5,6,6,3,31,122,34609,0,1,1,-33.427986,151.336213,16,2,2,1,3,0,0,0,2,0,7,60,0,941,941,1,0,5,2,0,0,0,0
1357029,3,2024,2024,6,3,9,1,27,2,34609,0,1,1,-34.067602,151.122614,68,0,2,1,3,0,0,0,0,0,7,50,0,9859,9859,8,34,40,3,0,0,0,0
1357030,3,2024,2024,6,5,10,3371,17,121,3342,0,1,2,-28.205146,153.540013,72,1,0,1,3,0,0,0,0,0,7,100,2,1192,1192,1,0,5,2,0,0,0,0
1357032,3,2024,2024,5,0,6,19,27,112,34609,0,1,9,-33.448868,151.442153,16,2,2,1,3,0,0,0,2,0,7,50,0,1109,787,1,30,5,2,0,0,0,0
1357033,3,2024,2024,5,2,8,8,10,60,34609,0,1,9,-34.017219,150.745427,12,0,2,1,3,0,0,0,2,2,7,50,0,5929,5929,1,5,5,2,0,0,0,0
1357035,3,2024,2024,5,2,3,17,31,193,34609,0,1,9,-33.792129,151.101499,61,0,2,1,3,0,0,0,2,0,7,50,0,5929,5929,1,21,25,2,0,0,0,0
1357037,3,2024,2024,5,0,8,2126,17,223,2149,0,1,6,-33.802011,150.916589,7,0,2,0,3,0,0,0,2,0,7,60,2,14295,14295,3,5,25,2,0,0,0,0
1357041,3,2024,2024,5,6,6,48,27,70,166,0,1,1,-33.260536,151.516973,16,2,2,1,3,0,0,0,2,0,7,50,2,14295,14295,3,5,13,3,0,0,0,0
1357045,3,2024,2024,5,1,8,8,31,35,34609,1,0,10,-35.347281,149.214708,58,2,1,1,3,0,0,0,0,0,0,50,0,6545,6545,4,9,13,2,0,0,0,0
1357046,3,2024,2024,5,3,7,3371,17,35,3342,0,1,9,-29.935033,153.094343,18,1,0,1,3,0,2,6,2,0,7,110,2,1850,777,5,0,40,1,0,0,0,0
1357047,3,2024,2024,5,0,5,42,31,149,34609,0,1,10,-33.987783,151.136782,4,0,2,1,3,0,0,0,2,0,0,50,0,6545,6545,4,5,5,2,0,0,0,0
1357049,3,2024,2024,5,3,10,105,27,174,109,0,1,1,-33.861634,150.923545,24,0,2,1,3,0,0,0,0,0,7,60,1,9859,9859,1,5,0,2,0,0,0,0
1357054,3,2024,2024,5,6,7,103,36,8,157,0,1,1,-29.395765,152.998639,18,1,0,1,3,0,0,0,2,0,7,100,2,237,162,8,0,40,1,0,0,0,0
1357058,3,2024,2024,5,3,8,1052,14,149,928,0,1,3,-33.33868,151.37371,16,1,2,1,3,0,0,0,2,0,7,110,2,9859,9859,8,10,40,1,0,0,0,0
1357060,3,2024,2024,3,2,10,7,1,134,34609,0,1,1,-33.51404,151.317414,16,2,2,1,3,0,0,0,0,0,7,50,0,3775,3775,0,5,0,2,0,0,0,0
1357066,3,2024,2024,5,0,6,2261,17,38,2252,0,1,3,-34.147352,150.7374,79,1,2,0,3,0,0,0,2,0,7,110,2,14295,14295,3,5,0,3,0,0,0,0
1357075,3,2024,2024,5,5,6,21,31,102,34609,0,1,10,-31.108476,150.904309,70,2,1,1,3,0,0,3,2,0,15,50,0,6545,6545,4,0,5,2,0,0,0,0
1357078,3,2024,2024,5,0,8,265,17,74,193,0,1,1,-34.701269,147.942749,20,1,0,1,3,0,0,0,2,0,7,100,2,9859,9859,8,10,40,1,0,0,0,0
1357084,3,2024,2024,5,0,7,2,1,121,34609,0,1,1,-33.796192,151.286659,50,0,2,1,3,0,0,0,2,0,7,30,0,387,387,1,5,5,2,0,0,0,0
1357085,3,2024,2024,6,5,3,1104,14,323,962,0,1,3,-33.797952,150.854332,7,0,2,1,1,0,0,0,2,0,7,100,2,14295,14295,3,5,0,3,0,0,0,0
1357088,3,2024,2024,5,0,5,2,1,115,34609,0,1,9,-33.959343,151.053824,25,0,2,1,3,0,0,3,2,0,7,50,0,6545,6545,4,5,13,2,0,0,0,0
1357094,3,2024,2024,3,2,5,35,27,12,34609,0,1,1,-34.075647,150.534805,79,2,2,0,3,0,0,0,2,0,7,80,0,2585,4009,8,5,40,1,0,0,0,0
1357095,3,2024,2024,5,4,4,133,17,9,121,0,1,1,-36.555611,149.297745,65,1,0,1,3,0,1,0,2,0,7,100,2,9859,9859,8,10,40,1,0,0,0,0
1357098,3,2024,2024,6,6,3,8,27,12,13,0,1,1,-33.990367,148.927056,30,1,0,0,3,0,0,0,4,0,7,100,1,380,714,5,10,40,1,0,0,0,0
1357100,3,2024,2024,5,3,8,916,17,91,917,0,1,2,-32.795847,151.637367,48,0,2,1,3,0,0,0,2,0,7,90,2,14295,14295,3,0,5,3,0,0,0,0