Crash ID,Degree of crash - detailed,Reporting year,Year of crash,Month of crash,Day of week of crash,Two-hour intervals,Street of crash,Street type,Town,Route no.,School zone location,School zone active,Type of location,Latitude,Longitude,LGA,Urbanisation,Conurbation 1,Alignment,Street lighting,Road surface,Surface condition,Weather,Natural lighting,Signals operation,Other traffic control,Speed limit,Road classification,RUM - code,DCA - code,First impact type,Key TU type,Other TU type,No. of traffic units involved,No. killed,No. seriously injured,No. moderately injured,No. minor-other injured
1357102,3,2024,2024,5,6,11,56,27,130,80,0,1,9,-33.872412,151.193761,69,0,2,1,3,0,0,0,0,2,0,50,2,6545,6545,4,0,5,2,0,0,0,0
1357103,3,2024,2024,6,1,8,512,17,433,441,0,1,1,-33.255155,149.102561,52,2,1,1,3,0,0,6,2,0,7,70,2,14295,14295,3,0,0,3,0,0,0,0
1357106,3,2024,2024,7,5,8,125,27,108,123,0,1,2,-33.306129,151.40986,16,2,2,1,3,0,0,0,3,0,7,70,2,14295,14295,3,5,0,2,0,0,0,0
1357109,3,2024,2024,5,0,8,1104,14,323,962,0,1,3,-33.801879,150.883066,7,0,2,1,3,0,0,0,4,0,7,100,2,1391,1391,1,5,0,3,0,0,0,0
1357110,3,2024,2024,5,2,10,101,10,42,33,0,1,1,-34.026036,151.177931,68,0,2,0,3,0,0,0,0,0,7,80,1,1259,5151,8,30,40,1,0,0,0,0
1357112,3,2024,2024,5,4,4,481,17,96,483,0,1,9,-33.380917,148.011037,51,2,1,1,3,0,0,0,2,2,7,50,2,5929,5929,1,30,13,2,0,0,0,0
1357117,3,2024,2024,6,4,3,112,27,18,256,0,1,9,-34.04539,150.82931,13,0,2,1,3,0,0,0,2,2,7,60,2,4552,985,8,5,40,1,0,0,0,0
1357119,3,2024,2024,5,4,4,11,27,27,144,0,1,2,-32.875924,151.735151,48,0,2,0,3,0,0,0,2,0,7,80,2,4552,5151,8,5,40,1,0,0,0,0
1357123,3,2024,2024,6,3,0,3371,17,36,3342,0,1,1,-33.432821,151.232877,16,2,2,0,3,0,3,0,0,0,7,60,2,14295,14295,3,0,5,3,0,0,0,0
1357124,3,2024,2024,5,6,7,109,27,169,382,0,1,1,-33.780765,150.850952,7,0,2,0,3,0,0,0,2,0,7,60,2,3775,3775,0,21,0,2,0,0,0,0
1357129,3,2024,2024,5,0,6,22,31,13,34609,0,1,1,-31.649123,152.796714,56,2,1,1,3,0,0,0,2,0,7,50,0,1282,1282,1,5,40,1,0,0,0,0
1357130,3,2024,2024,5,0,6,54,31,131,62,0,1,1,-33.784948,151.192172,77,0,2,1,3,0,0,0,2,0,7,60,2,14295,14295,3,10,5,3,0,0,0,0
1357135,3,2024,2024,5,3,7,3371,17,36,3342,0,1,9,-33.42994,151.230635,16,2,2,1,3,0,0,0,2,0,7,60,2,5929,5929,1,16,13,2,0,0,0,0
1357139,3,2024,2024,5,3,9,92,27,106,63,0,1,10,-33.913916,151.086258,15,0,2,1,3,0,3,3,0,2,7,50,1,5929,5929,1,5,5,2,0,0,0,0
1357142,3,2024,2024,5,0,8,103,27,113,256,0,1,1,-34.281326,150.896073,80,0,2,1,3,0,0,0,2,0,7,90,2,1391,1391,1,10,5,2,0,0,0,0
1357145,3,2024,2024,5,2,8,334,17,316,308,0,1,2,-31.443853,152.880598,56,2,1,1,3,0,0,0,2,0,7,70,2,9859,9859,8,5,40,1,0,0,0,0
1357148,3,2024,2024,5,6,3,50,36,14,43,0,1,9,-36.450974,148.493836,65,1,0,1,3,0,3,4,2,0,7,100,2,14295,14295,3,0,13,2,0,0,0,0
1357149,3,2024,2024,5,0,4,133,31,90,56,0,1,10,-33.883964,151.238871,81,0,2,1,3,0,0,0,2,2,7,50,1,1391,1391,1,10,5,2,0,0,0,0
1357150,3,2024,2024,5,3,9,163,27,41,165,0,1,2,-33.729041,150.822158,7,0,2,1,3,0,0,0,0,0,7,60,1,14295,14295,3,5,5,2,0,0,0,0
1357151,3,2024,2024,5,5,1,106,27,31,106,0,1,9,-33.927662,150.873977,41,0,2,0,3,0,0,0,0,2,7,70,2,301,301,4,33,36,2,0,0,0,0
1357154,3,2024,2024,5,2,6,1052,27,69,262,0,1,7,-32.906007,151.692942,48,0,2,1,3,0,0,0,2,0,0,40,2,623,623,3,5,0,2,0,0,0,0
1357156,3,2024,2024,5,0,5,33,27,33,154,0,1,10,-33.779904,150.873073,7,0,2,1,3,0,3,4,2,2,7,70,1,14295,14295,3,8,5,2,0,0,0,0
1357157,3,2024,2024,5,1,6,14,31,73,34609,0,1,10,-35.139454,147.374115,75,2,1,1,3,0,0,0,2,0,0,50,0,6545,6545,4,9,5,3,0,0,0,0
1357161,3,2024,2024,5,0,4,3,27,83,34609,0,1,10,-29.706886,152.932223,18,2,1,1,0,0,0,0,2,0,0,50,0,6545,6545,4,10,0,2,0,0,0,0
1357168,3,2024,2024,5,2,6,8,1,346,144,0,1,1,-33.866972,151.093432,14,0,2,1,0,0,0,0,2,0,7,60,2,1383,1383,1,5,13,2,0,0,0,0
1357172,3,2024,2024,5,0,7,36,27,460,55,0,1,1,-33.83725,150.976237,21,0,2,1,1,0,3,4,2,0,7,50,1,9859,9859,1,5,5,2,0,0,0,0
1357186,3,2024,2024,6,5,4,9,22,100,237,0,1,3,-33.802754,151.146321,77,0,2,1,0,0,0,0,2,0,7,80,2,404,404,8,5,40,1,0,0,0,0
1357190,3,2024,2024,5,4,2,118,17,77,118,0,1,1,-30.413075,149.837615,51,1,0,1,0,0,0,1,0,0,7,100,2,475,475,5,29,40,1,0,0,0,0
1357194,3,2024,2024,8,6,4,13,27,346,59,0,1,1,-33.870811,151.086946,67,0,2,1,2,0,0,0,2,0,7,50,1,4026,4026,1,5,5,2,0,0,0,0
1357202,3,2024,2024,5,5,9,81,17,87,34609,0,1,2,-34.459132,150.379117,78,1,0,1,0,0,3,3,0,0,7,100,0,945,945,5,34,40,1,0,0,0,0
1357220,3,2024,2024,5,3,9,17,27,90,34609,0,1,1,-33.791403,150.936783,7,0,2,1,0,0,0,0,3,0,7,50,0,9859,9859,1,5,36,2,0,0,0,0
1357227,3,2024,2024,6,4,8,6,27,80,69,0,1,2,-33.939939,151.227265,4,0,2,1,2,0,3,4,3,0,7,50,1,1383,1383,1,5,5,2,0,0,0,0
1357237,3,2024,2024,6,3,2,84,10,6,80,0,1,1,-34.308887,150.932819,80,0,2,1,2,0,0,0,0,0,7,50,2,9859,9859,1,0,0,2,0,0,0,0
1357238,3,2024,2024,5,0,6,21,1,123,25,0,1,2,-33.904008,151.214742,59,0,2,1,1,0,0,0,2,0,7,50,1,14295,14295,3,0,0,2,0,0,0,0
1357256,3,2024,2024,6,0,2,3,27,71,34609,0,1,1,-33.774233,150.710835,55,0,2,0,2,0,0,0,0,0,7,50,0,2585,4009,1,0,5,3,0,0,0,0
1357259,3,2024,2024,5,6,3,29,27,284,34609,0,1,1,-33.899893,151.025452,15,0,2,1,1,0,0,0,2,0,7,50,0,237,162,8,0,40,1,0,0,0,0
1357281,3,2024,2024,7,5,9,2261,17,36,2252,0,1,2,-36.100413,146.909681,0,1,0,0,1,0,3,4,3,0,7,110,2,1957,4009,8,5,40,1,0,0,0,0
1357286,3,2024,2024,0,3,2,916,17,6,917,0,1,1,-29.853081,151.737066,51,1,0,0,2,0,0,3,1,0,7,100,2,2585,4009,8,10,40,1,0,0,0,0
1357300,3,2024,2024,6,3,5,3371,17,24,3342,1,0,10,-33.710416,151.102859,31,0,2,1,1,0,3,4,2,2,7,60,2,14295,14295,3,5,5,2,0,0,0,0
1357301,3,2024,2024,5,2,8,2,31,36,34609,0,1,9,-32.969774,151.599659,37,0,2,0,1,0,0,0,3,0,7,50,0,4552,5151,1,5,5,2,0,0,0,0
1357307,3,2024,2024,0,0,2,7,27,38,34609,0,1,1,-30.254748,153.111203,19,2,1,0,0,0,0,0,1,0,7,50,0,4552,5151,8,5,40,1,0,0,0,0
1357309,3,2024,2024,5,5,9,56,1,134,34609,0,1,10,-33.522358,151.311828,16,2,2,1,2,0,3,4,0,0,0,50,0,6545,6545,4,5,5,2,0,0,0,0
1357329,3,2024,2024,5,5,10,361,32,460,34609,0,1,1,-33.835621,150.994186,21,0,2,1,2,0,0,0,0,0,7,50,0,9859,9859,1,5,13,2,0,0,0,0
1357336,3,2024,2024,6,0,11,8,10,164,34609,0,1,9,-33.717744,150.883242,7,0,2,1,2,0,0,0,0,0,7,50,0,6545,6545,4,0,5,2,0,0,0,0
1357347,3,2024,2024,6,2,0,10,27,51,34609,0,1,1,-34.480224,150.779604,80,0,2,0,0,0,3,0,0,0,7,80,0,1850,1463,5,10,40,1,0,0,0,0
1357362,3,2024,2024,5,0,9,27,10,19,34609,0,1,1,-34.080204,150.838161,13,0,2,0,2,0,0,0,0,0,7,50,0,4552,5151,1,30,13,2,0,0,0,0
1357363,3,2024,2024,8,4,2,93,10,58,13,0,1,6,-34.41202,150.886473,80,0,2,0,2,0,0,0,0,0,7,50,2,2585,4009,8,16,40,1,0,0,0,0
1357374,3,2024,2024,5,6,7,5,10,25,34609,0,1,1,-31.559523,152.821669,56,2,1,1,0,0,0,0,2,0,7,40,0,14295,14295,3,10,13,3,0,0,0,0
1357391,3,2024,2024,7,0,0,1,27,15,34609,0,1,1,-29.493237,153.229252,18,2,1,1,0,0,0,0,0,0,7,50,0,4026,4026,8,0,40,1,0,0,0,0
1357393,3,2024,2024,0,4,5,1,22,11,34609,0,1,1,-33.803003,151.21597,77,0,2,0,1,0,0,0,2,0,7,50,0,1957,4009,1,5,5,2,0,0,0,0
1357400,3,2024,2024,5,3,9,82,31,179,369,0,1,10,-33.747007,150.714452,55,0,2,1,2,0,0,0,0,2,7,70,2,5929,5929,1,5,0,2,0,0,0,0
1357408,3,2024,2024,5,3,9,44,27,21,34609,1,0,7,-34.376038,150.908845,80,0,2,1,2,0,3,4,0,0,0,60,0,6545,6545,4,0,0,2,0,0,0,0
1357420,3,2024,2024,5,2,2,56,27,36,80,1,0,1,-33.883385,151.180342,69,0,2,1,2,0,0,0,0,0,7,40,2,4026,4026,8,5,40,1,0,0,0,0
1357424,3,2024,2024,5,6,11,21,7,62,14,0,1,1,-33.890975,151.140135,32,0,2,1,1,0,0,0,0,0,7,50,1,4026,4026,1,0,5,2,0,0,0,0
1357434,3,2024,2024,6,2,11,28,31,523,34609,0,1,7,-33.916042,150.928176,41,0,2,1,2,0,3,4,0,0,0,50,0,14295,14295,3,5,5,2,0,0,0,0
1357439,3,2024,2024,0,2,9,8,27,21,34609,0,1,1,-33.874415,151.234061,81,0,2,1,2,0,0,0,0,0,7,50,0,9859,9859,1,5,0,3,0,0,0,0
1357458,3,2024,2024,5,4,9,14,31,131,34609,0,1,9,-36.06717,146.918225,0,2,1,1,0,0,0,0,0,0,7,50,0,489,489,8,0,40,1,0,0,0,0
1357462,3,2024,2024,0,4,8,2209,17,68,2205,0,1,10,-34.0795,151.010809,68,0,2,1,0,0,0,0,2,2,7,70,2,14295,14295,3,10,5,3,0,0,0,0
1357464,3,2024,2024,5,0,11,33,1,22,34609,0,1,9,-33.915659,150.878277,41,0,2,1,2,0,0,0,0,0,7,50,0,9859,9859,1,5,5,2,0,0,0,0
1357466,3,2024,2024,7,3,10,5,31,91,34609,0,1,1,-34.001098,150.895206,13,0,2,0,2,0,0,3,0,0,7,50,0,4552,5151,1,0,5,2,0,0,0,0
1357476,3,2024,2024,5,1,1,5,4,43,34609,0,1,1,-33.72735,150.778034,7,0,2,0,0,0,0,0,0,0,7,50,0,4552,5151,8,0,40,1,0,0,0,0
1357486,3,2024,2024,6,2,11,16,27,17,34609,0,1,1,-32.941446,151.574938,37,0,2,0,0,0,3,4,0,0,7,80,0,4552,5151,8,5,40,1,0,0,0,0
1357512,3,2024,2024,6,6,6,361,23,253,165,0,1,9,-33.968712,151.104231,25,0,2,1,1,0,3,3,2,2,7,50,1,14295,14295,3,0,5,2,0,0,0,0
1357520,3,2024,2024,6,0,11,14,31,44,34609,0,1,1,-33.944849,151.138263,4,0,2,1,1,0,0,0,0,0,7,50,0,1282,1282,1,5,0,2,0,0,0,0
1357527,3,2024,2024,6,5,6,2,31,137,34609,0,1,7,-34.026638,151.060215,68,0,2,1,1,0,0,0,2,0,0,50,0,1957,777,1,5,5,3,0,0,0,0
1357534,3,2024,2024,8,0,4,54,31,82,34609,0,1,1,-33.792452,151.259659,50,0,2,1,1,0,0,0,2,0,7,50,0,4026,4026,1,8,5,2,0,0,0,0
1357559,3,2024,2024,5,0,10,95,27,17,605,0,1,1,-33.594248,151.319471,50,0,2,0,2,0,3,4,0,0,7,40,2,2585,4009,8,5,40,1,0,0,0,0
1357562,3,2024,2024,8,0,10,348,1,53,34609,0,1,9,-35.136141,147.354782,75,2,1,0,2,0,0,0,0,0,0,50,0,1259,985,8,5,40,1,0,0,0,0
1357568,3,2024,2024,7,5,3,24,27,12,31,1,0,9,-28.748885,153.077941,60,2,1,0,0,0,0,3,2,0,0,80,1,6545,6545,4,10,10,2,0,0,0,0
1357582,3,2024,2024,7,3,6,194,31,84,34609,0,1,10,-31.095288,150.922752,70,2,1,1,1,0,0,0,2,0,0,50,0,14295,14295,3,5,0,2,0,0,0,0
1357599,3,2023,2023,5,3,10,7,27,94,34609,0,1,1,-33.783616,150.797751,55,0,2,1,2,0,0,0,0,0,7,50,0,9859,9859,8,5,40,1,0,0,0,0
1357605,3,2023,2023,8,3,11,1104,14,104,962,0,1,3,-33.786813,150.785314,55,0,2,1,2,0,0,0,0,0,7,110,2,9859,9859,8,5,40,1,0,0,0,0
1357611,3,2023,2023,8,6,7,13,31,87,34609,0,1,1,-28.809768,153.28528,39,2,1,1,1,0,0,0,2,0,7,50,0,1981,1981,4,5,5,2,0,0,0,0
1357613,3,2024,2024,5,6,9,37,31,102,34609,0,1,1,-31.114071,150.921988,70,2,1,1,3,0,0,0,0,0,7,50,0,9859,9859,1,5,36,2,0,0,0,0
1357615,3,2024,2024,5,1,2,133,27,20,260,0,1,1,-32.934639,151.631419,37,0,2,1,3,0,0,0,1,0,7,60,2,1109,397,1,5,0,3,0,0,0,0
1357616,3,2024,2024,6,1,6,6,27,103,34609,0,1,1,-28.829639,153.323378,39,2,1,1,3,0,0,0,2,0,7,50,0,9859,9859,8,0,40,1,0,0,0,0
1357618,3,2024,2024,7,2,2,1,27,40,34609,0,1,1,-33.808481,151.225304,77,0,2,1,1,0,0,0,0,0,7,50,0,9859,9859,1,33,0,2,0,0,0,0
1357620,3,2024,2024,5,1,1,30,27,43,24,0,1,1,-32.813327,151.778837,57,2,1,1,3,0,0,0,0,0,7,80,2,1089,1089,7,0,40,1,0,0,0,0
1357622,3,2024,2024,5,2,8,82,27,6,103,0,1,1,-28.46998,153.241224,72,2,1,0,3,0,0,0,3,0,7,80,1,1089,1089,7,5,40,1,0,0,0,0
1357626,3,2024,2024,5,4,3,387,27,115,34609,0,1,9,-33.962977,151.057953,25,0,2,0,3,0,0,0,0,0,7,50,0,782,957,5,10,40,1,0,0,0,0
1357627,3,2024,2024,5,4,2,2209,17,106,2205,0,1,9,-33.887664,151.19307,69,0,2,0,3,0,0,0,1,2,7,50,2,14295,14295,3,0,19,2,0,0,0,0
1357628,3,2024,2024,6,2,6,1,18,99,34609,0,1,9,-33.88769,151.266003,76,0,2,1,3,0,0,0,2,0,7,50,0,248,248,1,5,5,2,0,0,0,0
1357632,3,2024,2024,5,2,4,2126,17,90,2149,0,1,9,-33.706122,150.318732,8,2,2,0,3,0,3,4,2,2,7,70,2,14295,14295,3,8,0,2,0,0,0,0
1357633,3,2024,2024,5,1,8,2,22,117,34609,0,1,1,-28.178993,153.532603,72,2,1,0,3,0,0,0,3,0,7,50,0,77,77,1,0,40,2,0,0,0,0
1357635,3,2024,2024,5,4,8,344,27,120,163,0,1,2,-33.742528,150.869723,7,0,2,1,3,0,0,0,3,0,7,70,2,14295,14295,3,5,13,2,0,0,0,0
1357640,3,2024,2024,5,5,7,109,27,74,382,0,1,9,-33.756971,150.84005,7,0,2,1,3,0,0,0,2,0,7,60,2,14295,14295,3,0,5,2,0,0,0,0
1357648,3,2024,2024,6,0,5,308,14,127,311,0,1,3,-33.843591,150.854796,24,0,2,1,3,0,0,0,2,0,7,100,2,1282,1282,1,29,5,2,0,0,0,0
1357651,3,2024,2024,5,1,3,30,27,32,39,0,1,1,-35.379004,149.355524,58,1,0,1,3,0,0,0,1,0,7,90,1,4026,4026,8,10,40,1,0,0,0,0
1357652,3,2024,2024,5,2,0,1,1,147,34609,0,1,1,-33.872589,151.129599,14,0,2,1,3,0,0,0,0,0,7,50,0,9859,9859,1,5,0,2,0,0,0,0
1357653,3,2024,2024,5,3,3,6,27,123,34609,0,1,1,-33.819759,151.054222,54,0,2,1,3,0,0,0,0,0,7,50,0,9859,9859,1,5,13,2,0,0,0,0
1357654,3,2024,2024,5,5,8,37,1,30,212,0,1,2,-35.351874,149.212189,58,2,1,1,3,0,0,0,3,0,7,80,2,14295,14295,3,10,13,2,0,0,0,0
1357656,3,2024,2024,5,1,0,97,17,53,88,0,1,2,-35.143228,149.334471,58,1,0,0,3,0,0,0,0,0,7,110,2,1089,1089,7,0,40,1,0,0,0,0
1357659,3,2024,2024,5,5,11,87,31,47,34609,0,1,9,-33.777793,151.286788,50,0,2,1,3,0,0,0,0,0,15,50,0,1669,1669,3,16,5,2,0,0,0,0
1357664,3,2024,2024,5,5,8,23,10,87,23,0,1,1,-33.921297,150.961927,41,0,2,1,3,0,0,0,3,0,7,60,1,14295,14295,3,5,0,3,0,0,0,0
1357665,3,2024,2024,5,5,5,77,12,40,331,0,1,7,-34.222257,150.593659,79,2,2,1,3,0,0,0,2,0,0,50,1,5929,5929,1,8,0,2,0,0,0,0
1357666,3,2024,2024,5,6,5,2126,17,23,2149,0,1,1,-33.448611,150.021382,40,1,0,1,3,0,0,0,2,0,7,100,2,1109,397,1,5,25,2,0,0,0,0
1357667,3,2024,2024,5,5,4,17,10,63,34609,0,1,7,-33.242677,151.502044,16,2,2,0,3,0,0,0,2,0,0,50,0,926,926,4,5,5,2,0,0,0,0
1357668,3,2024,2024,5,1,5,87,31,532,34609,0,1,1,-33.861975,151.212844,69,0,2,1,3,0,0,0,2,0,7,40,0,9859,9859,1,0,5,2,0,0,0,0
1357669,3,2024,2024,5,4,11,44,1,126,22,0,1,1,-33.943297,150.810001,41,0,2,1,3,0,0,0,0,0,7,60,1,9859,9859,8,5,40,1,0,0,0,0
1357670,3,2024,2024,5,6,9,63,10,13,42,1,0,1,-32.947553,151.737316,48,0,2,1,3,0,0,0,0,0,7,60,1,9859,9859,8,5,40,1,0,0,0,0
1357673,3,2024,2024,5,6,4,7,31,134,34609,0,1,1,-33.681021,150.869875,7,0,2,1,3,0,0,0,2,0,7,50,0,9859,9859,1,0,0,2,0,0,0,0
1357675,3,2024,2024,5,4,3,168,17,13,212,0,1,1,-35.482454,149.89745,58,1,0,1,0,0,0,1,2,0,7,100,2,9859,9859,1,29,0,2,0,0,0,0
1357676,3,2024,2024,5,4,10,95,27,106,605,0,1,9,-33.677755,151.303987,50,0,2,0,3,0,0,0,0,2,9,60,2,217,217,1,5,5,2,0,0,0,0
1357679,3,2024,2024,6,1,3,149,27,294,198,0,1,9,-33.934881,150.934863,41,0,2,1,3,0,0,0,1,0,0,60,2,2852,2852,4,8,13,2,0,0,0,0
1357683,3,2024,2024,5,0,6,1,31,370,34609,0,1,1,-34.074433,150.781211,13,0,2,0,3,0,0,0,2,0,7,50,0,3775,3775,0,0,5,2,0,0,0,0
1357686,3,2024,2024,5,6,8,255,27,37,62,0,1,9,-32.807592,151.503347,17,2,1,1,3,0,3,4,2,0,0,60,2,14295,14295,3,5,13,2,0,0,0,0
1357696,3,2024,2024,5,4,8,107,22,346,144,1,0,9,-33.875714,151.093606,9,0,2,1,3,0,0,0,2,0,9,60,2,2585,777,8,5,40,1,0,0,0,0
1357700,3,2024,2024,5,5,8,83,31,523,34609,0,1,1,-33.923805,150.921011,41,0,2,1,3,0,0,0,2,0,7,50,0,1282,1282,1,5,5,2,0,0,0,0
1357702,3,2024,2024,5,1,9,2126,17,136,2149,0,1,2,-33.857933,151.068265,67,0,2,1,3,0,0,0,0,0,7,60,2,14295,14295,3,5,5,3,0,0,0,0
1357705,3,2024,2024,5,1,6,133,27,66,260,0,1,7,-32.931779,151.639413,37,0,2,0,3,0,0,0,2,0,0,60,2,14295,14295,3,5,0,2,0,0,0,0
1357706,3,2024,2024,5,5,4,1104,14,445,962,0,1,3,-33.844711,151.047063,21,0,2,1,3,0,0,0,2,0,7,90,2,404,404,8,29,40,1,0,0,0,0
1357707,3,2024,2024,5,1,8,1,4,9,34609,0,1,1,-32.720626,152.12228,57,2,1,0,3,0,0,0,2,0,7,50,0,1259,5151,8,5,40,1,0,0,0,0
1357709,3,2024,2024,5,4,8,133,31,70,97,0,1,9,-33.914449,150.990389,15,0,2,1,3,0,0,0,2,0,15,50,1,5929,5929,1,30,5,2,0,0,0,0
1357711,3,2024,2024,5,1,8,4,31,135,34609,0,1,1,-32.895991,151.739244,48,0,2,1,3,0,0,0,2,0,7,50,0,1109,397,1,5,13,2,0,0,0,0
1357712,3,2024,2024,5,0,10,77,12,40,331,0,1,7,-34.222115,150.593808,79,2,2,1,3,0,0,0,0,0,0,50,1,1109,397,1,5,0,2,0,0,0,0
1357713,3,2024,2024,5,6,10,97,27,166,799,0,1,10,-33.929664,150.980263,15,0,2,0,3,0,0,0,0,2,7,70,2,14295,14295,3,0,5,3,0,0,0,0
1357716,3,2024,2024,6,2,9,6,27,40,34609,0,1,1,-33.825791,151.18898,38,0,2,1,3,0,0,0,0,0,7,50,0,1282,1282,1,33,5,2,0,0,0,0
1357720,3,2024,2024,5,3,10,90,36,2,102,0,1,10,-34.249958,146.439,51,1,0,1,3,0,0,0,0,0,0,100,2,9859,9859,8,5,40,1,0,0,0,0
1357723,3,2024,2024,5,2,6,1104,14,445,962,0,1,3,-33.843321,151.045218,54,0,2,1,3,0,0,0,2,0,7,90,2,14295,14295,3,0,0,3,0,0,0,0
1357724,3,2024,2024,5,4,10,59,27,109,34609,0,1,10,-33.960612,150.862225,41,0,2,1,3,0,0,0,0,2,7,60,0,5929,5929,1,0,5,2,0,0,0,0
1357727,3,2024,2024,5,4,5,194,31,12,34609,1,0,7,-33.906735,151.123461,32,0,2,0,3,0,0,0,2,0,0,50,0,775,775,4,0,19,2,0,0,0,0
1357728,3,2024,2024,5,6,4,485,27,40,769,0,1,2,-33.727998,150.972465,71,0,2,0,3,0,0,0,2,0,7,60,2,14295,14295,3,5,5,3,0,0,0,0
1357729,3,2024,2024,0,1,9,3371,17,90,3342,0,1,9,-28.233507,153.559942,72,2,1,1,0,0,3,4,3,0,0,50,2,945,945,5,34,40,1,0,0,0,0
1357731,3,2024,2024,5,2,4,3371,17,10,3342,0,1,2,-32.623733,152.061466,43,1,0,1,3,0,0,0,2,0,7,110,2,9859,9859,8,5,40,1,0,0,0,0
1357732,3,2024,2024,5,1,8,98,27,128,382,0,1,9,-33.637874,150.782418,29,2,2,1,3,0,0,3,2,0,15,80,2,1669,1669,3,5,5,2,0,0,0,0
1357733,3,2024,2024,5,3,10,64,27,175,284,0,1,9,-33.772139,151.075663,54,0,2,1,3,0,0,0,0,0,15,60,2,5929,5929,1,5,5,2,0,0,0,0
1357737,3,2024,2024,5,0,7,89,36,49,81,0,1,1,-34.503938,148.720712,30,1,0,0,0,0,0,0,2,0,7,100,2,4552,5151,8,3,40,1,0,0,0,0
1357740,3,2024,2024,6,4,9,5,31,64,34609,0,1,1,-33.963994,150.997579,15,0,2,1,3,2,0,0,3,0,7,50,0,9859,9859,1,5,5,2,0,0,0,0
1357741,3,2024,2024,5,1,4,1104,14,283,962,0,1,3,-33.826832,151.006963,54,0,2,0,3,0,0,0,2,0,7,90,2,14295,14295,3,30,13,2,0,0,0,0
1357742,3,2024,2024,5,3,5,87,31,47,34609,0,1,9,-33.779779,151.285026,50,0,2,1,3,0,0,0,2,0,7,50,0,387,387,1,0,5,2,0,0,0,0
1357744,3,2024,2024,5,2,5,171,27,24,369,0,1,10,-33.94878,150.738622,12,0,2,0,3,0,0,0,2,2,7,80,2,5929,5929,1,8,13,2,0,0,0,0
1357746,3,2024,2024,5,2,3,40,31,219,262,0,1,10,-32.906153,151.671187,48,0,2,1,3,0,0,0,2,2,9,60,2,6545,6545,4,5,0,2,0,0,0,0
1357747,3,2024,2024,5,4,8,232,36,64,168,0,1,10,-34.039737,150.738496,12,0,2,1,3,0,0,6,3,2,7,60,2,5929,5929,1,5,5,2,0,0,0,0
1357748,3,2024,2024,5,0,4,1,6,38,34609,0,1,1,-30.261573,153.135768,19,2,1,1,3,0,0,0,2,0,7,50,0,9859,9859,8,5,40,1,0,0,0,0
1357749,3,2024,2024,5,2,9,2,27,1,34609,0,1,1,-35.318655,148.266704,66,1,0,0,3,0,3,4,0,0,7,100,0,1957,4009,8,10,40,1,0,0,0,0
1357750,3,2024,2024,5,5,8,1052,14,54,928,0,1,3,-33.453034,151.209501,16,1,2,1,3,0,0,0,3,0,7,110,2,186,186,1,29,12,2,0,0,0,0
1357752,3,2024,2024,0,3,6,2261,17,35,2252,0,1,2,-34.9809,148.136767,20,1,0,0,3,0,3,4,2,0,7,110,2,4552,5151,8,5,40,1,0,0,0,0
1357754,3,2024,2024,5,6,7,161,17,11,161,0,1,1,-35.996611,148.777767,65,2,1,1,3,0,0,0,2,0,7,70,2,945,945,5,0,40,1,0,0,0,0
1357755,3,2024,2024,5,5,3,500,27,293,799,0,1,9,-33.932471,151.044852,15,0,2,1,3,0,0,0,1,2,7,60,2,5929,5929,1,0,0,2,0,0,0,0
1357756,3,2024,2024,5,0,3,115,27,20,173,0,1,2,-34.345736,150.797167,80,0,2,1,3,0,0,0,1,0,7,100,2,4026,4026,8,5,40,1,0,0,0,0
1357758,3,2024,2024,5,1,2,3371,17,16,3342,0,1,2,-31.180461,152.823697,34,1,0,1,3,0,0,0,1,0,7,110,2,204,204,1,5,13,2,0,0,0,0
1357759,3,2024,2024,5,0,8,230,27,100,284,0,1,9,-33.808958,151.155669,38,0,2,0,3,0,0,0,2,0,0,60,2,623,623,3,9,25,2,0,0,0,0
1357760,3,2024,2024,5,4,2,41,27,120,7,0,1,2,-33.768325,150.862983,7,0,2,1,3,0,0,0,0,0,7,60,1,1089,1089,7,0,40,1,0,0,0,0
1357763,3,2024,2024,5,2,3,50,36,5,43,0,1,1,-36.518814,148.276375,65,2,1,0,3,0,3,5,2,0,7,80,2,2585,4009,8,0,40,1,0,0,0,0
1357766,3,2024,2024,5,2,0,61,31,92,45,0,1,1,-33.869191,150.975638,24,0,2,1,3,0,0,0,0,0,7,60,1,1109,787,1,21,5,2,0,0,0,0
1357767,3,2024,2024,5,2,3,283,27,70,702,0,1,9,-33.980608,151.107657,25,0,2,1,3,0,0,0,2,0,0,70,2,14295,14295,3,5,0,3,0,0,0,0
1357769,3,2024,2024,4,6,8,1,31,58,34609,0,1,1,-32.791475,151.725095,57,2,1,1,3,0,3,0,2,0,7,80,0,1383,1383,1,5,5,2,0,0,0,0
1357772,3,2024,2024,5,4,9,10,31,176,34609,0,1,9,-33.951053,151.141053,4,0,2,1,3,0,0,0,3,0,9,50,0,6545,6545,4,5,5,2,0,0,0,0
1357773,3,2024,2024,5,4,7,14,27,251,14,0,1,1,-33.774489,150.949017,7,0,2,1,3,0,0,0,2,0,7,60,1,1109,787,1,5,13,2,0,0,0,0
1357774,3,2024,2024,5,5,7,348,17,24,232,0,1,1,-31.9673,149.337024,51,1,0,1,3,0,0,3,2,0,11,100,2,3775,3775,0,6,35,2,0,0,0,0
1357788,3,2024,2024,0,3,9,255,27,37,62,0,1,10,-32.802407,151.513645,17,2,1,1,2,0,0,0,0,2,7,60,2,14295,14295,3,0,13,3,0,0,0,0