Crash ID,Degree of crash - detailed,Reporting year,Year of crash,Month of crash,Day of week of crash,Two-hour intervals,Street of crash,Street type,Town,Route no.,School zone location,School zone active,Type of location,Latitude,Longitude,LGA,Urbanisation,Conurbation 1,Alignment,Street lighting,Road surface,Surface condition,Weather,Natural lighting,Signals operation,Other traffic control,Speed limit,Road classification,RUM - code,DCA - code,First impact type,Key TU type,Other TU type,No. of traffic units involved,No. killed,No. seriously injured,No. moderately injured,No. minor-other injured
1357808,3,2024,2024,0,6,1,44,31,94,34609,0,1,7,-33.885338,150.92993,24,0,2,1,0,0,0,0,0,0,0,50,0,9859,9859,1,5,5,2,0,0,0,0
1357838,3,2024,2024,6,2,8,11,27,115,34609,0,1,1,-33.742503,151.217918,50,0,2,1,2,0,3,4,3,0,7,50,0,3775,3775,0,5,5,2,0,0,0,0
1357854,3,2024,2024,6,6,6,1,31,119,34609,0,1,1,-33.871098,151.165369,32,0,2,1,2,0,0,0,2,0,7,50,0,9859,9859,1,0,0,3,0,0,0,0
1357855,3,2024,2024,6,5,2,10,31,121,34609,0,1,1,-28.194075,153.53114,72,2,1,1,2,0,0,0,0,0,7,50,0,3775,3775,0,16,5,2,0,0,0,0
1357870,3,2024,2024,6,2,9,14,1,91,34609,0,1,1,-33.973166,151.08851,25,0,2,1,2,0,3,4,0,0,7,50,0,9859,9859,1,0,13,3,0,0,0,0
1357876,3,2024,2024,6,4,1,25,23,89,34609,0,1,1,-28.215127,153.545293,72,2,1,1,2,0,0,0,0,0,7,50,0,9859,9859,1,0,5,2,0,0,0,0
1357891,3,2024,2024,5,5,1,3371,17,28,3342,0,1,2,-32.620532,151.968173,43,1,0,0,0,0,3,4,0,0,7,110,2,1259,5151,8,3,40,1,0,0,0,0
1357899,3,2024,2024,5,6,9,15,27,6,34609,0,1,1,-31.057049,150.95883,70,2,1,1,0,0,0,0,0,0,7,80,0,404,404,8,0,40,1,0,0,0,0
1357905,3,2024,2024,6,4,8,14,27,163,74,0,1,7,-33.849212,151.101699,14,0,2,1,2,0,3,4,3,0,0,50,1,5929,5929,1,0,40,2,0,0,0,0
1357912,3,2024,2024,5,4,10,10,31,149,34609,0,1,1,-33.859921,151.171681,32,0,2,1,2,0,0,0,3,0,7,40,0,1259,985,8,5,40,1,0,0,0,0
1357917,3,2024,2024,5,4,9,294,17,215,288,0,1,10,-35.117156,147.356318,75,2,1,1,2,0,0,0,0,2,7,60,2,9859,9859,8,10,40,1,0,0,0,0
1357937,3,2024,2024,5,0,11,3,27,161,34609,0,1,1,-33.731702,151.169438,36,0,2,1,0,0,0,0,0,0,7,50,0,9859,9859,8,21,40,1,0,0,0,0
1357948,3,2024,2024,5,4,9,98,27,128,382,0,1,7,-33.639746,150.784272,29,2,2,1,1,0,0,0,0,0,0,80,2,6545,6545,4,10,0,2,0,0,0,0
1357958,3,2024,2024,6,5,0,3371,17,5,3342,0,1,2,-29.656663,153.13448,18,1,0,1,0,0,0,0,0,0,7,110,2,14295,14295,3,10,2,2,0,0,0,0
1357963,3,2024,2024,6,6,9,500,27,198,799,0,1,1,-33.917192,151.106918,15,0,2,1,2,0,0,0,3,0,7,60,2,1282,1282,1,33,5,2,0,0,0,0
1357968,3,2024,2024,5,1,3,229,14,175,237,0,1,3,-33.764156,151.085874,31,0,2,1,2,0,0,0,1,0,7,100,2,14295,14295,3,10,0,3,0,0,0,0
1357972,3,2024,2024,6,3,6,866,17,187,793,0,1,2,-33.796426,150.987768,54,0,2,1,1,0,0,0,2,0,7,70,2,14295,14295,3,0,40,6,0,0,0,0
1357978,3,2024,2024,6,6,5,213,17,132,213,0,1,1,-29.77451,151.111948,33,2,1,1,1,0,0,0,2,0,7,40,2,248,248,1,9,0,2,0,0,0,0
1357981,3,2024,2024,5,1,0,13,27,173,12,0,1,1,-33.7278,151.113226,36,0,2,1,2,0,0,0,0,0,7,50,1,4026,4026,8,5,40,1,0,0,0,0
1358001,3,2024,2024,5,5,1,2,1,89,34609,0,1,1,-33.385746,151.465888,16,2,2,1,2,0,0,0,0,0,7,50,0,9859,9859,1,0,5,2,0,0,0,0
1358012,3,2024,2024,5,0,11,361,1,80,34609,0,1,1,-34.564974,146.396664,51,2,1,1,2,0,3,3,0,0,7,50,0,9859,9859,8,10,40,1,0,0,0,0
1358025,3,2024,2024,5,3,0,149,36,120,81,0,1,2,-32.200835,152.516432,43,2,1,0,2,0,0,0,0,0,7,60,2,2585,4009,8,5,40,1,0,0,0,0
1358034,3,2024,2024,5,3,9,19,27,22,122,0,1,2,-34.524828,150.869891,80,0,2,1,2,0,3,3,0,0,7,60,2,14295,14295,3,5,5,2,0,0,0,0
1358038,3,2024,2024,5,0,3,330,23,123,233,0,1,2,-33.903081,151.223262,59,0,2,1,2,0,0,0,1,0,7,60,2,9859,9859,8,5,40,1,0,0,0,0
1358041,3,2024,2024,5,0,9,2,31,445,34609,0,1,10,-33.856197,151.050428,21,0,2,1,2,0,3,4,3,0,15,50,0,9859,9859,1,5,12,2,0,0,0,0
1358042,3,2024,2024,6,2,0,387,27,115,331,0,1,9,-33.958137,151.069223,25,0,2,0,2,0,3,4,0,2,7,60,2,2852,2852,4,5,0,2,0,0,0,0
1358051,3,2024,2024,5,6,8,39,31,148,34609,0,1,9,-36.053137,146.938559,0,2,1,1,1,0,0,0,2,0,0,60,0,2852,2852,4,0,5,2,0,0,0,0
1358056,3,2024,2024,5,0,7,4,31,108,34609,0,1,2,-33.306704,151.409021,16,2,2,1,1,0,0,3,2,0,15,50,0,1981,1981,4,5,0,2,0,0,0,0
1358062,3,2024,2024,5,1,0,1,31,290,34609,0,1,1,-33.848216,150.985066,21,0,2,1,2,0,0,0,0,0,7,50,0,4026,4026,1,0,12,3,0,0,0,0
1358067,3,2024,2024,5,1,7,2261,17,31,2252,0,1,10,-33.887703,151.09147,9,0,2,1,2,0,0,0,2,2,7,60,2,323,323,1,5,5,2,0,0,0,0
1358075,3,2024,2024,5,2,6,58,31,69,34609,0,1,10,-33.363677,151.486757,16,2,2,1,1,0,0,0,2,0,0,50,0,6545,6545,4,0,0,2,0,0,0,0
1358085,3,2024,2024,5,2,11,4,31,219,34609,0,1,10,-32.908479,151.66885,48,0,2,1,2,0,0,0,0,0,0,50,0,9859,9859,1,10,13,3,0,0,0,0
1358096,3,2024,2024,5,3,0,11,27,115,34609,0,1,1,-33.741956,151.217151,50,0,2,0,2,0,0,0,0,0,7,50,0,2585,4009,8,0,40,1,0,0,0,0
1358102,3,2024,2024,5,3,10,916,17,102,917,0,1,1,-31.110775,150.924221,70,2,1,1,2,0,0,0,0,0,7,60,2,9859,9859,1,10,10,2,0,0,0,0
1358107,3,2024,2024,5,0,6,20,27,18,34609,0,1,1,-34.049964,150.818751,13,0,2,1,1,0,0,0,2,0,7,50,0,9859,9859,1,0,5,2,0,0,0,0
1358127,3,2024,2024,5,6,4,2,7,70,34609,0,1,1,-34.846118,150.60618,63,2,1,1,1,0,0,0,2,0,7,50,0,4026,4026,8,0,40,1,0,0,0,0
1358131,3,2024,2024,5,6,9,150,27,197,415,1,0,9,-33.79325,151.119837,61,0,2,1,2,0,3,4,0,2,7,70,2,5929,5929,1,30,0,2,0,0,0,0
1358148,3,2024,2024,5,1,4,71,27,10,69,0,1,1,-36.369546,148.474678,65,1,0,0,0,0,1,5,2,0,7,100,2,1192,1192,1,10,0,2,0,0,0,0
1358151,3,2024,2024,5,3,0,57,31,18,34609,0,1,1,-32.950741,151.66242,37,0,2,1,2,0,0,0,0,0,7,50,0,9859,9859,1,0,0,2,0,0,0,0
1358160,3,2024,2024,5,6,9,194,31,105,34609,0,1,7,-32.595063,149.587844,44,2,1,1,0,0,0,0,0,0,0,50,0,6545,6545,4,10,0,2,0,0,0,0
1358166,3,2024,2024,3,5,10,4,31,175,34609,0,1,1,-33.780082,151.062487,54,0,2,1,2,0,0,0,0,0,7,50,0,489,489,8,0,40,1,0,0,0,0
1358175,3,2024,2024,7,1,3,1104,14,69,962,0,1,3,-33.826944,151.013028,54,0,2,0,1,0,0,0,2,0,7,90,2,14295,14295,3,5,13,2,0,0,0,0
1358179,3,2024,2024,6,5,2,133,17,14,121,0,1,1,-35.712214,149.158695,65,1,0,1,3,0,0,6,0,0,7,100,2,1089,1089,7,29,40,1,0,0,0,0
1358180,3,2024,2024,5,3,3,36,27,363,34609,0,1,1,-33.7534,150.690827,55,0,2,1,3,0,0,0,1,0,7,50,0,9859,9859,1,0,5,5,0,0,0,0
1358181,3,2024,2024,0,1,8,165,31,112,34609,0,1,1,-33.612994,150.812565,29,2,2,1,3,0,0,0,2,0,7,50,0,1981,1981,4,5,19,2,0,0,0,0
1358183,3,2024,2024,5,1,6,1104,11,532,770,0,1,2,-33.873868,151.202677,69,0,2,1,3,0,3,0,2,0,7,50,2,9859,9859,8,0,40,1,0,0,0,0
1358184,3,2024,2024,5,3,3,16,1,24,25,0,1,2,-33.62608,150.838134,29,2,2,1,3,0,0,0,2,0,7,60,2,9859,9859,8,5,40,1,0,0,0,0
1358185,3,2024,2024,5,0,11,2,27,93,34609,0,1,1,-36.08974,146.949911,0,2,1,0,3,0,3,4,0,0,7,50,0,2585,4009,8,10,40,1,0,0,0,0
1358186,3,2024,2024,8,3,5,3,27,8,34609,0,1,1,-35.030934,150.482857,63,1,0,0,3,0,0,0,2,0,7,90,0,2585,4009,8,0,40,1,0,0,0,0
1358191,3,2024,2024,0,6,5,28,31,532,34609,0,1,0,-33.870766,151.207683,69,0,2,1,1,0,0,0,2,0,7,40,0,387,387,1,5,5,2,0,0,0,0
1358192,3,2024,2024,5,0,3,68,1,562,34609,0,1,2,-32.27823,148.629765,22,2,1,1,3,0,3,1,2,0,7,50,0,9859,9859,1,21,5,3,0,0,0,0
1358194,3,2024,2024,5,6,6,2209,17,130,2205,0,1,9,-34.451067,150.848138,80,0,2,1,3,0,0,0,2,0,0,60,1,2852,2852,4,30,5,2,0,0,0,0
1358195,3,2024,2024,5,5,7,12,10,12,34609,0,1,7,-33.807629,151.262058,50,0,2,0,3,0,0,0,2,0,0,50,0,6545,6545,4,5,5,2,0,0,0,0
1358196,3,2024,2024,5,5,9,224,27,246,321,0,1,10,-33.901489,151.201136,69,0,2,1,3,0,0,0,0,2,7,50,2,6545,6545,4,5,5,2,0,0,0,0
1358197,3,2024,2024,5,0,10,1,27,7,34609,0,1,9,-33.970767,151.020217,15,0,2,1,3,0,0,0,0,0,7,50,0,4552,985,1,5,36,2,0,0,0,0
1358199,3,2024,2024,1,4,7,9,31,219,34609,0,1,10,-32.899277,151.666626,48,0,2,1,3,0,0,3,2,0,15,50,0,3775,3775,0,5,13,2,0,0,0,0
1358200,3,2024,2024,5,3,9,39,31,346,34609,0,1,9,-33.869045,151.099066,9,0,2,1,3,0,0,0,0,0,7,50,0,4552,985,1,5,5,2,0,0,0,0
1358203,3,2024,2024,5,5,8,103,36,2,157,0,1,1,-29.53328,152.985737,18,1,0,1,0,0,0,0,2,0,7,100,2,9859,9859,8,3,40,1,0,0,0,0
1358204,3,2024,2024,5,0,8,348,27,23,88,0,1,9,-33.717416,150.695816,55,0,2,1,3,0,0,0,2,0,15,60,2,1192,1192,1,5,0,2,0,0,0,0
1358205,3,2024,2024,5,3,11,348,31,363,34609,0,1,7,-33.75605,150.698648,55,0,2,1,3,0,0,0,0,0,0,50,0,775,775,4,0,5,2,0,0,0,0
1358207,3,2024,2024,5,0,8,3371,17,463,3342,0,1,10,-30.283806,153.126776,19,2,1,1,3,0,3,4,3,2,7,60,2,14295,14295,3,0,5,2,0,0,0,0
1358209,3,2024,2024,5,6,5,34,27,53,34609,0,1,10,-35.133351,147.361138,75,2,1,1,3,0,0,0,2,0,0,50,0,6545,6545,4,10,36,2,0,0,0,0
1358211,3,2024,2024,5,5,11,36,36,14,139,0,1,1,-34.50606,146.204437,51,1,0,1,3,0,0,0,0,0,7,100,2,1089,1089,7,10,40,1,0,0,0,0
1358212,3,2024,2024,5,0,9,98,27,251,136,1,0,1,-33.789967,150.91911,7,0,2,1,3,0,0,0,3,0,7,60,2,1981,1981,4,5,5,2,0,0,0,0
1358213,3,2024,2024,5,4,4,866,17,98,793,0,1,9,-33.734935,151.076574,31,0,2,1,3,0,0,0,2,0,7,70,2,395,395,1,5,41,2,0,0,0,0
1358214,3,2024,2024,5,6,2,330,27,294,34609,0,1,10,-33.943886,150.924279,41,0,2,1,3,0,0,0,1,2,7,60,0,14295,14295,3,0,5,2,0,0,0,0
1358215,3,2024,2024,5,6,8,3371,17,58,3342,0,1,2,-33.755385,151.152721,36,0,2,1,3,0,0,0,2,0,7,60,2,14295,14295,3,10,0,2,0,0,0,0
1358216,3,2024,2024,5,2,8,56,23,129,144,0,1,1,-33.893983,151.090419,9,0,2,1,3,0,0,0,2,0,7,60,2,14295,14295,3,5,5,3,0,0,0,0
1358217,3,2024,2024,1,0,7,84,1,226,34609,0,1,1,-33.765658,150.812572,7,0,2,1,3,0,0,0,2,0,7,50,0,941,941,1,0,5,4,0,0,0,0
1358218,3,2024,2024,5,1,5,1,10,120,34609,0,1,9,-32.198379,152.535297,43,2,1,0,3,0,0,0,2,0,7,50,0,5929,5929,1,5,36,2,0,0,0,0
1358225,3,2024,2024,5,2,8,55,27,151,160,0,1,1,-34.042447,150.842126,13,0,2,1,3,0,3,0,0,0,7,60,2,9859,9859,8,21,40,1,0,0,0,0
1358226,3,2024,2024,1,0,9,866,27,247,34609,0,1,9,-33.8312,150.948908,21,0,2,1,3,0,0,0,3,0,7,50,0,5929,5929,1,5,0,3,0,0,0,0
1358228,3,2024,2024,5,0,5,1,31,117,34609,0,1,1,-28.178958,153.53814,72,2,1,1,3,0,0,0,2,0,7,50,0,14295,14295,3,0,5,2,0,0,0,0
1358229,3,2024,2024,5,1,8,65,27,202,563,0,1,2,-33.939114,151.03592,15,0,2,1,3,0,0,0,2,0,7,70,2,14295,14295,3,5,0,2,0,0,0,0
1358230,3,2024,2024,5,5,8,916,17,37,917,0,1,9,-32.686442,151.399067,17,2,1,1,3,0,0,3,3,0,0,60,2,9859,9859,8,10,40,1,0,0,0,0
1358232,3,2024,2024,5,0,4,475,31,204,11,0,1,9,-33.886517,151.125336,32,0,2,1,3,0,3,3,2,0,7,50,1,1669,1669,3,0,0,2,0,0,0,0
1358233,3,2024,2024,5,0,6,485,27,52,769,0,1,10,-33.690588,150.922291,7,0,2,1,3,0,0,0,2,2,7,80,2,14295,14295,3,30,5,3,0,0,0,0
1358235,3,2024,2024,5,5,5,294,17,56,288,0,1,10,-35.120206,147.378271,75,2,1,1,3,0,0,0,2,2,7,60,2,1850,985,5,8,40,1,0,0,0,0
1358236,3,2024,2024,5,2,5,41,27,173,115,0,1,7,-33.712045,151.132464,36,0,2,1,3,0,3,3,2,0,0,60,1,1192,1192,1,0,0,2,0,0,0,0
1358239,3,2024,2024,5,5,8,3371,17,13,3342,0,1,2,-29.971069,153.137155,18,1,0,1,3,0,0,0,3,0,7,110,2,4026,4026,8,5,40,1,0,0,0,0
1358246,3,2024,2024,5,5,4,28,27,38,28,0,1,1,-32.735938,151.86865,57,2,1,1,3,0,0,0,2,0,7,50,1,14295,14295,3,5,5,2,0,0,0,0
1358248,3,2024,2024,3,5,9,866,17,204,793,0,1,9,-33.901773,150.918555,24,0,2,1,3,0,0,0,3,3,7,70,2,14295,14295,3,5,5,3,0,0,0,0
1358249,3,2024,2024,5,1,6,14,31,131,34609,0,1,7,-36.07687,146.918797,0,2,1,1,3,0,0,0,2,0,0,50,0,6545,6545,4,19,5,2,0,0,0,0
1358250,3,2024,2024,5,0,7,157,17,123,158,0,1,9,-33.832054,148.701766,51,2,1,1,3,0,0,0,2,0,7,50,2,14295,14295,3,0,5,2,0,0,0,0
1358256,3,2024,2024,5,2,1,15,27,17,91,0,1,1,-34.806619,149.247541,74,1,0,0,3,0,0,0,0,0,7,100,1,380,714,5,19,40,1,0,0,0,0
1358258,3,2024,2024,5,3,5,38,31,76,34609,1,0,1,-35.356304,150.468541,63,2,1,1,3,0,0,0,2,0,7,50,0,9859,9859,8,5,40,1,0,0,0,0
1358262,3,2024,2024,5,3,4,8,27,293,34609,0,1,9,-33.917741,151.062913,15,0,2,0,3,0,0,0,2,0,0,50,0,1259,5151,8,5,40,2,0,0,0,0
1358263,3,2024,2024,5,5,5,4,27,562,34609,0,1,9,-32.246913,148.631181,22,2,1,1,3,0,0,0,2,0,0,50,0,2852,2852,4,9,10,2,0,0,0,0
1358266,3,2024,2024,5,2,4,22,27,160,260,0,1,9,-33.119043,151.464595,37,0,2,1,3,0,0,0,2,0,15,60,2,926,926,4,10,5,2,0,0,0,0
1358267,3,2024,2024,5,3,0,234,27,112,217,0,1,2,-33.695277,151.0229,31,0,2,0,3,0,0,0,0,0,7,60,2,1850,1463,5,5,40,1,0,0,0,0
1358268,3,2024,2024,5,2,5,1052,27,69,262,0,1,9,-32.90478,151.690537,48,0,2,1,3,0,3,3,2,2,7,60,2,14295,14295,3,10,0,2,0,0,0,0
1358269,3,2024,2024,5,4,8,20,10,55,91,0,1,9,-35.377351,149.189088,58,2,1,1,3,0,0,0,3,2,7,80,2,5929,5929,1,0,13,2,0,0,0,0
1358274,3,2024,2024,5,1,3,168,10,387,260,0,1,9,-33.93382,151.191985,4,0,2,1,3,0,0,0,2,1,7,70,2,775,775,4,6,10,2,0,0,0,0
1358275,3,2024,2024,5,6,9,38,27,78,38,0,1,1,-33.405073,151.451208,16,2,2,1,3,0,3,4,3,0,7,60,1,9859,9859,8,5,40,1,0,0,0,0
1358281,3,2024,2024,6,4,7,2209,17,74,2205,0,1,2,-34.433832,150.863401,80,0,2,1,3,0,0,0,2,0,7,60,2,14295,14295,3,0,0,3,0,0,0,0
1358283,3,2024,2024,5,6,9,213,17,132,213,0,1,1,-29.772361,151.074326,33,2,1,0,3,0,0,0,3,0,7,80,2,1259,5151,8,30,40,1,0,0,0,0
1358286,3,2024,2024,5,4,7,102,31,293,28,0,1,10,-33.916883,151.052648,15,0,2,1,3,0,0,0,2,0,15,60,1,926,926,4,10,5,2,0,0,0,0
1358290,3,2024,2024,5,2,11,63,27,224,605,0,1,2,-33.823663,151.242252,45,0,2,1,3,0,0,0,0,0,7,60,2,14295,14295,3,5,19,2,0,0,0,0
1358291,3,2024,2024,5,1,7,90,36,7,102,0,1,9,-34.560448,148.41655,30,1,0,1,3,0,0,0,2,0,0,100,2,775,775,4,10,5,2,0,0,0,0
1358292,3,2024,2024,5,4,6,1104,14,323,962,0,1,6,-33.800712,150.866782,7,0,2,1,3,0,0,0,2,0,7,100,2,14295,14295,3,29,5,2,0,0,0,0
1358293,3,2024,2024,6,3,9,17,36,68,19,0,1,1,-34.861135,148.937234,82,1,0,1,3,0,3,4,0,0,7,100,1,1089,1089,7,10,40,1,0,0,0,0
1358294,3,2024,2024,5,1,1,2261,17,243,2252,0,1,10,-33.940617,150.91229,41,0,2,1,3,0,0,0,0,2,7,70,2,5929,5929,1,0,5,2,0,0,0,0
1358296,3,2024,2024,5,2,8,74,27,609,18,0,1,9,-33.774512,150.88507,7,0,2,1,3,0,0,3,2,0,7,60,1,2852,2852,4,10,13,2,0,0,0,0
1358300,3,2024,2024,5,4,9,2261,17,32,2252,0,1,2,-34.836019,149.006953,82,1,0,0,3,0,0,0,0,0,7,110,2,1957,4009,8,30,40,1,0,0,0,0
1358301,3,2024,2024,5,2,3,1104,14,140,962,0,1,3,-33.790882,150.819817,7,0,2,1,3,0,3,4,2,0,7,110,2,1282,1282,1,5,13,2,0,0,0,0
1358306,3,2024,2024,5,6,2,2261,17,23,2252,0,1,2,-34.809421,148.594639,82,1,0,0,3,0,0,0,0,0,7,110,2,782,957,5,3,40,1,0,0,0,0
1358307,3,2024,2024,5,4,7,162,31,53,148,0,1,10,-32.927361,151.760721,48,0,2,1,3,0,0,0,2,2,7,50,1,14295,14295,3,5,22,3,0,0,0,0
1358312,3,2024,2024,5,0,7,1052,14,118,928,0,1,3,-33.367186,151.318521,16,1,2,1,3,0,0,0,2,0,7,110,2,1383,1383,1,5,13,3,0,0,0,0
1358313,3,2024,2024,5,4,5,2261,17,23,2252,0,1,2,-34.808392,148.63016,82,1,0,0,3,0,0,0,2,0,7,110,2,1383,1383,1,10,0,2,0,0,0,0
1358321,3,2024,2024,5,6,4,5,27,143,34609,0,1,1,-33.703466,151.111169,31,0,2,1,3,0,0,0,2,0,7,50,0,945,945,5,21,40,1,0,0,0,0
1358323,3,2024,2024,5,4,9,1,31,8,34609,0,1,1,-34.852794,150.742455,63,2,1,1,3,0,0,0,0,0,7,50,0,4026,4026,1,9,5,2,0,0,0,0
1358325,3,2024,2024,5,5,6,346,17,9,332,0,1,1,-28.902613,152.451353,51,1,0,0,3,0,0,0,2,0,7,100,2,1089,1089,7,9,40,1,0,0,0,0
1358329,3,2024,2024,5,2,1,23,27,123,38,0,1,1,-33.81052,148.686914,51,2,1,1,3,0,3,3,0,0,7,80,2,1089,1089,7,9,40,1,0,0,0,0
1358330,3,2024,2024,5,0,3,1052,14,149,928,0,1,3,-33.359776,151.338748,16,1,2,0,3,0,3,4,2,0,7,110,2,1383,1383,1,5,5,2,0,0,0,0
1358331,3,2024,2024,5,0,4,33,27,11,260,0,1,2,-33.048862,151.566243,37,0,2,0,3,0,3,3,2,0,7,90,2,2585,4009,8,0,40,1,0,0,0,0
1358334,3,2024,2024,5,4,3,334,17,41,308,0,1,1,-31.465794,152.80694,56,1,0,1,3,0,0,0,2,0,7,90,2,14295,14295,3,10,13,2,0,0,0,0
1358336,3,2024,2024,5,5,8,13,27,73,34609,0,1,7,-33.748001,150.809275,7,0,2,1,3,0,0,0,4,0,0,60,0,515,515,1,29,0,2,0,0,0,0
1358337,3,2024,2024,5,1,4,58,1,40,34609,0,1,1,-33.823406,151.186467,38,0,2,1,3,0,0,0,2,0,7,40,0,941,941,1,5,25,2,0,0,0,0
1358338,3,2024,2024,5,2,8,14,10,278,34609,0,1,1,-33.772045,151.04968,54,0,2,1,3,0,0,0,2,0,7,50,0,4026,4026,1,5,5,3,0,0,0,0
1358340,3,2024,2024,1,4,4,4,27,84,34609,1,0,7,-33.770731,151.109047,61,0,2,1,3,0,0,3,2,0,0,50,0,14295,14295,3,0,5,2,0,0,0,0
1358341,3,2024,2024,5,5,10,16,31,115,34609,0,1,9,-33.875849,151.183882,69,0,2,1,3,0,0,0,0,0,7,40,0,323,323,1,5,12,2,0,0,0,0
1358343,3,2024,2024,5,0,8,9,31,28,34609,0,1,1,-33.415334,149.562702,3,2,1,1,3,0,0,0,3,0,7,50,0,9859,9859,8,10,40,1,0,0,0,0
1358344,3,2024,2024,5,2,5,95,31,166,34609,0,1,0,-33.893508,151.187422,69,0,2,1,3,0,3,3,2,0,7,40,0,9859,9859,1,9,5,2,0,0,0,0
1358346,3,2024,2024,5,5,8,29,31,88,15,0,1,9,-33.753733,150.857044,7,0,2,1,3,0,0,0,2,0,0,60,1,515,515,1,29,0,2,0,0,0,0
1358350,3,2024,2024,5,3,8,916,17,23,917,0,1,1,-31.692157,150.769508,51,1,0,1,3,0,3,0,2,0,7,100,2,945,945,5,10,40,1,0,0,0,0
1358358,3,2024,2024,7,1,6,1,10,22,34609,0,1,1,-36.102817,150.054484,23,2,1,1,0,0,0,0,2,0,7,60,0,4026,4026,8,5,40,1,0,0,0,0
1358365,3,2024,2024,7,0,0,5,27,75,34609,0,1,1,-33.871556,151.112912,9,0,2,1,2,0,0,0,0,0,7,50,0,9859,9859,1,5,25,2,0,0,0,0
1358369,3,2024,2024,0,3,7,5,31,117,34609,0,1,1,-28.165331,153.551205,72,2,1,1,0,0,0,0,2,0,7,50,0,4026,4026,1,0,0,2,0,0,0,0
1358384,3,2024,2024,0,3,5,11,7,304,52,0,1,1,-33.922444,151.156368,32,0,2,1,1,0,0,0,2,0,7,50,1,9859,9859,1,0,0,4,0,0,0,0
1358404,3,2024,2024,7,6,11,97,27,271,799,0,1,10,-33.936084,151.011331,15,0,2,1,2,0,0,0,0,2,7,70,2,9859,9859,8,5,40,1,0,0,0,0
1358405,3,2024,2024,8,6,9,829,27,309,770,0,1,2,-33.814171,151.097399,61,0,2,1,2,0,3,4,3,0,7,60,2,9859,9859,8,0,40,1,0,0,0,0
1358443,3,2024,2024,8,2,8,12,31,98,34609,0,1,1,-33.740946,151.076039,31,0,2,1,2,0,0,0,0,0,7,50,0,9859,9859,1,5,5,2,0,0,0,0
1358451,3,2024,2024,6,5,0,20,27,87,34609,0,1,1,-33.919835,150.953355,41,0,2,1,2,0,0,0,0,0,7,40,0,4026,4026,8,9,40,1,0,0,0,0
1358452,3,2024,2024,8,3,7,234,27,323,217,0,1,9,-33.750581,150.99417,71,0,2,1,1,0,0,0,2,0,7,60,2,775,775,4,0,0,2,0,0,0,0
1358460,3,2024,2024,6,6,3,475,10,78,268,0,1,7,-33.880572,150.807664,55,0,2,1,2,0,0,0,1,0,0,60,2,1192,1192,1,29,0,2,0,0,0,0
1358474,3,2024,2024,8,4,3,3,31,112,34609,0,1,4,-33.917174,150.938061,41,0,2,0,0,0,0,0,1,0,7,50,0,1957,4009,1,33,0,2,0,0,0,0
1358502,3,2024,2024,5,6,0,224,27,49,321,0,1,2,-33.962033,151.217286,4,0,2,0,0,0,0,0,0,0,7,70,2,2585,4009,8,5,40,1,0,0,0,0
1358506,3,2024,2024,5,2,6,36,31,69,34609,0,1,1,-32.935777,151.743379,48,0,2,1,1,0,0,0,2,0,7,50,0,9859,9859,1,5,5,2,0,0,0,0
1358508,3,2024,2024,5,4,11,123,31,283,34609,0,1,1,-33.837299,151.00871,21,0,2,1,0,0,0,0,0,0,7,50,0,237,397,1,5,5,2,0,0,0,0
1358510,3,2024,2024,6,2,10,3,31,370,34609,0,1,1,-34.066091,150.82796,13,0,2,1,0,0,0,0,0,0,7,50,0,9859,9859,1,34,5,2,0,0,0,0
1358513,3,2024,2024,5,5,10,2,27,54,34609,0,1,1,-28.525425,153.53921,10,2,1,0,2,0,0,0,0,0,7,50,0,4552,5151,8,5,40,1,0,0,0,0
1358534,3,2024,2024,5,5,6,916,17,172,917,0,1,2,-32.762006,151.595752,42,2,1,1,1,0,3,4,2,0,7,60,2,14295,14295,3,10,5,3,0,0,0,0
1358542,3,2024,2024,5,1,0,3371,17,56,3342,0,1,2,-31.109527,152.839152,34,1,0,0,0,0,0,0,0,0,7,110,2,204,204,1,3,5,2,0,0,0,0
1358553,3,2024,2024,5,3,8,1,25,89,34609,0,1,1,-33.377674,151.454454,16,2,2,1,1,0,0,0,2,0,7,50,0,9859,9859,8,5,40,1,0,0,0,0
1358570,3,2024,2024,5,1,9,515,14,38,518,0,1,3,-33.943738,151.06963,15,0,2,1,1,0,0,0,0,0,7,100,2,14295,14295,3,10,40,2,0,0,0,0
1358576,3,2024,2024,5,4,10,1052,14,56,928,0,1,3,-32.991177,151.51678,37,0,2,1,2,0,0,0,0,0,7,110,2,9859,9859,8,10,40,1,0,0,0,0
1358577,3,2024,2024,5,3,7,8,31,234,61,0,1,7,-34.287714,146.064729,28,2,1,1,0,0,0,0,2,0,0,50,1,6545,6545,4,0,5,2,0,0,0,0
1358580,3,2024,2024,5,2,6,1,27,13,34609,0,1,1,-32.484403,152.022302,43,2,1,1,0,2,0,3,2,0,7,60,0,220,220,8,0,40,1,0,0,0,0
1358588,3,2024,2024,5,3,1,11,27,26,34609,0,1,9,-34.022633,151.081803,68,0,2,1,2,0,0,0,0,0,7,50,0,4552,985,1,33,0,2,0,0,0,0
1358596,3,2024,2024,5,4,4,22,31,309,702,0,1,2,-33.815239,151.103225,61,0,2,1,1,0,0,0,2,0,7,60,2,1282,1282,1,33,5,2,0,0,0,0
1358599,3,2024,2024,6,4,5,3371,17,463,3342,0,1,10,-30.289957,153.121076,19,2,1,1,1,0,3,3,2,2,7,60,2,2852,2852,4,0,0,4,0,0,0,0