Crash ID,Degree of crash - detailed,Reporting year,Year of crash,Month of crash,Day of week of crash,Two-hour intervals,Street of crash,Street type,Town,Route no.,School zone location,School zone active,Type of location,Latitude,Longitude,LGA,Urbanisation,Conurbation 1,Alignment,Street lighting,Road surface,Surface condition,Weather,Natural lighting,Signals operation,Other traffic control,Speed limit,Road classification,RUM - code,DCA - code,First impact type,Key TU type,Other TU type,No. of traffic units involved,No. killed,No. seriously injured,No. moderately injured,No. minor-other injured
1358601,3,2024,2024,5,1,3,3,31,171,34609,0,1,1,-33.806031,150.967327,21,0,2,1,1,0,0,0,1,0,7,50,0,1282,1282,1,5,40,1,0,0,0,0
1358604,3,2024,2024,5,2,11,44,1,273,18,0,1,1,-34.428468,150.886794,80,0,2,1,2,0,0,0,0,0,7,50,1,9859,9859,1,5,5,2,0,0,0,0
1358614,3,2024,2024,6,3,9,10,10,108,34609,0,1,9,-33.308042,151.42294,16,2,2,0,2,0,0,0,0,0,0,50,0,489,489,8,5,40,1,0,0,0,0
1358624,3,2024,2024,5,4,6,20,27,19,24,1,0,1,-33.649397,151.046237,31,0,2,1,1,0,0,0,2,0,9,60,1,14295,14295,3,0,5,2,0,0,0,0
1358626,3,2024,2024,5,2,6,5,27,13,34609,0,1,1,-34.27054,146.094101,28,1,0,1,0,0,0,0,2,0,7,100,0,4026,4026,8,10,40,1,0,0,0,0
1358630,3,2024,2024,8,5,3,222,31,173,15,0,1,1,-33.881366,151.22044,69,0,2,1,0,0,0,0,2,0,7,40,1,9859,9859,1,5,0,2,0,0,0,0
1358637,3,2024,2024,6,5,6,40,27,84,40,0,1,9,-33.887311,150.943315,24,0,2,1,1,0,0,0,2,2,7,60,1,5929,5929,1,5,5,2,0,0,0,0
1358644,3,2024,2024,5,1,10,2,27,32,34609,0,1,1,-33.858114,150.961015,21,0,2,1,0,0,0,0,0,0,7,50,0,1282,1282,1,33,25,2,0,0,0,0
1358656,3,2024,2024,5,3,7,36,27,112,34609,0,1,9,-36.053562,146.942134,0,2,1,1,1,0,0,0,2,0,0,60,0,9859,9859,1,5,0,2,0,0,0,0
1358683,3,2024,2024,5,2,9,11,27,9,34609,0,1,1,-28.971568,153.055607,60,1,0,1,0,0,0,0,3,0,7,100,0,204,204,1,5,13,2,0,0,0,0
1358685,3,2024,2024,5,0,8,4,1,219,34609,0,1,9,-32.899243,151.677112,48,0,2,0,2,0,0,0,0,0,7,50,0,2585,4009,1,0,5,2,0,0,0,0
1358686,3,2024,2024,5,6,7,2,1,10,34609,0,1,1,-33.982378,151.117717,25,0,2,1,1,0,0,0,2,0,7,50,0,9859,9859,1,5,36,2,0,0,0,0
1358691,3,2024,2024,5,0,4,1,31,104,34609,0,1,10,-33.831542,151.220273,49,0,2,1,0,0,0,0,2,0,7,50,0,1282,1282,1,33,0,2,0,0,0,0
1358700,3,2024,2024,5,2,1,348,27,363,88,0,1,7,-33.743377,150.691845,55,0,2,0,2,0,0,0,0,0,0,60,2,273,985,5,5,40,1,0,0,0,0
1358702,3,2024,2024,8,1,5,149,27,294,198,0,1,1,-33.93835,150.93938,41,0,2,0,1,0,0,0,2,0,7,60,2,1259,5151,8,10,40,2,0,0,0,0
1358708,3,2024,2024,0,5,1,4,27,33,34609,0,1,1,-33.654943,151.132079,31,0,2,1,2,0,0,0,0,0,7,50,0,4026,4026,8,5,40,1,0,0,0,0
1358710,3,2024,2024,5,1,11,46,1,89,34609,0,1,4,-33.379236,151.464175,16,2,2,0,2,0,0,0,0,0,7,50,0,2585,4009,1,5,13,2,0,0,0,0
1358712,3,2024,2024,5,1,8,2209,17,34,2205,0,1,1,-37.049769,149.901161,5,2,1,1,1,0,0,3,2,0,7,60,2,9859,9859,1,33,0,2,0,0,0,0
1358722,3,2024,2024,5,2,4,106,27,523,106,0,1,9,-33.926351,150.898862,41,0,2,1,1,0,3,4,2,2,7,70,2,926,926,4,5,40,2,0,0,0,0
1358723,3,2024,2024,6,4,9,2261,17,26,2252,0,1,3,-34.407905,150.503974,78,1,0,1,1,0,3,4,0,0,7,110,2,4026,4026,8,10,40,1,0,0,0,0
1358724,3,2024,2024,6,1,1,62,10,55,169,0,1,7,-32.829957,151.530322,17,2,1,1,2,0,0,0,0,0,0,60,2,4026,4026,8,34,40,1,0,0,0,0
1358735,3,2024,2024,5,2,9,78,31,124,34609,0,1,1,-33.816979,151.048225,54,0,2,1,0,0,0,0,0,0,7,50,0,9859,9859,1,10,0,3,0,0,0,0
1358737,3,2024,2024,5,6,7,8,7,140,34609,0,1,9,-33.78442,150.825136,7,0,2,0,0,0,0,0,2,0,7,50,0,1957,4009,1,0,5,2,0,0,0,0
1358741,3,2024,2024,8,2,8,14,31,85,34609,0,1,10,-33.805152,150.679935,55,0,2,1,0,0,0,0,3,0,0,50,0,6545,6545,4,0,0,2,0,0,0,0
1358747,3,2024,2024,5,6,9,22,31,95,34609,0,1,1,-34.395535,150.893963,80,0,2,1,2,0,0,0,0,0,7,50,0,3775,3775,0,5,0,3,0,0,0,0
1358748,3,2024,2024,5,0,5,2126,17,44,2149,0,1,9,-33.795614,150.888654,7,0,2,1,1,0,0,0,2,2,7,80,2,6545,6545,4,5,5,2,0,0,0,0
1358751,3,2024,2024,5,4,7,15,31,346,38,0,1,10,-33.875226,151.097691,9,0,2,1,1,0,0,0,2,2,7,50,1,1282,1282,1,5,22,2,0,0,0,0
1358756,3,2024,2024,5,4,0,3371,17,173,3342,1,0,9,-33.72242,151.118222,36,0,2,1,2,0,0,0,0,0,7,60,2,9859,9859,8,5,40,1,0,0,0,0
1358759,3,2024,2024,5,3,4,11,31,228,143,0,1,7,-34.750214,149.719009,26,2,1,1,1,0,0,0,2,0,0,50,2,6545,6545,4,5,5,2,0,0,0,0
1358761,3,2024,2024,5,5,9,7,31,218,34609,0,1,1,-33.773673,150.783169,55,0,2,1,2,0,0,0,0,0,7,50,0,4026,4026,1,5,5,2,0,0,0,0
1358789,3,2024,2024,5,1,10,500,27,293,799,0,1,2,-33.933358,151.03964,15,0,2,1,2,0,0,0,0,0,7,60,2,1981,1981,4,0,5,2,0,0,0,0
1358790,3,2024,2024,6,6,5,485,27,109,34609,0,1,1,-33.900515,151.136648,32,0,2,1,0,0,0,0,2,0,7,50,0,9859,9859,1,9,5,2,0,0,0,0
1358797,3,2024,2024,5,4,1,4,10,43,34609,0,1,1,-33.72565,150.783969,7,0,2,1,2,0,0,0,0,0,7,50,0,9859,9859,1,5,5,3,0,0,0,0
1358798,3,2024,2024,5,3,9,2,31,237,34609,0,1,7,-33.870929,150.954839,24,0,2,1,2,0,0,0,0,0,0,40,0,4552,985,8,5,40,1,0,0,0,0
1358801,3,2024,2024,5,1,6,63,31,84,34609,0,1,10,-31.098995,150.921524,70,2,1,1,3,0,2,6,2,0,0,50,0,6545,6545,4,0,13,2,0,0,0,0
1358806,3,2024,2024,5,6,9,3,27,4,34609,0,1,9,-32.544127,151.210536,64,1,0,1,0,0,0,0,0,0,0,100,0,623,623,3,5,5,2,0,0,0,0
1358820,3,2023,2023,9,1,4,19,31,8,34609,0,1,1,-32.404424,151.754562,51,2,1,1,3,0,0,0,2,0,7,50,0,186,186,1,5,12,2,0,0,0,0
1358822,3,2023,2023,2,2,4,59,31,73,46,1,0,1,-34.169981,150.612166,79,2,2,1,1,0,0,0,2,0,7,50,2,4026,4026,8,5,40,1,0,0,0,0
1358826,3,2024,2024,0,1,3,1052,14,160,928,0,1,3,-33.143451,151.476094,37,0,2,0,3,0,0,0,1,0,7,110,2,4552,5151,1,10,5,2,0,0,0,0
1358842,3,2024,2024,0,6,3,2126,17,169,2149,0,1,2,-33.785986,150.843028,7,0,2,1,1,0,0,0,2,0,7,80,2,14295,14295,3,9,13,4,0,0,0,0
1358861,3,2024,2024,8,6,7,1,1,106,34609,0,1,9,-33.925665,151.088287,15,0,2,0,0,0,0,0,2,0,7,50,0,4552,985,8,5,40,1,0,0,0,0
1358878,3,2024,2024,6,2,1,165,31,174,34609,0,1,1,-33.892991,151.202093,69,0,2,1,2,0,3,4,0,0,7,40,0,9859,9859,1,0,5,2,0,0,0,0
1358880,3,2024,2024,8,0,0,10,27,10,10,0,1,9,-34.486085,148.589193,30,1,0,1,0,0,0,6,0,0,15,100,1,489,489,8,5,40,1,0,0,0,0
1358895,3,2024,2024,6,3,11,30,31,316,34609,0,1,1,-33.906793,151.252445,59,0,2,1,2,0,0,0,0,0,7,50,0,3775,3775,0,0,5,2,0,0,0,0
1358914,3,2024,2024,6,5,6,5,27,44,34609,0,1,1,-32.399055,152.209319,43,2,1,1,3,0,0,0,2,0,7,50,0,945,945,5,8,40,1,0,0,0,0
1358928,3,2024,2024,6,0,3,1,9,110,34609,0,1,9,-33.770531,151.021586,54,0,2,1,3,0,0,0,2,0,7,50,0,1282,1282,1,5,40,1,0,0,0,0
1358936,3,2024,2024,5,3,0,2,18,316,34609,0,1,9,-31.430541,152.906836,56,2,1,1,2,0,3,4,0,0,9,50,0,4026,4026,8,5,40,1,0,0,0,0
1358947,3,2024,2024,6,3,8,1,31,36,34609,0,1,1,-33.564653,148.659974,11,2,1,0,2,0,0,0,0,0,7,50,0,4552,5151,1,33,5,2,0,0,0,0
1358950,3,2024,2024,5,5,7,35,27,109,96,0,1,1,-33.897383,151.136111,32,0,2,1,1,0,0,0,2,0,7,50,2,9859,9859,8,10,40,2,0,0,0,0
1359012,3,2024,2024,5,6,8,45,27,47,44,0,1,2,-33.824866,151.150106,38,0,2,0,3,0,3,4,3,0,7,60,2,1957,4009,8,10,40,1,0,0,0,0
1359014,3,2024,2024,1,2,5,59,27,252,41,0,1,10,-33.950035,150.865753,41,0,2,1,3,0,0,0,2,2,7,60,1,5929,5929,1,0,0,2,0,0,0,0
1359017,3,2024,2024,1,0,5,120,27,11,148,0,1,1,-30.441766,152.316881,1,2,1,0,3,0,0,0,2,0,7,60,2,1850,1463,5,5,40,1,0,0,0,0
1359018,3,2024,2024,1,0,10,109,27,20,62,0,1,10,-32.76452,151.527697,42,2,1,1,3,0,0,0,0,2,7,50,2,83,83,1,0,5,2,0,0,0,0
1359021,3,2024,2024,1,3,6,31,27,28,34609,0,1,1,-34.016261,151.065846,68,0,2,1,3,0,0,0,2,0,9,50,0,14295,14295,3,5,5,2,0,0,0,0
1359022,3,2024,2024,1,2,5,19,27,201,46,0,1,1,-34.889365,150.61864,63,2,1,1,3,0,0,0,2,0,7,60,1,1109,787,1,5,0,2,0,0,0,0
1359030,3,2024,2024,1,5,7,104,27,63,140,0,1,9,-33.923602,151.211177,69,0,2,1,3,0,0,0,2,2,7,60,2,14295,14295,3,10,5,2,0,0,0,0
1359032,3,2024,2024,0,1,8,1,31,62,34609,0,1,7,-33.748616,150.616485,8,2,2,0,3,0,0,0,2,0,0,50,0,6545,6545,4,0,5,2,0,0,0,0
1359033,3,2024,2024,5,1,6,14,31,42,34609,0,1,10,-35.352643,149.242753,58,2,1,1,3,0,0,0,2,0,0,50,0,6545,6545,4,0,0,2,0,0,0,0
1359034,3,2024,2024,5,3,8,346,17,103,332,0,1,2,-28.815846,153.317966,39,2,1,0,3,0,0,3,2,0,7,60,2,1391,1391,1,5,25,2,0,0,0,0
1359037,3,2024,2024,1,3,6,57,31,18,34609,0,1,10,-32.948965,151.662761,37,0,2,1,3,0,0,0,2,0,15,50,0,5929,5929,1,5,0,2,0,0,0,0
1359039,3,2024,2024,1,3,6,64,27,175,284,0,1,9,-33.77136,151.079339,54,0,2,1,3,0,0,0,2,0,7,60,2,1391,1391,1,5,5,2,0,0,0,0
1359040,3,2024,2024,1,1,8,13,31,120,81,0,1,10,-32.182777,152.516544,43,2,1,1,3,0,3,4,2,2,7,50,2,1259,985,8,5,40,1,0,0,0,0
1359043,3,2024,2024,5,5,8,4,27,38,34609,0,1,1,-32.74097,151.864264,57,2,1,1,3,0,0,0,2,0,7,50,0,1282,1282,1,30,40,1,0,0,0,0
1359047,3,2024,2024,5,6,8,4,10,39,34609,0,1,1,-29.428964,153.327328,18,2,1,1,3,0,0,0,4,0,7,50,0,1282,1282,1,5,40,2,0,0,0,0
1359050,3,2024,2024,1,6,10,128,27,61,133,0,1,1,-33.78275,150.651024,55,0,2,1,3,0,0,0,0,0,7,80,2,14295,14295,3,5,12,3,0,0,0,0
1359051,3,2024,2024,1,0,8,13,10,74,12,0,1,2,-33.728203,151.032283,31,0,2,1,3,0,0,0,0,0,7,60,1,14295,14295,3,10,5,3,0,0,0,0
1359053,3,2024,2024,1,1,5,2,22,44,34609,0,1,0,-33.7516,150.643136,8,2,2,0,3,0,0,0,2,0,7,50,0,1850,1463,5,0,40,1,0,0,0,0
1359055,3,2024,2024,1,2,7,2261,17,23,2252,0,1,2,-34.803236,148.693067,82,1,0,0,3,0,0,0,2,0,7,110,2,2585,4009,8,5,40,1,0,0,0,0
1359056,3,2024,2024,1,0,9,1,27,3,34609,0,1,1,-36.136099,149.931834,23,1,0,0,3,2,0,0,0,0,7,100,0,2585,4009,8,9,40,1,0,0,0,0
1359058,3,2024,2024,5,2,5,84,10,7,80,0,1,9,-34.294336,150.94312,80,0,2,1,3,0,0,0,2,0,15,50,2,1669,1669,3,0,0,2,0,0,0,0
1359059,3,2024,2024,1,4,2,829,31,85,34609,0,1,10,-32.93461,151.721339,48,0,2,1,3,0,0,0,4,0,15,50,0,6545,6545,4,0,5,2,0,0,0,0
1359063,3,2024,2024,1,0,7,25,31,438,103,0,1,10,-33.863381,151.029998,21,0,2,1,3,0,0,0,2,0,15,50,1,6545,6545,4,5,5,2,0,0,0,0
1359065,3,2024,2024,5,5,11,18,36,40,34609,0,1,1,-34.22121,150.586882,79,2,2,1,2,0,0,0,0,0,7,60,0,9859,9859,1,10,13,2,0,0,0,0
1359067,3,2024,2024,1,4,10,7,10,96,49,0,1,7,-34.046033,150.831653,13,0,2,1,3,0,0,0,0,0,0,60,1,1391,1391,1,30,5,2,0,0,0,0
1359069,3,2024,2024,1,1,4,1,27,65,34609,0,1,1,-36.053825,146.967794,0,2,1,1,3,0,3,4,2,0,7,60,0,14295,14295,3,21,0,2,0,0,0,0
1359073,3,2024,2024,1,3,3,24,27,7,24,0,1,1,-34.859612,150.721973,63,2,1,0,3,0,0,0,1,0,7,80,1,418,714,5,5,40,1,0,0,0,0
1359075,3,2024,2024,1,0,4,171,27,60,369,0,1,9,-34.014458,150.724024,12,0,2,1,3,0,0,0,2,2,7,80,2,14295,14295,3,5,0,2,0,0,0,0
1359076,3,2024,2024,1,6,7,84,27,61,415,0,1,9,-33.761487,151.137722,36,0,2,1,3,0,0,0,2,2,7,70,2,14295,14295,3,0,0,2,0,0,0,0
1359081,3,2024,2024,1,1,3,916,17,91,917,0,1,2,-32.810063,151.634096,48,0,2,1,3,0,0,0,2,0,7,60,2,14295,14295,3,10,35,2,0,0,0,0
1359085,3,2024,2024,5,1,4,2,27,43,34609,0,1,1,-33.687644,151.300823,50,0,2,1,1,0,0,0,2,0,7,50,0,9859,9859,1,30,25,2,0,0,0,0
1359087,3,2024,2024,5,1,6,68,31,73,331,0,1,1,-34.188315,150.605388,79,2,2,1,1,0,0,0,2,0,7,60,1,5929,5929,1,5,13,2,0,0,0,0
1359088,3,2024,2024,1,0,0,2,10,433,34609,0,1,1,-33.25123,149.094484,52,2,1,1,3,0,0,0,0,0,7,50,0,9859,9859,1,34,5,2,0,0,0,0
1359089,3,2024,2024,1,5,4,15,27,69,34609,0,1,1,-32.899052,151.691685,48,0,2,1,3,0,0,0,2,0,7,50,0,9859,9859,8,5,40,1,0,0,0,0
1359092,3,2024,2024,1,1,4,916,17,70,917,0,1,7,-32.739311,151.551986,42,2,1,0,3,0,0,0,2,0,0,60,2,14295,14295,3,5,13,2,0,0,0,0
1359094,3,2024,2024,1,0,3,8,1,346,144,0,1,1,-33.869737,151.092652,14,0,2,0,3,0,0,0,2,0,7,60,2,1391,1391,1,0,5,2,0,0,0,0
1359095,3,2024,2024,1,1,8,62,31,609,34609,0,1,10,-33.780422,150.89436,7,0,2,1,3,0,0,0,2,0,0,50,0,623,623,3,5,5,2,0,0,0,0
1359096,3,2024,2024,1,2,8,8,27,168,34609,0,1,2,-33.717797,150.843258,7,0,2,1,3,0,0,0,2,0,7,50,0,14295,14295,3,0,0,2,0,0,0,0
1359099,3,2024,2024,1,6,8,4,31,135,34609,0,1,1,-32.906903,151.738027,48,0,2,1,3,0,0,0,3,0,7,50,0,9859,9859,8,5,40,1,0,0,0,0
1359101,3,2024,2024,1,2,8,46,36,3,46,0,1,1,-33.217124,149.091991,11,1,0,0,3,0,0,0,2,0,7,100,1,380,714,5,5,40,1,0,0,0,0
1359106,3,2024,2024,1,2,4,1052,14,173,928,0,1,3,-33.711307,151.115923,36,0,2,0,3,0,0,3,2,0,7,80,2,14295,14295,3,5,0,2,0,0,0,0
1359107,3,2024,2024,1,0,9,109,27,95,382,0,1,10,-33.733167,150.848725,7,0,2,0,3,0,0,0,0,2,7,70,2,5929,5929,1,5,5,2,0,0,0,0
1359109,3,2024,2024,1,6,3,177,31,77,208,0,1,10,-33.861977,150.938956,24,0,2,1,3,0,0,0,0,2,7,60,1,1282,1282,1,10,0,2,0,0,0,0
1359110,3,2024,2024,1,4,6,330,23,22,34609,0,1,10,-31.349384,150.648807,51,2,1,1,3,0,0,0,2,0,0,50,0,6545,6545,4,34,13,2,0,0,0,0
1359111,3,2024,2024,1,0,4,229,14,197,237,0,1,3,-33.799852,151.14191,61,0,2,1,3,0,0,0,2,0,7,80,2,1391,1391,1,29,5,2,0,0,0,0
1359112,3,2024,2024,5,4,9,157,17,36,158,0,1,1,-33.562202,149.220015,51,1,0,1,3,0,3,4,3,0,7,100,2,9859,9859,8,10,40,1,0,0,0,0
1359117,3,2024,2024,1,3,6,13,31,463,62,0,1,1,-30.295666,153.109877,19,2,1,1,3,0,0,0,2,0,7,50,1,1109,787,1,5,19,2,0,0,0,0
1359118,3,2024,2024,1,1,8,2,7,247,34609,0,1,1,-33.825499,150.955584,21,0,2,0,3,0,0,0,0,0,7,50,0,1957,4009,1,10,5,2,0,0,0,0
1359120,3,2024,2024,1,0,8,10,27,104,34,0,1,2,-33.839971,151.215887,49,0,2,1,3,0,0,0,3,0,7,50,1,4026,4026,8,0,40,1,0,0,0,0
1359121,3,2024,2024,1,5,6,9,27,119,126,0,1,1,-32.756762,151.748708,57,2,1,1,3,0,0,0,2,0,7,60,2,9859,9859,8,10,40,1,0,0,0,0
1359122,3,2024,2024,5,3,9,294,17,5,288,0,1,9,-35.122295,147.301596,75,1,0,0,3,0,0,0,0,0,7,100,2,14295,14295,3,5,0,2,0,0,0,0
1359123,3,2024,2024,1,3,10,77,12,7,331,0,1,1,-34.103038,150.697182,79,1,2,1,3,0,0,0,0,0,7,100,1,4026,4026,8,5,40,1,0,0,0,0
1359125,3,2024,2024,1,6,4,230,27,197,284,0,1,2,-33.789636,151.128288,61,0,2,1,3,0,0,0,2,0,7,70,2,1282,1282,1,0,5,3,0,0,0,0
1359127,3,2024,2024,1,1,6,36,10,91,34609,1,0,1,-32.804109,151.653065,48,0,2,1,3,0,0,0,2,0,7,50,0,941,941,1,19,12,2,0,0,0,0
1359128,3,2024,2024,1,4,7,1,10,40,34609,0,1,1,-33.728272,150.971434,71,0,2,1,3,0,0,0,2,0,7,50,0,9859,9859,1,5,5,3,0,0,0,0
1359131,3,2024,2024,1,4,2,36,36,9,139,0,1,1,-34.504831,146.222319,51,1,0,1,3,0,0,0,0,0,7,100,2,1089,1089,7,5,40,1,0,0,0,0
1359134,3,2024,2024,5,5,4,2209,17,204,2205,0,1,10,-33.94207,151.144454,4,0,2,1,3,0,0,0,2,0,0,60,2,5929,5929,1,30,5,2,0,0,0,0
1359135,3,2024,2024,5,0,9,97,27,166,799,0,1,2,-33.929945,150.991134,15,0,2,1,3,0,0,0,4,0,7,70,2,9859,9859,8,5,40,1,0,0,0,0
1359136,3,2024,2024,5,5,5,1,31,224,34609,1,0,1,-33.83191,151.240912,45,0,2,1,1,0,0,0,2,0,7,50,0,9859,9859,8,5,40,1,0,0,0,0
1359138,3,2024,2024,1,2,5,3371,17,92,3342,0,1,7,-33.408818,151.350375,16,2,2,0,3,0,0,0,2,0,0,60,2,1282,1282,1,0,0,2,0,0,0,0
1359140,3,2024,2024,1,0,5,2209,17,70,2205,0,1,9,-34.026873,151.084704,68,0,2,1,3,0,0,0,2,2,7,70,2,1391,1391,1,10,35,3,0,0,0,0
1359142,3,2024,2024,1,2,4,133,1,22,34609,1,0,9,-34.470584,150.871586,80,0,2,1,3,0,0,0,2,0,7,50,0,926,926,4,10,5,2,0,0,0,0
1359146,3,2024,2024,1,2,5,475,10,15,34609,0,1,9,-35.052023,150.675057,63,2,1,0,3,0,0,0,2,0,7,50,0,623,623,3,0,0,2,0,0,0,0
1359147,3,2024,2024,1,0,7,91,27,119,187,0,1,2,-33.874369,151.164914,32,0,2,0,3,0,0,0,2,0,7,70,2,14295,14295,3,9,5,2,0,0,0,0
1359148,3,2024,2024,5,4,4,224,27,246,321,1,0,10,-33.92146,151.196417,69,0,2,1,3,0,0,0,2,3,7,50,2,14295,14295,3,5,0,2,0,0,0,0
1359149,3,2024,2024,1,2,1,7,31,58,34609,0,1,9,-32.984154,151.679076,37,0,2,1,3,0,3,0,0,0,15,50,0,9859,9859,8,0,40,1,0,0,0,0
1359168,3,2024,2024,5,6,9,1,31,123,34609,0,1,10,-33.805126,151.055239,54,0,2,1,2,0,3,4,0,0,0,50,0,4026,4026,1,5,5,3,0,0,0,0
1359173,3,2024,2024,1,4,6,7,27,24,34609,1,0,1,-33.90905,150.891492,41,0,2,1,1,0,0,0,2,0,7,50,0,9859,9859,1,21,5,2,0,0,0,0
1359179,3,2024,2024,6,5,9,1104,14,247,962,0,1,3,-33.814643,150.957673,21,0,2,1,2,0,0,0,0,0,7,90,2,14295,14295,3,5,5,4,0,0,0,0
1359186,3,2024,2024,1,6,8,10,27,10,33,0,1,1,-32.472678,151.456672,64,1,0,0,0,0,0,0,2,0,7,100,1,3775,3775,0,30,13,2,0,0,0,0
1359203,3,2024,2024,5,0,4,103,36,4,157,0,1,1,-28.553119,152.976135,51,1,0,0,0,0,0,0,2,0,7,100,2,4552,5151,8,0,40,1,0,0,0,0
1359208,3,2024,2024,5,6,5,251,14,139,124,0,1,3,-33.839018,151.210235,49,0,2,1,1,0,0,0,2,0,7,60,2,1383,1383,1,8,5,2,0,0,0,0
1359217,3,2024,2024,5,6,6,2,27,323,25,0,1,9,-33.81115,150.847102,7,0,2,1,0,0,0,0,2,2,7,80,2,515,515,1,29,5,2,0,0,0,0
1359218,3,2024,2024,5,5,10,478,17,128,480,0,1,10,-33.427301,151.317671,16,2,2,1,2,0,0,0,0,2,7,70,2,14295,14295,3,19,5,2,0,0,0,0
1359220,3,2024,2024,5,6,7,194,1,26,34,0,1,1,-34.403902,150.50357,78,2,1,1,0,0,0,0,2,0,7,60,1,1109,787,1,5,13,2,0,0,0,0
1359221,3,2024,2024,1,2,5,8,31,56,34609,0,1,1,-33.858126,151.178981,32,0,2,1,1,0,0,0,2,0,7,40,0,9859,9859,1,33,5,2,0,0,0,0
1359241,3,2024,2024,5,0,9,133,31,316,34609,0,1,1,-31.445628,152.927482,56,2,1,1,2,0,0,0,0,0,7,50,0,9859,9859,1,33,5,3,0,0,0,0
1359255,3,2024,2024,5,6,6,56,27,130,80,0,1,9,-33.872452,151.193716,69,0,2,1,1,0,0,0,2,2,7,50,2,5929,5929,1,16,5,2,0,0,0,0
1359256,3,2024,2024,1,0,8,169,1,187,293,0,1,2,-33.880533,150.978032,24,0,2,1,1,0,0,0,3,0,7,60,2,14295,14295,3,21,13,2,0,0,0,0
1359266,3,2024,2024,8,6,0,18,31,166,34609,0,1,1,-33.409488,149.573904,3,2,1,1,2,0,0,0,0,0,7,50,0,4026,4026,1,5,13,3,0,0,0,0
1359269,3,2024,2024,5,6,0,3,32,562,34609,0,1,1,-32.23954,148.647138,22,2,1,0,2,0,0,0,0,0,7,50,0,4552,5151,8,5,40,1,0,0,0,0
1359271,3,2024,2024,1,4,4,5,18,104,605,0,1,9,-33.829729,151.217578,49,0,2,0,1,0,0,0,2,0,7,50,2,1259,985,1,33,0,2,0,0,0,0
1359276,3,2024,2024,5,3,0,2,27,4,34609,0,1,1,-32.065065,152.527724,43,2,1,1,2,0,3,4,0,0,7,50,0,9859,9859,8,30,40,1,0,0,0,0
1359277,3,2024,2024,1,4,6,42,31,106,34609,0,1,1,-33.915878,151.081764,15,0,2,1,0,0,0,0,2,0,7,50,0,1282,1282,1,33,5,2,0,0,0,0
1359286,3,2024,2024,1,2,5,103,27,113,256,0,1,9,-34.239908,150.835968,79,1,2,1,0,0,0,0,2,0,7,100,2,101,101,8,5,40,2,0,0,0,0
1359287,3,2024,2024,5,1,8,213,17,10,213,0,1,1,-29.566013,153.098311,18,1,0,1,0,0,0,0,3,0,7,100,2,9859,9859,8,5,40,1,0,0,0,0
1359291,3,2024,2024,1,2,2,22,27,90,93,0,1,2,-33.786099,150.963154,54,0,2,1,2,0,0,0,0,0,7,60,1,9859,9859,1,0,5,2,0,0,0,0
1359298,3,2024,2024,1,0,8,2,10,65,34609,0,1,1,-36.05853,146.961707,0,2,1,1,1,0,0,0,2,0,7,50,0,404,404,8,5,40,1,0,0,0,0
1359308,3,2024,2024,5,3,1,1,31,271,34609,0,1,1,-33.948356,151.020984,15,0,2,1,3,0,2,6,0,0,7,50,0,9859,9859,8,0,40,1,0,0,0,0
1359313,3,2024,2024,1,0,0,1,27,30,34609,0,1,1,-34.332423,146.056333,28,2,1,1,0,0,0,0,0,0,7,80,0,9859,9859,8,9,40,1,0,0,0,0
1359319,3,2024,2024,5,1,9,2209,17,204,2205,0,1,10,-33.939155,151.147727,4,0,2,1,2,0,0,6,3,2,7,60,2,5929,5929,1,5,5,2,0,0,0,0
1359323,3,2024,2024,5,4,7,308,14,127,311,0,1,3,-33.859587,150.848901,24,0,2,1,1,0,0,0,2,0,7,80,2,1945,1945,5,8,40,1,0,0,0,0
1359331,3,2024,2024,1,3,3,15,27,25,34609,0,1,7,-32.897029,151.692262,48,0,2,0,2,0,0,0,1,0,0,50,0,1192,1192,1,5,5,3,0,0,0,0
1359345,3,2024,2024,1,0,0,1,27,22,49,0,1,9,-31.366173,150.644214,51,2,1,0,0,0,0,0,0,0,11,80,1,4552,5151,8,5,40,1,0,0,0,0
1359346,3,2024,2024,1,2,5,50,27,125,51,0,1,7,-33.854102,151.077494,67,0,2,0,0,0,0,0,2,3,0,60,1,6545,6545,4,33,0,2,0,0,0,0
1359359,3,2024,2024,5,3,1,25,31,169,147,0,1,1,-28.640133,153.605238,10,2,1,1,2,0,3,0,0,0,7,50,1,1282,1282,1,9,13,2,0,0,0,0
1359377,3,2024,2024,5,1,11,42,1,87,34609,0,1,1,-34.495275,150.437886,78,2,1,0,2,0,0,0,0,0,7,50,0,4552,5151,8,34,40,1,0,0,0,0
1359378,3,2024,2024,5,0,10,28,27,38,28,0,1,1,-32.759513,151.866124,57,2,1,1,2,0,0,0,0,2,7,40,1,14295,14295,3,0,5,2,0,0,0,0
1359380,3,2024,2024,1,3,0,346,17,106,332,0,1,1,-28.860571,153.060434,60,2,1,1,2,0,0,0,0,0,7,50,2,945,945,5,8,40,1,0,0,0,0
1359382,3,2024,2024,1,5,4,11,27,5,34609,0,1,1,-28.354259,153.305202,72,1,0,1,3,0,0,0,2,0,7,100,0,3775,3775,0,10,13,2,0,0,0,0
1359387,3,2023,2023,10,0,6,53,36,13,34,0,1,1,-33.288569,148.72722,11,1,0,1,0,0,0,0,2,0,7,100,2,9859,9859,8,30,40,1,0,0,0,0
1359393,3,2024,2024,6,0,10,123,36,6,90,0,1,1,-31.736341,151.868682,43,2,1,0,3,0,0,0,0,0,7,80,1,1957,4009,8,10,40,1,0,0,0,0