Crash ID,Degree of crash - detailed,Reporting year,Year of crash,Month of crash,Day of week of crash,Two-hour intervals,Street of crash,Street type,Town,Route no.,School zone location,School zone active,Type of location,Latitude,Longitude,LGA,Urbanisation,Conurbation 1,Alignment,Street lighting,Road surface,Surface condition,Weather,Natural lighting,Signals operation,Other traffic control,Speed limit,Road classification,RUM - code,DCA - code,First impact type,Key TU type,Other TU type,No. of traffic units involved,No. killed,No. seriously injured,No. moderately injured,No. minor-other injured
1359397,3,2024,2024,5,3,8,3,27,3,34609,0,1,1,-33.698715,147.292974,51,1,0,1,3,0,3,0,0,0,7,100,0,1089,1089,7,5,40,1,0,0,0,0
1359400,3,2024,2024,5,3,9,23,27,13,38,0,1,1,-33.312925,148.720538,11,1,0,1,3,0,3,4,3,0,7,100,2,1089,1089,7,0,40,1,0,0,0,0
1359401,3,2024,2024,5,5,8,294,17,44,288,0,1,1,-35.210894,147.763991,75,1,0,0,3,0,0,0,2,0,7,100,2,2585,4009,8,10,40,1,0,0,0,0
1359402,3,2024,2024,1,4,4,3,31,433,34609,0,1,10,-33.280951,149.110888,52,2,1,1,3,0,0,0,2,0,0,50,0,6545,6545,4,5,5,2,0,0,0,0
1359404,3,2024,2024,5,1,8,8,15,13,34609,0,1,10,-33.872258,151.228546,69,0,2,0,3,0,0,0,3,0,15,50,0,4552,5151,1,5,5,3,0,0,0,0
1359405,3,2024,2024,1,6,7,118,17,10,118,0,1,1,-30.089697,147.29861,51,1,0,1,3,0,0,0,2,0,7,110,2,1945,1945,5,10,40,1,0,0,0,0
1359414,3,2024,2024,5,3,5,55,10,112,47,0,1,1,-33.438428,151.414192,16,2,2,0,3,0,0,0,2,0,7,70,2,14295,14295,3,10,0,2,0,0,0,0
1359418,3,2024,2024,6,4,2,220,14,78,220,0,1,3,-34.480253,150.824467,80,0,2,1,3,0,0,0,0,0,7,100,2,14295,14295,3,10,5,3,0,0,0,0
1359420,3,2024,2024,1,4,10,27,31,562,34609,0,1,9,-32.246749,148.600078,22,2,1,1,3,0,0,0,0,0,0,50,0,4026,4026,8,5,40,1,0,0,0,0
1359426,3,2024,2024,1,6,2,24,31,433,34609,0,1,9,-33.272634,149.100932,52,2,1,1,3,0,3,4,0,0,7,50,0,9859,9859,8,5,40,1,0,0,0,0
1359428,3,2024,2024,1,6,3,26,1,137,34609,0,1,7,-33.920047,151.201027,69,0,2,1,3,0,0,3,2,0,0,40,0,1282,1282,1,5,5,2,0,0,0,0
1359431,3,2024,2024,1,0,2,234,27,112,217,0,1,1,-33.659377,151.023043,71,0,2,1,3,0,3,4,0,0,7,70,2,9859,9859,8,29,40,1,0,0,0,0
1359434,3,2024,2024,1,5,10,2261,17,143,2252,1,0,10,-33.887657,151.101645,9,0,2,1,3,0,0,0,0,2,7,60,2,63,63,4,5,5,2,0,0,0,0
1359435,3,2024,2024,1,1,2,78,17,34,75,0,1,2,-33.858921,151.206498,69,0,2,1,3,0,3,4,1,0,7,70,2,14295,14295,3,10,0,3,0,0,0,0
1359439,3,2024,2024,1,0,8,1,27,76,34609,0,1,10,-33.924373,150.855568,41,0,2,1,3,0,0,0,2,0,0,50,0,9859,9859,8,5,40,1,0,0,0,0
1359440,3,2024,2024,1,2,9,2,25,17,34609,0,1,1,-33.773441,151.22315,50,0,2,1,3,0,0,0,0,0,7,50,0,9859,9859,1,5,5,3,0,0,0,0
1359443,3,2024,2024,5,5,6,27,27,5,39,0,1,1,-31.349873,151.138688,70,1,0,0,3,0,0,3,2,0,7,100,1,782,957,5,5,40,1,0,0,0,0
1359444,3,2024,2024,1,4,8,2,27,4,82,0,1,1,-35.508544,147.263822,27,1,0,1,3,0,0,0,3,0,7,100,1,323,323,1,0,37,2,0,0,0,0
1359450,3,2024,2024,1,5,3,7,31,215,34609,0,1,10,-35.114491,147.357142,75,2,1,1,3,0,0,0,1,0,0,50,0,1669,1669,3,5,0,2,0,0,0,0
1359453,3,2024,2024,1,2,7,59,31,67,34609,0,1,9,-34.423831,150.867875,80,0,2,1,3,0,0,0,2,0,15,50,0,2852,2852,4,5,5,2,0,0,0,0
1359456,3,2024,2024,1,5,9,78,31,127,6,0,1,9,-33.89317,151.150387,32,0,2,0,3,0,0,0,0,0,0,50,1,2852,2852,4,5,5,2,0,0,0,0
1359458,3,2024,2024,1,5,6,33,31,33,34609,0,1,10,-36.437383,148.600932,65,2,1,1,3,0,0,0,2,0,0,50,0,6545,6545,4,10,0,2,0,0,0,0
1359459,3,2024,2024,1,2,11,1,7,66,34609,0,1,9,-33.721074,150.922232,7,0,2,0,3,0,0,0,0,0,7,50,0,1957,4009,8,5,40,1,0,0,0,0
1359462,3,2024,2024,1,2,4,16,31,215,34609,0,1,10,-35.113415,147.365278,75,2,1,1,0,0,0,0,2,0,0,50,0,6545,6545,4,30,0,2,0,0,0,0
1359463,3,2024,2024,1,6,8,71,27,66,34609,0,1,1,-34.493955,150.892442,80,0,2,1,3,0,0,0,2,0,7,50,0,1109,787,1,5,0,2,0,0,0,0
1359465,3,2024,2024,1,5,4,125,27,8,144,0,1,1,-32.849459,151.822578,57,1,0,1,3,0,3,3,2,0,7,100,2,14295,14295,3,0,5,2,0,0,0,0
1359467,3,2024,2024,1,0,9,6,1,151,34609,0,1,7,-34.042965,150.84602,13,0,2,1,3,0,0,0,0,0,0,60,0,6545,6545,4,10,13,2,0,0,0,0
1359469,3,2024,2024,1,0,9,15,27,112,70,0,1,1,-33.690193,151.016944,71,0,2,1,3,0,3,4,3,0,7,50,1,5929,5929,1,5,0,2,0,0,0,0
1359475,3,2024,2024,1,1,3,19,27,40,605,0,1,10,-33.796314,151.252684,50,0,2,1,3,0,3,3,2,2,7,60,2,14295,14295,3,10,5,3,0,0,0,0
1359479,3,2024,2024,5,1,9,15,1,173,34609,0,1,1,-33.714089,151.115098,36,0,2,1,3,0,0,0,0,0,7,50,0,1282,1282,1,30,0,3,0,0,0,0
1359480,3,2024,2024,1,3,4,5,27,90,34609,0,1,1,-33.79001,150.95078,21,0,2,1,3,0,0,0,2,0,7,50,0,1192,1192,1,0,12,5,0,0,0,0
1359481,3,2024,2024,1,2,9,3371,17,85,3342,0,1,9,-33.732738,151.126388,36,0,2,1,3,0,0,0,0,0,0,60,2,6545,6545,4,5,0,2,0,0,0,0
1359482,3,2024,2024,5,2,4,38,27,115,165,1,0,1,-33.955279,151.060691,25,0,2,1,3,0,0,0,2,0,7,50,1,1109,787,1,5,0,2,0,0,0,0
1359485,3,2024,2024,1,3,6,134,10,69,133,0,1,10,-33.819304,151.021981,54,0,2,1,3,0,0,0,2,2,7,70,2,5929,5929,1,5,0,2,0,0,0,0
1359488,3,2024,2024,1,6,7,11,27,73,88,0,1,9,-33.695637,150.713107,55,0,2,1,3,0,3,4,2,0,0,80,2,5929,5929,1,5,13,2,0,0,0,0
1359490,3,2024,2024,5,4,4,916,17,91,917,0,1,2,-32.795523,151.635303,48,0,2,1,3,0,0,0,2,0,7,60,2,14295,14295,3,21,5,4,0,0,0,0
1359492,3,2024,2024,1,1,9,4,27,15,34609,0,1,1,-34.611572,150.248932,78,1,0,0,3,0,3,4,3,0,7,90,0,1957,4009,8,10,40,1,0,0,0,0
1359495,3,2024,2024,1,6,6,13,31,87,34609,0,1,7,-28.809461,153.285334,39,2,1,1,3,0,0,0,2,0,0,50,0,2852,2852,4,9,19,2,0,0,0,0
1359497,3,2024,2024,1,1,9,194,31,309,702,0,1,9,-33.819373,151.099798,61,0,2,1,3,0,0,3,3,2,7,70,2,14295,14295,3,0,36,2,0,0,0,0
1359498,3,2024,2024,1,3,7,125,27,57,123,0,1,7,-33.351391,151.433496,16,2,2,0,3,0,3,4,2,0,0,60,2,1383,1383,1,5,0,3,0,0,0,0
1359499,3,2024,2024,1,1,5,45,27,60,44,0,1,10,-33.833956,151.145236,51,0,2,0,3,0,3,4,2,0,0,50,2,6545,6545,4,0,5,2,0,0,0,0
1359500,3,2024,2024,1,0,5,3,27,5,34609,0,1,1,-30.305568,153.099326,19,2,1,1,3,0,0,0,2,0,7,50,0,9859,9859,1,8,5,2,0,0,0,0
1359501,3,2024,2024,1,0,7,43,27,273,87,0,1,9,-34.437913,150.896835,80,0,2,0,3,0,0,0,2,2,7,80,2,1391,1391,1,10,0,2,0,0,0,0
1359503,3,2024,2024,1,5,4,2,27,29,34609,1,0,1,-33.913526,150.891002,41,0,2,1,3,0,3,4,2,0,7,50,0,9859,9859,1,5,5,2,0,0,0,0
1359505,3,2024,2024,1,4,6,57,36,17,769,0,1,1,-33.607148,150.785527,29,2,2,1,3,0,0,0,2,0,7,80,2,14295,14295,3,0,5,2,0,0,0,0
1359506,3,2024,2024,1,4,4,2209,17,79,2205,0,1,10,-33.973551,151.129591,25,0,2,1,3,0,0,0,2,2,7,70,2,1192,1192,1,8,0,2,0,0,0,0
1359507,3,2024,2024,1,0,9,191,27,309,208,0,1,2,-33.806788,151.104748,61,0,2,0,3,0,0,0,3,0,9,60,2,1391,1391,1,0,5,2,0,0,0,0
1359508,3,2024,2024,5,0,7,54,27,38,563,0,1,9,-34.046271,150.987797,68,0,2,1,3,0,0,0,2,0,15,80,2,926,926,4,0,5,2,0,0,0,0
1359509,3,2024,2024,1,5,7,1,27,226,34609,1,0,10,-33.7745,150.810843,7,0,2,1,3,0,0,0,2,0,15,50,0,941,941,1,5,0,2,0,0,0,0
1359510,3,2024,2024,1,1,3,78,17,15,58,0,1,9,-35.123237,149.045451,82,1,0,1,3,0,0,1,2,0,0,100,2,623,623,3,10,10,2,0,0,0,0
1359511,3,2024,2024,1,6,9,26,27,26,25,0,1,1,-31.966564,152.575397,43,2,1,1,3,0,0,0,4,0,7,70,1,475,475,5,5,40,1,0,0,0,0
1359513,3,2024,2024,1,4,4,39,31,246,99,0,1,9,-33.903405,151.194975,69,0,2,1,3,0,0,0,2,0,7,50,2,217,217,1,5,5,2,0,0,0,0
1359514,3,2024,2024,5,6,3,7,31,74,12,0,1,10,-34.617378,148.009441,20,1,0,1,3,0,0,0,2,0,0,100,1,6545,6545,4,0,5,2,0,0,0,0
1359519,3,2024,2024,1,1,4,5,10,62,34609,0,1,2,-33.722763,150.855632,7,0,2,0,3,0,3,4,2,0,7,50,0,1957,4009,1,0,13,2,0,0,0,0
1359525,3,2024,2024,1,0,4,133,31,646,97,0,1,10,-33.916785,151.018493,15,0,2,1,3,0,0,0,2,2,7,60,1,301,301,4,10,5,3,0,0,0,0
1359526,3,2024,2024,1,2,5,387,36,86,69,0,1,9,-33.724693,151.219111,50,0,2,1,3,0,0,0,2,0,7,70,2,150,150,4,0,5,2,0,0,0,0
1359527,3,2024,2024,5,2,5,114,27,24,228,0,1,1,-33.541435,150.919781,71,0,2,1,3,0,0,0,2,0,7,80,2,9859,9859,8,5,40,1,0,0,0,0
1359528,3,2024,2024,5,0,6,50,36,2,43,0,1,9,-36.500375,148.316447,65,2,1,0,1,0,0,0,2,0,0,60,2,14295,14295,3,0,0,2,0,0,0,0
1359529,3,2024,2024,1,1,10,22,31,165,78,0,1,9,-33.848939,151.149459,14,0,2,1,3,0,3,4,0,0,15,50,2,9859,9859,8,10,40,1,0,0,0,0
1359530,3,2024,2024,1,6,7,35,27,4,34609,0,1,1,-28.891605,153.428611,2,2,1,1,3,0,3,4,2,0,7,80,0,4026,4026,8,5,40,1,0,0,0,0
1359533,3,2024,2024,1,2,10,205,27,45,415,0,1,10,-33.700717,151.212541,50,0,2,1,3,0,0,0,0,2,7,80,2,5929,5929,1,5,13,2,0,0,0,0
1359537,3,2024,2024,1,1,7,10,31,463,34609,0,1,1,-30.285697,153.106461,19,2,1,0,3,0,3,4,2,0,7,50,0,1957,4009,1,5,6,2,0,0,0,0
1359540,3,2024,2024,1,0,4,1,10,91,34609,0,1,1,-32.806654,151.634338,48,0,2,1,3,0,0,0,2,0,7,60,0,1282,1282,1,29,5,2,0,0,0,0
1359542,3,2024,2024,1,0,1,157,17,4,158,0,1,1,-33.499897,149.377098,3,2,1,0,3,0,0,0,0,0,7,80,2,1957,4009,8,3,40,1,0,0,0,0
1359543,3,2024,2024,5,0,9,79,31,562,483,0,1,7,-32.243693,148.606989,22,2,1,1,3,0,0,0,0,0,0,60,2,1957,777,8,10,40,1,0,0,0,0
1359545,3,2024,2024,1,1,8,3371,17,54,3342,0,1,1,-33.241526,151.497113,16,2,2,1,3,0,3,4,2,0,7,70,2,14295,14295,3,0,13,2,0,0,0,0
1359546,3,2024,2024,1,1,6,280,10,237,240,0,1,1,-33.868149,150.958783,24,0,2,0,3,0,0,0,2,0,7,60,2,1109,787,1,8,0,2,0,0,0,0
1359547,3,2024,2024,1,3,8,71,27,8,69,0,1,1,-36.255582,149.032033,65,1,0,1,3,0,0,0,3,0,7,100,2,3775,3775,0,5,5,2,0,0,0,0
1359548,3,2024,2024,1,2,8,83,27,4,34609,0,1,1,-28.669545,153.581449,10,2,1,0,3,0,3,0,4,0,7,80,0,1259,5151,8,0,40,1,0,0,0,0
1359549,3,2024,2024,1,2,11,296,27,187,293,0,1,10,-33.881886,150.977495,24,0,2,1,3,0,0,0,0,2,7,60,2,5929,5929,1,30,5,2,0,0,0,0
1359554,3,2024,2024,1,2,5,2,27,57,34609,0,1,1,-33.624391,151.025513,31,0,2,0,3,0,0,0,2,0,7,60,0,273,957,5,10,40,1,0,0,0,0
1359555,3,2024,2024,6,5,5,3371,17,27,3342,0,1,2,-30.199175,153.148079,19,1,0,1,3,0,0,0,2,0,7,110,2,9859,9859,8,5,40,1,0,0,0,0
1359558,3,2024,2024,1,2,7,2126,17,323,2149,0,1,2,-33.789268,150.855769,7,0,2,1,3,0,0,0,2,0,7,80,2,14295,14295,3,5,5,2,0,0,0,0
1359568,3,2024,2024,0,3,1,23,31,28,34609,0,1,1,-32.951038,151.624916,37,0,2,1,2,0,0,0,0,0,7,50,0,4026,4026,1,30,5,4,0,0,0,0
1359584,3,2024,2024,8,3,7,220,14,67,220,0,1,3,-34.423619,150.869248,80,0,2,1,1,0,3,4,2,0,7,90,2,14295,14295,3,5,0,2,0,0,0,0
1359588,3,2024,2024,8,6,7,1,31,150,34609,0,1,1,-33.921281,151.226175,59,0,2,1,1,0,0,0,2,0,7,50,0,1282,1282,1,33,5,2,0,0,0,0
1359589,3,2024,2024,8,1,7,1104,14,247,793,0,1,10,-33.815724,150.963716,21,0,2,1,1,0,0,0,2,2,7,70,2,623,623,3,33,5,2,0,0,0,0
1359592,3,2024,2024,8,2,0,103,27,94,563,0,1,2,-33.826284,151.050952,54,0,2,1,2,0,0,0,0,0,7,80,2,4026,4026,8,0,40,1,0,0,0,0
1359598,3,2024,2024,8,5,8,8,27,252,21,0,1,2,-33.929706,150.873198,41,0,2,1,1,0,0,0,2,2,9,60,2,83,83,1,0,5,2,0,0,0,0
1359607,3,2024,2024,8,4,8,15,31,39,34609,0,1,1,-31.065812,152.834543,34,2,1,1,1,0,0,0,2,0,7,60,0,9859,9859,1,0,10,2,0,0,0,0
1359626,3,2024,2024,6,6,0,5,27,51,34609,0,1,1,-34.468957,150.806715,80,0,2,0,2,0,0,0,0,0,7,50,0,782,957,5,29,40,1,0,0,0,0
1359639,3,2024,2024,6,6,7,117,1,210,121,0,1,10,-34.040102,151.101008,68,0,2,1,1,0,0,0,2,2,7,60,1,1192,1192,1,21,5,2,0,0,0,0
1359642,3,2024,2024,8,5,0,512,17,433,441,0,1,7,-33.258082,149.08474,52,2,1,1,3,0,2,6,0,0,0,70,1,4026,4026,8,5,40,1,0,0,0,0
1359651,3,2024,2024,7,1,3,512,17,562,441,0,1,1,-32.274968,148.676371,22,1,0,1,0,0,0,0,1,0,7,110,2,14295,14295,3,8,0,2,0,0,0,0
1359654,3,2024,2024,6,3,0,12,1,646,97,0,1,10,-33.917649,151.02952,15,0,2,1,2,0,3,4,0,2,7,60,1,4026,4026,8,0,40,1,0,0,0,0
1359677,3,2024,2024,5,3,0,40,27,17,34609,0,1,1,-33.625638,150.781257,29,2,2,0,0,0,0,1,0,0,7,70,0,3775,3775,0,5,0,2,0,0,0,0
1359698,3,2024,2024,5,5,1,19,31,111,34609,0,1,1,-33.925434,151.250899,59,0,2,1,2,0,0,0,0,0,7,50,0,1282,1282,1,33,5,3,0,0,0,0
1359702,3,2024,2024,5,6,11,15,31,176,34609,0,1,1,-33.948927,151.13368,4,0,2,1,2,0,0,0,0,0,7,50,0,9859,9859,1,5,5,4,0,0,0,0
1359708,3,2024,2024,5,0,4,829,27,304,140,0,1,10,-33.909799,151.162148,32,0,2,1,1,0,0,0,2,2,7,60,1,14295,14295,3,0,5,3,0,0,0,0
1359735,3,2024,2024,1,4,7,1104,11,149,770,0,1,2,-33.868407,151.182569,32,0,2,1,0,0,0,0,2,0,7,60,2,14295,14295,3,5,0,3,0,0,0,0
1359752,3,2024,2024,1,2,5,28,27,64,2252,1,0,10,-33.891941,151.083384,67,0,2,1,1,0,0,0,2,1,7,60,2,14295,14295,3,5,5,3,0,0,0,0
1359759,3,2024,2024,1,2,1,1,27,9,34609,0,1,1,-33.47935,150.890079,71,0,2,0,0,2,0,0,0,0,7,60,0,4552,5151,8,5,40,1,0,0,0,0
1359771,3,2024,2024,6,2,10,7,7,174,34609,0,1,1,-33.869726,150.928307,24,0,2,1,2,0,3,4,0,0,7,50,0,9859,9859,1,0,5,2,0,0,0,0
1359790,3,2024,2024,5,6,8,3,27,8,34609,0,1,1,-33.434797,149.258958,11,1,0,0,0,0,0,0,3,0,7,100,0,14295,14295,3,10,13,2,0,0,0,0
1359802,3,2024,2024,5,6,1,196,10,34,168,0,1,1,-33.97795,150.998491,15,0,2,0,2,0,3,4,0,0,7,60,2,1957,4009,1,21,13,2,0,0,0,0
1359818,3,2024,2024,5,1,7,10,31,49,34609,0,1,10,-32.989845,151.680423,37,0,2,0,1,0,0,0,2,0,0,60,0,6545,6545,4,5,22,2,0,0,0,0
1359823,3,2024,2024,1,0,9,78,27,147,78,0,1,10,-33.870551,151.129169,14,0,2,1,2,0,0,0,0,2,7,60,2,5929,5929,1,5,5,2,0,0,0,0
1359824,3,2024,2024,5,0,1,40,10,6,174,0,1,1,-32.716803,151.326638,17,1,0,1,1,0,0,0,0,0,7,90,2,1089,1089,7,10,40,1,0,0,0,0
1359836,3,2024,2024,1,0,11,4,31,35,34609,0,1,1,-33.27496,151.55595,16,2,2,1,2,0,3,0,0,0,7,50,0,9859,9859,1,10,5,2,0,0,0,0
1359853,3,2024,2024,1,3,1,2261,17,284,2252,0,1,9,-33.907275,151.023962,15,0,2,1,2,0,0,0,0,2,7,60,2,14295,14295,3,5,10,2,0,0,0,0
1359862,3,2024,2024,5,4,8,500,27,293,799,0,1,9,-33.933818,151.038819,15,0,2,1,2,0,0,0,3,2,7,60,2,5929,5929,1,30,5,2,0,0,0,0
1359896,3,2024,2024,1,0,7,55,1,167,34609,0,1,10,-33.849819,151.07391,54,0,2,1,1,0,0,0,2,2,7,60,0,4552,985,8,5,40,1,0,0,0,0
1359897,3,2024,2024,8,4,10,2209,17,176,2205,1,0,9,-33.968872,151.13612,25,0,2,0,2,0,3,3,0,2,6,60,2,14295,14295,3,0,0,2,0,0,0,0
1359903,3,2024,2024,1,0,7,4,1,112,34609,0,1,1,-36.055011,146.93173,0,2,1,1,0,0,0,0,2,0,7,50,0,4026,4026,8,5,40,1,0,0,0,0
1359920,3,2024,2024,1,0,10,1052,14,56,928,0,1,3,-32.989557,151.51774,37,0,2,1,0,0,0,0,0,0,7,110,2,14295,14295,3,33,5,2,0,0,0,0
1359924,3,2024,2024,1,2,10,56,27,202,34609,0,1,10,-33.955893,151.035179,15,0,2,1,0,0,0,0,3,0,0,50,0,6545,6545,4,5,40,2,0,0,0,0
1359948,3,2024,2024,1,0,6,866,17,61,793,0,1,2,-33.895014,150.921962,24,0,2,1,0,0,0,0,2,0,7,70,2,14295,14295,3,5,35,2,0,0,0,0
1359951,3,2024,2024,1,0,10,1104,14,460,962,0,1,3,-33.820062,150.983234,21,0,2,1,2,0,0,0,0,0,7,90,2,14295,14295,3,5,5,2,0,0,0,0
1359953,3,2024,2024,5,2,0,2209,17,59,2205,1,0,9,-34.327987,150.913453,80,0,2,1,2,0,0,0,0,2,7,60,2,9859,9859,8,10,40,1,0,0,0,0
1359957,3,2024,2024,1,1,9,14,27,163,74,0,1,9,-33.855118,151.103155,14,0,2,1,0,0,0,0,2,0,7,40,1,1981,1981,4,5,5,2,0,0,0,0
1359958,3,2024,2024,5,5,7,5,31,115,34609,0,1,1,-33.877937,151.183503,69,0,2,1,2,0,0,0,2,0,7,40,0,9859,9859,1,33,5,2,0,0,0,0
1359980,3,2024,2024,6,6,9,13,27,21,34609,0,1,1,-33.874855,151.235657,81,0,2,1,2,0,3,0,3,0,7,50,0,9859,9859,1,33,5,2,0,0,0,0
1359985,3,2024,2024,1,0,5,48,27,70,166,0,1,1,-33.260907,151.517605,16,2,2,1,0,0,0,0,2,0,7,50,2,9859,9859,8,0,40,1,0,0,0,0
1359992,3,2024,2024,1,0,9,2126,17,16,2149,0,1,2,-33.733275,150.472583,8,2,2,0,2,0,0,0,0,0,7,80,2,101,101,8,0,40,3,0,0,0,0
1360003,3,2024,2024,1,2,2,3,1,247,34609,0,1,1,-33.822433,150.960334,21,0,2,1,2,0,0,0,0,0,7,50,0,9859,9859,1,33,5,2,0,0,0,0
1360009,3,2024,2024,1,3,2,3,31,44,34609,0,1,1,-30.715465,152.923408,47,2,1,1,0,0,0,0,0,0,7,50,0,9859,9859,1,5,5,2,0,0,0,0
1360021,3,2024,2024,6,4,7,7,10,57,47,0,1,2,-34.662808,150.847007,35,2,1,0,3,0,0,0,2,0,7,60,1,1850,1463,5,10,40,1,0,0,0,0
1360022,3,2024,2024,1,6,7,33,10,69,34609,0,1,1,-28.563434,153.489649,10,2,1,0,3,0,3,3,2,0,7,80,0,4552,5151,8,10,40,1,0,0,0,0
1360025,3,2024,2024,8,5,8,2,1,126,34609,0,1,9,-33.912207,150.81497,41,0,2,1,2,0,3,3,2,2,15,60,0,3775,3775,0,10,0,4,0,0,0,0
1360028,3,2024,2024,1,6,8,32,31,131,34609,0,1,9,-36.077773,146.908963,0,2,1,1,3,0,0,0,2,0,0,60,0,2852,2852,4,5,0,2,0,0,0,0
1360031,3,2024,2024,1,6,7,296,27,290,293,0,1,2,-33.854453,150.995463,21,0,2,1,3,0,3,4,2,0,7,70,2,9859,9859,8,10,40,1,0,0,0,0
1360033,3,2024,2024,1,6,9,123,36,7,90,0,1,1,-31.831574,151.890136,43,2,1,0,3,0,3,4,3,0,7,80,1,4552,5151,8,5,40,1,0,0,0,0
1360034,3,2024,2024,1,6,5,265,17,103,193,0,1,1,-34.378889,148.259787,30,1,0,0,3,0,3,4,2,0,7,100,2,273,957,5,10,40,1,0,0,0,0
1360036,3,2024,2024,1,5,3,220,14,130,220,0,1,3,-34.450383,150.859619,80,0,2,1,3,0,3,0,1,0,7,100,2,14295,14295,3,10,13,3,0,0,0,0
1360046,3,2024,2024,1,5,4,1,27,4,34609,0,1,1,-29.417951,153.199946,18,1,0,0,3,0,3,4,2,0,7,100,0,782,957,5,0,40,1,0,0,0,0
1360047,3,2024,2024,1,1,4,133,17,55,121,0,1,1,-36.24698,149.144592,65,1,0,0,3,0,3,1,2,0,7,100,2,941,941,1,0,13,2,0,0,0,0
1360049,3,2024,2024,1,5,9,1,27,5,8,0,1,1,-29.763523,144.443744,51,1,0,1,3,0,0,0,0,0,7,100,1,1089,1089,7,10,40,1,0,0,0,0
1360051,3,2024,2024,1,5,4,2126,17,60,2149,0,1,10,-33.76819,150.757915,55,0,2,1,3,0,0,3,2,2,7,80,2,150,150,4,0,13,2,0,0,0,0
1360054,3,2024,2024,1,0,8,2,27,433,19,0,1,9,-33.266603,149.080592,52,2,1,1,3,0,0,3,3,0,7,50,2,1669,1669,3,5,13,2,0,0,0,0
1360059,3,2024,2024,1,6,8,1104,14,460,962,0,1,3,-33.826812,150.993745,54,0,2,1,3,0,3,3,3,0,7,90,2,14295,14295,3,0,5,3,0,0,0,0
1360060,3,2024,2024,1,1,4,15,31,145,34609,0,1,1,-33.92188,151.061755,15,0,2,1,3,0,0,0,2,0,7,50,0,1109,787,1,30,0,2,0,0,0,0
1360061,3,2024,2024,1,2,2,90,31,112,165,0,1,2,-33.906991,151.213493,69,0,2,1,3,0,0,0,0,0,7,80,2,1391,1391,1,5,5,2,0,0,0,0
1360071,3,2024,2024,5,6,7,24,36,4,56,0,1,9,-34.724529,147.57025,51,1,0,1,3,0,0,0,2,0,7,100,2,475,475,5,29,40,1,0,0,0,0
1360074,3,2024,2024,1,6,9,12,27,31,34609,0,1,1,-33.429276,151.367856,16,2,2,1,3,0,0,0,0,0,7,50,0,945,945,5,0,40,1,0,0,0,0
1360076,3,2024,2024,1,2,1,6,1,115,34609,0,1,1,-34.045152,151.069997,68,0,2,0,3,0,0,0,0,0,7,50,0,2585,4009,1,0,5,2,0,0,0,0
1360077,3,2024,2024,1,2,7,7,31,15,34609,0,1,10,-32.913983,151.737455,48,0,2,1,3,0,0,0,2,0,0,50,0,6545,6545,4,5,5,2,0,0,0,0
1360080,3,2024,2024,1,5,10,3371,17,11,3342,0,1,2,-28.453741,153.500968,72,1,0,0,3,0,3,4,0,0,7,110,2,4552,5151,8,9,40,1,0,0,0,0
1360081,3,2024,2024,1,2,4,1,27,44,34609,0,1,1,-32.620035,147.004673,51,1,0,1,3,2,3,3,2,0,7,100,0,4026,4026,8,10,40,1,0,0,0,0
1360083,3,2024,2024,1,1,7,45,3,33,331,0,1,2,-34.061166,150.72709,12,0,2,1,3,0,0,0,2,0,0,80,2,1383,1383,1,5,22,2,0,0,0,0
1360084,3,2024,2024,1,4,11,162,27,143,34609,0,1,1,-33.698507,151.1102,31,0,2,1,3,0,0,0,0,0,7,50,0,1282,1282,1,0,12,2,0,0,0,0
1360086,3,2024,2024,1,4,5,19,27,138,30,0,1,9,-33.873595,151.260004,81,0,2,1,3,0,0,0,2,0,7,50,1,14295,14295,3,5,5,2,0,0,0,0
1360091,3,2024,2024,1,1,2,500,27,646,799,0,1,10,-33.933781,151.027025,15,0,2,1,3,0,3,4,0,2,7,60,2,515,515,1,29,5,2,0,0,0,0
1360092,3,2024,2024,1,5,3,220,14,51,220,0,1,3,-34.474309,150.831096,80,0,2,1,3,0,0,0,2,0,7,100,2,14295,14295,3,10,5,2,0,0,0,0
1360093,3,2024,2024,1,1,2,8,31,137,34609,0,1,7,-34.032763,151.063138,68,0,2,1,3,0,3,0,0,0,7,50,0,4552,985,1,10,0,4,0,0,0,0
1360094,3,2024,2024,1,2,6,294,17,5,288,0,1,1,-35.119772,147.298487,75,1,0,0,3,0,3,4,2,0,7,100,2,1957,4009,8,10,40,1,0,0,0,0
1360096,3,2024,2024,1,5,5,3371,17,29,3342,0,1,2,-29.023808,153.432465,60,1,0,0,3,0,0,3,2,0,7,110,2,4552,5151,8,10,40,1,0,0,0,0
1360100,3,2024,2024,1,0,5,49,27,111,62,0,1,10,-33.701499,150.873283,7,0,2,1,3,0,0,0,2,2,7,70,2,83,83,1,5,40,2,0,0,0,0
1360102,3,2024,2024,1,5,9,344,27,42,163,0,1,9,-33.735603,150.851743,7,0,2,1,3,0,0,0,0,2,7,70,2,5929,5929,1,0,0,2,0,0,0,0
1360107,3,2024,2024,1,2,1,2209,17,133,2205,0,1,9,-34.522246,150.787122,80,0,2,1,3,0,0,0,0,0,15,80,1,489,489,8,0,40,1,0,0,0,0
1360108,3,2024,2024,1,1,5,103,27,149,167,0,1,9,-33.992726,151.131855,4,0,2,1,3,0,3,3,2,2,7,70,2,5929,5929,1,5,5,2,0,0,0,0
1360109,3,2024,2024,1,6,8,4,1,100,34609,0,1,1,-33.956888,151.156176,4,0,2,1,3,0,3,4,3,0,7,50,0,1981,1981,4,5,5,2,0,0,0,0