Crash ID,Degree of crash - detailed,Reporting year,Year of crash,Month of crash,Day of week of crash,Two-hour intervals,Street of crash,Street type,Town,Route no.,School zone location,School zone active,Type of location,Latitude,Longitude,LGA,Urbanisation,Conurbation 1,Alignment,Street lighting,Road surface,Surface condition,Weather,Natural lighting,Signals operation,Other traffic control,Speed limit,Road classification,RUM - code,DCA - code,First impact type,Key TU type,Other TU type,No. of traffic units involved,No. killed,No. seriously injured,No. moderately injured,No. minor-other injured
1360112,3,2024,2024,1,1,5,234,27,112,217,0,1,9,-33.693714,151.019697,31,0,2,0,3,0,0,0,2,2,7,60,2,775,775,4,30,36,2,0,0,0,0
1360114,3,2024,2024,1,5,8,330,27,197,25,0,1,7,-33.802353,151.137487,61,0,2,1,3,0,0,0,2,0,0,60,1,217,217,1,21,0,2,0,0,0,0
1360116,3,2024,2024,1,2,4,14,31,445,34609,0,1,7,-33.854707,151.043393,21,0,2,1,3,0,0,0,2,0,0,60,0,217,217,1,5,13,2,0,0,0,0
1360118,3,2024,2024,1,5,3,8,27,9,34609,1,0,1,-33.014624,151.664755,37,0,2,1,3,0,0,0,2,0,7,60,0,1109,787,1,0,25,2,0,0,0,0
1360119,3,2024,2024,1,4,5,2261,17,70,2252,0,1,9,-34.683229,150.051378,26,1,0,1,3,0,0,3,2,0,0,110,2,1282,1282,1,8,0,2,0,0,0,0
1360122,3,2024,2024,1,2,5,3,10,65,34609,0,1,1,-33.377524,151.369849,16,2,2,1,3,0,0,0,2,0,7,50,0,9859,9859,1,5,5,2,0,0,0,0
1360124,3,2024,2024,1,6,8,89,27,3,228,0,1,1,-32.887917,151.26952,17,2,1,1,3,0,0,0,3,0,7,80,1,9859,9859,8,5,40,1,0,0,0,0
1360125,3,2024,2024,1,1,5,34,31,111,34609,0,1,10,-33.926402,151.253132,59,0,2,1,3,0,3,3,2,0,15,50,0,6545,6545,4,0,0,2,0,0,0,0
1360128,3,2024,2024,1,6,4,866,17,149,793,0,1,9,-33.815783,150.963909,21,0,2,1,3,0,0,0,2,2,7,70,2,5929,5929,1,5,5,2,0,0,0,0
1360130,3,2024,2024,1,2,5,4,31,131,34609,0,1,1,-36.079101,146.905875,0,2,1,1,3,0,3,3,2,0,7,50,0,175,188,1,30,0,3,0,0,0,0
1360133,3,2024,2024,1,1,7,348,31,532,34609,0,1,10,-33.870738,151.209467,69,0,2,1,3,0,0,0,2,2,7,40,0,1383,1383,1,30,5,2,0,0,0,0
1360134,3,2024,2024,1,4,9,1,27,2,34609,0,1,1,-32.371796,149.953266,44,1,0,0,3,0,0,0,3,0,7,100,0,1957,4009,8,10,40,1,0,0,0,0
1360136,3,2024,2024,1,5,8,127,27,182,169,1,0,9,-32.828435,151.366267,17,2,1,1,3,0,0,0,2,0,7,60,2,14295,14295,3,5,5,2,0,0,0,0
1360137,3,2024,2024,1,6,6,2,27,1,34609,0,1,1,-29.479331,152.865128,18,1,0,0,3,0,3,4,2,0,7,100,0,1957,4009,8,5,40,1,0,0,0,0
1360139,3,2024,2024,5,3,4,13,31,207,34609,0,1,10,-31.946492,141.482401,51,2,1,1,3,0,0,0,2,0,0,50,0,6545,6545,4,0,5,2,0,0,0,0
1360144,3,2024,2024,1,1,1,2,23,59,34609,0,1,1,-34.332596,150.899101,80,0,2,1,3,0,0,0,0,0,7,50,0,237,397,1,0,25,2,0,0,0,0
1360145,3,2024,2024,5,6,9,125,27,290,103,0,1,1,-33.862306,151.001032,21,0,2,1,3,0,3,4,0,0,7,60,1,941,941,1,33,5,2,0,0,0,0
1360146,3,2024,2024,1,5,10,55,31,562,34609,0,1,7,-32.251355,148.602887,22,2,1,1,3,0,0,0,0,0,0,50,0,6545,6545,4,5,13,2,0,0,0,0
1360150,3,2024,2024,1,2,4,7,31,108,34609,0,1,10,-28.866537,153.561023,2,2,1,1,3,0,0,0,2,0,0,50,0,6545,6545,4,0,36,2,0,0,0,0
1360152,3,2024,2024,1,0,7,7,27,148,34609,0,1,7,-36.032386,146.936648,0,2,1,1,3,0,0,3,2,0,0,60,0,6545,6545,4,0,5,2,0,0,0,0
1360154,3,2024,2024,1,4,3,56,27,443,44,0,1,10,-33.902835,151.057923,15,0,2,1,3,0,3,4,2,2,7,60,1,395,395,1,10,0,2,0,0,0,0
1360155,3,2024,2024,1,0,0,3371,17,20,3342,0,1,2,-29.549393,153.160957,18,1,0,0,3,0,0,1,0,0,7,110,2,1957,4009,8,0,40,1,0,0,0,0
1360156,3,2024,2024,1,6,3,192,10,84,114,0,1,7,-33.46911,151.395544,16,2,2,0,3,0,0,1,2,0,0,60,2,1282,1282,1,9,5,2,0,0,0,0
1360160,3,2024,2024,1,5,8,4,31,284,34609,0,1,9,-33.91141,151.006567,15,0,2,1,3,0,0,0,3,0,7,50,0,214,214,9,0,28,2,0,0,0,0
1360163,3,2024,2024,1,2,11,22,27,23,34609,0,1,1,-33.65942,150.684261,55,0,2,1,3,0,0,1,0,0,7,60,0,3775,3775,0,0,13,2,0,0,0,0
1360164,3,2024,2024,1,6,6,44,27,23,126,0,1,1,-32.768085,151.839891,57,2,1,1,3,0,0,0,2,0,7,80,2,14295,14295,3,8,13,2,0,0,0,0
1360166,3,2024,2024,1,4,8,55,31,562,34609,0,1,7,-32.251398,148.603205,22,2,1,1,3,0,0,0,2,0,0,50,0,301,301,4,10,19,2,0,0,0,0
1360170,3,2024,2024,1,6,10,118,17,30,118,0,1,1,-30.059365,146.197233,51,1,0,0,3,0,3,1,0,0,7,110,2,1089,1089,7,10,40,1,0,0,0,0
1360174,3,2024,2024,1,5,7,6,31,31,34609,0,1,1,-31.076835,150.851772,70,2,1,0,3,0,0,0,2,0,7,50,0,1957,4009,1,5,5,4,0,0,0,0
1360175,3,2024,2024,1,0,4,54,27,20,563,0,1,10,-34.036886,151.001245,68,0,2,1,3,0,0,0,2,2,7,80,2,96,96,0,9,0,2,0,0,0,0
1360176,3,2024,2024,1,2,6,34,27,225,69,0,1,9,-33.795892,151.177404,77,0,2,1,3,0,0,0,2,0,6,50,2,5929,5929,1,5,0,2,0,0,0,0
1360177,3,2024,2024,1,0,10,11,27,7,34609,0,1,1,-35.809906,150.17682,23,1,0,1,3,0,0,0,0,0,7,100,0,1089,1089,7,5,40,1,0,0,0,0
1360178,3,2024,2024,1,1,9,19,1,47,44,0,1,9,-33.812408,151.159197,38,0,2,1,3,0,3,3,3,0,15,60,2,14295,14295,3,0,5,2,0,0,0,0
1360180,3,2024,2024,1,1,4,18,27,58,34609,0,1,10,-34.045634,151.11469,68,0,2,1,3,0,0,3,2,0,7,50,0,5929,5929,1,0,0,2,0,0,0,0
1360184,3,2024,2024,1,4,5,3371,17,108,3342,0,1,7,-33.303441,151.420848,16,2,2,1,3,0,3,3,2,0,0,60,2,4026,4026,8,10,40,1,0,0,0,0
1360190,3,2024,2024,1,0,5,112,17,6,112,0,1,1,-31.550561,145.213792,51,1,0,1,3,0,0,0,2,0,7,110,2,475,475,5,10,40,1,0,0,0,0
1360191,3,2024,2024,1,4,5,21,27,148,60,0,1,1,-36.050561,146.935581,0,2,1,1,3,0,0,0,2,0,0,60,1,623,623,3,5,13,2,0,0,0,0
1360193,3,2024,2024,1,1,10,20,31,363,9,1,0,10,-33.811696,151.013962,54,0,2,1,3,0,0,0,0,2,7,60,1,6545,6545,4,5,0,2,0,0,0,0
1360195,3,2024,2024,5,0,3,1,22,167,34609,0,1,2,-33.842212,151.059217,54,0,2,1,3,0,0,0,2,0,7,60,0,1282,1282,1,0,0,2,0,0,0,0
1360199,3,2024,2024,1,0,4,175,27,66,220,0,1,9,-33.721437,150.93233,7,0,2,0,3,0,0,0,2,2,9,70,2,5929,5929,1,10,10,2,0,0,0,0
1360204,3,2024,2024,0,2,6,26,1,137,34609,0,1,1,-33.917244,151.201978,69,0,2,1,0,0,0,0,2,0,7,40,0,1109,397,1,5,5,2,0,0,0,0
1360208,3,2024,2024,0,5,9,1,1,15,34609,0,1,1,-34.566108,150.832155,62,0,2,1,2,0,0,0,0,0,7,50,0,9859,9859,1,21,5,3,0,0,0,0
1360224,3,2024,2024,8,5,9,90,31,123,165,0,1,9,-33.884598,151.218288,69,0,2,1,2,0,3,4,0,0,7,50,2,14295,14295,3,0,0,2,0,0,0,0
1360227,3,2024,2024,6,2,5,5,31,121,34609,0,1,1,-28.193676,153.537363,72,2,1,1,0,0,0,0,2,0,7,50,0,4026,4026,1,5,25,3,0,0,0,0
1360229,3,2024,2024,8,0,2,2126,17,169,2149,0,1,2,-33.78266,150.829064,7,0,2,1,2,0,0,0,1,0,7,80,2,1981,1981,4,3,12,2,0,0,0,0
1360236,3,2024,2024,6,6,2,177,22,87,176,0,1,2,-34.050969,151.151794,68,0,2,1,2,0,0,0,1,0,7,60,2,9859,9859,1,30,0,3,0,0,0,0
1360246,3,2024,2024,8,6,2,916,17,172,917,1,0,2,-32.751379,151.585648,42,2,1,1,2,0,3,1,0,0,7,60,2,9859,9859,1,5,5,3,0,0,0,0
1360266,3,2024,2024,6,3,0,7,2,609,34609,0,1,1,-33.762158,150.901651,7,0,2,0,2,0,0,0,0,0,7,50,0,941,941,1,5,5,2,0,0,0,0
1360286,3,2024,2024,5,1,9,334,17,316,308,0,1,10,-31.434823,152.90016,56,2,1,1,2,0,0,0,0,2,7,60,1,9859,9859,8,5,40,1,0,0,0,0
1360291,3,2024,2024,5,5,10,41,31,445,34609,0,1,7,-33.866357,151.045274,21,0,2,1,2,0,0,0,0,0,0,50,0,926,926,4,5,13,2,0,0,0,0
1360352,3,2024,2024,5,6,7,59,27,252,41,0,1,2,-33.935857,150.868633,41,0,2,1,0,0,0,0,2,0,7,60,1,1383,1383,1,8,5,2,0,0,0,0
1360366,3,2024,2024,1,0,10,8,1,11,34609,0,1,10,-34.382608,150.893924,80,0,2,0,2,0,0,0,0,0,7,50,0,4552,985,8,5,40,1,0,0,0,0
1360414,3,2024,2024,6,4,5,3371,17,28,3342,0,1,2,-32.640963,151.930068,57,2,1,1,0,0,0,0,2,0,7,60,2,14295,14295,3,10,10,2,0,0,0,0
1360429,3,2024,2024,1,3,0,28,31,646,34609,0,1,1,-33.917491,151.021436,15,0,2,1,2,0,0,0,0,0,7,60,0,9859,9859,1,0,0,4,0,0,0,0
1360445,3,2024,2024,1,0,11,22,27,104,144,0,1,9,-33.792305,150.80757,55,0,2,0,1,0,0,0,0,2,7,60,2,395,395,1,5,35,2,0,0,0,0
1360448,3,2024,2024,5,3,2,22,31,25,34609,0,1,1,-32.836493,151.36679,17,2,1,1,2,0,0,1,0,0,7,50,0,9859,9859,8,0,40,2,0,0,0,0
1360454,3,2024,2024,1,1,3,74,27,22,59,0,1,9,-34.465605,150.871613,80,0,2,1,1,0,0,0,1,2,7,80,2,14295,14295,3,5,13,2,0,0,0,0
1360462,3,2024,2024,1,2,7,1052,14,108,928,0,1,3,-33.309352,151.400654,16,1,2,1,1,0,0,0,2,0,7,110,2,1192,1192,1,5,5,2,0,0,0,0
1360472,3,2024,2024,1,3,7,47,18,15,34609,0,1,1,-28.306032,153.571608,72,2,1,1,1,0,0,0,2,0,7,50,0,9859,9859,1,10,0,2,0,0,0,0
1360474,3,2024,2024,1,6,9,22,27,43,228,0,1,1,-33.604884,150.856646,29,2,2,1,0,0,3,4,0,0,7,80,2,9859,9859,8,10,40,1,0,0,0,0
1360475,3,2024,2024,1,4,8,220,27,154,222,0,1,10,-33.711947,150.93363,71,0,2,1,2,0,0,0,2,2,7,80,2,14295,14295,3,9,5,2,0,0,0,0
1360482,3,2024,2024,1,2,9,2,1,133,34609,1,0,1,-33.926156,151.013764,15,0,2,1,2,0,0,0,0,0,7,50,0,1282,1282,1,33,5,2,0,0,0,0
1360495,3,2024,2024,1,1,7,3,27,68,34609,0,1,10,-33.879071,151.246008,81,0,2,1,2,0,0,0,2,0,0,50,0,1282,1282,1,33,0,2,0,0,0,0
1360510,3,2024,2024,1,3,7,3371,17,16,3342,0,1,2,-31.290742,152.819242,56,1,0,0,0,0,0,0,2,0,7,110,2,1850,1463,5,10,40,1,0,0,0,0
1360526,3,2024,2024,6,5,1,118,31,176,34609,0,1,1,-33.967813,151.134647,25,0,2,1,2,0,0,0,0,0,7,50,0,1282,1282,1,10,0,2,0,0,0,0
1360537,3,2024,2024,1,6,9,17,31,33,34609,0,1,1,-34.746729,150.827278,35,2,1,1,2,0,3,0,0,0,7,40,0,175,188,8,30,40,1,0,0,0,0
1360556,3,2024,2024,1,6,9,104,27,443,702,0,1,9,-33.905148,151.064155,15,0,2,1,2,0,0,0,0,3,7,70,2,1192,1192,1,5,5,2,0,0,0,0
1360559,3,2024,2024,5,1,7,21,7,62,14,0,1,1,-33.889838,151.13284,32,0,2,1,0,0,0,0,2,0,7,50,1,9859,9859,1,5,5,4,0,0,0,0
1360589,3,2024,2024,1,3,0,3,31,48,34609,1,0,9,-28.260717,153.579636,72,2,1,0,2,0,0,0,0,0,0,50,0,4552,5151,8,16,40,1,0,0,0,0
1360596,3,2024,2024,1,1,11,293,31,77,172,0,1,9,-33.035973,151.659396,37,0,2,1,2,0,0,0,0,2,7,40,2,9859,9859,8,9,40,1,0,0,0,0
1360603,3,2024,2024,1,1,3,7,31,202,34609,0,1,1,-33.937163,151.031901,15,0,2,1,2,0,0,0,2,0,7,50,0,9859,9859,1,29,5,2,0,0,0,0
1360608,3,2024,2024,5,5,6,5,25,30,34609,0,1,1,-35.355874,149.207561,58,2,1,1,1,0,0,0,2,0,7,50,0,3775,3775,0,0,13,2,0,0,0,0
1360614,3,2024,2024,5,2,7,2,27,8,34609,0,1,1,-30.402945,149.895197,51,1,0,0,0,0,3,3,2,0,7,100,0,1850,1463,5,8,40,1,0,0,0,0
1360615,3,2024,2024,1,3,1,5,18,21,34609,0,1,9,-28.598847,153.545538,10,2,1,0,0,0,0,0,0,0,7,60,0,489,489,8,5,40,1,0,0,0,0
1360625,3,2024,2024,7,6,2,829,27,81,34609,1,0,9,-33.873011,151.251284,81,0,2,0,1,0,0,0,0,0,7,50,0,1957,4009,1,0,5,3,0,0,0,0
1360632,3,2024,2024,0,6,8,71,17,43,71,0,1,9,-36.008086,144.819273,51,1,0,1,3,0,0,0,3,0,0,100,2,1669,1669,3,10,13,2,0,0,0,0
1360636,3,2024,2024,8,1,5,20,27,17,100,0,1,1,-33.665227,150.655263,8,2,2,0,3,0,0,0,2,0,7,60,2,3775,3775,0,34,0,4,0,0,0,0
1360640,3,2024,2024,1,4,9,515,14,197,518,0,1,3,-33.942231,151.079963,15,0,2,1,3,0,0,0,0,0,7,90,2,84,84,8,5,40,1,0,0,0,0
1360642,3,2024,2024,1,5,4,387,27,290,331,0,1,9,-33.950739,151.125772,4,0,2,1,3,0,0,0,2,0,7,60,2,941,941,1,5,5,2,0,0,0,0
1360650,3,2024,2024,1,3,9,31,27,21,33,0,1,1,-33.567854,150.650889,29,2,2,0,3,0,0,0,3,0,7,60,1,1957,4009,8,0,40,1,0,0,0,0
1360653,3,2024,2024,1,0,7,4,27,194,148,0,1,1,-30.524329,151.633114,1,2,1,1,3,0,0,0,2,0,7,80,2,14295,14295,3,0,5,2,0,0,0,0
1360655,3,2024,2024,1,5,8,2209,17,82,2205,0,1,2,-34.368717,150.902636,80,0,2,1,3,0,0,0,3,0,7,80,2,14295,14295,3,0,5,3,0,0,0,0
1360656,3,2024,2024,5,2,5,90,31,252,165,0,1,0,-33.885683,151.218045,69,0,2,1,3,0,0,0,2,0,7,60,2,14295,14295,3,0,12,2,0,0,0,0
1360657,3,2024,2024,1,4,4,46,31,71,34609,0,1,1,-33.767024,150.702706,55,0,2,1,3,0,0,0,2,0,7,50,0,1981,1981,4,5,0,2,0,0,0,0
1360659,3,2024,2024,1,6,8,103,27,113,256,0,1,1,-34.244824,150.844663,79,1,2,1,3,0,3,4,2,0,7,90,2,9859,9859,8,0,40,1,0,0,0,0
1360662,3,2024,2024,1,2,8,2,31,16,34609,0,1,10,-29.108849,153.429651,60,2,1,1,3,0,0,0,3,0,0,50,0,6545,6545,4,0,25,2,0,0,0,0
1360663,3,2024,2024,1,2,4,85,31,65,34609,0,1,9,-34.484893,150.880822,80,0,2,0,3,0,0,0,2,0,0,50,0,775,775,4,10,5,2,0,0,0,0
1360667,3,2024,2024,1,0,3,12,27,8,15,0,1,1,-32.559051,151.317307,64,2,1,0,3,0,0,0,1,0,7,80,1,4552,5151,8,10,40,1,0,0,0,0
1360669,3,2024,2024,1,0,3,115,27,96,173,0,1,2,-34.23643,150.684449,79,2,2,1,3,0,0,0,2,0,7,80,2,1192,1192,1,8,13,2,0,0,0,0
1360672,3,2024,2024,1,3,6,8,27,210,34609,0,1,9,-34.037764,151.106826,68,0,2,1,3,0,0,3,2,0,7,50,0,256,256,4,10,5,2,0,0,0,0
1360674,3,2024,2024,1,1,5,7,1,387,34609,0,1,1,-33.922988,151.193973,4,0,2,1,3,0,0,0,2,0,7,50,0,4026,4026,8,5,40,1,0,0,0,0
1360676,3,2024,2024,1,2,11,1052,14,173,928,0,1,3,-33.71883,151.109852,36,0,2,1,3,0,0,0,0,0,7,80,2,9859,9859,8,5,40,1,0,0,0,0
1360680,3,2024,2024,1,1,7,82,27,346,59,0,1,1,-33.869936,151.080803,67,0,2,1,3,0,0,0,2,0,7,50,1,5929,5929,1,10,0,2,0,0,0,0
1360682,3,2024,2024,1,3,9,3,31,18,34609,1,0,7,-33.731018,151.292513,50,0,2,1,3,0,0,0,0,0,0,50,0,6545,6545,4,10,0,2,0,0,0,0
1360685,3,2024,2024,1,2,7,175,27,609,220,0,1,9,-33.767325,150.912505,7,0,2,1,3,0,0,0,2,0,7,60,2,14295,14295,3,5,5,2,0,0,0,0
1360686,3,2024,2024,1,1,10,126,27,370,168,0,1,2,-34.064066,150.788137,13,0,2,1,3,0,0,0,0,0,7,80,2,9859,9859,8,5,40,1,0,0,0,0
1360687,3,2024,2024,1,0,7,24,31,169,382,0,1,10,-33.600674,150.750954,29,2,2,1,3,0,0,0,2,2,7,60,2,6545,6545,4,10,13,2,0,0,0,0
1360688,3,2024,2024,1,0,6,5,31,65,19,0,1,9,-33.803543,150.958232,21,0,2,1,3,0,0,0,2,0,15,50,1,3775,3775,0,5,5,2,0,0,0,0
1360690,3,2024,2024,1,5,3,71,27,44,122,0,1,9,-34.557793,150.859493,62,0,2,0,3,0,0,0,2,2,7,70,2,5929,5929,1,30,5,2,0,0,0,0
1360691,3,2024,2024,1,4,5,2,22,237,34609,0,1,1,-33.878874,150.945303,24,0,2,1,3,0,0,0,2,0,7,50,0,1282,1282,1,5,5,2,0,0,0,0
1360696,3,2024,2024,1,4,9,3371,17,90,3342,0,1,2,-28.260058,153.528144,72,1,0,1,3,0,3,4,0,0,7,110,2,404,404,8,5,40,1,0,0,0,0
1360700,3,2024,2024,1,4,7,36,27,3,83,0,1,9,-29.430555,153.309754,18,2,1,0,3,0,0,0,2,0,7,70,1,1669,1669,3,8,5,2,0,0,0,0
1360701,3,2024,2024,1,0,5,17,1,646,11,0,1,9,-33.924161,151.032723,15,0,2,1,3,0,0,0,2,2,7,60,1,2852,2852,4,5,5,2,0,0,0,0
1360703,3,2024,2024,5,1,4,1,27,4,34609,0,1,1,-31.632116,152.302512,43,1,0,1,3,2,0,0,2,0,7,100,0,84,84,8,0,40,1,0,0,0,0
1360705,3,2024,2024,1,2,6,4,31,40,34609,0,1,1,-34.223403,150.59419,79,2,2,1,3,0,0,0,2,0,7,50,0,1109,787,1,10,5,2,0,0,0,0
1360707,3,2024,2024,1,1,8,515,14,60,518,0,1,3,-33.94369,150.947505,41,0,2,1,3,0,0,0,2,0,7,100,2,14295,14295,3,10,5,2,0,0,0,0
1360710,3,2024,2024,1,3,7,1,23,112,34609,0,1,1,-33.912544,150.929578,41,0,2,1,3,0,0,0,2,0,7,50,0,9859,9859,1,0,13,2,0,0,0,0
1360716,3,2024,2024,1,5,10,46,1,443,34609,0,1,7,-33.909502,151.047221,15,0,2,1,3,0,0,0,0,0,0,50,0,1192,1192,1,5,0,2,0,0,0,0
1360718,3,2024,2024,1,5,9,34,27,28,25,0,1,10,-35.37892,149.236366,58,2,1,0,3,0,0,0,0,2,7,60,1,623,623,3,5,5,2,0,0,0,0
1360719,3,2024,2024,1,3,9,195,27,15,186,0,1,2,-33.905764,150.854938,41,0,2,1,3,0,0,0,0,0,7,70,2,14295,14295,3,5,0,2,0,0,0,0
1360725,3,2024,2024,1,1,3,2126,17,247,2149,0,1,10,-33.813192,150.958651,21,0,2,1,3,0,0,0,1,2,7,80,2,14295,14295,3,9,0,3,0,0,0,0
1360726,3,2024,2024,1,0,8,1,36,67,34609,0,1,1,-33.640613,150.890288,71,0,2,1,3,0,0,0,2,0,7,50,0,9859,9859,1,16,5,2,0,0,0,0
1360729,3,2024,2024,1,0,2,25,27,32,34609,0,1,9,-33.860888,150.969363,21,0,2,1,3,0,0,0,0,0,7,50,0,2852,2852,4,0,5,2,0,0,0,0
1360733,3,2024,2024,5,5,8,4,27,6,34609,0,1,1,-33.755862,149.645869,51,1,0,1,3,2,3,4,2,0,7,100,0,475,475,5,10,40,1,0,0,0,0
1360743,3,2024,2024,1,5,4,56,31,159,34609,0,1,9,-33.813968,151.081512,61,0,2,1,3,0,0,0,2,0,0,50,0,5929,5929,1,5,12,2,0,0,0,0
1360747,3,2024,2024,1,5,9,10,23,67,34609,0,1,7,-33.69873,150.912622,7,0,2,1,3,0,0,0,0,0,0,50,0,775,775,4,5,13,2,0,0,0,0
1360748,3,2024,2024,1,2,4,10,31,126,34609,0,1,10,-33.938764,150.793993,41,0,2,1,3,0,0,0,2,0,0,50,0,6545,6545,4,5,12,2,0,0,0,0
1360752,3,2024,2024,5,0,11,5,31,45,34609,0,1,9,-33.344678,151.4964,16,2,2,1,3,0,0,0,0,2,9,50,0,775,775,4,10,5,2,0,0,0,0
1360753,3,2024,2024,1,5,6,3,27,32,34609,0,1,1,-32.952701,151.709913,37,0,2,1,3,0,0,0,2,0,7,50,0,1981,1981,4,5,5,2,0,0,0,0
1360757,3,2024,2024,1,2,7,1,1,22,34609,0,1,1,-35.148884,150.590252,63,2,1,1,3,0,0,0,2,0,7,50,0,9859,9859,1,10,0,3,0,0,0,0
1360758,3,2024,2024,1,2,7,500,27,646,799,0,1,1,-33.934042,151.030194,15,0,2,1,3,0,0,0,2,0,7,60,2,1282,1282,1,0,5,2,0,0,0,0
1360760,3,2024,2024,1,0,9,115,27,99,114,0,1,5,-33.885109,151.267869,76,0,2,0,3,0,0,0,3,2,7,50,2,5929,5929,1,0,25,2,0,0,0,0
1360761,3,2024,2024,1,2,7,293,27,201,44,0,1,1,-33.99496,150.874921,13,0,2,1,3,0,0,0,2,0,0,60,1,1282,1282,1,0,25,2,0,0,0,0
1360764,3,2024,2024,1,6,7,62,31,91,34609,0,1,10,-32.972891,151.644747,37,0,2,1,3,0,0,0,2,0,0,40,0,6545,6545,4,5,13,2,0,0,0,0
1360765,3,2024,2024,1,6,5,168,10,387,260,0,1,2,-33.94571,151.182842,4,0,2,0,3,0,0,0,2,0,7,70,2,14295,14295,3,29,5,3,0,0,0,0
1360767,3,2024,2024,1,0,9,55,27,35,40,0,1,9,-33.875255,150.901978,24,0,2,1,3,0,0,0,0,0,0,60,1,941,941,1,5,0,2,0,0,0,0
1360770,3,2024,2024,1,4,8,35,27,42,91,0,1,7,-35.34822,149.245302,58,2,1,1,3,0,0,0,2,0,0,60,2,1282,1282,1,10,5,2,0,0,0,0
1360771,3,2024,2024,1,4,3,230,27,173,284,0,1,2,-33.783152,151.115675,61,0,2,1,3,0,0,0,2,0,7,70,2,1391,1391,1,0,5,2,0,0,0,0
1360778,3,2024,2024,1,2,8,59,27,252,41,0,1,10,-33.950035,150.865753,41,0,2,1,3,0,0,0,3,1,7,60,1,1282,1282,1,5,5,2,0,0,0,0
1360779,3,2024,2024,1,0,9,4,4,363,34609,0,1,10,-33.746346,150.70077,55,0,2,1,3,0,0,0,3,0,15,50,0,6545,6545,4,5,5,2,0,0,0,0
1360780,3,2024,2024,1,3,7,3,27,24,34609,0,1,1,-34.559709,148.133509,20,1,0,0,3,0,3,3,2,0,7,100,0,2585,4009,8,0,40,1,0,0,0,0
1360782,3,2024,2024,1,3,7,6,27,74,34609,0,1,1,-34.598516,147.965321,20,1,0,1,3,0,3,4,2,0,7,100,0,4026,4026,8,10,40,1,0,0,0,0
1360784,3,2024,2024,1,4,7,1,27,18,34609,0,1,9,-34.067415,151.137741,68,0,2,1,3,0,0,0,2,0,7,50,0,323,323,1,5,0,2,0,0,0,0
1360786,3,2024,2024,1,5,3,220,27,46,222,0,1,9,-33.786505,150.972983,54,0,2,1,3,0,0,0,2,2,15,80,2,1391,1391,1,9,0,2,0,0,0,0
1360793,3,2024,2024,0,1,9,6,10,40,34609,0,1,9,-34.013902,150.78204,12,0,2,1,2,0,0,0,3,0,0,50,0,2585,777,1,0,5,2,0,0,0,0
1360803,3,2024,2024,8,2,8,3,31,149,34609,0,1,1,-33.988604,151.136248,4,0,2,1,0,0,3,4,3,0,7,50,0,1109,787,1,5,0,4,0,0,0,0
1360813,3,2024,2024,0,1,9,83,31,44,34609,0,1,7,-33.088815,147.149838,51,2,1,1,2,0,0,0,0,0,0,40,0,4026,4026,1,5,0,2,0,0,0,0
1360842,3,2024,2024,5,5,8,22,31,309,702,0,1,2,-33.81571,151.103087,61,0,2,1,0,0,0,0,3,0,7,60,2,14295,14295,3,5,5,4,0,0,0,0
1360852,3,2024,2024,6,4,11,1,27,96,34609,0,1,1,-35.361922,149.233314,58,2,1,1,0,0,0,0,0,0,7,50,0,9859,9859,1,5,5,2,0,0,0,0
1360860,3,2024,2024,5,1,3,15,27,129,140,0,1,1,-33.937218,151.081617,15,0,2,1,1,0,0,0,2,0,7,50,1,9859,9859,1,10,5,2,0,0,0,0
1360879,3,2024,2024,5,6,0,21,27,98,174,1,0,1,-33.010362,151.583153,37,0,2,1,2,0,0,0,0,0,7,60,2,9859,9859,8,0,40,1,0,0,0,0
1360884,3,2024,2024,1,2,8,38,27,115,165,0,1,1,-33.956913,151.062162,25,0,2,1,0,0,0,0,2,0,7,50,1,941,941,1,33,5,2,0,0,0,0
1360891,3,2024,2024,1,4,6,500,27,293,799,0,1,1,-33.931709,151.059764,15,0,2,1,1,0,0,3,2,0,7,60,2,1981,1981,4,5,5,2,0,0,0,0
1360932,3,2024,2024,5,2,11,16,27,88,20,0,1,1,-33.746792,150.853537,7,0,2,1,2,0,3,0,0,0,7,60,1,4026,4026,8,5,40,1,0,0,0,0
1360961,3,2024,2024,1,3,1,165,31,166,34609,0,1,1,-33.420755,149.5728,3,2,1,1,3,0,2,6,0,0,7,50,0,9859,9859,1,0,5,2,0,0,0,0
1360969,3,2024,2024,1,5,2,2261,17,93,2252,0,1,2,-36.092204,146.923583,0,1,0,0,2,0,0,0,0,0,7,110,2,1957,4009,8,5,40,1,0,0,0,0
1360972,3,2024,2024,1,3,5,4,31,207,34609,0,1,10,-31.943932,141.453786,51,2,1,1,1,0,3,4,2,0,0,50,0,6545,6545,4,10,40,2,0,0,0,0
1360982,3,2024,2024,1,3,11,4,2,67,34609,0,1,1,-33.704152,150.912883,7,0,2,1,2,0,0,0,0,0,7,50,0,9859,9859,1,0,0,2,0,0,0,0
1360997,3,2024,2024,1,6,5,1,31,24,34609,0,1,1,-32.908611,151.78148,48,0,2,1,1,0,0,0,2,0,7,50,0,9859,9859,1,30,5,2,0,0,0,0
1361010,3,2024,2024,1,3,4,500,27,646,799,0,1,9,-33.934581,151.03674,15,0,2,1,2,0,0,0,2,2,7,60,2,5929,5929,1,0,13,2,0,0,0,0
1361019,3,2024,2024,1,6,6,308,14,323,311,0,1,6,-33.788705,150.856145,7,0,2,1,1,0,0,0,2,0,7,60,2,4026,4026,8,10,40,1,0,0,0,0
1361020,3,2024,2024,5,2,1,387,27,204,331,0,1,9,-33.93979,151.139576,4,0,2,1,2,0,0,0,0,0,0,60,2,4026,4026,8,5,40,1,0,0,0,0