Crash ID,Degree of crash - detailed,Reporting year,Year of crash,Month of crash,Day of week of crash,Two-hour intervals,Street of crash,Street type,Town,Route no.,School zone location,School zone active,Type of location,Latitude,Longitude,LGA,Urbanisation,Conurbation 1,Alignment,Street lighting,Road surface,Surface condition,Weather,Natural lighting,Signals operation,Other traffic control,Speed limit,Road classification,RUM - code,DCA - code,First impact type,Key TU type,Other TU type,No. of traffic units involved,No. killed,No. seriously injured,No. moderately injured,No. minor-other injured
1361035,3,2024,2024,1,0,10,41,10,63,34609,0,1,1,-28.188049,153.516633,72,2,1,1,2,0,0,0,0,0,7,50,0,1669,1669,3,5,0,2,0,0,0,0
1361047,3,2024,2024,1,2,0,24,31,84,34609,0,1,9,-31.107565,150.89889,70,2,1,1,2,0,0,0,0,0,13,50,0,4552,985,8,5,40,1,0,0,0,0
1361053,3,2024,2024,5,0,11,481,17,4,483,0,1,1,-30.135769,149.805186,51,2,1,1,0,0,3,4,0,0,7,80,2,9859,9859,8,0,40,1,0,0,0,0
1361081,3,2024,2024,1,0,6,1,27,35,34609,0,1,1,-28.821674,153.266421,39,2,1,1,0,0,0,0,2,0,7,50,0,1981,1981,4,5,0,2,0,0,0,0
1361088,3,2024,2024,1,1,7,76,24,6,154,0,1,10,-33.728082,150.880956,7,0,2,1,2,0,0,0,2,2,7,70,1,5929,5929,1,0,5,2,0,0,0,0
1361090,3,2024,2024,1,4,3,11,31,228,143,0,1,10,-34.748894,149.717022,26,2,1,1,0,0,0,0,2,0,0,50,2,6545,6545,4,0,5,2,0,0,0,0
1361093,3,2024,2024,1,6,4,15,10,26,34609,0,1,10,-33.067804,151.578193,37,0,2,1,1,0,0,0,2,0,15,50,0,6545,6545,4,0,13,3,0,0,0,0
1361098,3,2024,2024,1,3,8,1,27,35,34609,0,1,1,-35.470667,150.369971,63,2,1,0,0,2,0,0,2,0,7,60,0,1957,4009,8,0,40,1,0,0,0,0
1361099,3,2024,2024,1,5,11,98,27,294,799,0,1,9,-33.930307,150.938217,41,0,2,0,2,0,0,0,0,0,15,70,2,926,926,4,10,5,2,0,0,0,0
1361104,3,2024,2024,1,0,6,171,1,252,55,0,1,9,-33.878785,151.210506,69,0,2,1,1,0,0,0,2,2,7,40,1,1192,1192,1,5,5,2,0,0,0,0
1361116,3,2024,2024,1,3,0,196,10,34,168,0,1,1,-33.969072,150.995599,15,0,2,0,2,0,0,0,0,0,7,60,2,1259,5151,8,0,40,1,0,0,0,0
1361123,3,2024,2024,1,6,3,308,14,252,311,0,1,3,-33.944241,150.877996,41,0,2,1,0,0,0,0,1,0,7,100,2,1383,1383,1,5,10,2,0,0,0,0
1361135,3,2024,2024,1,6,7,3371,17,21,3342,0,1,2,-28.58451,153.544494,10,1,0,1,0,0,0,0,2,0,7,110,2,101,101,8,9,40,2,0,0,0,0
1361147,3,2024,2024,5,4,0,9,31,140,34609,0,1,1,-33.898591,150.998039,15,0,2,1,0,0,0,0,0,0,7,50,0,9859,9859,1,5,5,3,0,0,0,0
1361158,3,2024,2024,1,0,11,2,1,51,34609,0,1,1,-33.264613,151.486044,16,2,2,1,2,0,0,0,0,0,7,50,0,9859,9859,1,0,5,2,0,0,0,0
1361166,3,2024,2024,1,6,8,40,10,56,174,0,1,1,-32.734973,151.329112,17,1,0,0,0,0,0,0,3,0,7,90,2,14295,14295,3,0,5,3,0,0,0,0
1361171,3,2024,2024,1,3,10,6,27,243,31,0,1,1,-33.947555,150.903278,41,0,2,1,2,0,0,0,0,0,7,50,1,3775,3775,0,33,0,2,0,0,0,0
1361186,3,2024,2024,0,3,5,2261,17,187,2252,0,1,9,-33.888713,150.969588,24,0,2,0,1,0,3,0,2,2,2,70,2,515,515,1,5,0,2,0,0,0,0
1361194,3,2024,2024,8,3,3,32,31,182,34609,0,1,1,-32.826487,151.361405,17,2,1,1,1,0,0,0,2,0,7,50,0,9859,9859,1,10,5,3,0,0,0,0
1361198,3,2024,2024,8,6,5,42,31,149,34609,0,1,2,-33.988964,151.145925,4,0,2,1,3,0,0,0,2,0,7,50,0,9859,9859,1,5,5,3,0,0,0,0
1361212,3,2024,2024,8,4,1,98,27,609,220,0,1,9,-33.776004,150.919808,7,0,2,0,2,0,0,0,0,2,7,60,2,418,714,5,9,40,1,0,0,0,0
1361225,3,2024,2024,6,4,1,2,10,164,34609,0,1,1,-33.716595,150.893015,7,0,2,1,2,0,3,4,0,0,7,50,0,4026,4026,8,30,40,1,0,0,0,0
1361231,3,2024,2024,5,6,7,11,27,40,34609,0,1,1,-35.072817,150.572121,63,2,1,0,0,0,3,3,2,0,7,80,0,1957,4009,8,0,40,1,0,0,0,0
1361233,3,2024,2024,6,6,4,8,27,168,34609,0,1,1,-33.721927,150.833153,7,0,2,0,0,0,0,0,2,0,7,50,0,3775,3775,0,8,5,2,0,0,0,0
1361243,3,2024,2024,5,5,8,23,27,523,23,0,1,1,-33.918088,150.909143,41,0,2,1,2,0,0,0,0,0,7,60,1,14295,14295,3,0,36,3,0,0,0,0
1361254,3,2024,2024,5,2,8,103,36,2,66,0,1,1,-31.978468,152.255215,43,1,0,1,0,0,0,0,3,0,7,90,1,4026,4026,8,5,40,1,0,0,0,0
1361263,3,2024,2024,5,3,0,85,27,72,145,0,1,9,-33.799075,151.053967,54,0,2,1,2,0,0,0,0,0,7,70,2,9859,9859,8,5,40,1,0,0,0,0
1361264,3,2024,2024,8,2,7,8,31,77,34609,0,1,2,-32.945917,151.757314,48,0,2,1,2,0,0,0,2,0,7,40,0,9859,9859,1,33,0,2,0,0,0,0
1361269,3,2024,2024,5,0,11,16,36,54,43,0,1,9,-28.49774,153.527115,10,2,1,0,2,0,0,0,0,0,7,80,1,1259,985,8,0,40,1,0,0,0,0
1361272,3,2024,2024,5,1,2,51,27,72,34609,1,0,1,-33.791728,151.050652,54,0,2,0,1,0,0,0,1,0,7,50,0,4552,5151,1,0,5,3,0,0,0,0
1361278,3,2024,2024,1,6,10,20,31,150,140,0,1,9,-33.924287,151.229483,59,0,2,1,2,0,0,0,0,0,0,50,2,1981,1981,4,0,5,2,0,0,0,0
1361290,3,2024,2024,5,0,1,3,23,55,34609,0,1,1,-33.904811,151.082462,15,0,2,1,2,0,3,4,0,0,7,50,0,9859,9859,1,5,5,2,0,0,0,0
1361310,3,2024,2024,1,5,11,8,31,28,34609,0,1,9,-35.363785,149.225069,58,2,1,1,0,0,0,0,0,0,7,50,0,1259,985,1,10,12,2,0,0,0,0
1361320,3,2024,2024,1,0,7,475,1,13,34609,0,1,1,-35.14459,147.458318,75,2,1,1,1,0,0,0,2,0,7,50,0,14295,14295,3,5,13,2,0,0,0,0
1361328,3,2024,2024,1,4,0,4,31,57,34609,0,1,1,-33.950421,151.230358,4,0,2,1,0,0,3,4,0,0,7,50,0,4026,4026,1,5,5,3,0,0,0,0
1361329,3,2024,2024,1,0,8,3,2,63,34609,0,1,2,-33.246711,151.468569,16,2,2,1,0,0,0,0,0,0,7,50,0,9859,9859,8,34,40,1,0,0,0,0
1361330,3,2024,2024,1,5,4,2,27,16,34609,0,1,1,-33.270226,151.484876,16,2,2,1,3,0,2,2,2,0,7,50,0,9859,9859,1,0,13,2,0,0,0,0
1361337,3,2024,2024,1,4,3,26,31,123,38,0,1,9,-33.818618,148.685393,51,2,1,1,3,0,0,0,2,0,0,50,2,2852,2852,4,0,13,2,0,0,0,0
1361341,3,2024,2024,1,5,8,4,27,39,34609,0,1,9,-36.013378,146.992168,0,1,0,1,3,2,0,0,4,0,7,100,0,380,777,5,10,40,1,0,0,0,0
1361349,3,2024,2024,1,3,2,3,27,234,34609,0,1,1,-34.241404,146.061449,28,2,1,0,0,2,0,0,1,0,7,80,0,4552,5151,8,10,40,1,0,0,0,0
1361371,3,2024,2024,11,6,10,1,18,12,34609,0,1,1,-33.409382,148.862975,11,1,0,1,0,2,0,0,0,0,7,100,0,475,475,5,10,40,1,0,0,0,0
1361374,3,2024,2024,1,4,5,49,27,87,34609,0,1,1,-33.923057,150.965731,41,0,2,1,3,0,0,0,2,0,7,50,0,4552,985,1,29,13,2,0,0,0,0
1361376,3,2024,2024,11,5,7,308,14,323,311,0,1,3,-33.798141,150.85407,7,0,2,1,3,0,0,0,2,0,7,100,2,14295,14295,3,5,0,2,0,0,0,0
1361377,3,2024,2024,1,0,6,500,27,83,799,0,1,1,-33.90877,151.124217,15,0,2,1,3,0,0,0,2,0,7,60,2,14295,14295,3,5,5,2,0,0,0,0
1361378,3,2024,2024,1,1,4,58,1,50,34609,0,1,1,-33.640249,151.325387,50,0,2,1,3,0,0,0,2,0,7,50,0,945,945,5,0,40,1,0,0,0,0
1361381,3,2024,2024,1,6,7,50,27,125,51,0,1,1,-33.854687,151.078038,67,0,2,1,3,0,0,0,2,0,7,50,1,5929,5929,1,5,5,2,0,0,0,0
1361383,3,2024,2024,5,6,7,4,27,172,5,1,0,1,-32.742903,151.591572,42,2,1,1,3,0,3,0,2,0,7,60,1,1109,787,1,0,5,2,0,0,0,0
1361385,3,2024,2024,11,4,9,109,27,323,382,1,0,9,-33.785897,150.853182,7,0,2,1,3,0,0,0,0,2,9,60,2,5929,5929,1,5,5,2,0,0,0,0
1361387,3,2024,2024,1,0,7,346,17,8,332,0,1,10,-28.876249,153.181337,60,1,0,1,3,0,0,0,2,0,0,100,2,1669,1669,3,8,5,2,0,0,0,0
1361392,3,2024,2024,11,1,6,26,27,53,34609,0,1,1,-35.139152,147.340914,75,2,1,1,3,0,0,0,2,0,7,70,0,175,188,1,5,8,2,0,0,0,0
1361396,3,2024,2024,1,0,9,47,27,5,34609,0,1,9,-33.710898,151.161451,36,0,2,1,3,0,3,4,0,0,7,50,0,301,301,4,19,5,2,0,0,0,0
1361398,3,2024,2024,1,3,9,8,27,26,34609,0,1,7,-33.734671,150.812228,7,0,2,0,3,0,0,0,3,0,0,50,0,380,714,5,9,40,1,0,0,0,0
1361400,3,2024,2024,1,4,3,2261,17,92,2252,0,1,3,-33.986206,150.856026,13,0,2,0,3,0,0,0,1,0,7,110,2,14295,14295,3,21,10,2,0,0,0,0
1361402,3,2024,2024,1,6,9,330,1,159,34609,0,1,7,-33.806687,151.093244,61,0,2,1,3,0,0,0,0,0,0,50,0,6545,6545,4,5,0,2,0,0,0,0
1361403,3,2024,2024,11,6,8,344,27,168,382,0,1,1,-33.681527,150.816785,7,0,2,1,3,0,0,0,2,0,7,80,2,14295,14295,3,0,0,3,0,0,0,0
1361404,3,2024,2024,11,3,7,1,31,20,34609,0,1,9,-34.077673,150.695956,12,0,2,1,3,0,0,0,2,0,7,50,0,9859,9859,1,5,0,2,0,0,0,0
1361406,3,2024,2024,11,3,7,1,31,293,34609,0,1,1,-33.919565,151.059808,15,0,2,1,3,0,0,0,2,0,7,50,0,3775,3775,0,21,5,2,0,0,0,0
1361407,3,2024,2024,1,6,7,23,14,532,22,0,1,8,-33.861157,151.208926,69,0,2,1,3,0,3,4,2,0,7,70,2,9859,9859,8,5,40,1,0,0,0,0
1361411,3,2024,2024,11,3,9,22,10,108,57,0,1,1,-28.85256,153.55572,2,2,1,1,3,0,0,0,0,0,7,60,1,9859,9859,8,10,40,1,0,0,0,0
1361412,3,2024,2024,1,0,7,5,10,39,34609,0,1,10,-32.877562,151.647809,48,0,2,1,3,0,0,0,2,2,7,60,0,5929,5929,1,5,13,2,0,0,0,0
1361413,3,2024,2024,1,4,8,17,31,14,96,0,1,7,-32.965491,151.646713,37,0,2,1,3,0,0,0,2,0,0,60,2,1282,1282,1,0,5,2,0,0,0,0
1361417,3,2024,2024,1,2,4,1104,14,323,962,0,1,3,-33.80066,150.868145,7,0,2,1,3,0,0,0,2,0,7,100,2,14295,14295,3,5,0,3,0,0,0,0
1361420,3,2024,2024,11,1,3,1,27,13,121,0,1,1,-31.642286,152.803504,56,2,1,1,3,0,0,0,2,0,7,50,1,4026,4026,8,5,40,1,0,0,0,0
1361421,3,2024,2024,11,6,4,308,14,88,311,0,1,3,-33.74505,150.846784,7,0,2,1,3,0,0,0,2,0,7,100,2,14295,14295,3,0,0,3,0,0,0,0
1361423,3,2024,2024,11,3,8,90,36,24,102,0,1,1,-34.528488,148.153228,20,2,1,0,3,0,0,0,3,0,7,60,2,14295,14295,3,0,0,2,0,0,0,0
1361424,3,2024,2024,1,2,11,12,1,31,34609,0,1,1,-33.50737,151.328089,16,2,2,1,3,0,0,0,0,0,7,50,0,220,220,1,0,5,2,0,0,0,0
1361425,3,2024,2024,11,3,10,512,17,19,441,0,1,1,-32.4121,148.835885,22,1,0,0,3,0,0,0,4,0,7,90,2,1089,1089,7,0,40,1,0,0,0,0
1361426,3,2024,2024,1,1,6,33,31,323,34609,0,1,7,-33.757173,151.004173,71,0,2,1,3,0,0,3,2,0,0,50,0,6545,6545,4,5,13,2,0,0,0,0
1361427,3,2024,2024,1,0,10,2261,17,80,2252,0,1,9,-33.95948,150.885372,13,0,2,1,3,0,0,0,0,2,9,70,2,2852,2852,4,5,5,2,0,0,0,0
1361429,3,2024,2024,5,5,8,3,18,5,34609,0,1,1,-28.96255,153.473271,2,1,0,1,3,2,0,0,2,0,7,100,0,1945,1945,5,31,40,1,0,0,0,0
1361431,3,2024,2024,1,6,11,175,27,24,220,0,1,9,-33.728178,150.923534,7,0,2,1,3,0,0,0,0,2,7,70,2,14295,14295,3,0,5,2,0,0,0,0
1361432,3,2024,2024,1,1,1,1052,14,207,928,0,1,3,-33.558312,151.192539,31,0,2,0,3,0,0,0,0,0,7,110,2,1850,1463,5,5,40,1,0,0,0,0
1361436,3,2024,2024,1,6,10,225,17,15,180,0,1,1,-34.580799,150.505503,78,1,0,1,3,0,0,6,0,0,7,100,2,404,404,8,5,40,1,0,0,0,0
1361437,3,2024,2024,1,2,2,2126,17,19,2149,0,1,2,-33.455371,150.118157,40,1,0,1,3,0,0,0,1,0,7,100,2,1089,1089,7,5,40,1,0,0,0,0
1361439,3,2024,2024,11,3,5,11,36,232,34609,0,1,10,-33.69218,150.926819,71,0,2,1,3,0,0,0,2,2,7,50,0,6545,6545,4,10,5,2,0,0,0,0
1361441,3,2024,2024,1,2,8,2261,17,26,2252,0,1,3,-34.106459,150.762223,13,0,2,1,3,0,0,0,0,0,7,110,2,14295,14295,3,5,0,2,0,0,0,0
1361442,3,2024,2024,11,5,10,1,31,337,34609,0,1,9,-33.737206,150.999385,71,0,2,1,3,0,0,0,0,0,0,50,0,2852,2852,4,30,5,2,0,0,0,0
1361449,3,2024,2024,1,5,8,89,27,182,228,0,1,1,-32.843682,151.334204,17,2,1,1,3,0,0,0,2,0,7,60,1,941,941,1,0,5,2,0,0,0,0
1361451,3,2024,2024,1,6,3,2261,17,70,2252,0,1,2,-34.730089,149.982232,26,1,0,0,3,0,0,0,2,0,7,110,2,4552,5151,8,30,40,1,0,0,0,0
1361452,3,2024,2024,1,2,4,8,31,387,140,0,1,1,-33.92128,151.182554,4,0,2,1,3,0,0,0,2,0,7,60,2,1109,397,1,0,5,2,0,0,0,0
1361453,3,2024,2024,1,2,5,512,17,562,441,0,1,9,-32.274354,148.675594,22,1,0,1,3,0,0,0,2,0,7,110,2,782,985,5,5,40,1,0,0,0,0
1361458,3,2024,2024,1,0,11,27,27,102,28,0,1,2,-33.956706,151.199614,4,0,2,1,3,0,0,0,0,2,7,80,2,4552,5151,8,5,40,1,0,0,0,0
1361459,3,2024,2024,11,3,7,5,27,18,34609,0,1,9,-34.980116,150.704858,63,2,1,1,3,0,0,0,2,0,0,80,0,14295,14295,3,5,13,2,0,0,0,0
1361460,3,2024,2024,11,1,10,13,27,11,13,0,1,1,-35.638282,146.693239,27,1,0,1,3,0,0,0,0,0,7,100,1,945,945,5,10,40,1,0,0,0,0
1361461,3,2024,2024,11,0,4,348,27,363,88,0,1,2,-33.736109,150.693345,55,0,2,1,3,0,0,0,2,0,7,60,2,14295,14295,3,5,0,2,0,0,0,0
1361464,3,2024,2024,1,0,8,293,31,112,769,0,1,10,-33.606761,150.822191,29,2,2,1,3,0,0,0,3,2,7,60,2,1669,1669,3,10,36,2,0,0,0,0
1361465,3,2024,2024,1,2,10,14,31,215,34609,0,1,10,-35.109862,147.370516,75,2,1,1,3,0,0,0,0,0,0,50,0,6545,6545,4,5,0,2,0,0,0,0
1361468,3,2024,2024,11,1,9,77,12,73,331,0,1,1,-34.208378,150.612171,79,2,2,0,3,0,0,0,3,0,7,80,1,1850,1463,5,9,40,1,0,0,0,0
1361469,3,2024,2024,1,0,9,5,32,197,17,0,1,1,-33.94847,151.081608,25,0,2,1,3,0,0,0,0,0,7,50,1,1109,397,1,5,5,2,0,0,0,0
1361471,3,2024,2024,1,4,8,10,31,246,64,0,1,10,-33.911546,151.197559,69,0,2,1,0,0,0,0,2,2,7,50,2,6545,6545,4,0,0,2,0,0,0,0
1361472,3,2024,2024,1,1,6,2,31,106,34609,0,1,9,-34.562444,150.804558,62,0,2,0,3,0,0,0,2,0,0,50,0,4552,5151,8,5,40,1,0,0,0,0
1361473,3,2024,2024,11,5,4,308,14,62,311,0,1,3,-33.731709,150.850267,7,0,2,0,3,0,0,0,2,0,7,100,2,14295,14295,3,5,5,2,0,0,0,0
1361475,3,2024,2024,11,5,3,44,31,123,34609,1,0,10,-33.911519,151.220677,59,0,2,1,3,0,0,0,2,0,15,50,0,6545,6545,4,5,5,2,0,0,0,0
1361476,3,2024,2024,5,1,4,7,27,43,34609,0,1,1,-34.143849,150.663963,79,2,2,0,3,0,0,0,2,0,7,60,0,1957,4009,8,5,40,1,0,0,0,0
1361478,3,2024,2024,11,5,10,134,10,69,133,0,1,2,-33.824888,151.021172,54,0,2,1,3,0,0,0,0,0,7,70,2,4026,4026,8,10,40,1,0,0,0,0
1361482,3,2024,2024,11,1,4,9,31,463,34609,0,1,10,-30.303785,153.114531,19,2,1,1,3,0,0,0,2,0,0,50,0,6545,6545,4,5,36,2,0,0,0,0
1361488,3,2024,2024,11,1,7,59,10,34,231,0,1,1,-33.497581,151.359303,16,2,2,1,3,0,0,0,2,0,7,60,2,14295,14295,3,9,0,3,0,0,0,0
1361489,3,2024,2024,11,3,9,1,27,15,34609,0,1,1,-35.173251,149.010136,82,2,1,1,3,0,0,0,0,0,7,80,0,1089,1089,7,10,40,1,0,0,0,0
1361491,3,2024,2024,5,3,8,36,27,39,34609,0,1,7,-34.034423,150.760908,12,0,2,1,0,0,0,0,3,0,0,60,0,1383,1383,1,5,0,2,0,0,0,0
1361498,3,2024,2024,11,1,8,2261,17,30,2252,0,1,6,-34.031769,150.824135,13,0,2,0,3,0,0,0,2,0,7,110,2,14295,14295,3,5,13,2,0,0,0,0
1361505,3,2024,2024,1,2,6,2126,17,363,2149,0,1,9,-33.821907,151.004152,54,0,2,1,3,0,0,0,2,0,0,60,2,2852,2852,4,5,5,2,0,0,0,0
1361506,3,2024,2024,11,5,4,866,17,278,793,1,0,10,-33.766481,151.04752,54,0,2,1,3,0,0,0,2,2,7,60,2,395,395,1,5,22,3,0,0,0,0
1361507,3,2024,2024,11,3,6,485,27,232,769,0,1,2,-33.687208,150.919554,71,0,2,1,3,0,0,0,2,0,7,80,2,1192,1192,1,5,5,3,0,0,0,0
1361509,3,2024,2024,1,2,7,283,27,145,702,1,0,2,-33.924974,151.069574,15,0,2,1,3,0,0,0,2,0,7,60,2,14295,14295,3,5,0,3,0,0,0,0
1361511,3,2024,2024,11,3,8,2209,17,26,2205,0,1,9,-33.919162,151.16927,32,0,2,1,3,0,0,0,3,2,7,60,2,623,623,3,5,5,2,0,0,0,0
1361517,3,2024,2024,6,1,7,6,27,4,34609,0,1,1,-34.40761,148.071083,30,1,0,1,3,0,0,0,2,0,7,100,0,1089,1089,7,5,40,1,0,0,0,0
1361519,3,2024,2024,1,4,7,60,27,239,167,0,1,10,-34.026573,151.120342,68,0,2,1,3,0,0,0,2,2,7,70,2,6545,6545,4,8,12,2,0,0,0,0
1361520,3,2024,2024,1,6,5,171,1,171,22,0,1,1,-33.804169,150.965924,54,0,2,1,3,0,0,0,2,0,7,60,1,1391,1391,1,5,10,2,0,0,0,0
1361522,3,2024,2024,11,5,5,3371,17,104,3342,0,1,2,-32.827088,151.683755,48,0,2,0,3,0,0,0,2,0,7,80,2,1391,1391,1,8,0,2,0,0,0,0
1361523,3,2024,2024,11,5,8,6,31,56,62,0,1,9,-33.812502,151.199403,77,0,2,1,3,0,0,0,3,0,7,60,2,2585,777,8,5,40,1,0,0,0,0
1361524,3,2024,2024,1,4,6,3,27,443,34609,0,1,1,-33.892624,151.057203,15,0,2,1,3,0,0,0,2,0,7,50,0,941,941,1,5,5,2,0,0,0,0
1361526,3,2024,2024,7,3,7,51,1,7,34609,1,0,1,-33.994616,151.145678,4,0,2,1,3,0,0,0,2,0,7,50,0,1391,1391,1,5,0,2,0,0,0,0
1361529,3,2024,2024,11,3,6,5,27,41,34609,0,1,1,-34.394342,150.869407,80,0,2,0,3,0,0,0,2,0,7,50,0,14295,14295,3,10,0,2,0,0,0,0
1361531,3,2024,2024,1,6,6,8,31,56,34609,0,1,1,-33.857946,151.179864,32,0,2,1,3,0,0,0,2,0,7,40,0,9859,9859,1,0,0,2,0,0,0,0
1361533,3,2024,2024,11,3,5,7,31,99,34609,0,1,1,-33.889022,151.268066,76,0,2,1,3,0,0,0,2,0,7,50,0,14295,14295,3,0,0,2,0,0,0,0
1361534,3,2024,2024,11,5,5,168,10,387,260,0,1,2,-33.945945,151.17639,4,0,2,1,3,0,0,0,2,0,7,70,2,1282,1282,1,30,10,2,0,0,0,0
1361535,3,2024,2024,1,2,11,150,27,309,415,0,1,10,-33.80383,151.113255,61,0,2,0,3,0,0,0,0,2,7,70,2,6545,6545,4,5,5,2,0,0,0,0
1361537,3,2024,2024,1,0,4,15,27,115,34609,0,1,1,-34.031026,151.076435,68,0,2,1,3,0,0,0,2,0,7,50,0,323,323,1,10,5,2,0,0,0,0
1361539,3,2024,2024,11,6,6,3371,17,31,3342,0,1,2,-30.337002,153.07803,19,1,0,1,3,0,0,0,2,0,7,100,2,9859,9859,8,9,40,1,0,0,0,0
1361540,3,2024,2024,11,5,9,265,10,445,563,0,1,10,-33.861729,151.042278,21,0,2,0,3,0,0,0,0,2,7,70,2,14295,14295,3,5,0,2,0,0,0,0
1361542,3,2024,2024,1,0,7,12,25,117,34609,0,1,9,-28.186979,153.528212,72,2,1,1,1,0,0,0,2,0,7,50,0,9859,9859,1,5,5,2,0,0,0,0
1361554,3,2024,2024,1,0,7,1,27,175,34609,0,1,1,-33.778969,151.084899,54,0,2,1,1,0,0,0,2,0,7,50,0,9859,9859,1,5,5,6,0,0,0,0
1361555,3,2024,2024,1,0,11,35,10,14,34609,0,1,2,-28.931006,153.47432,2,1,0,1,0,0,0,0,0,0,7,100,0,4026,4026,8,10,40,1,0,0,0,0
1361556,3,2024,2024,1,2,5,55,27,134,34609,0,1,10,-33.663807,150.859708,7,0,2,1,1,0,0,0,2,0,0,50,0,6545,6545,4,0,13,2,0,0,0,0
1361558,3,2024,2024,11,3,11,162,27,65,14,0,1,2,-33.860884,150.916613,24,0,2,1,2,0,0,0,0,0,7,60,1,9859,9859,1,5,0,2,0,0,0,0
1361574,3,2024,2024,1,5,0,57,31,15,34609,0,1,1,-32.969908,151.607053,37,0,2,1,2,0,0,0,0,0,7,50,0,9859,9859,1,5,0,2,0,0,0,0
1361580,3,2024,2024,1,0,11,44,27,202,563,0,1,9,-33.95124,151.038469,15,0,2,1,2,0,0,0,0,0,7,70,2,775,775,4,0,40,2,0,0,0,0
1361583,3,2024,2024,6,4,4,39,27,284,563,0,1,1,-33.904194,151.036406,15,0,2,1,0,0,0,0,2,0,7,60,2,217,217,1,5,0,2,0,0,0,0
1361589,3,2024,2024,1,5,2,18,31,273,34609,0,1,1,-34.426287,150.89472,80,0,2,1,2,0,0,0,0,0,7,50,0,4026,4026,8,5,40,1,0,0,0,0
1361594,3,2024,2024,1,3,9,34,31,98,260,0,1,1,-33.006206,151.594557,37,0,2,1,2,0,0,0,0,0,7,60,2,9859,9859,1,5,5,3,0,0,0,0
1361597,3,2024,2024,11,3,2,19,31,62,34609,0,1,1,-33.748024,150.617579,8,2,2,1,2,0,0,0,0,0,7,50,0,9859,9859,1,5,5,2,0,0,0,0
1361601,3,2024,2024,5,4,8,36,31,166,34609,0,1,9,-33.903803,151.180937,69,0,2,1,1,0,0,0,2,0,7,50,0,9859,9859,1,21,0,2,0,0,0,0
1361605,3,2024,2024,1,4,3,1,31,55,34609,0,1,9,-33.787925,150.875875,7,0,2,1,1,0,0,0,2,0,0,50,0,1957,777,1,3,36,2,0,0,0,0
1361612,3,2024,2024,1,0,11,1,31,13,34609,0,1,1,-35.785701,150.231968,23,2,1,1,2,0,0,0,0,0,7,50,0,1957,4009,8,0,40,1,0,0,0,0
1361631,3,2024,2024,11,1,9,6,27,6,48,0,1,1,-32.7171,151.583396,42,2,1,1,0,0,0,0,0,0,7,80,1,1089,1089,7,5,40,1,0,0,0,0
1361632,3,2024,2024,1,2,0,4,31,33,34609,0,1,1,-33.48493,150.133858,40,2,1,0,2,0,0,0,0,0,7,50,0,2585,4009,8,5,40,1,0,0,0,0
1361643,3,2024,2024,1,0,10,3,7,54,34609,0,1,9,-33.869461,150.866003,24,0,2,0,2,0,0,0,0,0,7,50,0,1259,5151,8,5,40,1,0,0,0,0
1361654,3,2024,2024,1,2,1,78,31,41,41,1,0,1,-35.052043,148.106634,20,2,1,1,2,0,0,0,0,0,7,50,1,4026,4026,1,5,5,2,0,0,0,0
1361657,3,2024,2024,1,6,9,2261,17,26,2252,0,1,3,-34.098336,150.764326,13,0,2,1,2,0,0,0,0,0,7,110,2,101,101,8,5,40,2,0,0,0,0
1361658,3,2024,2024,1,2,3,5,27,293,34609,0,1,1,-33.938239,151.045368,15,0,2,1,1,0,0,0,2,0,7,50,0,3775,3775,0,5,5,2,0,0,0,0
1361683,3,2024,2024,11,1,2,13,27,109,34609,0,1,1,-33.900541,151.13603,32,0,2,1,2,0,0,0,0,0,7,50,0,1282,1282,1,33,25,2,0,0,0,0
1361686,3,2024,2024,1,5,0,6,27,45,34609,0,1,4,-33.337207,151.495132,16,2,2,0,3,0,2,6,0,0,7,50,0,2585,4009,1,5,36,2,0,0,0,0
1361692,3,2024,2024,11,1,5,829,1,225,34609,0,1,1,-33.794949,151.18747,77,0,2,1,1,0,0,0,2,0,7,40,0,57,57,1,33,5,2,0,0,0,0
1361710,3,2024,2024,1,2,0,1104,14,223,962,0,1,3,-33.804904,150.911384,7,0,2,1,2,0,0,0,0,0,7,100,2,4026,4026,8,5,40,2,0,0,0,0
1361745,3,2024,2024,11,5,8,1,1,12,34609,1,0,1,-33.783543,151.247631,50,0,2,1,0,0,0,0,2,0,9,50,0,4026,4026,1,0,5,3,0,0,0,0
1361748,3,2024,2024,1,0,10,137,31,65,18,0,1,2,-32.926594,151.775379,48,0,2,1,2,0,0,0,0,0,7,40,2,9859,9859,8,5,40,1,0,0,0,0
1361756,3,2024,2024,1,0,7,109,27,204,105,0,1,10,-33.89689,150.927843,24,0,2,1,1,0,0,0,2,2,7,60,2,926,926,4,0,5,4,0,0,0,0
1361757,3,2024,2024,11,1,6,55,36,155,95,0,1,1,-33.126139,148.295774,53,1,0,0,0,0,0,0,2,0,7,100,2,4552,5151,8,5,40,1,0,0,0,0
1361758,3,2024,2024,1,0,7,42,31,237,34609,0,1,1,-33.875316,150.951729,24,0,2,1,1,0,0,0,2,0,7,50,0,9859,9859,1,5,5,3,0,0,0,0
1361786,3,2024,2024,6,1,2,2,27,155,34609,0,1,1,-33.177212,148.175879,53,1,0,0,3,0,0,0,0,0,7,100,0,2585,4009,8,5,40,1,0,0,0,0
1361787,3,2024,2024,6,2,4,133,10,316,121,0,1,7,-31.470332,152.912418,56,2,1,1,3,0,0,3,2,0,0,70,1,775,775,4,0,0,2,0,0,0,0