Crash ID,Degree of crash - detailed,Reporting year,Year of crash,Month of crash,Day of week of crash,Two-hour intervals,Street of crash,Street type,Town,Route no.,School zone location,School zone active,Type of location,Latitude,Longitude,LGA,Urbanisation,Conurbation 1,Alignment,Street lighting,Road surface,Surface condition,Weather,Natural lighting,Signals operation,Other traffic control,Speed limit,Road classification,RUM - code,DCA - code,First impact type,Key TU type,Other TU type,No. of traffic units involved,No. killed,No. seriously injured,No. moderately injured,No. minor-other injured
1361794,3,2024,2024,1,4,7,2,2,63,34609,0,1,9,-33.260723,151.465115,16,2,2,1,3,0,0,0,2,0,7,50,0,14295,14295,3,10,5,3,0,0,0,0
1361796,3,2024,2024,1,2,0,1052,14,57,928,0,1,3,-33.678786,151.120272,31,0,2,1,3,0,0,0,0,0,7,110,2,9859,9859,8,0,40,1,0,0,0,0
1361802,3,2024,2024,11,1,3,74,27,66,59,0,1,2,-34.478147,150.891486,80,0,2,1,3,0,0,0,2,0,7,80,2,1669,1669,3,10,12,3,0,0,0,0
1361804,3,2024,2024,11,1,8,11,31,433,19,0,1,2,-33.283143,149.096463,52,2,1,1,3,0,0,0,3,0,7,40,2,1282,1282,1,5,0,3,0,0,0,0
1361805,3,2024,2024,11,5,6,2,27,463,34609,0,1,1,-30.304028,153.10812,19,2,1,0,3,0,0,0,2,0,7,50,0,4552,5151,8,0,40,1,0,0,0,0
1361806,3,2024,2024,1,4,1,65,10,132,148,0,1,1,-34.170245,151.045647,68,0,2,0,3,0,0,0,0,0,7,60,2,2585,4009,8,5,40,1,0,0,0,0
1361807,3,2024,2024,11,1,6,3,31,87,34609,0,1,10,-33.69816,150.958165,71,0,2,1,3,0,0,0,2,0,0,60,0,6545,6545,4,0,5,2,0,0,0,0
1361809,3,2024,2024,11,0,6,59,27,271,17,1,0,1,-33.939161,151.018615,15,0,2,1,3,0,0,0,2,0,7,60,2,1981,1981,4,5,0,2,0,0,0,0
1361810,3,2024,2024,1,4,7,16,27,3,3,0,1,1,-31.65064,152.562374,56,1,0,0,3,2,0,0,2,0,7,100,1,273,957,5,10,40,1,0,0,0,0
1361811,3,2024,2024,1,5,3,89,17,144,34609,0,1,1,-34.069702,151.009804,68,0,2,1,3,0,0,0,2,0,7,50,0,1981,1981,4,0,5,4,0,0,0,0
1361813,3,2024,2024,11,2,4,346,17,3,332,0,1,1,-28.872908,153.12913,60,1,0,1,3,0,0,0,2,0,7,100,2,1981,1981,4,5,0,2,0,0,0,0
1361814,3,2024,2024,11,1,0,334,17,31,308,0,1,2,-31.078557,150.850971,70,1,0,1,3,0,0,0,0,0,7,100,2,4026,4026,8,5,40,1,0,0,0,0
1361815,3,2024,2024,5,1,3,26,27,69,34609,0,1,10,-33.353156,151.487311,16,2,2,1,3,0,0,0,2,0,0,50,0,6545,6545,4,10,0,2,0,0,0,0
1361817,3,2024,2024,1,0,10,2,1,21,34609,0,1,1,-34.544218,150.866943,62,0,2,0,3,0,0,0,0,0,7,50,0,1957,4009,1,5,13,2,0,0,0,0
1361821,3,2024,2024,11,6,10,17,10,63,34609,0,1,1,-33.238786,151.499751,16,2,2,1,3,0,0,0,4,0,7,50,0,1109,787,1,9,5,2,0,0,0,0
1361823,3,2024,2024,11,5,9,110,31,433,34609,0,1,7,-33.268729,149.096732,52,2,1,1,3,0,0,0,0,0,0,50,0,6545,6545,4,0,0,2,0,0,0,0
1361825,3,2024,2024,11,4,7,123,36,7,90,0,1,1,-31.827543,151.890492,43,2,1,0,3,0,0,0,2,0,7,80,1,2585,4009,8,5,40,1,0,0,0,0
1361826,3,2024,2024,11,4,9,15,32,69,34609,0,1,10,-28.550962,153.497449,10,2,1,1,3,0,0,0,0,0,0,50,0,6545,6545,4,5,13,2,0,0,0,0
1361828,3,2024,2024,11,3,1,2,4,89,34609,0,1,1,-28.213528,153.520122,72,2,1,0,3,0,0,0,0,0,7,50,0,1957,4009,1,5,0,2,0,0,0,0
1361836,3,2024,2024,11,3,7,17,31,69,34609,0,1,10,-28.556461,153.500267,10,2,1,1,3,0,0,0,2,0,0,50,0,6545,6545,4,10,5,2,0,0,0,0
1361839,3,2024,2024,11,4,4,23,27,164,21,1,0,1,-33.740828,150.887452,7,0,2,1,3,0,0,0,2,0,7,60,1,1282,1282,1,8,5,2,0,0,0,0
1361840,3,2024,2024,1,2,8,149,10,346,702,0,1,2,-33.872011,151.06557,67,0,2,0,3,0,0,0,3,0,7,80,2,14295,14295,3,0,0,2,0,0,0,0
1361842,3,2024,2024,11,0,7,12,27,443,34609,0,1,1,-33.895471,151.066849,67,0,2,1,3,0,0,0,2,0,7,50,0,1981,1981,4,30,5,2,0,0,0,0
1361843,3,2024,2024,11,4,8,4,27,19,19,0,1,1,-33.208771,151.487006,16,1,2,1,3,0,3,4,2,0,7,100,2,14295,14295,3,10,5,2,0,0,0,0
1361849,3,2024,2024,11,2,5,334,31,370,256,0,1,10,-34.070701,150.811758,13,0,2,0,3,0,0,3,2,2,7,60,2,1282,1282,1,5,5,2,0,0,0,0
1361851,3,2024,2024,11,6,7,92,31,363,34609,0,1,1,-33.754252,150.700437,55,0,2,1,1,0,0,0,2,0,7,40,0,3775,3775,0,0,13,2,0,0,0,0
1361856,3,2024,2024,1,6,1,2261,17,70,2252,0,1,2,-34.626314,150.20303,78,1,0,0,3,0,0,0,0,0,7,110,2,14295,14295,3,3,2,2,0,0,0,0
1361858,3,2024,2024,11,0,5,2,6,57,34609,0,1,9,-32.989024,151.69386,37,0,2,1,3,0,0,0,2,0,7,60,0,5929,5929,1,5,5,2,0,0,0,0
1361859,3,2024,2024,11,4,8,1,31,64,34609,0,1,1,-32.948679,151.691747,48,0,2,1,3,0,0,0,3,0,7,50,0,14295,14295,3,5,13,2,0,0,0,0
1361864,3,2024,2024,11,1,4,147,27,72,605,0,1,1,-33.828621,151.229332,49,0,2,1,3,0,0,0,2,0,7,60,2,14295,14295,3,0,22,2,0,0,0,0
1361866,3,2024,2024,11,2,5,31,24,85,36,0,1,1,-33.748346,151.115033,36,0,2,0,3,0,0,0,2,0,7,60,1,14295,14295,3,5,36,2,0,0,0,0
1361869,3,2024,2024,1,5,2,32,10,172,917,0,1,10,-32.762283,151.596182,42,2,1,1,3,0,0,0,1,2,7,60,2,1282,1282,1,5,10,2,0,0,0,0
1361872,3,2024,2024,11,6,10,1,27,16,34609,0,1,1,-31.452841,151.71216,51,1,0,1,3,2,0,0,0,0,7,100,0,945,945,5,5,40,1,0,0,0,0
1361874,3,2024,2024,11,6,7,2209,17,70,2205,0,1,2,-34.83949,150.595096,63,2,1,1,3,0,0,0,2,0,7,70,2,623,623,3,5,0,2,0,0,0,0
1361876,3,2024,2024,11,5,2,2,31,143,34609,0,1,1,-33.704023,151.103349,31,0,2,1,3,0,0,0,1,0,7,50,0,9859,9859,1,5,0,2,0,0,0,0
1361879,3,2024,2024,11,5,7,280,10,54,240,0,1,9,-33.849288,150.876429,24,0,2,0,3,0,0,0,2,2,7,60,2,14295,14295,3,8,5,2,0,0,0,0
1361880,3,2024,2024,1,5,5,26,17,113,13,0,1,1,-29.419148,149.841497,51,1,0,1,3,0,0,3,2,0,7,100,2,1945,1945,5,0,40,1,0,0,0,0
1361885,3,2024,2024,11,1,9,485,27,50,769,0,1,9,-33.633096,150.844857,29,2,2,1,3,0,0,0,0,0,15,80,2,926,926,4,5,13,2,0,0,0,0
1361886,3,2024,2024,11,0,7,8,27,293,34609,0,1,9,-33.918892,151.062813,15,0,2,1,3,0,0,0,2,0,7,50,0,2585,777,1,0,13,2,0,0,0,0
1361888,3,2024,2024,1,2,7,8,27,271,34609,0,1,7,-33.947991,151.012976,15,0,2,0,3,0,0,0,2,0,0,60,0,5929,5929,1,0,12,2,0,0,0,0
1361889,3,2024,2024,11,2,5,26,27,118,34609,0,1,9,-33.34978,151.289942,16,2,2,0,3,0,0,0,2,0,0,80,0,6545,6545,4,0,5,2,0,0,0,0
1361893,3,2024,2024,1,4,7,481,17,113,483,0,1,2,-29.543962,149.840902,51,1,0,1,3,0,0,0,2,0,7,110,2,9859,9859,8,0,40,1,0,0,0,0
1361895,3,2024,2024,11,6,5,2,31,226,34609,0,1,10,-33.773113,150.825877,7,0,2,1,3,0,0,0,2,0,0,50,0,6545,6545,4,5,5,3,0,0,0,0
1361900,3,2024,2024,11,6,7,101,10,239,35,0,1,10,-34.032279,151.122011,68,0,2,1,3,0,0,0,2,0,7,60,2,5929,5929,1,5,5,2,0,0,0,0
1361905,3,2024,2024,11,0,5,8,24,29,34609,0,1,1,-35.139194,147.337118,75,2,1,1,3,0,0,0,2,0,7,50,0,14295,14295,3,0,0,2,0,0,0,0
1361909,3,2024,2024,11,4,8,24,31,290,28,0,1,10,-33.845735,150.979626,21,0,2,1,3,0,0,0,3,2,7,50,1,5929,5929,1,19,12,2,0,0,0,0
1361910,3,2024,2024,11,3,4,3,31,12,34609,0,1,1,-33.802871,151.2691,50,0,2,1,3,0,0,0,2,0,7,50,0,220,220,8,0,40,2,0,0,0,0
1361915,3,2024,2024,1,6,6,4,1,127,34609,0,1,9,-33.824329,150.825826,24,0,2,1,3,0,0,0,2,2,7,60,0,1669,1669,3,29,19,2,0,0,0,0
1361918,3,2024,2024,11,0,5,2209,17,17,2205,0,1,1,-35.546753,150.2878,63,1,0,0,3,0,0,0,2,0,7,100,2,1089,1089,7,0,40,1,0,0,0,0
1361919,3,2024,2024,1,1,5,20,31,135,101,0,1,1,-32.898918,151.734704,48,0,2,1,3,0,0,0,2,0,7,50,2,9859,9859,1,5,5,3,0,0,0,0
1361922,3,2024,2024,11,5,11,59,31,107,321,0,1,1,-33.880028,151.19988,69,0,2,1,3,0,0,0,0,0,7,50,2,1282,1282,1,5,5,2,0,0,0,0
1361924,3,2024,2024,11,0,3,2126,17,17,2149,0,1,2,-33.705709,150.585138,8,2,2,1,3,0,0,0,2,0,7,80,2,404,404,8,0,40,1,0,0,0,0
1361930,3,2024,2024,1,5,8,21,27,112,34609,0,1,1,-33.695787,151.034399,31,0,2,1,3,0,0,0,3,0,7,50,0,4026,4026,8,34,40,1,0,0,0,0
1361932,3,2024,2024,11,1,4,916,17,17,917,0,1,1,-32.152035,150.884352,73,2,1,1,3,0,0,0,2,0,7,80,2,14295,14295,3,5,13,2,0,0,0,0
1361942,3,2024,2024,8,5,10,77,31,445,563,0,1,10,-33.872158,151.042277,21,0,2,1,2,0,3,4,0,2,7,70,2,5929,5929,1,5,5,2,0,0,0,0
1361946,3,2024,2024,8,3,8,51,27,85,34609,0,1,10,-33.910862,150.875157,41,0,2,1,0,0,0,0,2,2,7,50,0,5929,5929,1,5,5,2,0,0,0,0
1361974,3,2024,2024,6,3,0,485,27,232,769,0,1,9,-33.674815,150.910907,71,0,2,0,2,0,3,4,0,2,7,80,2,926,926,4,5,5,2,0,0,0,0
1361976,3,2024,2024,6,3,5,62,27,63,166,0,1,7,-33.249734,151.482615,16,2,2,1,0,0,0,0,2,0,0,70,2,14295,14295,3,10,5,2,0,0,0,0
1361996,3,2024,2024,5,4,0,2,31,57,34609,0,1,1,-32.971419,151.689308,37,0,2,0,2,0,3,4,0,0,7,50,0,1957,4009,1,0,5,2,0,0,0,0
1362009,3,2024,2024,5,2,11,1104,14,445,962,0,1,3,-33.84392,151.04598,54,0,2,0,0,0,0,0,0,0,7,90,2,14295,14295,3,5,5,2,0,0,0,0
1362027,3,2024,2024,1,4,1,4,36,433,34609,0,1,1,-33.255248,149.090743,52,2,1,1,2,0,0,0,0,0,7,50,0,9859,9859,1,5,13,2,0,0,0,0
1362030,3,2024,2024,5,2,8,1,31,290,34609,0,1,1,-33.952226,151.126208,4,0,2,1,1,0,0,0,3,0,7,50,0,9859,9859,1,5,5,5,0,0,0,0
1362036,3,2024,2024,5,1,3,1104,14,323,962,0,1,3,-33.800045,150.864105,7,0,2,1,2,0,0,0,1,0,7,100,2,1383,1383,1,8,5,2,0,0,0,0
1362046,3,2024,2024,1,3,2,2209,17,22,2205,0,1,9,-36.127346,150.07513,23,1,0,0,2,0,0,0,0,0,7,100,2,1259,5151,8,0,40,1,0,0,0,0
1362050,3,2024,2024,1,6,7,16,31,215,34609,0,1,2,-35.114009,147.369962,75,2,1,1,1,0,0,0,2,0,7,50,0,186,186,1,5,5,2,0,0,0,0
1362065,3,2024,2024,1,1,7,2126,17,445,2149,0,1,9,-33.848129,151.048172,21,0,2,1,0,0,0,0,2,2,7,60,2,515,515,1,3,25,2,0,0,0,0
1362066,3,2024,2024,1,1,4,14,27,17,34609,0,1,1,-33.749557,150.819118,7,0,2,1,0,0,0,0,2,0,7,50,0,9859,9859,1,5,5,2,0,0,0,0
1362087,3,2024,2024,1,5,0,4,1,293,34609,1,0,1,-33.929643,151.056485,15,0,2,1,2,0,0,0,0,0,7,50,0,9859,9859,1,10,5,3,0,0,0,0
1362111,3,2024,2024,1,3,1,475,31,253,34609,0,1,9,-33.959677,151.09988,25,0,2,1,2,0,0,0,0,0,0,50,0,9859,9859,1,5,0,2,0,0,0,0
1362119,3,2024,2024,11,3,4,2261,17,32,2252,0,1,2,-34.829967,148.977408,82,1,0,0,0,0,0,0,2,0,7,110,2,2585,4009,8,29,40,1,0,0,0,0
1362133,3,2024,2024,1,6,0,4,31,84,34609,0,1,1,-33.883233,150.945191,24,0,2,1,2,0,0,0,0,0,7,50,0,9859,9859,1,9,5,3,0,0,0,0
1362146,3,2024,2024,1,0,10,15,31,346,38,0,1,10,-33.875226,151.097691,9,0,2,1,2,0,0,0,0,2,7,50,1,5929,5929,1,5,5,2,0,0,0,0
1362154,3,2024,2024,1,1,7,334,17,56,308,0,1,1,-31.460772,152.756276,56,2,1,1,0,0,0,0,2,0,7,80,2,3775,3775,0,5,5,2,0,0,0,0
1362157,3,2024,2024,11,3,5,4,31,562,34609,0,1,10,-32.261236,148.615004,22,2,1,1,0,0,0,0,2,0,0,50,0,6545,6545,4,5,5,2,0,0,0,0
1362169,3,2024,2024,11,5,1,2209,17,70,2205,0,1,9,-34.860059,150.599659,63,2,1,0,2,0,0,0,0,2,7,70,2,4552,985,8,5,40,1,0,0,0,0
1362180,3,2024,2024,11,6,3,92,27,129,244,1,0,1,-33.895489,151.107804,9,0,2,1,0,0,0,0,2,0,7,60,2,1192,1192,1,9,5,2,0,0,0,0
1362182,3,2024,2024,1,3,8,485,27,52,769,0,1,9,-33.700043,150.928583,7,0,2,1,1,0,0,0,2,2,7,80,2,14295,14295,3,0,0,2,0,0,0,0
1362187,3,2024,2024,1,3,4,4,27,91,34609,0,1,1,-32.960066,151.64184,37,0,2,1,1,0,3,4,2,0,7,50,0,945,945,5,15,40,1,0,0,0,0
1362189,3,2024,2024,11,3,0,1,7,137,34609,0,1,1,-32.960546,151.700416,37,0,2,1,2,0,0,0,0,0,7,50,0,9859,9859,1,5,5,2,0,0,0,0
1362199,3,2024,2024,1,1,5,2,25,363,34609,0,1,1,-33.730856,150.697204,55,0,2,1,0,0,0,0,2,0,7,50,0,9859,9859,1,5,0,3,0,0,0,0
1362228,3,2024,2024,1,2,11,12,31,24,34609,0,1,1,-32.903346,151.783727,48,0,2,1,0,0,0,0,0,0,7,50,0,4026,4026,1,0,13,2,0,0,0,0
1362229,3,2024,2024,1,2,11,3,1,6,34609,0,1,1,-33.937896,151.134808,4,0,2,1,2,0,3,2,0,0,7,50,0,9859,9859,1,0,5,3,0,0,0,0
1362232,3,2024,2024,1,0,11,7,31,80,34609,0,1,9,-34.552686,146.375071,51,2,1,0,2,0,3,3,0,0,0,60,0,1259,5151,8,5,40,1,0,0,0,0
1362239,3,2024,2024,11,2,2,3371,17,9,3342,0,1,2,-29.202372,153.268381,60,1,0,1,0,0,0,0,0,0,7,110,2,4026,4026,8,10,40,1,0,0,0,0
1362241,3,2024,2024,1,3,2,6,10,29,13,0,1,1,-33.75141,150.7965,7,0,2,0,2,0,0,0,0,0,7,50,1,2585,4009,8,5,40,1,0,0,0,0
1362254,3,2024,2024,1,4,3,4,27,49,19,0,1,1,-33.204964,151.505806,16,2,2,1,0,0,0,0,2,0,7,80,2,14295,14295,3,33,5,2,0,0,0,0
1362274,3,2024,2024,11,6,1,2126,17,104,2149,0,1,9,-33.835001,151.021825,54,0,2,1,2,0,0,0,0,0,7,60,2,3775,3775,0,5,5,2,0,0,0,0
1362301,3,2024,2024,1,3,0,50,27,169,382,0,1,9,-33.774196,150.838026,7,0,2,0,2,0,0,0,0,0,0,60,2,2585,777,8,5,40,1,0,0,0,0
1362303,3,2024,2024,11,1,7,2,31,58,34609,1,0,1,-34.405598,150.888541,80,0,2,1,1,0,0,0,2,0,7,50,0,9859,9859,1,5,5,3,0,0,0,0
1362316,3,2024,2024,11,0,11,74,27,56,59,0,1,2,-34.465663,150.873255,80,0,2,1,2,0,0,0,0,0,7,80,2,14295,14295,3,5,13,2,0,0,0,0
1362334,3,2024,2024,1,2,10,31,27,79,33,0,1,7,-33.587494,150.703862,29,2,2,0,3,0,2,6,0,0,0,70,1,2585,4009,8,30,40,1,0,0,0,0
1362338,3,2024,2024,11,3,1,6,31,90,34609,0,1,1,-32.920082,151.742424,48,0,2,1,2,0,0,0,0,0,7,50,0,9859,9859,1,5,0,3,0,0,0,0
1362349,3,2024,2024,1,5,8,112,17,207,112,0,1,10,-31.953121,141.474048,51,2,1,1,0,0,0,0,2,0,0,50,2,6545,6545,4,10,32,2,0,0,0,0
1362355,3,2024,2024,11,4,11,9,27,42,29,0,1,4,-33.73944,151.271413,50,0,2,0,2,0,0,0,0,0,7,50,1,2585,4009,8,10,40,1,0,0,0,0
1362370,3,2024,2024,11,2,9,8,31,609,34609,0,1,1,-33.790306,150.913511,7,0,2,1,2,0,0,0,0,0,7,50,0,9859,9859,1,10,5,2,0,0,0,0
1362376,3,2024,2024,1,4,6,44,27,23,126,0,1,7,-32.772358,151.859783,57,2,1,0,0,0,3,3,2,0,0,80,2,6545,6545,4,30,0,2,0,0,0,0
1362383,3,2024,2024,1,3,9,35,27,91,96,0,1,1,-32.965498,151.656279,37,0,2,0,2,0,0,0,0,2,7,60,2,1981,1981,4,9,13,2,0,0,0,0
1362388,3,2024,2024,11,0,11,1,27,27,34609,0,1,1,-33.684093,150.347942,8,2,2,0,0,2,0,0,0,0,7,50,0,2585,4009,8,5,40,1,0,0,0,0
1362389,3,2024,2024,6,2,10,67,27,225,68,0,1,1,-33.80238,151.185101,77,0,2,1,2,0,3,0,0,0,7,50,1,190,190,1,0,5,3,0,0,0,0
1362394,3,2024,2024,1,2,5,29,1,14,52,0,1,9,-33.715521,150.770384,7,0,2,1,0,0,0,0,2,0,0,60,1,6545,6545,4,5,5,2,0,0,0,0
1362401,3,2024,2024,1,4,7,177,22,239,176,0,1,2,-34.041486,151.121672,68,0,2,1,1,0,0,0,2,0,7,60,2,248,248,1,5,5,2,0,0,0,0
1362403,3,2024,2024,1,4,1,2,1,323,34609,0,1,1,-33.755158,150.980158,71,0,2,0,2,0,0,0,0,0,7,50,0,2585,4009,1,0,5,2,0,0,0,0
1362407,3,2024,2024,5,5,1,4,27,31,34609,0,1,9,-33.87278,151.035755,21,0,2,1,0,0,0,0,0,0,7,50,0,9859,9859,1,0,5,2,0,0,0,0
1362410,3,2024,2024,1,6,6,77,31,163,69,0,1,1,-33.865429,151.104996,14,0,2,1,0,0,0,0,2,0,7,60,2,1109,787,1,10,5,2,0,0,0,0
1362411,3,2024,2024,1,2,1,103,36,24,103,0,1,1,-32.006444,151.976164,43,1,0,1,0,0,0,0,0,0,7,90,1,1089,1089,7,10,40,1,0,0,0,0
1362412,3,2024,2024,5,0,11,28,27,94,34609,0,1,10,-33.778532,150.792819,55,0,2,1,2,0,0,0,0,2,7,50,0,4552,985,8,10,40,1,0,0,0,0
1362417,3,2024,2024,0,1,9,83,31,44,34609,0,1,1,-33.089085,147.152027,51,2,1,1,2,0,0,0,0,0,7,50,0,945,945,5,10,40,1,0,0,0,0
1362426,3,2024,2024,1,2,0,515,14,38,518,0,1,3,-33.943748,151.072652,15,0,2,1,3,0,0,0,0,0,7,100,2,1383,1383,1,5,5,2,0,0,0,0
1362429,3,2024,2024,5,5,5,125,27,55,123,0,1,2,-33.364684,151.458674,16,2,2,1,3,0,3,3,2,0,7,60,2,4026,4026,8,30,40,1,0,0,0,0
1362436,3,2024,2024,11,0,6,478,17,96,480,0,1,1,-33.43685,151.368363,16,2,2,1,3,0,0,0,2,0,7,70,2,9859,9859,8,30,40,1,0,0,0,0
1362437,3,2024,2024,11,6,0,175,27,609,220,0,1,2,-33.768873,150.912216,7,0,2,1,3,0,0,0,0,0,7,60,2,4026,4026,8,5,40,1,0,0,0,0
1362441,3,2024,2024,11,3,10,294,17,26,288,0,1,1,-34.617941,146.057674,51,1,0,0,3,0,0,0,0,0,7,110,2,1089,1089,7,5,40,1,0,0,0,0
1362446,3,2024,2024,11,0,8,103,27,149,167,0,1,10,-33.987513,151.134911,25,0,2,1,3,0,0,0,3,3,7,60,2,14295,14295,3,5,0,2,0,0,0,0
1362450,3,2024,2024,11,4,4,125,27,17,123,0,1,2,-33.343633,151.429171,16,2,2,1,3,0,0,0,2,0,7,70,2,14295,14295,3,21,0,3,0,0,0,0
1362451,3,2024,2024,11,2,4,485,27,323,769,0,1,9,-33.767804,150.998335,71,0,2,1,3,0,0,0,2,2,7,60,2,14295,14295,3,5,36,2,0,0,0,0
1362452,3,2024,2024,11,3,7,5,31,64,34609,0,1,1,-33.948974,151.004868,15,0,2,1,3,0,3,0,2,0,7,50,0,9859,9859,1,5,0,2,0,0,0,0
1362456,3,2024,2024,11,4,6,33,1,22,34609,0,1,7,-33.921258,150.888468,41,0,2,1,3,0,0,0,2,0,0,50,0,150,150,4,10,22,3,0,0,0,0
1362458,3,2024,2024,11,6,4,485,27,40,769,0,1,2,-33.729606,150.972307,71,0,2,1,3,0,0,0,2,0,7,70,2,1282,1282,1,5,5,2,0,0,0,0
1362459,3,2024,2024,11,5,11,117,27,78,144,0,1,10,-33.858415,151.092258,14,0,2,1,3,0,0,0,0,2,7,60,2,5929,5929,1,5,5,2,0,0,0,0
1362462,3,2024,2024,11,6,4,3371,17,149,3342,0,1,7,-33.345135,151.369707,16,2,2,1,3,0,0,0,2,0,0,60,2,5929,5929,1,0,0,2,0,0,0,0
1362464,3,2024,2024,11,1,9,7,31,253,34609,0,1,1,-33.960525,151.099804,25,0,2,1,3,0,0,0,0,0,7,50,0,9859,9859,1,10,5,2,0,0,0,0
1362465,3,2024,2024,11,1,7,2,31,36,34609,0,1,1,-35.449521,149.801635,58,2,1,1,3,0,0,0,2,0,7,50,0,9859,9859,8,30,40,1,0,0,0,0
1362468,3,2024,2024,11,4,8,8,1,89,34609,0,1,1,-33.855396,150.887518,24,0,2,1,3,0,0,0,2,0,7,50,0,9859,9859,8,0,40,1,0,0,0,0
1362470,3,2024,2024,11,2,5,3371,17,207,3342,0,1,1,-33.57038,151.19196,31,0,2,1,3,0,0,0,2,0,7,70,2,14295,14295,3,0,5,2,0,0,0,0
1362471,3,2024,2024,11,5,7,62,27,7,166,0,1,9,-33.241795,151.454085,16,2,2,0,3,0,0,0,2,0,0,80,2,14295,14295,3,5,13,2,0,0,0,0
1362475,3,2024,2024,11,4,5,3,31,316,34609,0,1,9,-31.447653,152.915058,56,2,1,1,3,0,3,3,2,0,0,50,0,6545,6545,4,10,36,2,0,0,0,0
1362478,3,2024,2024,11,3,10,34,27,53,34609,0,1,7,-35.130914,147.342618,75,2,1,1,3,0,0,0,0,0,0,60,0,6545,6545,4,0,5,2,0,0,0,0
1362480,3,2024,2024,11,3,3,43,27,316,38,0,1,5,-33.902758,151.241493,59,0,2,1,3,0,0,0,2,0,7,50,1,14295,14295,3,5,0,2,0,0,0,0
1362483,3,2024,2024,11,5,6,481,17,155,483,0,1,1,-33.120199,148.17493,53,2,1,1,3,0,0,0,2,0,7,50,2,248,248,1,21,13,2,0,0,0,0
1362485,3,2024,2024,11,4,8,294,17,6,288,0,1,9,-34.574829,142.742654,51,2,1,1,3,0,0,0,2,0,0,50,2,9859,9859,8,10,40,1,0,0,0,0
1362488,3,2024,2024,11,5,3,44,31,35,34609,0,1,10,-34.366088,150.911941,80,0,2,1,3,0,0,0,2,0,15,50,0,6545,6545,4,5,10,2,0,0,0,0
1362490,3,2024,2024,11,1,6,196,10,115,168,0,1,10,-33.961016,151.050565,25,0,2,1,3,0,0,0,2,2,7,60,2,6545,6545,4,10,5,2,0,0,0,0
1362491,3,2024,2024,11,3,7,39,31,131,34609,0,1,10,-36.07925,146.921118,0,2,1,1,3,0,0,0,2,2,7,50,0,217,217,1,0,5,2,0,0,0,0
1362495,3,2024,2024,11,4,9,344,27,88,163,0,1,9,-33.735669,150.851649,7,0,2,1,3,0,0,0,0,2,7,70,2,5929,5929,1,0,5,2,0,0,0,0
1362497,3,2024,2024,11,2,9,3371,17,27,3342,0,1,2,-30.198319,153.147479,19,1,0,1,3,0,0,0,0,0,7,110,2,1089,1089,7,0,40,1,0,0,0,0
1362500,3,2024,2024,11,3,5,25,31,646,34609,0,1,9,-33.918841,151.035066,15,0,2,1,3,0,0,0,2,0,7,40,0,1391,1391,1,0,5,2,0,0,0,0
1362501,3,2024,2024,11,0,9,255,31,22,70,0,1,9,-31.894444,152.512061,43,2,1,0,3,0,0,3,3,0,7,60,1,5929,5929,1,10,0,2,0,0,0,0
1362503,3,2024,2024,11,0,2,42,36,5,34609,0,1,1,-36.48193,148.570417,65,1,0,1,3,0,0,0,1,0,7,100,0,1089,1089,7,5,40,1,0,0,0,0
1362504,3,2024,2024,11,4,6,72,31,363,34609,0,1,1,-33.819006,151.00034,54,0,2,1,3,0,0,0,2,0,7,40,0,14295,14295,3,5,5,2,0,0,0,0
1362510,3,2024,2024,11,4,8,7,27,433,34609,1,0,7,-33.289482,149.12034,52,2,1,1,3,0,0,0,2,0,0,50,0,256,256,4,5,22,2,0,0,0,0
1362511,3,2024,2024,11,3,6,93,1,154,220,0,1,10,-33.717773,150.954696,71,0,2,1,3,0,0,0,2,2,7,80,2,1391,1391,1,0,5,3,0,0,0,0
1362512,3,2024,2024,11,0,4,6,2,53,34609,0,1,9,-33.920642,150.849326,41,0,2,1,3,0,0,0,2,0,7,50,0,5929,5929,1,0,19,2,0,0,0,0
1362516,3,2024,2024,11,6,6,3,10,323,34609,0,1,1,-33.765687,150.973813,71,0,2,1,3,0,0,0,2,0,7,50,0,1282,1282,1,5,40,1,0,0,0,0
1362517,3,2024,2024,11,4,9,51,31,56,34609,0,1,9,-33.860782,151.174493,32,0,2,1,3,0,3,4,3,0,7,40,0,1282,1282,1,5,13,2,0,0,0,0
1362519,3,2024,2024,11,4,8,2261,17,64,2252,1,0,9,-33.886436,151.070763,67,0,2,1,3,0,0,0,3,0,15,60,2,217,217,1,0,5,2,0,0,0,0
1362520,3,2024,2024,11,5,6,95,27,42,605,0,1,2,-33.656308,151.318742,50,0,2,1,3,0,0,0,2,0,7,50,2,9859,9859,8,0,40,1,0,0,0,0
1362521,3,2024,2024,11,2,2,112,27,370,256,0,1,2,-34.063606,150.824566,13,0,2,0,3,0,0,0,0,0,7,60,2,4552,5151,8,5,40,1,0,0,0,0
1362522,3,2024,2024,11,1,7,161,17,6,161,0,1,1,-35.380657,148.291801,66,1,0,1,3,0,0,0,2,0,7,100,2,1945,1945,5,8,40,1,0,0,0,0
1362525,3,2024,2024,11,2,11,13,31,207,34609,0,1,10,-31.955944,141.466901,51,2,1,1,3,0,0,0,0,0,0,40,0,6545,6545,4,5,13,2,0,0,0,0
1362526,3,2024,2024,11,3,6,2261,17,70,2252,0,1,2,-34.622266,150.208865,78,1,0,1,3,0,0,0,2,0,7,110,2,4026,4026,8,30,40,1,0,0,0,0