Crash ID,Degree of crash - detailed,Reporting year,Year of crash,Month of crash,Day of week of crash,Two-hour intervals,Street of crash,Street type,Town,Route no.,School zone location,School zone active,Type of location,Latitude,Longitude,LGA,Urbanisation,Conurbation 1,Alignment,Street lighting,Road surface,Surface condition,Weather,Natural lighting,Signals operation,Other traffic control,Speed limit,Road classification,RUM - code,DCA - code,First impact type,Key TU type,Other TU type,No. of traffic units involved,No. killed,No. seriously injured,No. moderately injured,No. minor-other injured
1362528,3,2024,2024,11,2,7,45,27,337,45,0,1,2,-33.730878,151.017311,31,0,2,0,3,0,0,0,2,0,7,60,2,1391,1391,1,5,0,2,0,0,0,0
1362537,3,2024,2024,11,0,5,43,27,5,46,0,1,1,-28.29329,153.566313,72,2,1,1,3,0,3,4,2,0,7,80,1,14295,14295,3,5,13,3,0,0,0,0
1362539,3,2024,2024,11,2,7,31,1,234,139,0,1,2,-34.288977,146.054902,28,2,1,1,0,0,0,0,2,0,7,50,2,941,941,1,5,5,2,0,0,0,0
1362540,3,2024,2024,11,5,6,33,23,6,34609,0,1,1,-32.729545,152.038708,57,2,1,1,3,0,0,0,2,0,7,50,0,9859,9859,1,10,36,2,0,0,0,0
1362542,3,2024,2024,11,2,1,1,1,37,34609,1,0,9,-33.880618,150.689835,41,0,2,0,3,0,0,0,0,0,7,60,0,5929,5929,1,0,19,2,0,0,0,0
1362544,3,2024,2024,1,4,6,48,27,21,62,0,1,1,-35.764281,148.014042,66,2,1,0,3,0,0,0,2,0,7,60,2,1981,1981,4,9,10,2,0,0,0,0
1362545,3,2024,2024,11,0,11,103,36,8,157,0,1,9,-28.77018,152.985046,60,1,0,0,3,0,3,4,0,0,0,100,2,2585,777,8,0,40,1,0,0,0,0
1362548,3,2024,2024,11,6,4,1,27,73,34609,0,1,9,-33.718287,150.708967,55,0,2,1,3,0,0,0,2,0,7,50,0,5929,5929,1,5,5,2,0,0,0,0
1362549,3,2024,2024,11,4,5,916,17,165,917,0,1,9,-32.267171,150.888045,46,2,1,0,3,0,0,0,2,0,0,50,2,14295,14295,3,9,41,3,0,0,0,0
1362551,3,2024,2024,5,2,10,22,27,5,34609,0,1,1,-32.700162,149.924415,44,1,0,0,3,0,0,0,0,0,7,100,0,1089,1089,7,0,40,1,0,0,0,0
1362552,3,2024,2024,1,5,6,234,27,337,47,0,1,10,-33.734808,151.003104,71,0,2,1,3,0,0,0,2,2,7,60,2,14295,14295,3,5,5,2,0,0,0,0
1362556,3,2024,2024,11,4,7,1052,27,104,262,0,1,2,-32.90847,151.699371,48,0,2,1,3,0,0,0,2,0,7,60,2,14295,14295,3,5,22,2,0,0,0,0
1362559,3,2024,2024,11,4,6,2209,17,176,2205,0,1,10,-33.969866,151.134905,25,0,2,1,3,0,0,0,2,2,7,60,2,6545,6545,4,5,5,2,0,0,0,0
1362562,3,2024,2024,11,4,5,72,14,174,71,0,1,3,-33.89511,151.216255,69,0,2,1,3,0,0,0,2,0,7,80,2,404,404,8,0,40,1,0,0,0,0
1362565,3,2024,2024,11,0,3,9,31,445,34609,0,1,9,-33.866753,151.040493,21,0,2,1,3,0,0,0,4,0,0,50,0,5929,5929,1,0,12,2,0,0,0,0
1362566,3,2024,2024,11,6,2,23,27,16,49,1,0,10,-29.853956,151.117043,33,2,1,1,3,0,0,0,1,0,0,50,1,6545,6545,4,0,0,2,0,0,0,0
1362568,3,2024,2024,11,1,4,87,31,33,34609,0,1,1,-34.774728,150.698405,63,2,1,1,3,0,0,0,2,0,7,50,0,1981,1981,4,10,5,2,0,0,0,0
1362569,3,2024,2024,11,5,6,26,27,71,38,1,0,1,-33.839703,150.967194,21,0,2,1,3,0,0,0,2,0,7,60,1,1981,1981,4,5,13,2,0,0,0,0
1362575,3,2024,2024,1,5,4,3371,17,143,3342,0,1,9,-33.702338,151.099295,31,0,2,1,3,0,0,0,2,2,7,60,2,14295,14295,3,9,5,3,0,0,0,0
1362577,3,2024,2024,11,1,7,81,27,44,115,0,1,1,-33.802815,150.896008,7,0,2,1,3,0,0,0,2,0,7,60,2,14295,14295,3,0,5,4,0,0,0,0
1362578,3,2024,2024,11,6,0,2,10,609,34609,0,1,1,-33.782715,150.887342,7,0,2,1,3,0,0,0,0,0,7,50,0,4026,4026,1,0,0,3,0,0,0,0
1362579,3,2024,2024,11,2,8,3,27,16,34609,0,1,1,-33.734814,150.650513,55,0,2,1,3,0,0,0,3,0,7,50,0,9859,9859,1,5,0,2,0,0,0,0
1362582,3,2024,2024,11,6,6,1,18,112,34609,0,1,1,-33.689261,151.017038,71,0,2,1,3,0,0,0,2,0,7,50,0,1981,1981,4,0,5,2,0,0,0,0
1362583,3,2024,2024,1,5,7,1052,14,149,928,0,1,3,-33.341168,151.372394,16,1,2,1,3,0,0,0,2,0,7,110,2,404,404,8,30,40,1,0,0,0,0
1362584,3,2024,2024,11,6,3,478,17,96,480,1,0,2,-33.438559,151.381005,16,2,2,0,3,0,0,0,2,0,7,60,2,14295,14295,3,9,5,2,0,0,0,0
1362586,3,2024,2024,11,6,8,43,1,32,144,0,1,1,-33.756673,150.820999,7,0,2,1,3,0,0,0,2,0,7,60,2,14295,14295,3,5,12,2,0,0,0,0
1362589,3,2024,2024,1,2,3,481,17,20,483,0,1,1,-31.02234,149.402666,51,1,0,1,3,0,0,0,2,0,7,110,2,945,945,5,3,40,1,0,0,0,0
1362594,3,2024,2024,11,6,6,20,27,108,31,1,0,11,-33.762447,151.269776,50,0,2,0,3,0,0,0,2,0,0,50,1,1957,4009,8,8,40,1,0,0,0,0
1362597,3,2024,2024,11,5,7,3,31,112,34609,0,1,10,-36.059081,146.943474,0,2,1,1,3,0,0,0,2,0,0,50,0,6545,6545,4,10,5,2,0,0,0,0
1362599,3,2024,2024,11,5,7,1,10,316,121,0,1,10,-31.432857,152.897705,56,2,1,1,3,0,0,0,2,0,7,50,1,9859,9859,8,5,40,1,0,0,0,0
1362602,3,2024,2024,11,3,8,12,1,55,34609,0,1,1,-36.247051,149.123436,65,2,1,1,3,0,0,3,0,0,7,50,0,9859,9859,8,0,40,1,0,0,0,0
1362604,3,2024,2024,11,1,0,27,31,609,34609,0,1,7,-33.766658,150.910831,7,0,2,1,3,0,0,0,0,0,0,50,0,9859,9859,8,5,40,1,0,0,0,0
1362607,3,2024,2024,11,3,5,2,31,76,34609,0,1,9,-35.361842,150.47595,63,2,1,1,3,0,0,3,2,0,0,50,0,175,188,8,5,40,1,0,0,0,0
1362617,3,2024,2024,8,2,1,3,6,11,34609,0,1,9,-32.929522,151.682332,37,0,2,1,2,0,0,0,0,0,7,50,0,9859,9859,1,5,5,2,0,0,0,0
1362640,3,2024,2024,6,0,10,153,27,7,34609,0,1,1,-31.441006,152.745158,56,1,0,0,0,0,3,0,0,0,7,100,0,1957,4009,8,5,40,1,0,0,0,0
1362646,3,2024,2024,6,6,7,2,31,26,49,0,1,1,-31.497615,150.68105,51,2,1,1,1,0,0,0,2,0,7,50,1,248,248,1,10,5,2,0,0,0,0
1362667,3,2024,2024,5,4,10,2,27,172,34609,0,1,1,-32.760246,151.591205,42,2,1,0,0,0,0,0,0,0,7,50,0,4552,5151,1,9,5,2,0,0,0,0
1362686,3,2024,2024,5,4,3,224,27,26,321,0,1,1,-33.913557,151.201196,69,0,2,1,0,0,0,0,1,0,7,50,2,4026,4026,8,34,40,1,0,0,0,0
1362697,3,2024,2024,5,5,8,1,18,2,34609,0,1,1,-29.612894,152.885911,18,2,1,1,0,0,3,4,0,0,7,50,0,1089,1089,7,0,40,1,0,0,0,0
1362714,3,2024,2024,1,2,0,79,31,149,96,0,1,9,-33.865794,151.166962,32,0,2,1,2,0,0,0,0,0,0,50,2,9859,9859,1,0,5,3,0,0,0,0
1362721,3,2024,2024,1,4,11,34,1,443,34609,0,1,10,-33.909838,151.05968,15,0,2,1,2,0,0,0,0,0,15,50,0,4552,985,8,5,40,2,0,0,0,0
1362725,3,2024,2024,5,3,1,30,27,166,52,0,1,9,-33.904054,151.172846,32,0,2,1,2,0,0,0,0,0,7,60,1,1282,1282,1,33,5,2,0,0,0,0
1362755,3,2024,2024,11,6,7,6,27,132,17,0,1,10,-29.767639,151.102588,33,2,1,1,1,0,0,0,2,0,0,50,1,6545,6545,4,5,0,2,0,0,0,0
1362779,3,2024,2024,1,1,8,169,1,92,94,0,1,9,-33.881533,150.970985,24,0,2,1,1,0,0,0,2,0,7,60,1,2852,2852,4,5,5,2,0,0,0,0
1362795,3,2024,2024,11,5,10,481,17,22,483,0,1,1,-28.740303,150.267555,51,1,0,1,0,0,0,0,0,0,7,110,2,1089,1089,7,29,40,1,0,0,0,0
1362798,3,2024,2024,11,3,6,104,27,137,140,1,0,1,-33.921498,151.196629,4,0,2,1,1,0,0,0,2,0,7,60,2,3775,3775,0,10,0,2,0,0,0,0
1362801,3,2024,2024,11,3,9,1,36,48,34609,0,1,1,-28.262674,153.57601,72,2,1,1,0,0,0,0,0,0,7,50,0,1282,1282,1,33,5,2,0,0,0,0
1362810,3,2024,2024,11,4,10,1,22,6,34609,0,1,1,-32.677208,151.361133,17,2,1,1,0,0,0,0,0,0,7,50,0,9859,9859,1,10,5,2,0,0,0,0
1362812,3,2024,2024,11,6,8,18,27,87,34609,0,1,9,-33.677031,150.941595,71,0,2,1,1,0,0,0,2,0,7,50,0,9859,9859,1,5,36,2,0,0,0,0
1362813,3,2024,2024,11,4,10,177,31,174,208,0,1,7,-33.860494,150.927486,24,0,2,1,2,0,0,0,0,0,0,60,1,6545,6545,4,5,0,2,0,0,0,0
1362824,3,2024,2024,3,6,9,109,27,95,382,0,1,2,-33.733956,150.847483,7,0,2,1,1,0,0,0,3,0,7,60,2,14295,14295,3,5,40,2,0,0,0,0
1362838,3,2024,2024,11,0,11,475,10,12,268,0,1,1,-33.874753,150.760991,55,0,2,1,1,0,0,0,0,0,7,60,2,1109,787,1,33,5,2,0,0,0,0
1362841,3,2024,2024,11,4,6,57,1,70,34609,0,1,9,-33.972386,151.107747,25,0,2,1,0,0,0,0,2,0,7,50,0,4552,985,1,0,5,2,0,0,0,0
1362848,3,2024,2024,1,6,9,153,27,188,147,0,1,9,-33.948776,151.108166,4,0,2,0,2,0,3,4,3,0,7,60,2,1282,1282,1,5,5,4,0,0,0,0
1362862,3,2024,2024,11,6,7,48,10,463,32,0,1,9,-30.295287,153.130528,19,2,1,1,1,0,0,0,2,0,0,60,1,2852,2852,4,0,5,2,0,0,0,0
1362866,3,2024,2024,11,3,10,135,17,6,136,0,1,1,-35.596469,145.343821,51,1,0,1,0,0,0,0,0,0,7,100,2,14295,14295,3,5,35,2,0,0,0,0
1362879,3,2024,2024,11,5,5,39,31,102,34609,0,1,9,-31.108462,150.91226,70,2,1,1,0,0,0,0,2,0,7,50,0,9859,9859,1,0,5,3,0,0,0,0
1362882,3,2024,2024,1,3,1,4,27,174,34609,1,0,1,-33.874152,150.927441,24,0,2,1,2,0,0,0,0,0,7,50,0,9859,9859,1,5,0,3,0,0,0,0
1362883,3,2024,2024,11,5,3,125,31,438,44,0,1,9,-33.849243,151.033359,21,0,2,1,1,0,0,0,2,2,7,50,1,6545,6545,4,5,13,2,0,0,0,0
1362894,3,2024,2024,11,0,3,157,17,21,158,0,1,1,-34.450587,144.986658,51,1,0,1,0,0,0,0,2,0,7,110,2,475,475,5,3,40,1,0,0,0,0
1362899,3,2024,2024,1,0,11,37,27,61,105,0,1,1,-33.888031,150.921194,24,0,2,1,2,0,0,0,0,0,7,60,1,9859,9859,1,5,13,2,0,0,0,0
1362913,3,2024,2024,0,3,10,1,25,103,34609,0,1,1,-28.817091,153.352765,39,2,1,1,0,0,0,0,0,0,7,50,0,1282,1282,1,33,0,2,0,0,0,0
1362918,3,2024,2024,11,6,4,3371,17,77,3342,0,1,2,-33.029995,151.660962,37,0,2,1,0,0,0,0,2,0,7,60,2,3775,3775,0,5,5,4,0,0,0,0
1362925,3,2024,2024,11,0,5,21,10,89,34609,0,1,1,-28.222901,153.534523,72,2,1,1,1,0,3,0,2,0,7,50,0,4026,4026,8,5,40,1,0,0,0,0
1362940,3,2024,2024,11,2,10,16,1,96,34609,0,1,1,-33.364845,148.027754,51,2,1,1,0,0,0,0,0,0,7,50,0,489,489,8,5,40,1,0,0,0,0
1362948,3,2024,2024,1,5,5,42,36,44,34609,0,1,9,-30.589388,152.998253,47,1,0,1,0,0,3,4,2,0,0,90,0,5929,5929,1,30,0,2,0,0,0,0
1362957,3,2024,2024,11,3,7,4,7,91,34609,0,1,1,-33.989845,150.900596,13,0,2,0,1,0,0,0,2,0,7,50,0,2585,4009,1,5,13,2,0,0,0,0
1362969,3,2024,2024,11,3,11,165,31,22,369,0,1,1,-33.634832,150.788072,29,2,2,0,2,0,0,0,0,0,7,60,2,1850,1463,5,0,40,1,0,0,0,0
1362989,3,2024,2024,11,3,0,24,27,123,34609,0,1,1,-33.882468,151.226499,81,0,2,0,2,0,0,0,0,0,7,40,0,4552,5151,1,5,5,4,0,0,0,0
1362993,3,2024,2024,11,6,9,1,1,646,563,0,1,9,-33.920587,151.039874,15,0,2,1,2,0,0,0,0,0,0,70,2,256,256,4,5,5,2,0,0,0,0
1362996,3,2024,2024,11,0,11,255,31,2,34609,0,1,1,-31.89558,152.660569,43,2,1,0,2,0,0,0,0,0,7,50,0,4552,5151,8,30,40,1,0,0,0,0
1362998,3,2024,2024,11,0,8,2261,17,646,2252,1,0,10,-33.907195,151.033316,15,0,2,1,2,0,0,0,2,2,7,60,2,9859,9859,1,5,0,2,0,0,0,0
1363011,3,2024,2024,5,6,10,3,1,144,34609,0,1,7,-34.068767,151.010001,68,0,2,0,2,0,0,0,0,0,0,50,0,6545,6545,4,5,0,2,0,0,0,0
1363024,3,2024,2024,8,4,10,3,1,44,34609,0,1,2,-33.213361,151.511873,16,2,2,0,3,0,0,0,0,0,7,50,0,4552,5151,8,5,40,1,0,0,0,0
1363025,3,2024,2024,6,2,10,6,10,40,34609,0,1,1,-34.01383,150.780525,12,0,2,1,3,0,3,4,0,0,7,50,0,4026,4026,8,10,40,1,0,0,0,0
1363026,3,2024,2024,1,2,11,1052,14,87,928,0,1,3,-33.027044,151.478661,37,0,2,1,3,0,0,0,0,0,7,110,2,1089,1089,7,5,40,1,0,0,0,0
1363029,3,2024,2024,11,5,4,42,31,53,34609,0,1,2,-31.090827,150.930033,70,2,1,1,3,0,0,0,2,0,7,40,0,941,941,1,5,13,3,0,0,0,0
1363030,3,2024,2024,8,6,8,2261,17,140,2252,0,1,9,-33.904791,151.003993,15,0,2,1,3,0,0,0,3,0,0,70,2,5929,5929,1,5,5,2,0,0,0,0
1363039,3,2024,2024,11,2,7,866,27,201,44,1,0,10,-33.999958,150.867946,13,0,2,1,3,0,0,0,2,2,7,60,1,5929,5929,1,0,5,2,0,0,0,0
1363041,3,2024,2024,1,4,2,13,7,5,34609,0,1,1,-33.738816,150.630107,8,2,2,1,3,0,0,0,0,0,7,50,0,9859,9859,1,0,5,2,0,0,0,0
1363042,3,2024,2024,11,3,10,3,4,62,34609,0,1,1,-33.72294,150.861812,7,0,2,1,3,0,0,0,0,0,7,50,0,9859,9859,1,5,13,2,0,0,0,0
1363046,3,2024,2024,11,0,8,12,27,60,41,0,1,9,-33.763053,150.758987,55,0,2,1,3,0,0,0,2,0,0,60,1,2852,2852,4,0,5,2,0,0,0,0
1363047,3,2024,2024,11,1,2,8,27,31,38,0,1,1,-33.775849,151.268811,50,0,2,1,3,0,0,0,0,0,7,60,1,9859,9859,8,8,40,1,0,0,0,0
1363048,3,2024,2024,11,6,10,192,31,316,120,0,1,9,-33.919026,151.240784,59,0,2,1,3,0,3,4,0,0,7,50,2,775,775,4,5,19,2,0,0,0,0
1363052,3,2024,2024,11,6,7,117,27,78,144,0,1,10,-33.858415,151.092258,14,0,2,1,3,0,0,0,2,2,7,60,2,14295,14295,3,0,5,2,0,0,0,0
1363055,3,2024,2024,11,2,4,178,27,189,101,0,1,9,-33.942322,151.054122,15,0,2,1,3,0,0,0,2,2,7,50,1,5929,5929,1,0,0,2,0,0,0,0
1363056,3,2024,2024,11,3,6,2261,17,34,2252,0,1,9,-34.787565,149.638916,26,1,0,1,3,0,0,0,2,0,7,110,2,941,941,1,10,5,2,0,0,0,0
1363058,3,2024,2024,11,5,6,81,31,646,80,0,1,1,-33.915687,151.013855,15,0,2,0,3,0,0,0,2,0,7,60,1,1383,1383,1,10,25,2,0,0,0,0
1363060,3,2024,2024,11,3,8,2261,17,49,2252,0,1,2,-34.745038,149.877882,26,1,0,1,3,0,0,0,2,0,7,110,2,14295,14295,3,0,0,2,0,0,0,0
1363061,3,2024,2024,11,4,9,485,27,323,769,0,1,9,-33.767597,150.99832,71,0,2,1,3,0,0,0,3,2,7,60,2,14295,14295,3,0,5,2,0,0,0,0
1363063,3,2024,2024,11,5,7,294,17,56,288,0,1,1,-35.123939,147.403055,75,2,1,0,3,0,0,0,2,0,7,60,2,14295,14295,3,10,5,3,0,0,0,0
1363065,3,2024,2024,11,0,7,11,1,73,34609,1,0,1,-35.141215,147.381687,75,2,1,0,3,0,0,0,2,0,7,50,0,1109,397,1,5,5,2,0,0,0,0
1363066,3,2024,2024,11,4,7,866,17,171,793,0,1,10,-33.807288,150.969468,21,0,2,1,3,0,3,4,2,2,7,70,2,6545,6545,4,0,10,2,0,0,0,0
1363068,3,2024,2024,1,6,9,21,31,316,34609,0,1,9,-31.431406,152.899665,56,2,1,1,3,0,0,0,0,2,7,50,0,5929,5929,1,0,36,2,0,0,0,0
1363071,3,2024,2024,11,4,7,82,31,71,34609,0,1,9,-33.967146,151.077158,25,0,2,1,3,0,3,4,2,0,15,50,0,5929,5929,1,21,0,2,0,0,0,0
1363072,3,2024,2024,11,0,3,2,27,67,34609,0,1,9,-33.660672,150.908523,71,0,2,1,3,0,0,0,2,0,0,70,0,5929,5929,1,10,13,2,0,0,0,0
1363073,3,2024,2024,11,3,9,175,27,609,220,0,1,9,-33.769452,150.912121,7,0,2,1,3,0,0,0,0,2,7,60,2,1391,1391,1,0,5,2,0,0,0,0
1363075,3,2024,2024,11,4,9,3371,17,40,3342,0,1,2,-32.033698,152.465024,43,1,0,0,3,0,3,4,0,0,7,110,2,4552,5151,8,5,40,1,0,0,0,0
1363078,3,2024,2024,11,5,8,51,1,40,34609,0,1,1,-33.693829,150.539465,8,2,2,1,3,0,0,0,2,0,7,50,0,14295,14295,3,0,5,2,0,0,0,0
1363080,3,2024,2024,11,6,3,3,1,247,34609,0,1,9,-33.820106,150.953352,21,0,2,1,1,0,0,3,2,0,7,50,0,4026,4026,8,34,40,1,0,0,0,0
1363082,3,2024,2024,11,6,5,334,17,22,308,0,1,1,-31.360122,152.040476,51,1,0,0,3,0,0,0,2,0,7,100,2,1850,1463,5,10,40,1,0,0,0,0
1363083,3,2024,2024,11,4,8,346,17,103,332,0,1,7,-28.818445,153.328628,39,2,1,1,3,0,0,0,2,0,0,60,2,1192,1192,1,5,35,2,0,0,0,0
1363085,3,2024,2024,11,4,3,98,27,4,34609,0,1,10,-33.358008,151.4966,16,2,2,0,3,0,3,4,2,0,15,50,0,6545,6545,4,5,0,2,0,0,0,0
1363087,3,2024,2024,11,4,4,99,31,609,34609,0,1,7,-33.764633,150.91926,7,0,2,1,3,0,0,0,2,0,7,50,0,6545,6545,4,0,5,2,0,0,0,0
1363089,3,2024,2024,11,1,8,1,25,609,34609,0,1,1,-33.777174,150.919423,7,0,2,1,3,0,0,0,2,0,7,50,0,1981,1981,4,5,5,2,0,0,0,0
1363093,3,2024,2024,11,1,8,4,27,20,34609,0,1,4,-29.613437,153.131748,18,1,0,1,3,0,0,0,2,0,7,100,0,9859,9859,8,10,40,1,0,0,0,0
1363095,3,2024,2024,1,6,7,2,27,56,34609,0,1,1,-33.752136,150.782889,55,0,2,0,3,0,3,4,2,0,7,50,0,3775,3775,0,10,5,2,0,0,0,0
1363096,3,2024,2024,11,3,8,3371,17,53,3342,0,1,9,-33.687475,151.10863,31,0,2,0,3,0,0,0,3,0,15,60,2,775,775,4,5,36,2,0,0,0,0
1363097,3,2024,2024,11,0,3,2126,17,23,2149,0,1,9,-33.818853,150.991686,21,0,2,1,3,0,0,0,1,2,7,60,2,2852,2852,4,5,13,3,0,0,0,0
1363105,3,2024,2024,8,0,7,916,17,25,917,0,1,9,-30.878543,151.159908,70,1,0,1,3,0,0,0,2,0,0,100,2,14295,14295,3,10,25,2,0,0,0,0
1363108,3,2024,2024,11,6,7,18,36,9,8,0,1,1,-35.656052,146.316527,51,1,0,1,3,0,3,4,2,0,7,100,1,4026,4026,8,8,40,1,0,0,0,0
1363109,3,2024,2024,11,5,1,112,17,10,112,0,1,1,-31.73421,142.626172,51,1,0,1,3,0,0,0,0,0,7,110,2,1089,1089,7,10,40,1,0,0,0,0
1363111,3,2024,2024,11,1,8,475,10,78,268,0,1,1,-33.880403,150.791929,55,0,2,1,3,0,0,0,3,0,7,60,2,14295,14295,3,10,13,2,0,0,0,0
1363112,3,2024,2024,1,0,8,2209,17,201,2205,0,1,9,-34.866802,150.602038,63,2,1,0,3,0,0,0,2,2,7,70,2,14295,14295,3,34,5,3,0,0,0,0
1363113,3,2024,2024,11,0,10,4,31,284,34609,0,1,10,-33.907782,151.010716,15,0,2,1,3,0,0,0,4,0,0,50,0,6545,6545,4,0,13,2,0,0,0,0
1363114,3,2024,2024,11,0,5,71,36,3,11,0,1,1,-33.331909,145.832439,51,1,0,1,3,0,0,0,2,0,7,110,2,15,15,1,5,35,2,0,0,0,0
1363121,3,2024,2024,11,4,9,3,1,387,34609,0,1,1,-33.934296,151.191498,4,0,2,1,3,0,0,0,0,0,7,60,0,14295,14295,3,0,5,2,0,0,0,0
1363122,3,2024,2024,11,5,5,91,27,119,187,0,1,9,-33.870864,151.173059,32,0,2,1,3,0,0,0,2,2,4,70,2,1981,1981,4,8,5,2,0,0,0,0
1363123,3,2024,2024,11,4,6,53,31,21,34609,0,1,10,-34.502039,144.847408,51,2,1,1,3,0,0,0,2,0,0,50,0,6545,6545,4,10,13,2,0,0,0,0
1363125,3,2024,2024,11,5,6,50,27,125,51,0,1,7,-33.854279,151.077246,67,0,2,1,3,0,0,0,2,0,0,60,1,395,395,1,5,5,2,0,0,0,0
1363126,3,2024,2024,11,3,8,12,27,56,34609,0,1,10,-32.729081,151.259107,64,2,1,1,3,0,0,0,3,0,0,80,0,1669,1669,3,0,5,2,0,0,0,0
1363127,3,2024,2024,11,3,8,2,31,115,34609,0,1,1,-33.880296,151.188376,69,0,2,1,3,0,0,0,3,0,7,40,0,9859,9859,1,9,5,2,0,0,0,0
1363128,3,2024,2024,11,2,5,2126,17,438,2149,0,1,1,-33.835902,151.023342,21,0,2,1,3,0,0,0,2,0,7,60,2,5929,5929,1,16,5,2,0,0,0,0
1363129,3,2024,2024,11,0,4,3371,17,19,3342,0,1,2,-28.829117,153.529761,2,1,0,0,3,0,3,4,2,0,7,110,2,1259,5151,8,9,40,1,0,0,0,0
1363132,3,2024,2024,11,3,11,1,9,609,34609,0,1,1,-33.78893,150.893553,7,0,2,1,3,0,0,0,0,0,7,50,0,220,220,8,0,40,1,0,0,0,0
1363134,3,2024,2024,11,6,4,4,27,445,34609,0,1,7,-33.871483,151.036025,21,0,2,1,3,0,0,0,2,0,0,50,0,6545,6545,4,5,0,2,0,0,0,0
1363136,3,2024,2024,11,3,6,125,27,22,144,0,1,7,-32.857528,151.802867,57,2,1,1,3,0,3,4,2,0,7,70,2,9859,9859,8,0,40,1,0,0,0,0
1363139,3,2024,2024,11,3,5,60,27,40,167,1,0,10,-34.019054,151.121919,68,0,2,1,3,0,0,0,2,2,7,70,2,14295,14295,3,9,0,3,0,0,0,0
1363140,3,2024,2024,11,1,7,222,27,19,62,0,1,6,-33.696956,150.887324,7,0,2,0,3,0,0,0,2,1,9,60,2,14295,14295,3,0,0,2,0,0,0,0
1363141,3,2024,2024,11,1,7,2,31,284,34609,0,1,1,-33.899168,151.022608,15,0,2,1,3,0,0,0,2,0,7,50,0,14295,14295,3,19,36,2,0,0,0,0
1363142,3,2024,2024,11,0,3,7,36,11,10,0,1,1,-32.514767,147.873894,53,1,0,0,3,0,0,0,2,0,7,100,1,1850,1463,5,29,40,1,0,0,0,0
1363143,3,2024,2024,11,2,5,62,10,70,62,0,1,9,-33.433778,151.346886,16,2,2,1,3,0,0,0,2,0,15,50,2,2852,2852,4,5,0,2,0,0,0,0
1363145,3,2024,2024,11,1,3,1052,14,54,928,0,1,3,-33.462555,151.195961,16,1,2,0,3,0,0,0,2,0,7,110,2,1391,1391,1,8,5,2,0,0,0,0
1363147,3,2024,2024,11,0,9,34,1,316,34609,0,1,1,-31.444577,152.887899,56,2,1,1,3,0,0,0,3,0,7,50,0,9859,9859,1,8,0,2,0,0,0,0
1363150,3,2024,2024,1,2,7,149,10,346,702,0,1,2,-33.868502,151.06396,67,0,2,1,3,0,0,0,2,0,7,80,2,14295,14295,3,0,0,2,0,0,0,0
1363151,3,2024,2024,11,3,5,63,10,63,34609,0,1,1,-28.195216,153.505995,72,2,1,1,3,0,0,0,2,0,7,50,0,9859,9859,1,0,5,2,0,0,0,0
1363153,3,2024,2024,11,1,7,2209,17,176,2205,0,1,9,-33.958952,151.137992,4,0,2,1,3,0,3,0,2,0,0,60,2,1391,1391,1,5,5,3,0,0,0,0
1363155,3,2024,2024,11,4,6,485,27,25,769,0,1,9,-33.616337,150.834318,29,2,2,1,3,0,0,0,2,2,7,80,2,5929,5929,1,5,5,2,0,0,0,0
1363160,3,2024,2024,1,4,5,76,27,15,148,0,1,1,-32.938618,151.756289,48,0,2,1,3,0,0,0,2,0,7,60,1,14295,14295,3,5,0,3,0,0,0,0
1363162,3,2024,2024,11,2,10,1,27,52,34609,0,1,1,-33.699788,150.923884,7,0,2,1,3,0,0,0,0,0,7,50,0,3775,3775,0,5,5,2,0,0,0,0
1363163,3,2024,2024,11,4,8,22,31,59,47,0,1,9,-32.892511,151.7236,48,0,2,1,3,0,0,0,3,0,0,60,2,2852,2852,4,0,5,2,0,0,0,0
1363164,3,2024,2024,11,2,5,15,27,56,13,0,1,1,-32.759643,151.254661,17,2,1,1,3,0,0,0,2,0,7,80,1,1669,1669,3,0,5,2,0,0,0,0
1363167,3,2024,2024,11,4,0,80,31,176,159,0,1,1,-33.952471,151.135166,4,0,2,1,3,0,3,3,0,0,7,60,2,9859,9859,1,5,5,3,0,0,0,0
1363171,3,2024,2024,11,4,4,10,31,460,34609,0,1,1,-33.834822,150.978382,21,0,2,1,3,0,0,0,2,0,7,50,0,1981,1981,4,0,5,2,0,0,0,0
1363184,3,2024,2024,11,2,10,15,27,17,34609,0,1,9,-28.242816,153.490835,72,2,1,0,3,0,0,0,0,0,7,60,0,4552,5151,8,5,40,1,0,0,0,0
1363188,3,2024,2024,11,4,8,515,14,189,518,0,1,3,-33.941429,151.043401,15,0,2,1,3,0,3,4,2,0,7,100,2,14295,14295,3,5,13,3,0,0,0,0
1363189,3,2024,2024,11,4,8,12,31,201,34609,1,0,7,-34.877942,150.597509,63,2,1,1,3,0,0,0,2,0,0,50,0,6545,6545,4,0,5,3,0,0,0,0
1363190,3,2024,2024,11,6,10,294,17,56,288,0,1,7,-35.122126,147.391842,75,2,1,1,3,0,3,4,0,0,0,60,2,926,926,4,10,5,2,0,0,0,0
1363191,3,2024,2024,11,4,1,2,27,61,34609,0,1,9,-33.827305,150.665106,55,0,2,0,3,0,0,0,0,0,0,60,0,2852,2852,4,5,13,2,0,0,0,0
1363192,3,2024,2024,11,3,5,79,31,56,18,0,1,10,-33.856496,151.178015,32,0,2,1,3,0,0,0,2,2,7,40,1,14295,14295,3,30,0,2,0,0,0,0