Crash ID,Degree of crash - detailed,Reporting year,Year of crash,Month of crash,Day of week of crash,Two-hour intervals,Street of crash,Street type,Town,Route no.,School zone location,School zone active,Type of location,Latitude,Longitude,LGA,Urbanisation,Conurbation 1,Alignment,Street lighting,Road surface,Surface condition,Weather,Natural lighting,Signals operation,Other traffic control,Speed limit,Road classification,RUM - code,DCA - code,First impact type,Key TU type,Other TU type,No. of traffic units involved,No. killed,No. seriously injured,No. moderately injured,No. minor-other injured
1363194,3,2024,2024,11,1,9,9,31,166,34609,0,1,10,-33.427629,149.578649,3,2,1,1,3,0,0,0,4,0,0,60,0,6545,6545,4,5,0,2,0,0,0,0
1363197,3,2024,2024,11,3,7,153,27,290,147,0,1,9,-33.949764,151.122343,4,0,2,1,3,0,0,0,2,0,7,60,2,1391,1391,1,0,5,2,0,0,0,0
1363198,3,2024,2024,11,4,0,103,27,35,256,0,1,1,-34.103776,150.801345,13,0,2,1,3,0,0,3,0,0,7,70,2,1945,1945,5,10,40,1,0,0,0,0
1363199,3,2024,2024,11,0,3,515,14,294,518,0,1,3,-33.94146,150.938595,41,0,2,1,3,0,0,0,0,0,7,100,2,14295,14295,3,5,5,2,0,0,0,0
1363209,3,2024,2024,6,5,4,38,27,438,34609,0,1,1,-33.862223,151.028992,21,0,2,1,0,0,0,0,2,0,7,50,0,1981,1981,4,0,5,3,0,0,0,0
1363227,3,2024,2024,5,1,4,500,27,83,799,0,1,9,-33.914447,151.113636,15,0,2,1,1,0,0,0,2,2,7,60,2,1282,1282,1,5,5,2,0,0,0,0
1363243,3,2024,2024,5,5,11,8,31,106,34609,0,1,1,-28.851938,153.038637,60,2,1,1,0,0,0,0,0,0,7,50,0,220,220,8,0,40,1,0,0,0,0
1363244,3,2024,2024,5,1,8,4,1,73,34609,0,1,1,-33.774477,151.168901,36,0,2,1,0,0,0,0,2,0,7,50,0,248,248,1,0,19,2,0,0,0,0
1363250,3,2024,2024,5,6,8,11,27,16,34609,0,1,10,-34.25139,146.031644,28,2,1,1,0,0,0,0,3,0,0,80,0,6545,6545,4,33,5,2,0,0,0,0
1363283,3,2024,2024,1,3,3,3371,17,58,3342,0,1,2,-28.558806,153.54208,10,1,0,0,0,0,0,0,2,0,7,110,2,4552,5151,8,5,40,1,0,0,0,0
1363326,3,2024,2024,1,5,6,8,27,38,34609,0,1,1,-33.947333,151.070514,15,0,2,1,1,0,0,0,2,0,7,50,0,387,387,1,34,13,2,0,0,0,0
1363347,3,2024,2024,1,0,8,3371,17,11,3342,0,1,2,-28.357382,153.522505,72,1,0,0,0,0,0,0,2,0,7,110,2,1383,1383,1,5,41,2,0,0,0,0
1363370,3,2024,2024,11,2,3,26,31,65,19,0,1,9,-33.804564,150.957772,21,0,2,1,0,0,0,0,2,3,7,50,1,945,945,5,5,40,1,0,0,0,0
1363388,3,2024,2024,11,6,0,31,31,117,34609,0,1,1,-28.185389,153.531611,72,2,1,1,2,0,0,0,0,0,7,50,0,175,188,1,30,13,2,0,0,0,0
1363406,3,2024,2024,11,3,7,2,27,2,34609,0,1,9,-28.911772,153.436776,2,2,1,1,0,0,0,0,2,0,0,80,0,4026,4026,8,10,40,1,0,0,0,0
1363415,3,2024,2024,11,2,10,3,27,136,34609,1,0,1,-33.867178,151.067389,67,0,2,1,2,0,0,0,0,0,7,50,0,9859,9859,1,5,5,2,0,0,0,0
1363424,3,2024,2024,11,5,3,34,10,13,40,0,1,1,-35.801782,150.221942,23,2,1,0,0,0,0,0,2,0,7,60,1,1259,5151,8,5,40,1,0,0,0,0
1363444,3,2024,2024,11,5,1,16,10,67,22,0,1,1,-33.390957,151.346523,16,2,2,0,2,0,0,0,0,0,7,50,1,1259,5151,8,0,40,1,0,0,0,0
1363449,3,2024,2024,11,6,4,330,23,123,233,0,1,2,-33.904548,151.223938,59,0,2,0,1,0,0,0,2,0,7,50,2,1192,1192,1,0,39,2,0,0,0,0
1363453,3,2024,2024,11,0,9,10,27,18,34609,0,1,1,-34.062714,151.138093,68,0,2,1,2,0,0,0,0,0,7,50,0,9859,9859,1,0,5,2,0,0,0,0
1363455,3,2024,2024,5,0,3,2261,17,59,2252,0,1,3,-33.983578,150.860158,13,0,2,1,0,0,0,0,1,0,7,110,2,1282,1282,1,5,13,3,0,0,0,0
1363465,3,2024,2024,11,1,8,2261,17,523,2252,0,1,2,-33.928252,150.917847,41,0,2,1,1,0,0,0,2,0,7,60,2,1391,1391,1,29,5,2,0,0,0,0
1363494,3,2024,2024,11,4,11,42,31,532,34609,0,1,1,-33.868191,151.205972,69,0,2,1,2,0,0,0,0,0,7,40,0,1981,1981,4,0,5,2,0,0,0,0
1363508,3,2024,2024,11,2,8,500,27,293,799,0,1,10,-33.932465,151.049502,15,0,2,1,1,0,0,0,2,2,7,60,2,2852,2852,4,0,0,2,0,0,0,0
1363510,3,2024,2024,11,5,6,3371,17,117,3342,0,1,2,-28.187809,153.525643,72,1,0,1,1,0,0,0,2,0,7,100,2,14295,14295,3,0,5,3,0,0,0,0
1363514,3,2024,2024,11,6,3,5,31,148,34609,1,0,1,-36.038581,146.92731,0,2,1,1,0,0,3,4,1,0,7,60,0,4026,4026,8,5,40,1,0,0,0,0
1363526,3,2024,2024,11,2,4,3,27,30,34609,0,1,9,-34.494032,150.807978,80,0,2,0,1,0,0,0,2,0,7,50,0,4552,5151,1,0,5,2,0,0,0,0
1363534,3,2024,2024,1,0,9,20,27,162,34609,0,1,9,-33.836823,150.912831,24,0,2,1,2,0,0,0,0,2,7,60,0,515,515,1,3,0,2,0,0,0,0
1363538,3,2024,2024,11,3,11,3,16,201,34609,0,1,1,-34.00555,150.885622,13,0,2,1,0,2,0,0,0,0,7,50,0,9859,9859,1,0,0,3,0,0,0,0
1363549,3,2024,2024,11,4,0,2,1,609,34609,0,1,1,-33.769832,150.887256,7,0,2,1,2,0,0,0,0,0,7,50,0,4026,4026,1,30,0,2,0,0,0,0
1363551,3,2024,2024,11,1,10,24,31,433,34609,0,1,10,-33.290391,149.09741,52,2,1,1,0,0,0,0,0,0,15,50,0,6545,6545,4,0,5,2,0,0,0,0
1363561,3,2024,2024,11,5,4,5,1,210,34609,0,1,1,-34.034716,151.104174,68,0,2,1,1,0,0,0,2,0,7,50,0,1109,787,1,5,5,2,0,0,0,0
1363571,3,2024,2024,1,6,4,169,31,44,57,0,1,7,-28.864204,153.532751,2,2,1,1,1,0,3,3,2,0,0,60,1,1981,1981,4,10,0,2,0,0,0,0
1363576,3,2024,2024,11,3,10,3,27,46,34609,0,1,1,-33.791648,150.966883,54,0,2,1,0,0,0,0,0,0,7,50,0,9859,9859,1,5,0,2,0,0,0,0
1363580,3,2024,2024,11,3,9,5,10,73,34609,1,0,1,-33.753967,150.811054,7,0,2,0,2,0,0,0,0,0,7,50,0,387,387,1,33,0,2,0,0,0,0
1363595,3,2024,2024,11,3,6,177,22,210,176,1,0,10,-34.033911,151.098693,68,0,2,1,0,0,0,0,2,2,7,60,2,14295,14295,3,5,0,2,0,0,0,0
1363608,3,2024,2024,11,0,1,109,27,460,106,0,1,10,-33.833935,150.977123,21,0,2,1,2,0,0,0,0,2,7,60,1,6545,6545,4,0,5,2,0,0,0,0
1363611,3,2024,2024,11,2,10,12,31,84,34609,0,1,10,-33.885637,150.9532,24,0,2,1,2,0,0,0,0,0,0,50,0,6545,6545,4,5,5,2,0,0,0,0
1363636,3,2024,2024,1,6,3,2,10,26,34609,0,1,1,-34.014145,151.078477,68,0,2,1,0,0,0,0,2,0,7,50,0,175,188,1,8,5,4,0,0,0,0
1363638,3,2024,2024,1,6,11,4,27,58,34609,0,1,1,-33.752319,151.156548,36,0,2,1,2,0,3,4,0,0,7,50,0,9859,9859,1,5,0,6,0,0,0,0
1363645,3,2024,2024,11,0,1,2261,17,11,2252,0,1,2,-35.889708,147.172967,27,1,0,0,0,0,0,0,0,0,7,110,2,14295,14295,3,3,2,2,0,0,0,0
1363657,3,2024,2024,8,2,5,2209,17,6,2205,0,1,1,-35.824869,150.12818,23,1,0,1,0,0,0,0,2,0,7,100,2,9859,9859,8,30,40,1,0,0,0,0
1363669,3,2024,2024,8,4,10,7,27,24,34609,0,1,7,-33.910718,150.884251,41,0,2,1,1,0,0,0,0,0,0,50,0,6545,6545,4,5,5,2,0,0,0,0
1363676,3,2024,2024,6,0,9,21,22,115,21,0,1,3,-33.916354,151.172539,32,0,2,0,3,0,0,0,0,0,7,80,2,1391,1391,1,10,36,2,0,0,0,0
1363682,3,2024,2024,6,2,9,1,27,22,34609,0,1,10,-33.238256,148.668835,11,1,0,0,0,2,0,0,0,0,7,100,0,1957,4009,8,0,40,1,0,0,0,0
1363709,3,2024,2024,6,1,10,1,1,8,34609,0,1,1,-35.087157,150.651768,63,2,1,1,2,0,0,0,0,0,7,50,0,4026,4026,1,5,13,3,0,0,0,0
1363720,3,2024,2024,1,6,1,3371,17,463,3342,0,1,9,-30.268699,153.133361,19,2,1,1,2,0,0,0,0,0,0,60,2,945,945,5,5,40,1,0,0,0,0
1363724,3,2024,2024,5,1,3,61,27,232,70,0,1,1,-33.67162,150.913525,71,0,2,1,0,0,3,4,0,0,7,60,1,9859,9859,8,0,40,1,0,0,0,0
1363729,3,2024,2024,1,3,0,2,10,433,34609,0,1,1,-33.308203,149.107033,52,2,1,1,0,0,0,0,0,0,7,50,0,9859,9859,8,5,40,1,0,0,0,0
1363738,3,2024,2024,1,3,10,69,31,646,563,0,1,9,-33.923373,151.038491,15,0,2,1,3,0,0,0,0,0,0,70,2,14295,14295,3,5,0,3,0,0,0,0
1363744,3,2024,2024,1,0,9,3,31,102,34609,0,1,1,-33.954128,151.202431,4,0,2,1,2,0,0,0,0,0,7,50,0,9859,9859,1,10,0,2,0,0,0,0
1363746,3,2024,2024,6,0,11,3,31,84,34609,0,1,7,-33.468792,151.397745,16,2,2,1,2,0,0,0,0,0,0,50,0,475,475,5,10,40,1,0,0,0,0
1363750,3,2024,2024,1,1,11,2261,17,36,2252,0,1,2,-36.09738,146.916521,0,1,0,1,2,0,0,0,0,0,7,110,2,3775,3775,0,5,2,2,0,0,0,0
1363752,3,2024,2024,5,3,11,7,31,234,34609,0,1,1,-34.28238,146.028301,28,2,1,0,2,0,0,0,0,0,7,50,0,4552,5151,8,5,40,1,0,0,0,0
1363753,3,2024,2024,1,6,9,31,27,147,41,1,0,2,-33.738897,151.136679,36,0,2,1,3,0,0,0,0,0,7,50,1,1981,1981,4,10,5,2,0,0,0,0
1363772,3,2024,2024,11,3,5,85,10,136,702,0,1,9,-33.857451,151.069964,21,0,2,0,3,0,0,0,2,2,7,80,2,14295,14295,3,0,0,2,0,0,0,0
1363780,3,2024,2024,5,6,10,222,27,13,40,0,1,7,-33.633402,150.889673,71,0,2,1,3,0,3,4,0,0,0,80,1,6545,6545,4,10,5,2,0,0,0,0
1363782,3,2024,2024,11,0,9,25,10,15,34609,0,1,1,-34.574515,150.838969,62,0,2,1,3,0,0,0,0,0,7,50,0,9859,9859,1,5,5,2,0,0,0,0
1363790,3,2024,2024,11,3,5,54,27,284,18,0,1,9,-33.898395,151.032275,15,0,2,1,1,0,0,0,2,0,7,60,1,57,57,1,10,0,2,0,0,0,0
1363793,3,2024,2024,11,3,4,125,27,55,123,0,1,2,-33.368477,151.471336,16,2,2,1,0,0,0,3,2,0,7,60,2,9859,9859,1,21,12,3,0,0,0,0
1363806,3,2024,2024,1,1,7,34,27,115,34609,0,1,10,-34.02454,151.068383,68,0,2,1,3,0,0,0,2,0,0,50,0,6545,6545,4,5,0,2,0,0,0,0
1363807,3,2024,2024,11,6,4,10,27,104,34609,0,1,10,-32.915101,151.718431,48,0,2,1,3,0,0,0,2,0,15,50,0,5929,5929,1,0,5,3,0,0,0,0
1363808,3,2024,2024,11,3,7,6,7,562,34609,0,1,1,-32.242252,148.633449,22,2,1,0,3,0,0,0,2,0,7,50,0,1981,1981,4,30,13,2,0,0,0,0
1363831,3,2024,2024,11,3,3,1,10,93,34609,0,1,1,-33.413323,149.610891,3,2,1,1,1,0,0,0,2,0,7,50,0,9859,9859,8,10,40,1,0,0,0,0
1363848,3,2024,2024,11,6,6,112,27,6,769,0,1,9,-33.511506,150.280725,8,2,2,0,3,0,0,0,2,0,15,60,2,2852,2852,4,8,5,2,0,0,0,0
1363850,3,2024,2024,11,4,10,20,31,135,101,0,1,10,-32.897362,151.736511,48,0,2,1,3,0,3,4,0,2,7,60,1,2852,2852,4,30,5,2,0,0,0,0
1363851,3,2024,2024,11,4,5,280,10,237,240,1,0,1,-33.868041,150.958663,24,0,2,0,3,0,3,4,2,0,7,60,2,14295,14295,3,5,0,2,0,0,0,0
1363900,3,2024,2024,11,3,5,43,27,70,148,0,1,1,-32.909127,151.717733,48,0,2,1,3,0,3,3,2,3,9,60,1,9859,9859,8,5,40,1,0,0,0,0
1363907,3,2024,2024,11,5,3,1,27,8,34609,0,1,1,-28.774714,152.995035,60,1,0,0,3,0,0,0,2,0,7,100,0,1850,1463,5,3,40,1,0,0,0,0
1363908,3,2024,2024,11,2,6,78,31,127,6,0,1,1,-33.893564,151.150162,32,0,2,1,3,0,0,0,2,0,7,50,1,14295,14295,3,5,0,2,0,0,0,0
1363911,3,2024,2024,11,4,10,1,31,370,34609,0,1,7,-34.074653,150.795979,13,0,2,1,3,0,3,4,0,0,0,50,0,1981,1981,4,10,0,2,0,0,0,0
1363915,3,2024,2024,11,0,7,3371,17,65,3342,0,1,2,-30.391243,153.03438,19,1,0,0,3,0,3,4,2,0,7,110,2,1850,1463,5,0,40,1,0,0,0,0
1363917,3,2024,2024,11,5,3,500,27,41,799,0,1,1,-33.906776,151.126679,32,0,2,1,3,0,0,0,2,0,7,60,2,14295,14295,3,5,41,2,0,0,0,0
1363919,3,2024,2024,11,1,3,44,31,219,34609,0,1,10,-32.898195,151.664269,48,0,2,1,3,0,3,4,2,0,15,50,0,5929,5929,1,5,5,2,0,0,0,0
1363921,3,2024,2024,11,4,7,125,27,108,123,0,1,7,-33.307167,151.415802,16,2,2,0,3,0,3,4,2,0,0,70,2,1192,1192,1,0,2,2,0,0,0,0
1363922,3,2024,2024,11,2,10,478,17,128,480,0,1,10,-33.427716,151.321611,16,2,2,1,3,0,0,0,0,2,7,70,2,9859,9859,8,0,40,1,0,0,0,0
1363923,3,2024,2024,11,0,8,57,31,44,34609,0,1,10,-32.805146,151.426387,17,2,1,1,3,0,0,0,2,0,0,50,0,6545,6545,4,10,0,2,0,0,0,0
1363924,3,2024,2024,10,5,6,346,17,44,332,0,1,7,-28.860722,153.519936,2,2,1,0,3,0,0,0,2,0,0,60,2,1192,1192,1,5,12,2,0,0,0,0
1363929,3,2024,2024,11,0,4,481,17,77,483,0,1,1,-30.319649,149.781477,51,2,1,1,3,0,3,4,2,0,7,50,2,1109,787,1,10,5,2,0,0,0,0
1363932,3,2024,2024,10,6,10,478,17,58,480,0,1,2,-33.435402,151.300878,16,2,2,0,3,0,3,4,0,0,7,60,2,4552,5151,8,5,40,1,0,0,0,0
1363933,3,2024,2024,11,0,9,8,31,290,34609,0,1,7,-33.958714,151.120415,4,0,2,0,3,0,0,0,3,0,0,50,0,5929,5929,1,5,13,2,0,0,0,0
1363934,3,2024,2024,5,4,4,78,17,34,58,0,1,1,-34.947228,149.018389,82,1,0,0,3,0,0,1,2,0,7,100,2,77,77,1,0,35,2,0,0,0,0
1363936,3,2024,2024,11,4,8,149,27,4,198,0,1,1,-33.967195,150.972305,41,0,2,1,3,0,3,4,3,0,7,60,2,14295,14295,3,5,13,2,0,0,0,0
1363937,3,2024,2024,11,5,8,112,27,370,256,1,0,2,-34.060827,150.825107,13,0,2,1,3,0,0,0,3,0,7,60,2,9859,9859,8,5,40,2,0,0,0,0
1363940,3,2024,2024,11,2,1,1,27,61,34609,0,1,1,-35.211743,149.225965,58,2,1,1,3,0,0,0,0,0,7,70,0,9859,9859,8,5,40,1,0,0,0,0
1363941,3,2024,2024,10,4,3,193,27,124,34609,0,1,7,-33.811304,151.041861,54,0,2,1,3,0,0,0,2,0,0,50,0,6545,6545,4,0,0,2,0,0,0,0
1363944,3,2024,2024,10,4,10,22,31,215,34609,0,1,10,-35.10605,147.36159,75,2,1,1,3,0,0,0,0,0,7,50,0,6545,6545,4,5,13,2,0,0,0,0
1363945,3,2024,2024,11,6,6,46,1,443,34609,0,1,7,-33.899578,151.049142,15,0,2,1,3,0,0,0,2,0,0,50,0,6545,6545,4,0,5,2,0,0,0,0
1363946,3,2024,2024,1,6,3,134,10,104,133,0,1,2,-33.831867,151.019471,54,0,2,1,3,0,0,0,2,0,7,70,2,14295,14295,3,8,13,4,0,0,0,0
1363950,3,2024,2024,1,3,9,2,27,23,34609,0,1,1,-33.727928,150.678869,55,0,2,1,3,0,0,0,0,0,7,70,0,9859,9859,8,0,40,1,0,0,0,0
1363951,3,2024,2024,10,5,5,2209,17,26,2205,0,1,10,-34.023732,151.08887,68,0,2,0,3,0,0,0,2,2,7,70,2,1669,1669,3,9,0,2,0,0,0,0
1363954,3,2024,2024,10,6,10,35,31,532,11,0,1,9,-33.874658,151.203123,69,0,2,1,3,0,3,4,0,2,9,50,1,1282,1282,1,22,0,2,0,0,0,0
1363955,3,2024,2024,11,4,5,9,31,55,34609,0,1,7,-33.932593,150.900692,41,0,2,1,3,0,3,4,2,0,0,50,0,6545,6545,4,0,0,2,0,0,0,0
1363957,3,2024,2024,11,4,3,361,32,62,96,0,1,9,-33.89408,151.149844,32,0,2,1,3,0,0,3,4,2,7,50,2,5929,5929,1,5,5,2,0,0,0,0
1363958,3,2024,2024,11,0,3,123,1,239,34609,0,1,1,-34.036115,151.116067,68,0,2,1,3,0,0,0,2,0,7,50,0,237,162,8,5,40,2,0,0,0,0
1363959,3,2024,2024,11,4,7,220,27,104,222,0,1,2,-33.727044,150.940643,7,0,2,1,3,0,0,0,2,0,7,80,2,14295,14295,3,5,0,2,0,0,0,0
1363961,3,2024,2024,11,2,1,24,2,251,34609,0,1,9,-33.770797,150.922668,7,0,2,0,3,0,0,0,0,0,7,50,0,4552,5151,1,5,0,2,0,0,0,0
1363968,3,2024,2024,11,4,0,1,31,53,34609,0,1,1,-33.732356,151.297837,50,0,2,1,3,0,3,4,0,0,7,50,0,4026,4026,1,5,13,2,0,0,0,0
1363969,3,2024,2024,11,1,6,101,10,239,35,0,1,7,-34.038358,151.134339,68,0,2,0,3,0,0,0,2,0,0,70,2,1850,1463,5,8,40,1,0,0,0,0
1363972,3,2024,2024,11,0,6,27,27,84,35,1,0,9,-33.803312,150.983868,54,0,2,1,3,0,0,3,2,1,7,40,1,14295,14295,3,5,5,2,0,0,0,0
1363974,3,2024,2024,10,5,5,13,27,346,34609,0,1,9,-33.873737,151.079791,67,0,2,1,3,0,0,0,2,0,7,50,0,5929,5929,1,5,5,2,0,0,0,0
1363975,3,2024,2024,11,0,10,77,27,247,38,0,1,1,-33.831388,150.926383,21,0,2,1,3,0,3,4,0,0,7,60,2,9859,9859,8,5,40,1,0,0,0,0
1363977,3,2024,2024,11,4,9,95,27,42,605,0,1,2,-33.655726,151.319704,50,0,2,1,3,0,0,0,0,0,7,50,2,941,941,1,0,0,2,0,0,0,0
1363979,3,2024,2024,11,2,9,2261,17,243,2252,0,1,2,-33.957628,150.884789,41,0,2,1,3,0,0,0,0,0,7,70,2,1192,1192,1,5,5,2,0,0,0,0
1363985,3,2024,2024,10,4,1,2126,17,93,2149,0,1,7,-33.419431,149.614628,3,2,1,1,3,0,0,0,0,0,0,60,2,1192,1192,1,29,5,2,0,0,0,0
1363986,3,2024,2024,11,0,11,3371,17,57,3342,1,0,10,-32.98197,151.692407,37,0,2,1,3,0,0,0,0,2,7,60,2,1282,1282,1,5,36,2,0,0,0,0
1363988,3,2024,2024,11,0,3,23,27,61,21,0,1,9,-33.745203,150.89416,7,0,2,1,3,0,3,4,2,2,7,60,1,5929,5929,1,10,12,2,0,0,0,0
1363994,3,2024,2024,11,0,10,16,27,337,9,0,1,10,-33.722244,150.987302,71,0,2,1,3,0,3,3,0,2,7,60,1,5929,5929,1,0,5,2,0,0,0,0
1363998,3,2024,2024,11,2,2,109,27,61,105,0,1,10,-33.894813,150.903059,24,0,2,1,3,0,0,0,0,2,7,60,2,5929,5929,1,0,0,2,0,0,0,0
1364001,3,2024,2024,11,4,10,16,27,193,145,0,1,9,-33.795548,151.069605,61,0,2,1,3,0,3,4,0,0,0,60,2,256,256,4,0,5,2,0,0,0,0
1364004,3,2024,2024,11,2,10,16,36,7,34609,0,1,1,-35.809596,148.356603,66,2,1,0,3,0,0,0,0,0,7,80,0,4552,5151,8,10,40,1,0,0,0,0
1364005,3,2024,2024,11,4,9,515,14,252,518,0,1,3,-33.951087,150.88077,41,0,2,0,3,0,0,0,0,0,7,100,2,1259,5151,8,5,40,1,0,0,0,0
1364007,3,2024,2024,11,1,4,44,1,129,34609,0,1,9,-33.901774,151.110343,15,0,2,1,3,0,3,4,2,0,7,50,0,4026,4026,8,5,40,1,0,0,0,0
1364010,3,2024,2024,11,2,0,1,27,21,34609,0,1,1,-35.743453,148.061953,66,1,0,1,3,0,0,0,0,0,7,100,0,1089,1089,7,10,40,1,0,0,0,0
1364011,3,2024,2024,10,0,0,9,31,55,34609,0,1,7,-33.932593,150.900691,41,0,2,1,3,0,0,0,0,0,0,50,0,4552,985,8,5,40,1,0,0,0,0
1364012,3,2024,2024,11,2,4,308,14,49,311,0,1,3,-33.916222,150.851205,41,0,2,1,3,0,0,0,2,0,7,100,2,1192,1192,1,29,5,2,0,0,0,0
1364014,3,2024,2024,11,4,10,6,27,34,34609,0,1,1,-37.044386,149.845344,5,1,0,0,3,0,0,0,0,0,7,100,0,1850,1463,5,5,40,1,0,0,0,0
1364015,3,2024,2024,11,5,8,1,31,39,34609,0,1,1,-32.904973,151.579709,37,0,2,1,3,0,0,0,2,0,7,50,0,1109,787,1,5,5,2,0,0,0,0
1364016,3,2024,2024,10,5,9,196,10,32,168,0,1,2,-33.929104,150.980418,15,0,2,0,3,0,0,0,0,0,7,60,2,14295,14295,3,5,0,2,0,0,0,0
1364018,3,2024,2024,11,3,9,2209,17,74,2205,0,1,9,-34.435647,150.861201,80,0,2,1,3,0,3,4,0,2,7,60,2,14295,14295,3,5,36,3,0,0,0,0
1364020,3,2024,2024,10,4,8,234,27,337,217,0,1,9,-33.729435,151.017468,31,0,2,1,3,0,0,0,3,0,7,60,2,5929,5929,1,0,36,2,0,0,0,0
1364023,3,2024,2024,11,2,6,53,27,155,51,0,1,1,-33.49777,151.319725,16,2,2,1,3,0,0,0,2,0,7,60,1,9859,9859,1,10,13,2,0,0,0,0
1364024,3,2024,2024,11,0,5,35,31,25,34609,0,1,10,-33.876287,151.280204,76,0,2,1,3,0,3,4,2,0,0,50,0,301,301,4,5,0,2,0,0,0,0
1364025,3,2024,2024,10,6,7,171,27,24,369,0,1,2,-33.936698,150.731584,41,0,2,1,3,0,0,0,2,0,7,80,2,1391,1391,1,10,5,2,0,0,0,0
1364028,3,2024,2024,11,3,10,361,23,237,35,0,1,9,-33.876739,150.952425,24,0,2,1,3,0,0,0,0,0,2,60,1,1109,397,1,5,13,2,0,0,0,0
1364029,3,2024,2024,11,3,9,3371,17,58,3342,0,1,9,-33.755616,151.152831,36,0,2,1,3,0,0,3,0,2,9,60,2,14295,14295,3,5,0,3,0,0,0,0
1364030,3,2024,2024,11,4,9,8,7,36,22,0,1,10,-33.879709,151.177495,69,0,2,0,3,0,3,4,0,2,7,50,2,5929,5929,1,33,0,2,0,0,0,0
1364035,3,2024,2024,10,4,6,294,17,56,288,0,1,10,-35.120206,147.378271,75,2,1,1,3,0,0,0,2,2,7,60,2,14295,14295,3,10,5,2,0,0,0,0
1364037,3,2024,2024,11,1,10,255,31,83,100,0,1,9,-34.450517,150.449591,78,2,1,1,3,0,0,0,0,0,0,50,2,4026,4026,8,0,40,1,0,0,0,0
1364038,3,2024,2024,11,2,8,1104,14,142,962,0,1,3,-33.827852,150.999419,54,0,2,0,3,0,0,0,3,0,7,90,2,1391,1391,1,5,13,2,0,0,0,0
1364042,3,2024,2024,11,6,8,38,31,246,64,0,1,10,-33.911546,151.197559,69,0,2,1,3,0,0,0,2,2,7,50,2,14295,14295,3,0,5,2,0,0,0,0
1364043,3,2024,2024,11,4,6,2,27,2,34609,0,1,1,-36.990787,149.117256,65,1,0,0,3,2,0,0,2,0,7,100,0,418,714,5,10,40,1,0,0,0,0
1364044,3,2024,2024,10,6,3,177,31,174,208,0,1,7,-33.860582,150.927828,24,0,2,0,3,0,0,0,2,0,0,60,1,301,301,4,5,0,2,0,0,0,0
1364046,3,2024,2024,11,2,4,2261,17,11,2252,0,1,2,-34.826923,148.31397,30,1,0,1,0,0,0,0,2,0,7,110,2,9859,9859,1,29,13,2,0,0,0,0
1364049,3,2024,2024,11,1,4,8,27,3,34609,0,1,1,-34.899416,150.516434,63,1,0,0,3,0,3,4,2,0,7,100,0,1850,1463,5,10,40,1,0,0,0,0
1364053,3,2024,2024,10,5,5,10,27,96,34609,0,1,10,-35.356466,149.222969,58,2,1,1,3,0,0,0,2,0,15,50,0,323,323,1,0,5,2,0,0,0,0
1364055,3,2024,2024,6,2,6,2126,17,161,2149,0,1,10,-33.887881,151.161338,32,0,2,1,3,0,3,4,2,2,7,60,2,2852,2852,4,10,40,2,0,0,0,0
1364056,3,2024,2024,11,1,6,42,36,44,34609,0,1,9,-30.589388,152.998253,47,1,0,1,3,0,3,3,2,0,0,90,0,5929,5929,1,5,5,3,0,0,0,0
1364057,3,2024,2024,11,1,7,68,27,98,208,0,1,10,-33.744367,151.063702,31,0,2,1,3,0,0,0,2,0,15,60,2,515,515,1,8,5,2,0,0,0,0
1364063,3,2024,2024,11,5,4,4,23,22,34609,0,1,1,-33.797846,151.276035,50,0,2,1,1,0,0,0,2,0,7,50,0,1282,1282,1,33,0,2,0,0,0,0
1364069,3,2024,2024,10,4,11,4,31,174,34609,0,1,1,-33.891957,151.212527,69,0,2,1,2,0,0,0,0,0,7,40,0,9859,9859,1,0,25,2,0,0,0,0
1364086,3,2024,2024,11,0,4,82,31,179,369,1,0,2,-33.754983,150.71263,55,0,2,1,0,0,0,0,2,0,7,70,2,9859,9859,1,33,5,2,0,0,0,0
1364095,3,2024,2024,1,5,4,14,31,123,34609,0,1,1,-33.882854,151.227288,81,0,2,1,1,0,0,0,2,0,7,40,0,1282,1282,1,5,5,2,0,0,0,0
1364097,3,2024,2024,11,0,11,220,14,32,220,0,1,3,-34.575944,150.81374,62,0,2,1,2,0,0,0,0,0,7,100,2,9859,9859,8,5,40,1,0,0,0,0
1364102,3,2024,2024,11,4,9,143,31,123,181,0,1,2,-33.885377,151.227838,69,0,2,0,2,0,0,3,3,0,7,50,2,1957,4009,1,33,0,2,0,0,0,0
1364105,3,2024,2024,11,3,7,3371,17,90,3342,0,1,2,-28.247658,153.535104,72,1,0,0,0,0,0,0,2,0,7,110,2,2585,4009,8,0,40,1,0,0,0,0
1364108,3,2024,2024,11,3,7,5,10,86,34609,0,1,1,-33.755598,150.949767,7,0,2,1,1,0,0,0,2,0,7,50,0,9859,9859,1,5,35,2,0,0,0,0
1364122,3,2024,2024,11,1,4,19,31,182,174,0,1,9,-32.831979,151.356871,17,2,1,1,1,0,0,0,2,2,7,60,2,1192,1192,1,5,5,2,0,0,0,0
1364137,3,2024,2024,11,5,10,102,31,159,34609,0,1,1,-33.806057,151.092307,61,0,2,1,2,0,0,0,0,0,7,50,0,9859,9859,1,5,5,3,0,0,0,0
1364148,3,2024,2024,1,3,2,3,10,39,34609,0,1,1,-33.241265,151.481932,16,2,2,0,0,0,0,0,1,0,7,50,0,4552,5151,8,5,40,1,0,0,0,0