Crash ID,Degree of crash - detailed,Reporting year,Year of crash,Month of crash,Day of week of crash,Two-hour intervals,Street of crash,Street type,Town,Route no.,School zone location,School zone active,Type of location,Latitude,Longitude,LGA,Urbanisation,Conurbation 1,Alignment,Street lighting,Road surface,Surface condition,Weather,Natural lighting,Signals operation,Other traffic control,Speed limit,Road classification,RUM - code,DCA - code,First impact type,Key TU type,Other TU type,No. of traffic units involved,No. killed,No. seriously injured,No. moderately injured,No. minor-other injured
1364164,3,2024,2024,11,1,5,213,17,132,213,0,1,1,-29.774436,151.111887,33,2,1,1,1,0,0,0,2,0,7,40,2,248,248,1,10,5,2,0,0,0,0
1364170,3,2024,2024,11,4,10,35,27,53,34609,0,1,1,-35.188149,149.351314,58,1,0,1,0,0,0,0,0,0,7,100,0,1945,1945,5,9,40,1,0,0,0,0
1364177,3,2024,2024,11,5,3,53,31,147,125,0,1,1,-33.875254,151.008329,21,0,2,1,1,0,0,0,2,0,7,60,1,9859,9859,1,5,4,4,0,0,0,0
1364178,3,2024,2024,11,0,8,41,27,91,80,0,1,1,-32.981786,151.645633,37,0,2,1,0,0,0,0,2,0,7,60,1,3775,3775,0,16,5,2,0,0,0,0
1364187,3,2024,2024,1,0,9,9,27,70,34609,0,1,1,-33.882782,150.870756,24,0,2,1,2,0,0,0,2,0,7,50,0,9859,9859,8,5,40,1,0,0,0,0
1364192,3,2024,2024,11,3,10,2,27,29,34609,0,1,1,-34.081737,150.586599,79,2,2,1,0,0,0,0,0,0,7,50,0,489,489,8,5,40,1,0,0,0,0
1364195,3,2024,2024,11,2,0,220,27,92,222,0,1,9,-33.755306,150.953617,71,0,2,1,2,0,3,0,0,2,7,80,2,1669,1669,3,0,13,2,0,0,0,0
1364211,3,2024,2024,11,3,9,2,31,187,34609,0,1,1,-33.886436,150.976123,15,0,2,1,2,0,0,0,0,0,7,50,0,9859,9859,1,0,5,4,0,0,0,0
1364213,3,2024,2024,11,4,7,33,23,104,34609,0,1,1,-33.800816,150.777736,55,0,2,0,1,0,0,0,2,0,7,50,0,4552,5151,1,8,13,2,0,0,0,0
1364215,3,2024,2024,11,4,9,16,31,31,34609,0,1,1,-33.890626,151.099491,9,0,2,1,0,0,0,0,3,0,7,50,0,4026,4026,1,9,13,4,0,0,0,0
1364226,3,2024,2024,1,5,2,1,31,438,34609,0,1,1,-33.877166,151.017974,21,0,2,1,1,0,0,0,1,0,7,40,0,1282,1282,1,33,0,2,0,0,0,0
1364235,3,2024,2024,11,3,7,109,27,204,105,1,0,2,-33.895193,150.940792,24,0,2,0,1,0,0,0,2,0,7,60,2,4552,5151,8,0,40,1,0,0,0,0
1364266,3,2024,2024,11,6,7,27,10,19,34609,0,1,9,-34.083469,150.829104,13,0,2,1,1,0,0,0,2,0,0,50,0,14295,14295,3,33,0,2,0,0,0,0
1364267,3,2024,2024,11,0,5,14,31,73,34609,0,1,1,-35.137693,147.374502,75,2,1,1,2,0,0,0,2,0,7,50,0,4026,4026,1,10,13,2,0,0,0,0
1364280,3,2024,2024,10,5,8,1052,14,160,928,0,1,3,-33.110293,151.46146,37,0,2,0,0,0,0,0,2,0,7,110,2,1383,1383,1,5,12,2,0,0,0,0
1364324,3,2024,2024,1,1,5,195,27,53,186,0,1,2,-33.935525,150.843195,41,0,2,1,3,0,0,0,2,0,7,70,2,14295,14295,3,0,13,4,0,0,0,0
1364325,3,2024,2024,1,0,9,2126,17,127,2149,1,0,2,-33.88928,151.151898,32,0,2,1,3,0,0,0,0,0,7,60,2,14295,14295,3,5,0,3,0,0,0,0
1364326,3,2024,2024,1,2,7,204,31,15,82,0,1,7,-35.149487,147.34947,75,2,1,0,3,0,0,0,2,0,0,70,1,6545,6545,4,0,5,2,0,0,0,0
1364327,3,2024,2024,5,3,2,45,27,304,96,0,1,10,-33.909724,151.162208,32,0,2,1,3,0,0,0,1,2,7,60,2,6545,6545,4,0,5,2,0,0,0,0
1364330,3,2024,2024,5,4,10,143,31,173,181,0,1,9,-33.881203,151.218066,69,0,2,1,3,0,0,3,0,2,7,50,2,1192,1192,1,5,22,2,0,0,0,0
1364331,3,2024,2024,11,0,10,485,27,232,769,0,1,2,-33.682205,150.915342,7,0,2,1,3,0,3,4,0,0,7,80,2,1089,1089,7,0,40,1,0,0,0,0
1364336,3,2024,2024,11,3,2,133,10,40,121,0,1,1,-31.509541,152.891949,56,1,0,0,3,0,3,4,0,0,7,100,1,84,84,6,5,40,1,0,0,0,0
1364337,3,2024,2024,10,6,10,2,31,35,34609,0,1,9,-35.351897,149.214895,58,2,1,0,3,0,0,0,0,0,0,50,0,782,777,5,5,40,1,0,0,0,0
1364338,3,2024,2024,10,0,7,2,31,133,34609,1,0,2,-34.495258,150.796261,80,0,2,1,3,0,0,0,2,0,7,50,0,9859,9859,1,0,0,3,0,0,0,0
1364339,3,2024,2024,10,2,11,265,17,23,193,0,1,1,-35.256078,147.151467,75,1,0,1,3,0,0,0,0,0,7,100,2,9859,9859,8,10,40,1,0,0,0,0
1364340,3,2024,2024,10,3,5,123,36,19,49,0,1,1,-30.693974,151.496746,51,1,0,0,3,0,0,0,2,0,7,100,1,4552,5151,8,0,40,1,0,0,0,0
1364342,3,2024,2024,10,1,6,3371,17,54,3342,0,1,2,-33.461153,151.191311,16,2,2,1,3,0,0,0,2,0,15,60,2,14295,14295,3,21,19,2,0,0,0,0
1364344,3,2024,2024,10,0,8,515,14,294,518,0,1,3,-33.939003,150.919402,41,0,2,1,3,0,0,0,2,0,7,100,2,14295,14295,3,10,13,4,0,0,0,0
1364345,3,2024,2024,1,0,8,4,31,136,34609,0,1,7,-33.921189,151.073606,15,0,2,1,3,0,0,0,3,0,0,50,0,926,926,4,0,10,2,0,0,0,0
1364347,3,2024,2024,10,6,7,30,10,24,26,0,1,1,-35.999184,146.12126,51,1,0,0,3,0,0,0,2,0,7,100,2,4552,5151,8,5,40,1,0,0,0,0
1364348,3,2024,2024,10,0,6,5,31,59,34609,0,1,10,-34.330496,150.923544,80,0,2,1,3,0,0,0,2,0,0,50,0,926,926,4,0,13,2,0,0,0,0
1364349,3,2024,2024,10,0,8,205,27,161,415,0,1,10,-33.730027,151.160934,36,0,2,1,3,0,0,0,3,1,7,60,2,2852,2852,4,5,5,2,0,0,0,0
1364352,3,2024,2024,10,2,6,8,27,3,34609,0,1,9,-33.517678,149.988575,40,1,0,0,3,0,0,0,2,0,7,100,0,1850,1463,5,5,40,1,0,0,0,0
1364353,3,2024,2024,11,0,9,3,31,73,34609,0,1,9,-33.749529,150.805988,7,0,2,1,3,0,3,4,0,0,0,50,0,926,926,4,0,0,2,0,0,0,0
1364355,3,2024,2024,10,4,6,4,27,22,34609,0,1,1,-36.094867,150.045929,23,2,1,0,3,0,0,0,2,0,7,60,0,1282,1282,1,10,13,2,0,0,0,0
1364356,3,2024,2024,10,0,4,1,27,7,34609,0,1,1,-35.090282,148.672378,82,1,0,1,3,0,0,0,2,0,7,100,0,3775,3775,0,5,13,2,0,0,0,0
1364359,3,2024,2024,10,1,8,12,27,8,42,0,1,1,-35.08885,150.120204,63,2,1,1,3,0,0,0,2,0,7,60,1,14295,14295,3,5,36,2,0,0,0,0
1364365,3,2024,2024,10,3,7,234,27,54,217,0,1,1,-33.706835,151.011163,31,0,2,0,3,0,0,0,2,0,7,60,2,1282,1282,1,0,0,2,0,0,0,0
1364369,3,2024,2024,10,2,4,330,23,123,233,0,1,2,-33.910665,151.223089,59,0,2,1,3,0,0,0,2,0,7,50,2,9859,9859,8,0,40,1,0,0,0,0
1364370,3,2024,2024,10,3,1,33,18,9,8,0,1,9,-28.786879,153.550173,2,2,1,1,3,0,0,0,0,0,7,80,1,4552,985,8,0,40,1,0,0,0,0
1364371,3,2024,2024,10,5,8,2261,17,36,2252,0,1,1,-36.096832,146.918348,0,1,0,1,3,0,0,0,2,0,7,110,2,1192,1192,1,29,5,2,0,0,0,0
1364374,3,2024,2024,10,0,6,60,10,121,84,0,1,2,-28.191524,153.540925,72,2,1,1,3,0,0,0,2,0,7,60,1,144,144,1,10,12,2,0,0,0,0
1364375,3,2024,2024,10,6,8,80,31,204,187,0,1,10,-33.886622,151.118769,32,0,2,1,3,0,0,0,2,2,7,60,2,14295,14295,3,5,5,2,0,0,0,0
1364376,3,2024,2024,11,3,7,118,17,35,118,0,1,1,-30.005554,147.883749,51,1,0,1,3,0,0,0,2,0,7,110,2,1945,1945,5,26,40,1,0,0,0,0
1364377,3,2024,2024,11,1,8,40,27,609,24,0,1,7,-33.772396,150.895825,7,0,2,1,3,0,0,0,2,0,0,50,1,6545,6545,4,0,5,2,0,0,0,0
1364380,3,2024,2024,10,0,7,109,36,10,108,0,1,1,-28.374905,153.416441,72,1,0,1,3,0,0,0,2,0,7,90,1,9859,9859,8,5,40,1,0,0,0,0
1364381,3,2024,2024,10,5,5,829,31,179,70,0,1,2,-31.910321,152.466039,43,2,1,1,3,0,0,0,2,0,7,60,1,9859,9859,8,0,40,1,0,0,0,0
1364384,3,2024,2024,10,5,5,47,27,12,34609,0,1,1,-32.925374,151.786341,48,0,2,1,3,0,0,0,2,0,7,30,0,9859,9859,8,5,40,1,0,0,0,0
1364385,3,2024,2024,10,6,5,36,27,115,38,0,1,7,-33.75368,151.243464,50,0,2,1,3,0,0,3,2,0,0,60,1,515,515,1,5,10,2,0,0,0,0
1364386,3,2024,2024,10,1,8,22,31,215,34609,0,1,10,-35.10605,147.36159,75,2,1,1,3,0,0,0,2,0,0,50,0,6545,6545,4,0,13,2,0,0,0,0
1364387,3,2024,2024,10,1,6,1052,14,207,928,0,1,3,-33.567942,151.192152,31,0,2,1,3,0,0,0,2,0,7,110,2,14295,14295,3,10,0,2,0,0,0,0
1364388,3,2024,2024,10,4,8,9,1,215,34609,0,1,1,-35.120186,147.345455,75,2,1,1,3,0,0,0,2,0,7,50,0,1981,1981,4,5,5,2,0,0,0,0
1364389,3,2024,2024,10,3,5,2209,17,115,2205,0,1,10,-34.035099,151.066289,68,0,2,1,3,0,0,0,2,2,7,70,2,1282,1282,1,8,5,2,0,0,0,0
1364390,3,2024,2024,4,0,1,59,27,271,17,1,0,1,-33.939114,151.018619,15,0,2,1,3,0,0,0,0,0,7,60,2,1981,1981,4,10,5,2,0,0,0,0
1364392,3,2024,2024,10,1,5,1,31,173,34609,0,1,1,-33.8781,151.21594,69,0,2,1,3,0,0,0,2,0,7,50,0,4026,4026,1,0,5,2,0,0,0,0
1364393,3,2024,2024,10,5,7,1052,14,207,928,0,1,3,-33.542683,151.197804,31,0,2,1,3,0,0,0,2,0,7,110,2,1391,1391,1,29,0,4,0,0,0,0
1364395,3,2024,2024,10,6,8,294,17,56,288,0,1,10,-35.120174,147.378395,75,2,1,1,3,0,0,0,2,2,7,60,2,14295,14295,3,10,5,2,0,0,0,0
1364396,3,2024,2024,10,0,11,2,27,247,34609,0,1,1,-33.833064,150.919356,21,0,2,0,3,0,3,0,0,0,7,50,0,4552,5151,8,5,40,1,0,0,0,0
1364397,3,2024,2024,11,2,7,3371,17,11,3342,0,1,2,-30.003172,153.16668,19,1,0,1,3,0,3,4,2,0,7,110,2,4026,4026,8,5,40,1,0,0,0,0
1364403,3,2024,2024,10,3,8,154,27,293,244,0,1,9,-33.925652,151.054714,15,0,2,1,3,0,0,0,2,2,9,60,2,5929,5929,1,10,19,2,0,0,0,0
1364404,3,2024,2024,10,3,1,3371,17,21,3342,0,1,9,-28.608065,153.546629,10,1,0,1,3,0,0,0,0,0,0,100,2,475,475,5,5,40,1,0,0,0,0
1364411,3,2024,2024,10,4,8,55,1,167,34609,0,1,2,-33.851548,151.075231,54,0,2,1,3,0,0,3,2,0,7,60,0,14295,14295,3,9,0,3,0,0,0,0
1364414,3,2024,2024,10,0,10,11,31,228,34609,0,1,1,-34.77818,149.706085,26,2,1,0,3,0,3,4,0,0,7,60,0,84,84,8,0,40,1,0,0,0,0
1364416,3,2024,2024,11,3,8,2261,17,44,2252,0,1,2,-35.215877,147.802349,75,1,0,1,3,0,0,0,2,0,7,110,2,475,475,5,0,40,1,0,0,0,0
1364417,3,2024,2024,10,0,6,20,31,207,34609,0,1,10,-31.955562,141.445506,51,2,1,1,3,0,0,0,2,0,15,50,0,1109,397,1,10,13,2,0,0,0,0
1364418,3,2024,2024,10,1,6,5,31,131,34609,0,1,1,-36.078888,146.918094,0,2,1,1,3,0,0,0,2,0,7,50,0,1669,1669,3,5,0,2,0,0,0,0
1364421,3,2024,2024,11,4,8,194,1,26,34609,0,1,10,-31.507917,150.678798,51,2,1,1,3,0,0,0,3,0,7,50,0,9859,9859,1,5,41,2,0,0,0,0
1364423,3,2024,2024,1,0,11,195,27,76,186,0,1,10,-33.924449,150.848555,41,0,2,1,2,0,0,0,0,2,7,70,2,14295,14295,3,15,5,2,0,0,0,0
1364427,3,2024,2024,10,0,11,330,23,54,233,0,1,10,-33.89522,151.221493,69,0,2,0,3,0,3,4,0,2,7,60,2,926,926,4,0,5,2,0,0,0,0
1364428,3,2024,2024,10,5,10,123,36,17,90,0,1,1,-31.772681,151.898439,43,2,1,0,3,0,3,4,0,0,7,80,1,1850,1463,5,0,40,1,0,0,0,0
1364431,3,2024,2024,10,2,7,111,27,57,233,0,1,9,-33.945812,151.226967,4,0,2,0,3,0,0,0,2,2,7,60,2,5929,5929,1,0,5,2,0,0,0,0
1364433,3,2024,2024,10,3,11,1104,14,223,962,0,1,3,-33.806231,150.921291,7,0,2,1,3,0,0,0,0,0,7,100,2,3775,3775,0,0,0,2,0,0,0,0
1364434,3,2024,2024,10,4,4,11,27,5,34609,0,1,1,-28.346897,153.340679,72,1,0,0,3,0,3,4,2,0,7,100,0,4552,5151,8,0,40,1,0,0,0,0
1364435,3,2024,2024,11,3,3,4,1,87,34609,0,1,1,-34.052363,151.150689,68,0,2,1,3,0,0,0,1,0,7,50,0,9859,9859,1,5,12,4,0,0,0,0
1364436,3,2024,2024,10,5,6,171,27,32,34609,0,1,9,-33.660883,150.964235,71,0,2,1,3,0,3,4,2,0,7,50,0,489,489,8,5,40,1,0,0,0,0
1364439,3,2024,2024,10,6,9,31,22,283,34609,0,1,7,-33.835313,151.006463,21,0,2,1,3,0,3,3,2,0,0,50,0,926,926,4,5,0,2,0,0,0,0
1364441,3,2024,2024,10,0,3,195,27,49,186,0,1,2,-33.918284,150.853449,41,0,2,1,3,0,0,0,2,0,7,70,2,14295,14295,3,0,0,2,0,0,0,0
1364449,3,2024,2024,10,5,7,866,17,278,793,0,1,1,-33.781766,151.050449,54,0,2,1,3,0,0,3,2,0,7,60,2,1391,1391,1,8,5,2,0,0,0,0
1364450,3,2024,2024,11,5,9,132,31,174,126,0,1,10,-33.889952,151.207908,69,0,2,1,3,0,0,0,3,2,7,50,2,1383,1383,1,0,0,3,0,0,0,0
1364451,3,2024,2024,11,1,0,78,17,7,58,0,1,2,-34.901813,148.97744,82,1,0,1,3,0,0,0,0,0,7,100,2,1089,1089,7,5,40,1,0,0,0,0
1364455,3,2024,2024,10,2,5,251,27,64,212,1,0,1,-33.759552,151.218812,50,0,2,0,3,0,0,0,2,0,7,70,2,14295,14295,3,0,5,2,0,0,0,0
1364459,3,2024,2024,11,2,8,255,27,98,260,0,1,1,-32.999588,151.596093,37,0,2,0,3,0,3,3,2,0,7,60,2,782,957,5,30,40,1,0,0,0,0
1364460,3,2024,2024,10,5,4,829,27,123,770,0,1,2,-33.80749,151.069528,54,0,2,1,3,0,3,4,2,0,7,70,2,14295,14295,3,8,5,3,0,0,0,0
1364464,3,2024,2024,11,4,9,9,10,38,29,0,1,1,-32.92688,151.688312,48,0,2,0,3,0,3,4,0,0,7,60,1,1259,5151,8,0,40,1,0,0,0,0
1364467,3,2024,2024,10,1,7,6,27,21,34609,0,1,10,-33.038086,151.584835,37,0,2,1,1,0,0,0,2,0,0,60,0,6545,6545,4,30,12,2,0,0,0,0
1364469,3,2024,2024,8,6,8,41,31,150,34609,0,1,9,-33.922333,151.232819,59,0,2,1,0,0,0,6,2,0,7,50,0,9859,9859,1,5,12,2,0,0,0,0
1364471,3,2024,2024,8,2,2,3371,17,11,3342,0,1,2,-28.346798,153.52501,72,1,0,1,0,0,3,1,1,0,7,110,2,1383,1383,1,5,40,3,0,0,0,0
1364485,3,2024,2024,6,3,3,193,27,79,27,0,1,1,-33.975495,151.119519,25,0,2,1,1,0,3,0,2,0,7,60,1,4026,4026,8,5,40,1,0,0,0,0
1364490,3,2024,2024,6,2,9,6,1,123,34609,0,1,9,-33.913673,151.222262,59,0,2,1,2,0,0,0,0,0,15,50,0,3775,3775,0,5,0,2,0,0,0,0
1364509,3,2024,2024,5,6,9,76,31,43,34609,0,1,9,-32.169373,152.502224,43,2,1,1,0,0,0,0,0,0,0,50,0,489,489,5,0,40,1,0,0,0,0
1364528,3,2024,2024,1,2,8,3371,17,28,3342,0,1,6,-32.647886,151.915278,57,1,0,0,1,0,0,0,2,0,7,110,2,2585,4009,8,5,40,1,0,0,0,0
1364530,3,2024,2024,6,6,8,1,27,224,34609,1,0,1,-33.826585,151.240786,45,0,2,1,0,0,0,0,2,0,7,40,0,4026,4026,1,0,12,2,0,0,0,0
1364538,3,2024,2024,1,1,5,103,27,438,563,0,1,9,-33.842305,151.044196,54,0,2,1,1,0,0,0,2,2,7,70,2,395,395,1,29,0,2,0,0,0,0
1364542,3,2024,2024,1,5,8,15,1,363,16,0,1,9,-33.747813,150.705287,55,0,2,1,1,0,0,0,2,2,7,50,1,1282,1282,1,5,13,2,0,0,0,0
1364545,3,2024,2024,11,5,7,2,27,35,34609,0,1,1,-35.348564,149.210485,58,2,1,1,1,0,0,0,2,0,7,50,0,4026,4026,1,5,0,2,0,0,0,0
1364549,3,2024,2024,11,3,7,10,27,201,34609,0,1,9,-34.005755,150.864764,13,0,2,1,1,0,0,0,2,0,7,60,0,1282,1282,1,16,5,2,0,0,0,0
1364555,3,2024,2024,11,6,9,2,31,115,34609,0,1,1,-33.907925,151.180408,32,0,2,1,2,0,0,0,0,0,7,50,0,1282,1282,1,33,5,2,0,0,0,0
1364557,3,2024,2024,11,6,9,43,1,226,144,0,1,9,-33.757623,150.827227,7,0,2,1,3,0,2,6,0,0,7,60,2,5929,5929,1,30,5,3,0,0,0,0
1364586,3,2024,2024,11,5,0,100,27,62,799,1,0,1,-33.896837,151.148422,32,0,2,0,2,0,0,0,0,0,7,60,2,4552,5151,8,0,40,1,0,0,0,0
1364598,3,2024,2024,11,4,10,11,31,370,14,0,1,2,-34.064471,150.814144,13,0,2,1,2,0,0,0,0,0,7,60,1,941,941,1,0,5,2,0,0,0,0
1364617,3,2024,2024,11,4,9,3,31,201,34609,0,1,9,-34.880357,150.594483,63,2,1,1,0,0,3,4,0,0,7,50,0,9859,9859,1,10,0,2,0,0,0,0
1364630,3,2024,2024,10,5,3,475,31,162,240,0,1,1,-33.847913,150.899656,24,0,2,1,1,0,0,0,2,0,7,60,2,3775,3775,0,10,0,2,0,0,0,0
1364633,3,2024,2024,11,2,0,11,1,251,136,0,1,1,-33.776789,150.92708,7,0,2,1,2,0,3,0,0,0,7,60,2,14295,14295,3,0,0,3,0,0,0,0
1364648,3,2024,2024,11,5,9,37,31,175,34609,0,1,1,-33.768999,151.081949,54,0,2,0,2,0,0,0,3,0,7,50,0,1957,4009,1,0,0,2,0,0,0,0
1364650,3,2024,2024,11,3,9,17,7,71,34609,0,1,1,-33.764677,150.703192,55,0,2,1,2,0,0,0,0,0,7,50,0,9859,9859,1,5,5,3,0,0,0,0
1364669,3,2024,2024,11,4,5,109,27,61,105,0,1,10,-33.894813,150.903059,24,0,2,1,1,0,3,4,2,2,7,60,2,14295,14295,3,8,0,2,0,0,0,0
1364673,3,2024,2024,11,4,9,19,27,609,34609,0,1,1,-33.768162,150.890659,7,0,2,1,2,0,3,4,0,0,7,50,0,9859,9859,1,10,0,2,0,0,0,0
1364675,3,2024,2024,11,1,7,2,31,14,26,0,1,10,-34.82233,147.204387,51,2,1,1,1,0,0,0,2,0,0,50,1,6545,6545,4,5,36,2,0,0,0,0
1364680,3,2024,2024,10,5,8,5,10,23,34609,0,1,1,-32.885476,151.64868,48,0,2,1,1,0,3,4,2,0,7,50,0,4026,4026,1,5,5,2,0,0,0,0
1364681,3,2024,2024,11,2,1,4,7,24,34609,0,1,1,-33.975396,151.252629,59,0,2,1,0,0,0,0,0,0,7,50,0,9859,9859,1,5,4,2,0,0,0,0
1364682,3,2024,2024,11,3,10,475,31,204,11,0,1,10,-33.884737,151.121523,32,0,2,1,2,0,0,0,0,0,7,50,1,9859,9859,1,10,5,2,0,0,0,0
1364691,3,2024,2024,10,0,8,3,31,98,34609,0,1,1,-33.73663,151.077809,31,0,2,1,1,0,0,0,2,0,7,50,0,9859,9859,1,33,0,2,0,0,0,0
1364695,3,2024,2024,10,4,9,24,24,85,34609,0,1,2,-33.786995,150.667983,55,0,2,0,0,0,0,0,2,0,7,50,0,4552,5151,8,5,40,1,0,0,0,0
1364696,3,2024,2024,11,4,7,205,27,147,415,0,1,2,-33.733531,151.154788,36,0,2,1,1,0,3,4,2,0,7,60,2,1192,1192,1,3,5,2,0,0,0,0
1364698,3,2024,2024,5,5,8,6,27,53,34609,0,1,9,-31.872892,152.370542,43,2,1,1,0,0,0,0,2,0,7,50,0,237,397,1,5,36,2,0,0,0,0
1364700,3,2024,2024,10,6,4,20,31,433,34609,0,1,7,-33.282408,149.106193,52,2,1,1,1,0,0,0,2,0,0,50,0,6545,6545,4,0,5,2,0,0,0,0
1364702,3,2024,2024,11,6,8,344,27,179,34609,0,1,7,-33.755392,150.720964,55,0,2,0,0,0,0,0,2,0,0,50,0,6545,6545,4,5,0,2,0,0,0,0
1364707,3,2024,2024,11,4,10,6,27,34,34609,0,1,1,-37.063716,149.888108,5,2,1,0,0,0,0,0,0,0,7,80,0,4552,5151,8,5,40,1,0,0,0,0
1364712,3,2024,2024,11,2,0,485,27,323,769,0,1,1,-33.756542,150.989555,71,0,2,1,2,0,3,0,0,0,7,60,2,9859,9859,8,5,40,2,0,0,0,0
1364713,3,2024,2024,10,5,2,18,27,134,34609,0,1,10,-33.958171,150.799467,12,0,2,1,0,0,0,0,1,0,15,70,0,6545,6545,4,5,10,2,0,0,0,0
1364716,3,2024,2024,11,3,1,10,27,201,34609,0,1,1,-34.007331,150.866774,13,0,2,1,2,0,3,0,0,0,7,60,0,9859,9859,1,5,5,2,0,0,0,0
1364717,3,2024,2024,10,2,5,1104,14,460,962,0,1,3,-33.82621,150.99208,21,0,2,1,1,0,0,0,2,0,7,90,2,101,101,8,5,40,2,0,0,0,0
1364726,3,2024,2024,11,0,10,3,1,69,34609,0,1,7,-34.552522,150.86095,62,0,2,1,2,0,3,4,0,0,0,50,0,9859,9859,8,5,40,1,0,0,0,0
1364742,3,2024,2024,4,5,2,3371,17,65,3342,0,1,2,-30.352998,153.064007,19,1,0,0,2,0,0,0,1,0,7,100,2,2585,4009,8,5,40,1,0,0,0,0
1364751,3,2024,2024,1,5,8,28,1,126,34609,0,1,10,-33.926523,150.806965,41,0,2,1,0,0,0,0,2,0,0,60,0,6545,6545,4,10,5,2,0,0,0,0
1364758,3,2024,2024,11,2,10,16,10,91,34609,0,1,9,-33.991484,150.894486,13,0,2,1,0,0,0,0,0,0,7,50,0,9859,9859,8,5,40,1,0,0,0,0
1364759,3,2024,2024,10,2,2,46,36,3,46,0,1,9,-33.217478,149.091848,11,1,0,1,0,0,3,4,0,0,0,100,1,489,489,8,10,40,1,0,0,0,0
1364766,3,2024,2024,10,0,0,78,31,134,36,0,1,9,-33.521432,151.318828,16,2,2,1,2,0,0,0,0,0,7,50,1,84,84,6,5,40,1,0,0,0,0
1364769,3,2024,2024,11,4,9,475,10,137,268,0,1,10,-33.907693,150.898662,24,0,2,1,2,0,3,4,0,2,7,60,2,9859,9859,8,0,40,1,0,0,0,0
1364770,3,2024,2024,11,0,9,2209,17,68,2205,0,1,9,-34.081611,151.011162,68,0,2,1,2,0,0,0,0,0,3,70,2,14295,14295,3,30,13,3,0,0,0,0
1364772,3,2024,2024,10,5,6,2,31,17,34609,0,1,9,-33.7513,150.813081,7,0,2,1,1,0,3,3,2,0,7,60,0,5929,5929,1,0,0,2,0,0,0,0
1364773,3,2024,2024,1,3,5,3,31,253,34609,0,1,7,-33.970422,151.104905,25,0,2,1,1,0,0,0,2,0,0,50,0,6545,6545,4,5,0,2,0,0,0,0
1364782,3,2024,2024,10,6,10,481,17,14,483,0,1,1,-30.699349,149.53523,51,1,0,1,0,0,0,0,0,0,7,110,2,3775,3775,0,3,35,2,0,0,0,0
1364805,3,2024,2024,10,4,10,1,1,12,34609,0,1,10,-34.433852,150.870216,80,0,2,1,2,0,0,0,0,0,15,50,0,9859,9859,1,0,0,2,0,0,0,0
1364826,3,2024,2024,10,4,0,37,1,12,34609,0,1,1,-34.432544,150.870072,80,0,2,0,2,0,3,4,0,0,7,50,0,2585,4009,1,5,0,3,0,0,0,0
1364829,3,2024,2024,1,4,10,2209,17,157,2205,0,1,2,-34.009093,151.110094,68,0,2,0,2,0,0,0,0,0,7,70,2,1259,5151,8,5,40,1,0,0,0,0
1364837,3,2024,2024,10,0,4,72,27,193,56,0,1,10,-33.796564,151.065263,61,0,2,1,0,0,0,0,2,2,7,60,2,5929,5929,1,5,36,2,0,0,0,0
1364838,3,2024,2024,11,2,0,1,27,19,34609,0,1,1,-35.855798,150.1621,23,1,0,1,0,0,0,0,0,0,7,100,0,404,404,8,5,40,1,0,0,0,0
1364847,3,2024,2024,11,0,9,229,14,36,237,0,1,3,-33.759291,151.066781,31,0,2,0,2,0,0,0,0,0,7,100,2,404,404,8,5,40,1,0,0,0,0
1364848,3,2024,2024,10,1,6,23,27,61,34609,0,1,1,-33.750268,150.898668,7,0,2,1,0,0,0,0,2,0,7,50,0,3775,3775,0,5,5,2,0,0,0,0
1364855,3,2024,2024,1,0,3,2,27,4,34609,0,1,1,-29.775168,153.286046,18,1,0,0,0,0,0,0,2,0,7,90,0,1850,1463,5,0,40,1,0,0,0,0
1364857,3,2024,2024,10,3,0,234,27,34,228,0,1,1,-33.424131,150.977809,71,0,2,0,0,0,0,0,0,0,7,80,2,4552,5151,8,10,40,1,0,0,0,0
1364858,3,2024,2024,10,4,0,9,27,143,44,0,1,1,-33.714727,151.099323,31,0,2,0,2,0,3,4,0,0,7,60,1,1957,4009,8,5,40,1,0,0,0,0
1364859,3,2024,2024,11,4,6,158,27,138,207,0,1,1,-33.87043,151.268567,81,0,2,1,0,0,0,0,2,0,7,50,2,1282,1282,1,33,36,2,0,0,0,0
1364878,3,2024,2024,1,2,0,2,31,91,34609,0,1,1,-32.972871,151.650789,37,0,2,1,2,0,0,0,0,0,7,50,0,4026,4026,1,5,13,2,0,0,0,0
1364892,3,2024,2024,11,1,10,3371,17,23,3342,0,1,2,-32.066899,152.439799,43,1,0,1,0,0,0,0,0,0,7,100,2,9859,9859,8,29,40,1,0,0,0,0
1364893,3,2024,2024,10,1,9,11,32,45,34609,0,1,9,-32.557498,151.158498,64,2,1,0,2,0,0,0,0,0,0,50,0,1259,5151,1,10,13,2,0,0,0,0
1364898,3,2024,2024,11,6,9,137,31,169,34609,0,1,1,-33.900951,151.207338,69,0,2,1,1,0,0,0,3,0,7,40,0,1282,1282,1,33,19,2,0,0,0,0
1364900,3,2024,2024,10,1,8,4,27,532,34609,0,1,0,-33.868994,151.202869,69,0,2,1,0,0,0,0,2,0,7,40,0,1981,1981,4,5,27,2,0,0,0,0
1364901,3,2024,2024,10,4,11,17,31,129,34609,0,1,9,-33.936496,151.066808,15,0,2,1,2,0,0,0,0,0,0,50,0,9859,9859,8,30,40,1,0,0,0,0