Crash ID,Degree of crash - detailed,Reporting year,Year of crash,Month of crash,Day of week of crash,Two-hour intervals,Street of crash,Street type,Town,Route no.,School zone location,School zone active,Type of location,Latitude,Longitude,LGA,Urbanisation,Conurbation 1,Alignment,Street lighting,Road surface,Surface condition,Weather,Natural lighting,Signals operation,Other traffic control,Speed limit,Road classification,RUM - code,DCA - code,First impact type,Key TU type,Other TU type,No. of traffic units involved,No. killed,No. seriously injured,No. moderately injured,No. minor-other injured
1364903,3,2024,2024,11,3,10,46,27,148,43,0,1,2,-36.041312,146.9282,0,2,1,1,2,0,3,4,0,0,7,60,1,9859,9859,8,10,40,1,0,0,0,0
1364905,3,2024,2024,10,2,7,3371,17,49,3342,0,1,2,-33.199935,151.522401,16,2,2,1,0,0,0,0,2,0,7,80,2,14295,14295,3,5,5,2,0,0,0,0
1364916,3,2024,2024,6,2,4,158,27,68,207,0,1,9,-33.872791,151.248238,81,0,2,1,3,0,3,4,2,2,5,60,2,5929,5929,1,10,13,2,0,0,0,0
1364922,3,2024,2024,6,2,8,103,27,149,167,0,1,2,-33.992097,151.132241,4,0,2,1,2,0,0,0,3,0,7,70,2,9859,9859,1,5,5,4,0,0,0,0
1364923,3,2024,2024,6,1,3,3371,17,17,3342,0,1,2,-28.48925,153.517241,10,1,0,1,3,0,0,0,1,0,7,110,2,1383,1383,1,30,12,3,0,0,0,0
1364926,3,2024,2024,6,2,9,89,27,8,228,0,1,1,-33.275553,150.967297,29,2,2,0,3,2,0,0,0,0,7,50,1,2585,4009,8,10,40,1,0,0,0,0
1364952,3,2024,2024,1,1,11,2261,17,44,2252,0,1,2,-33.891366,150.965549,24,0,2,1,2,0,0,0,0,0,7,70,2,9859,9859,8,0,40,1,0,0,0,0
1364962,3,2024,2024,1,6,3,37,31,273,87,0,1,7,-34.436125,150.897531,80,0,2,1,2,0,0,0,1,0,0,60,2,6545,6545,4,5,5,2,0,0,0,0
1364968,3,2024,2024,1,5,8,90,31,173,165,0,1,1,-33.883265,151.218579,69,0,2,1,2,0,0,0,0,0,7,50,2,9859,9859,1,33,41,3,0,0,0,0
1364970,3,2024,2024,5,2,11,15,31,166,34609,0,1,1,-33.417697,149.575395,3,2,1,1,2,0,3,3,0,0,7,50,0,9859,9859,1,34,5,2,0,0,0,0
1364973,3,2024,2024,1,3,3,26,1,6,22,0,1,1,-32.732199,152.034226,57,2,1,1,2,0,3,4,1,0,7,50,1,4026,4026,8,10,40,1,0,0,0,0
1364978,3,2024,2024,1,6,5,230,27,84,284,0,1,10,-33.781673,151.113469,61,0,2,1,1,0,0,0,2,2,7,70,2,6545,6545,4,0,0,2,0,0,0,0
1364982,3,2024,2024,1,5,2,4,31,179,34609,0,1,1,-31.907722,152.466628,43,2,1,1,3,0,2,2,0,0,7,50,0,9859,9859,1,30,0,2,0,0,0,0
1364995,3,2024,2024,1,0,11,2,27,39,34609,0,1,1,-35.311957,148.237774,66,2,1,1,0,0,0,0,0,0,7,50,0,4026,4026,8,10,40,1,0,0,0,0
1365020,3,2024,2024,1,0,8,4,31,463,34609,0,1,2,-30.295578,153.118384,19,2,1,0,0,0,0,0,2,0,7,40,0,3775,3775,0,10,13,2,0,0,0,0
1365024,3,2024,2024,11,4,2,133,31,161,51,0,1,1,-33.88404,151.153127,32,0,2,1,2,0,0,0,1,0,7,50,1,9859,9859,1,0,0,15,0,0,0,0
1365025,3,2024,2024,11,6,5,34,1,125,34609,0,1,1,-33.862568,151.07757,67,0,2,1,0,0,0,0,2,0,7,50,0,175,188,1,9,5,3,0,0,0,0
1365034,3,2024,2024,11,1,3,1,31,7,34609,0,1,1,-32.455444,149.00516,22,1,0,1,3,2,0,0,2,0,7,100,0,9859,9859,8,5,40,1,0,0,0,0
1365035,3,2024,2024,1,6,8,229,14,98,237,0,1,3,-33.75853,151.051259,54,0,2,1,0,0,3,3,2,0,7,100,2,1192,1192,1,0,22,2,0,0,0,0
1365044,3,2024,2024,11,1,10,46,27,4,43,0,1,1,-35.849274,146.811127,27,1,0,1,0,0,0,0,0,0,7,100,1,945,945,5,10,40,1,0,0,0,0
1365051,3,2024,2024,11,4,9,330,23,293,112,0,1,9,-33.936755,151.237949,59,0,2,1,2,0,3,4,0,0,7,50,2,1192,1192,1,10,0,5,0,0,0,0
1365054,3,2024,2024,11,2,4,7,27,290,34609,0,1,1,-33.946295,151.122725,4,0,2,0,1,0,0,0,2,0,7,50,0,4552,5151,1,5,12,3,0,0,0,0
1365059,3,2024,2024,11,4,7,11,31,64,34609,0,1,9,-33.487393,150.150155,40,2,1,0,3,0,3,4,2,0,7,50,0,1259,5151,8,5,40,2,0,0,0,0
1365063,3,2024,2024,11,0,1,348,17,25,232,0,1,9,-31.640922,148.628151,51,1,0,0,3,0,0,0,0,0,7,110,2,4552,5151,8,8,40,1,0,0,0,0
1365069,3,2024,2024,11,3,1,81,17,41,331,0,1,9,-34.076073,150.694987,12,0,2,1,2,0,3,1,0,2,7,80,1,4552,985,8,5,40,1,0,0,0,0
1365081,3,2024,2024,11,5,4,74,23,49,260,0,1,6,-33.967375,151.153293,4,0,2,1,1,0,0,0,2,0,7,60,2,1282,1282,1,33,0,2,0,0,0,0
1365089,3,2024,2024,11,6,7,149,10,136,702,0,1,2,-33.8586,151.069204,67,0,2,1,3,0,0,0,2,0,7,80,2,14295,14295,3,10,5,2,0,0,0,0
1365091,3,2024,2024,10,6,4,92,31,179,34609,0,1,1,-31.909849,152.457068,43,2,1,1,3,0,3,4,2,0,7,50,0,4026,4026,1,5,5,2,0,0,0,0
1365092,3,2024,2024,11,1,2,866,17,247,793,0,1,2,-33.82803,150.961979,21,0,2,0,3,0,3,4,0,0,7,70,2,1282,1282,1,5,40,1,0,0,0,0
1365093,3,2024,2024,10,4,3,234,27,337,217,0,1,1,-33.729379,151.017492,31,0,2,1,3,0,3,1,2,0,7,60,2,14295,14295,3,5,5,3,0,0,0,0
1365096,3,2024,2024,10,3,5,916,17,104,917,0,1,2,-32.817184,151.678871,48,0,2,1,3,0,0,0,2,0,7,80,2,14295,14295,3,5,5,2,0,0,0,0
1365125,3,2024,2024,11,0,8,2,31,75,34609,0,1,1,-33.87257,151.116557,9,0,2,1,3,0,0,0,2,0,7,50,0,1391,1391,1,5,13,2,0,0,0,0
1365129,3,2024,2024,10,4,10,56,27,443,78,0,1,10,-33.906795,151.057274,15,0,2,1,3,0,0,0,0,3,7,60,2,186,186,1,5,0,2,0,0,0,0
1365131,3,2024,2024,10,3,4,90,31,252,165,0,1,0,-33.891628,151.216827,69,0,2,1,3,0,3,4,2,0,7,60,2,4026,4026,8,5,40,1,0,0,0,0
1365132,3,2024,2024,10,2,4,2,27,34,34609,0,1,1,-33.493671,151.363423,16,2,2,1,0,0,0,0,2,0,7,50,0,248,248,1,0,5,2,0,0,0,0
1365136,3,2024,2024,10,2,7,21,27,70,34609,1,0,1,-33.913416,150.993111,15,0,2,0,3,0,0,0,2,0,7,50,0,2585,4009,1,30,5,3,0,0,0,0
1365137,3,2024,2024,10,1,7,2,10,91,34609,0,1,1,-32.811307,151.638352,48,0,2,0,3,0,0,0,2,0,7,50,0,1981,1981,4,8,13,2,0,0,0,0
1365138,3,2024,2024,10,4,7,30,31,316,34609,0,1,5,-33.905931,151.253731,59,0,2,0,3,0,0,0,2,0,0,50,0,3775,3775,0,30,0,2,0,0,0,0
1365139,3,2024,2024,10,2,6,512,10,172,34609,0,1,7,-32.762269,151.589324,42,2,1,0,3,0,0,0,2,0,0,50,0,1192,1192,1,0,0,2,0,0,0,0
1365141,3,2024,2024,10,2,7,67,27,85,34609,0,1,1,-33.905748,150.865959,41,0,2,1,3,0,0,0,2,0,7,50,0,941,941,1,5,5,2,0,0,0,0
1365142,3,2024,2024,10,1,4,500,27,293,799,0,1,9,-33.932471,151.044852,15,0,2,1,3,0,0,0,2,2,7,60,2,2852,2852,4,5,5,2,0,0,0,0
1365143,3,2024,2024,10,5,3,40,1,3,34609,0,1,9,-35.069926,147.388553,75,2,1,1,3,0,0,0,2,0,0,60,0,2852,2852,4,5,13,2,0,0,0,0
1365145,3,2024,2024,10,5,4,17,36,68,19,0,1,1,-34.863239,148.941131,82,1,0,1,3,0,0,0,2,0,7,100,1,14295,14295,3,5,36,2,0,0,0,0
1365146,3,2024,2024,10,0,3,45,31,43,81,0,1,2,-32.170553,152.498882,43,2,1,0,3,0,0,0,2,0,7,50,2,3775,3775,0,10,0,2,0,0,0,0
1365148,3,2024,2024,11,1,2,9,31,463,34609,0,1,9,-30.294413,153.110934,19,2,1,1,3,0,0,0,0,0,15,50,0,4552,985,8,5,40,1,0,0,0,0
1365154,3,2024,2024,11,5,0,13,27,443,34609,0,1,10,-33.911397,151.04684,15,0,2,1,3,0,0,0,0,0,15,50,0,6545,6545,4,5,13,3,0,0,0,0
1365156,3,2024,2024,10,1,4,234,27,112,217,0,1,2,-33.69379,151.031977,71,0,2,0,3,0,0,0,2,0,7,60,2,1957,4009,8,5,40,1,0,0,0,0
1365158,3,2024,2024,10,4,5,7,27,7,34609,0,1,1,-32.719535,152.180708,57,2,1,0,3,0,0,0,2,0,7,40,0,4552,5151,8,10,40,1,0,0,0,0
1365161,3,2024,2024,10,0,8,8,31,41,34609,0,1,10,-35.127342,147.359605,75,2,1,1,3,0,0,0,2,0,0,50,0,1669,1669,3,5,5,2,0,0,0,0
1365162,3,2024,2024,11,3,7,2261,17,16,2252,0,1,2,-34.652023,150.090292,78,1,0,1,3,0,0,6,2,0,7,110,2,475,475,5,10,40,1,0,0,0,0
1365165,3,2024,2024,10,6,5,866,17,157,793,0,1,2,-33.792193,151.006208,54,0,2,0,3,0,0,0,2,0,7,90,2,1391,1391,1,8,5,2,0,0,0,0
1365172,3,2024,2024,10,4,11,97,17,61,88,0,1,2,-35.186097,149.229541,58,1,0,1,3,0,0,0,0,0,7,110,2,945,945,5,5,40,1,0,0,0,0
1365175,3,2024,2024,10,2,3,3371,17,32,3342,0,1,2,-32.368997,152.298366,43,1,0,1,3,0,3,4,2,0,7,110,2,1945,1945,5,3,40,1,0,0,0,0
1365176,3,2024,2024,10,4,7,49,27,111,62,0,1,2,-33.699087,150.87902,7,0,2,1,3,0,0,0,2,0,7,70,2,1192,1192,1,9,5,2,0,0,0,0
1365178,3,2024,2024,11,2,11,162,27,174,14,0,1,1,-33.86754,150.91787,24,0,2,1,3,0,0,0,0,0,7,60,1,1109,787,1,5,0,2,0,0,0,0
1365179,3,2024,2024,10,0,6,78,32,646,34609,0,1,1,-33.917585,151.037581,15,0,2,1,3,0,0,0,2,0,7,40,0,84,84,8,9,40,2,0,0,0,0
1365180,3,2024,2024,10,2,7,55,27,137,96,0,1,7,-32.960583,151.694384,37,0,2,1,3,0,0,0,2,0,0,60,2,6545,6545,4,5,5,2,0,0,0,0
1365185,3,2024,2024,10,5,4,8,31,207,34609,0,1,10,-31.940962,141.454327,51,2,1,1,3,0,0,0,2,0,0,50,0,175,188,8,30,40,1,0,0,0,0
1365186,3,2024,2024,10,6,9,7,31,161,34609,0,1,9,-33.879014,151.150087,32,0,2,1,1,0,0,3,3,0,7,50,0,220,220,1,10,0,2,0,0,0,0
1365188,3,2024,2024,10,2,6,13,27,173,11,0,1,2,-33.77605,151.12234,61,0,2,1,3,0,0,0,2,2,7,50,1,1981,1981,4,5,0,2,0,0,0,0
1365191,3,2024,2024,10,2,9,255,31,609,220,0,1,9,-33.772323,150.912401,7,0,2,1,3,0,0,0,2,0,7,60,2,623,623,3,5,5,3,0,0,0,0
1365192,3,2024,2024,10,1,8,67,27,100,68,0,1,1,-33.807661,151.172456,77,0,2,0,3,0,3,3,2,0,7,50,1,1282,1282,1,0,5,2,0,0,0,0
1365193,3,2024,2024,10,3,1,35,27,109,96,0,1,1,-33.895485,151.141556,32,0,2,0,3,0,3,3,0,0,7,50,2,4552,5151,8,5,40,1,0,0,0,0
1365194,3,2024,2024,10,0,5,234,27,54,217,0,1,9,-33.708056,151.011124,71,0,2,1,3,0,0,0,2,0,0,60,2,1669,1669,3,8,5,2,0,0,0,0
1365195,3,2024,2024,10,6,4,51,31,562,34609,1,0,9,-32.25186,148.612932,22,2,1,1,3,0,0,0,2,0,7,50,0,14295,14295,3,30,5,2,0,0,0,0
1365196,3,2024,2024,11,1,5,56,27,443,44,0,1,1,-33.896421,151.059022,15,0,2,1,3,0,0,0,2,0,7,60,1,248,248,1,0,13,2,0,0,0,0
1365197,3,2024,2024,10,4,10,283,27,253,702,0,1,1,-33.966671,151.095381,25,0,2,1,3,0,0,0,0,0,7,60,2,14295,14295,3,5,5,4,0,0,0,0
1365198,3,2024,2024,10,6,3,15,31,68,34609,0,1,1,-34.830877,148.914853,82,2,1,1,3,0,0,0,2,0,7,50,0,9859,9859,1,30,13,3,0,0,0,0
1365201,3,2024,2024,10,1,6,15,27,43,228,0,1,1,-33.5749,150.88187,29,2,2,1,3,0,0,0,2,0,7,80,2,9859,9859,8,10,40,1,0,0,0,0
1365202,3,2024,2024,10,1,3,512,17,11,441,0,1,1,-33.353006,149.169912,52,1,0,0,3,0,0,3,2,0,7,100,2,1957,4009,8,0,40,1,0,0,0,0
1365203,3,2024,2024,10,6,8,916,17,37,917,0,1,10,-32.682297,151.393153,17,2,1,1,3,0,3,4,2,0,15,60,2,6545,6545,4,0,5,2,0,0,0,0
1365207,3,2024,2024,10,0,9,4,1,111,34609,0,1,1,-33.924156,151.255563,59,0,2,0,3,0,0,0,0,0,7,50,0,1282,1282,1,0,40,1,0,0,0,0
1365208,3,2024,2024,10,3,0,32,27,72,563,0,1,2,-34.012344,151.010036,68,0,2,1,3,0,0,0,0,0,7,80,2,9859,9859,8,8,40,1,0,0,0,0
1365214,3,2024,2024,10,6,9,2,1,95,34609,0,1,1,-33.738216,150.846048,7,0,2,1,3,0,0,0,3,0,7,50,0,4026,4026,1,5,13,2,0,0,0,0
1365215,3,2024,2024,10,4,5,9,27,37,34609,0,1,1,-34.639126,150.828909,35,2,1,1,3,0,0,0,2,0,7,80,0,9859,9859,8,0,40,1,0,0,0,0
1365219,3,2024,2024,10,2,9,19,27,14,46,0,1,1,-34.901779,150.670349,63,2,1,0,3,0,0,0,3,0,7,80,1,4552,5151,8,5,40,1,0,0,0,0
1365223,3,2024,2024,10,0,6,3,31,124,563,0,1,1,-33.811925,151.052705,54,0,2,1,3,0,0,0,2,0,7,50,2,475,475,5,0,40,1,0,0,0,0
1365224,3,2024,2024,10,4,8,192,31,316,120,1,0,9,-33.915221,151.241591,59,0,2,1,3,0,0,0,2,0,3,50,2,5929,5929,1,5,0,2,0,0,0,0
1365225,3,2024,2024,10,6,4,8,31,323,34609,0,1,9,-33.747457,150.972132,71,0,2,1,3,0,0,0,2,0,7,50,0,2852,2852,4,30,0,3,0,0,0,0
1365229,3,2024,2024,10,6,8,3371,17,18,3342,0,1,2,-28.791738,153.525308,2,1,0,0,3,0,3,4,2,0,7,110,2,273,957,5,0,40,1,0,0,0,0
1365231,3,2024,2024,10,1,4,2,31,102,34609,0,1,1,-31.117637,150.926209,70,2,1,0,3,0,3,4,2,0,7,50,0,4552,5151,1,0,0,2,0,0,0,0
1365232,3,2024,2024,10,4,2,10,31,67,34609,0,1,10,-33.892013,151.011482,15,0,2,1,3,0,0,0,1,0,0,50,0,6545,6545,4,5,0,2,0,0,0,0
1365233,3,2024,2024,10,6,5,1,10,140,34609,0,1,7,-33.789543,150.836997,7,0,2,1,3,0,0,0,2,0,0,50,0,1981,1981,4,0,5,2,0,0,0,0
1365236,3,2024,2024,10,1,4,74,27,41,260,0,1,7,-32.957179,151.617317,37,0,2,0,3,0,0,3,2,0,7,70,2,1391,1391,1,8,5,2,0,0,0,0
1365240,3,2024,2024,10,2,2,43,27,46,29,0,1,7,-32.915193,151.672332,48,0,2,1,3,0,0,0,4,0,0,60,1,1945,1945,5,0,40,1,0,0,0,0
1365242,3,2024,2024,10,3,11,346,17,48,332,0,1,1,-28.976401,152.171634,51,1,0,0,3,0,0,0,0,0,7,100,2,380,714,5,0,40,1,0,0,0,0
1365246,3,2024,2024,10,0,11,5,22,149,34609,0,1,2,-33.988064,151.13121,25,0,2,1,3,0,0,0,0,0,7,50,0,9859,9859,1,5,25,2,0,0,0,0
1365247,3,2024,2024,10,2,7,11,31,18,34609,0,1,1,-33.610701,149.140216,51,2,1,1,3,0,0,0,2,0,7,50,0,9859,9859,1,19,13,2,0,0,0,0
1365248,3,2024,2024,10,2,6,8,24,29,34609,0,1,9,-35.14035,147.330208,75,2,1,0,3,0,0,0,2,0,7,50,0,5929,5929,1,30,5,2,0,0,0,0
1365250,3,2024,2024,10,3,0,123,36,14,49,0,1,1,-30.538108,151.432641,51,1,0,0,3,0,3,4,0,0,7,100,1,782,957,5,10,40,1,0,0,0,0
1365253,3,2024,2024,10,0,8,36,27,7,39,0,1,1,-32.44767,149.034723,22,1,0,1,3,0,0,0,3,0,7,100,2,9859,9859,8,0,40,1,0,0,0,0
1365256,3,2024,2024,10,4,8,89,36,10,81,0,1,1,-34.59521,148.747286,82,1,0,0,3,0,0,0,2,0,7,100,2,2585,4009,8,10,40,1,0,0,0,0
1365257,3,2024,2024,10,1,4,9,31,166,34609,0,1,9,-33.431518,149.572954,3,2,1,1,3,0,0,0,2,0,0,60,0,14295,14295,3,10,0,2,0,0,0,0
1365259,3,2024,2024,10,2,7,4,31,53,12,1,0,10,-32.238653,148.245164,51,2,1,1,3,0,0,0,2,0,0,50,1,6545,6545,4,0,13,2,0,0,0,0
1365261,3,2024,2024,10,5,5,475,31,80,75,0,1,5,-33.879797,151.209083,69,0,2,1,3,0,0,3,2,2,7,40,1,14295,14295,3,0,5,2,0,0,0,0
1365262,3,2024,2024,10,6,8,1,31,67,34609,0,1,9,-33.641627,150.903276,71,0,2,1,3,0,0,0,3,0,7,60,0,5929,5929,1,0,0,2,0,0,0,0
1365263,3,2024,2024,10,3,7,72,31,49,81,0,1,1,-34.442049,148.715714,30,2,1,1,3,0,0,0,2,0,7,50,2,1109,787,1,0,5,2,0,0,0,0
1365265,3,2024,2024,10,4,3,1052,14,60,928,0,1,3,-33.429895,151.242765,16,1,2,0,3,0,0,0,2,0,7,110,2,14295,14295,3,10,5,2,0,0,0,0
1365266,3,2024,2024,10,4,4,1052,14,36,928,0,1,3,-33.638567,151.146,31,0,2,1,3,0,0,0,2,0,7,110,2,14295,14295,3,0,0,2,0,0,0,0
1365267,3,2024,2024,10,5,8,1,10,15,34609,0,1,9,-33.899443,150.846044,41,0,2,0,0,0,0,0,3,0,0,50,0,2585,4009,8,0,40,1,0,0,0,0
1365270,3,2024,2024,10,4,3,90,31,169,165,0,1,2,-33.901878,151.214723,69,0,2,1,3,0,0,0,2,0,7,60,2,1383,1383,1,5,5,2,0,0,0,0
1365277,3,2024,2024,10,5,6,334,17,84,308,1,0,7,-31.093509,150.917718,70,2,1,1,3,0,0,0,2,0,0,50,2,217,217,1,10,13,2,0,0,0,0
1365281,3,2024,2024,10,2,6,293,31,112,769,0,1,9,-33.607565,150.821087,29,2,2,1,3,0,0,0,2,0,0,60,2,2852,2852,4,5,5,2,0,0,0,0
1365283,3,2024,2024,11,6,1,69,23,137,34609,0,1,7,-34.035145,151.054086,68,0,2,1,3,0,0,0,0,0,0,50,0,9859,9859,8,5,40,1,0,0,0,0
1365287,3,2024,2024,10,6,4,103,27,35,256,0,1,1,-34.115549,150.797427,13,0,2,1,3,0,0,0,2,0,7,70,2,14295,14295,3,0,5,2,0,0,0,0
1365288,3,2024,2024,10,5,3,53,36,433,95,0,1,1,-33.276266,149.056157,52,1,0,1,3,0,3,4,1,0,7,100,2,9859,9859,8,29,40,1,0,0,0,0
1365290,3,2024,2024,10,6,8,308,14,95,311,0,1,3,-33.739844,150.847597,7,0,2,1,3,0,0,0,3,0,7,100,2,14295,14295,3,0,5,2,0,0,0,0
1365291,3,2024,2024,10,0,5,3,31,284,34609,0,1,1,-33.903094,151.007004,15,0,2,1,3,0,0,0,2,0,7,50,0,1981,1981,4,5,13,5,0,0,0,0
1365292,3,2024,2024,10,4,9,866,17,314,793,0,1,2,-33.838216,150.957744,21,0,2,1,3,0,0,0,2,0,7,70,2,1192,1192,1,0,5,2,0,0,0,0
1365293,3,2024,2024,10,6,8,1,23,60,34609,0,1,9,-33.94767,150.960658,41,0,2,1,3,0,0,0,2,0,7,50,0,14295,14295,3,5,0,2,0,0,0,0
1365294,3,2024,2024,10,5,4,90,31,112,165,0,1,2,-33.907391,151.213419,69,0,2,1,3,0,3,3,2,0,7,80,2,14295,14295,3,5,0,3,0,0,0,0
1365306,3,2024,2024,10,5,3,109,27,44,169,0,1,9,-32.810827,151.431621,17,2,1,1,2,0,3,0,2,3,7,60,2,3775,3775,0,10,22,2,0,0,0,0
1365307,3,2024,2024,11,6,9,866,17,94,793,1,0,10,-33.883652,150.923887,24,0,2,1,2,0,3,4,0,2,7,70,2,1282,1282,1,33,5,2,0,0,0,0
1365314,3,2024,2024,10,0,9,2209,17,29,2205,0,1,1,-35.317576,150.437653,63,2,1,0,2,0,3,4,0,0,7,50,2,1957,4009,1,10,0,2,0,0,0,0
1365316,3,2024,2024,11,5,4,251,14,79,124,0,1,3,-33.825648,151.213079,49,0,2,0,0,0,0,0,2,0,7,60,2,1383,1383,1,0,13,2,0,0,0,0
1365317,3,2024,2024,11,6,6,12,27,4,34609,0,1,9,-32.770653,152.115076,57,2,1,1,1,0,0,3,2,0,7,70,0,9859,9859,8,5,40,1,0,0,0,0
1365325,3,2024,2024,11,3,5,280,10,92,240,0,1,2,-33.87071,150.961748,24,0,2,1,0,0,0,0,2,0,7,60,2,9859,9859,8,0,40,1,0,0,0,0
1365326,3,2024,2024,10,1,10,25,1,80,139,0,1,7,-34.551847,146.405601,51,2,1,0,2,0,0,0,0,0,0,50,2,4552,5151,8,5,40,1,0,0,0,0
1365328,3,2024,2024,10,0,7,6,10,316,34609,0,1,9,-31.468273,152.903769,56,2,1,1,0,0,0,0,2,0,7,50,0,9859,9859,1,0,12,3,0,0,0,0
1365332,3,2024,2024,10,2,10,104,27,443,702,0,1,9,-33.911401,151.063511,15,0,2,1,2,0,0,0,0,0,15,70,2,6545,6545,4,0,5,2,0,0,0,0
1365333,3,2024,2024,11,5,8,5,27,4,34609,0,1,1,-35.077626,149.08325,82,1,0,1,0,0,0,0,2,0,7,100,0,475,475,5,5,40,1,0,0,0,0
1365347,3,2024,2024,11,0,11,191,27,20,208,0,1,1,-33.798416,151.097184,61,0,2,1,2,0,3,4,0,0,7,60,2,9859,9859,8,0,40,1,0,0,0,0
1365349,3,2024,2024,10,6,8,114,27,21,65,0,1,1,-33.296365,151.199921,16,2,2,0,0,0,3,4,2,0,7,80,1,1850,1463,5,21,40,1,0,0,0,0
1365362,3,2024,2024,10,5,9,62,27,39,166,0,1,9,-33.24575,151.476612,16,2,2,0,2,0,0,0,3,0,0,70,2,4552,5151,8,5,40,1,0,0,0,0
1365364,3,2024,2024,10,3,0,3,27,228,34609,0,1,9,-34.769285,149.723716,26,2,1,0,2,0,0,1,0,0,15,60,0,489,489,8,5,40,1,0,0,0,0
1365369,3,2024,2024,1,4,11,196,10,33,168,0,1,10,-33.966657,151.03535,15,0,2,1,2,0,0,0,0,2,7,70,2,14295,14295,3,0,5,3,0,0,0,0
1365376,3,2024,2024,10,2,11,42,31,53,34609,0,1,1,-31.087969,150.927327,70,2,1,1,2,0,0,0,0,0,7,40,0,237,162,8,10,40,1,0,0,0,0
1365393,3,2024,2024,1,3,0,1,10,11,34609,0,1,1,-33.484443,151.438009,16,2,2,0,0,0,0,0,0,0,7,50,0,1957,4009,1,5,5,2,0,0,0,0
1365395,3,2024,2024,10,6,3,5,31,155,34609,1,0,1,-33.132858,148.175611,53,2,1,1,0,0,3,4,2,0,7,50,0,9859,9859,1,5,0,2,0,0,0,0
1365397,3,2024,2024,10,2,1,12,27,14,19,0,1,6,-33.215489,151.447808,16,1,2,0,2,0,0,0,0,0,7,100,2,1259,5151,8,0,40,1,0,0,0,0
1365416,3,2024,2024,10,3,9,9,31,39,34609,1,0,7,-33.761311,150.931395,7,0,2,1,1,0,0,0,2,0,0,50,0,489,489,8,5,40,1,0,0,0,0
1365421,3,2024,2024,10,4,9,515,14,294,518,0,1,3,-33.940524,150.931665,41,0,2,1,2,0,0,0,3,0,7,100,2,1383,1383,1,9,5,2,0,0,0,0
1365423,3,2024,2024,1,0,11,2,1,243,34609,0,1,1,-33.942977,150.906794,41,0,2,1,2,0,0,0,0,0,7,50,0,9859,9859,8,5,40,1,0,0,0,0
1365428,3,2024,2024,11,3,1,15,31,112,34609,0,1,1,-33.448078,151.438433,16,2,2,1,2,0,0,0,0,0,7,50,0,4026,4026,1,10,0,2,0,0,0,0
1365431,3,2024,2024,11,4,7,71,31,290,103,0,1,9,-33.863453,151.009277,21,0,2,0,1,0,0,0,2,1,7,60,1,4552,5151,8,0,40,1,0,0,0,0
1365440,3,2024,2024,10,0,11,2,10,6,34609,0,1,9,-33.328701,151.434955,16,2,2,0,2,0,0,0,0,0,7,50,0,2585,4009,8,0,40,1,0,0,0,0
1365441,3,2024,2024,10,6,11,2,1,138,34609,0,1,1,-33.871165,151.266055,81,0,2,1,2,0,0,0,0,0,7,50,0,9859,9859,1,33,0,2,0,0,0,0
1365460,3,2024,2024,11,2,6,515,14,10,518,0,1,3,-33.936483,151.121492,4,0,2,1,2,0,0,0,2,0,7,80,2,9859,9859,8,10,40,1,0,0,0,0
1365464,3,2024,2024,10,5,5,77,31,163,69,0,1,10,-33.864973,151.103778,14,0,2,0,1,0,0,3,2,2,7,60,2,6545,6545,4,5,13,2,0,0,0,0
1365469,3,2024,2024,10,2,10,3,27,228,34609,0,1,9,-34.770302,149.726146,26,2,1,0,0,0,0,0,0,0,0,60,0,4552,5151,8,5,40,1,0,0,0,0
1365471,3,2024,2024,1,1,0,168,10,21,260,0,1,2,-33.950217,151.163188,4,0,2,1,2,0,3,4,0,0,7,70,2,9859,9859,1,5,12,2,0,0,0,0
1365479,3,2024,2024,10,3,6,2,27,562,34609,0,1,1,-32.249499,148.673747,22,1,0,1,0,0,0,0,2,0,7,100,0,1669,1669,3,5,13,2,0,0,0,0
1365484,3,2024,2024,11,1,10,2261,17,35,2252,0,1,3,-34.382673,150.524897,78,1,0,1,0,0,0,0,0,0,7,110,2,4026,4026,8,5,40,1,0,0,0,0
1365487,3,2024,2024,11,3,0,143,31,48,34609,0,1,9,-28.263669,153.571252,72,2,1,0,2,0,0,0,0,0,7,50,0,2585,4009,8,5,40,1,0,0,0,0
1365497,3,2024,2024,1,1,8,2261,17,47,2252,0,1,2,-35.757544,147.291633,27,1,0,1,1,0,0,0,3,0,7,110,2,4026,4026,8,5,40,1,0,0,0,0
1365502,3,2024,2024,10,0,0,4,27,4,34609,0,1,1,-32.138249,150.935149,73,2,1,0,0,0,0,0,0,0,7,80,0,4552,5151,8,10,40,1,0,0,0,0
1365506,3,2024,2024,10,4,10,6,27,14,34609,0,1,1,-33.141396,151.589768,16,2,2,1,2,0,0,0,0,0,7,50,0,9859,9859,8,5,40,1,0,0,0,0
1365509,3,2024,2024,11,6,8,2126,17,179,2149,0,1,9,-33.758787,150.720711,55,0,2,1,2,0,0,0,2,2,9,60,2,591,591,1,22,5,2,0,0,0,0
1365510,3,2024,2024,10,3,0,14,27,78,34609,0,1,1,-28.326281,153.392714,72,2,1,1,2,0,0,3,0,0,7,50,0,9859,9859,1,34,5,2,0,0,0,0
1365515,3,2024,2024,10,2,10,1,1,20,34609,0,1,9,-34.090542,150.700638,12,0,2,1,2,0,0,0,0,0,7,50,0,9859,9859,1,0,13,2,0,0,0,0
1365518,3,2024,2024,10,0,4,1,22,71,34609,0,1,1,-33.970075,151.081379,25,0,2,1,0,0,0,0,2,0,7,50,0,1282,1282,1,33,0,2,0,0,0,0