Crash ID,Degree of crash - detailed,Reporting year,Year of crash,Month of crash,Day of week of crash,Two-hour intervals,Street of crash,Street type,Town,Route no.,School zone location,School zone active,Type of location,Latitude,Longitude,LGA,Urbanisation,Conurbation 1,Alignment,Street lighting,Road surface,Surface condition,Weather,Natural lighting,Signals operation,Other traffic control,Speed limit,Road classification,RUM - code,DCA - code,First impact type,Key TU type,Other TU type,No. of traffic units involved,No. killed,No. seriously injured,No. moderately injured,No. minor-other injured
1365522,3,2024,2024,10,4,10,154,27,136,244,0,1,10,-33.909582,151.075461,15,0,2,0,2,0,0,0,0,2,7,60,2,6545,6545,4,5,5,2,0,0,0,0
1365532,3,2024,2024,11,2,7,866,17,204,793,0,1,10,-33.899433,150.919235,24,0,2,1,0,0,0,0,2,2,7,70,2,14295,14295,3,5,5,2,0,0,0,0
1365535,3,2024,2024,10,3,8,1,27,121,34609,0,1,10,-33.794818,151.28063,50,0,2,1,1,0,0,0,2,0,15,50,0,6545,6545,4,0,0,2,0,0,0,0
1365536,3,2024,2024,10,1,2,5,25,31,34609,0,1,9,-33.926002,150.882416,41,0,2,1,2,0,0,0,0,0,7,50,0,9859,9859,1,5,5,2,0,0,0,0
1365537,3,2024,2024,11,4,11,27,27,171,35,0,1,7,-33.803468,150.978136,54,0,2,0,2,0,3,4,0,0,0,50,1,1850,777,5,5,40,1,0,0,0,0
1365548,3,2024,2024,6,3,11,12,10,26,8,1,0,1,-34.021286,151.085506,68,0,2,0,2,0,0,0,0,0,7,60,1,4552,5151,8,0,40,1,0,0,0,0
1365567,3,2024,2024,10,2,3,8,31,13,34609,0,1,1,-32.898403,151.748261,48,0,2,1,3,0,0,0,2,0,7,50,0,1981,1981,4,5,5,2,0,0,0,0
1365568,3,2024,2024,10,1,3,68,27,110,67,1,0,1,-33.773661,151.024418,54,0,2,1,3,0,0,0,1,0,7,60,1,9859,9859,1,10,13,2,0,0,0,0
1365570,3,2024,2024,10,0,9,52,27,106,53,0,1,1,-33.925433,151.09684,15,0,2,1,3,0,0,0,2,0,7,50,1,14295,14295,3,8,10,4,0,0,0,0
1365572,3,2024,2024,10,3,6,56,31,119,34609,0,1,10,-32.763665,151.744897,57,2,1,1,3,0,0,0,2,2,7,50,0,5929,5929,1,10,13,3,0,0,0,0
1365575,3,2024,2024,10,0,10,22,27,123,59,0,1,2,-33.887012,151.222068,69,0,2,1,3,0,0,0,0,0,7,40,1,14295,14295,3,10,5,4,0,0,0,0
1365577,3,2024,2024,10,2,6,177,31,314,208,0,1,1,-33.86014,150.925962,24,0,2,1,3,0,0,0,2,0,7,60,1,14295,14295,3,5,5,4,0,0,0,0
1365580,3,2024,2024,10,1,3,1104,14,75,962,0,1,3,-33.872861,151.116875,9,0,2,1,3,0,0,0,2,0,7,90,2,14295,14295,3,9,0,4,0,0,0,0
1365583,3,2024,2024,10,4,8,10,31,387,34609,0,1,1,-33.931673,151.193315,4,0,2,1,3,0,0,0,2,0,7,50,0,941,941,1,5,36,2,0,0,0,0
1365584,3,2024,2024,10,0,4,26,31,646,118,0,1,9,-33.915522,151.031615,15,0,2,1,3,0,0,0,2,0,7,60,1,5929,5929,1,0,0,2,0,0,0,0
1365587,3,2024,2024,10,1,3,3,31,179,34609,0,1,9,-31.898591,152.455968,43,2,1,1,3,0,0,0,2,0,7,50,0,186,186,1,10,13,2,0,0,0,0
1365588,3,2024,2024,10,2,9,4,27,61,36,0,1,1,-33.768252,151.135473,36,0,2,1,3,0,3,0,3,0,7,60,1,14295,14295,3,0,0,3,0,0,0,0
1365589,3,2024,2024,10,4,3,481,17,155,483,0,1,10,-33.141542,148.170421,53,2,1,0,3,0,0,0,2,0,0,50,2,2852,2852,4,0,13,2,0,0,0,0
1365591,3,2024,2024,10,3,11,866,17,54,793,1,0,10,-33.724475,151.097134,31,0,2,0,2,0,3,0,0,2,7,70,2,2585,4009,8,5,40,1,0,0,0,0
1365592,3,2024,2024,10,6,7,11,27,562,34609,0,1,9,-32.256052,148.586732,22,2,1,1,3,0,3,4,2,0,0,60,0,301,301,4,5,5,2,0,0,0,0
1365593,3,2024,2024,10,0,11,5,27,56,34609,0,1,1,-32.73351,151.317118,17,2,1,1,3,0,3,4,0,0,7,80,0,1089,1089,7,5,40,1,0,0,0,0
1365595,3,2024,2024,10,5,8,20,27,73,34609,0,1,1,-33.770189,151.174051,36,0,2,0,3,0,0,0,2,0,7,50,0,4552,5151,1,0,4,2,0,0,0,0
1365598,3,2024,2024,10,4,5,2126,17,140,2149,0,1,2,-33.786667,150.845086,7,0,2,1,3,0,0,0,2,0,7,80,2,1383,1383,1,10,0,2,0,0,0,0
1365599,3,2024,2024,10,3,5,115,27,55,114,0,1,1,-33.861525,151.278136,81,0,2,0,3,0,3,0,2,0,7,50,2,4552,5151,1,5,5,2,0,0,0,0
1365600,3,2024,2024,10,2,11,4,2,63,34609,0,1,1,-28.194234,153.511085,72,2,1,0,3,0,0,0,0,0,7,50,0,1259,5151,8,5,40,1,0,0,0,0
1365602,3,2024,2024,10,5,7,481,17,10,483,0,1,1,-32.8539,148.227591,53,1,0,0,3,0,0,0,2,0,7,110,2,1957,4009,8,3,40,1,0,0,0,0
1365603,3,2024,2024,10,1,8,12,27,18,34609,0,1,9,-32.964149,151.707368,37,0,2,1,3,0,0,0,2,0,15,60,0,6545,6545,4,10,5,2,0,0,0,0
1365605,3,2024,2024,10,6,8,230,27,100,284,0,1,2,-33.810609,151.163457,38,0,2,1,3,0,0,0,2,0,7,60,2,1282,1282,1,0,19,2,0,0,0,0
1365606,3,2024,2024,10,6,10,1,31,443,34609,0,1,9,-33.900884,151.061344,15,0,2,1,3,0,0,0,0,0,7,50,0,1282,1282,1,5,13,2,0,0,0,0
1365609,3,2024,2024,10,5,6,9,27,11,56,0,1,1,-32.637775,147.559224,53,1,0,0,3,0,0,0,2,0,7,100,1,782,957,5,31,40,1,0,0,0,0
1365610,3,2024,2024,10,4,9,481,17,29,483,0,1,9,-31.245643,149.313333,51,1,0,1,3,0,0,0,0,0,0,100,2,1192,1192,1,29,13,2,0,0,0,0
1365611,3,2024,2024,10,4,7,67,27,56,68,0,1,1,-33.804307,151.205033,77,0,2,1,3,0,0,0,2,0,7,50,1,14295,14295,3,9,5,3,0,0,0,0
1365614,3,2024,2024,10,6,4,125,31,438,44,0,1,9,-33.846121,151.029938,21,0,2,1,3,0,0,0,2,0,2,60,1,256,256,4,10,5,2,0,0,0,0
1365616,3,2024,2024,10,3,11,334,17,21,308,0,1,1,-31.398153,152.117588,56,1,0,0,3,0,0,0,0,0,7,100,2,1259,5151,8,5,40,1,0,0,0,0
1365618,3,2024,2024,10,5,3,3,1,115,34609,0,1,1,-34.030826,151.072298,68,0,2,1,3,0,0,0,2,0,7,50,0,1981,1981,4,0,5,2,0,0,0,0
1365620,3,2024,2024,10,0,7,13,31,438,7,0,1,1,-33.848142,151.020876,21,0,2,1,3,0,0,0,2,2,7,50,1,5929,5929,1,9,5,2,0,0,0,0
1365621,3,2024,2024,10,2,6,1,27,10,34609,0,1,1,-28.518504,152.538335,51,1,0,1,3,2,0,0,2,0,7,100,0,945,945,5,10,40,1,0,0,0,0
1365622,3,2024,2024,1,4,3,1,25,646,34609,0,1,1,-33.915775,151.024884,15,0,2,1,3,0,0,0,1,0,7,50,0,9859,9859,1,0,5,3,0,0,0,0
1365623,3,2024,2024,10,1,3,2,31,82,34609,0,1,1,-31.074928,150.917418,70,2,1,1,0,0,0,0,2,0,7,40,0,1109,787,1,5,0,2,0,0,0,0
1365628,3,2024,2024,10,3,8,3371,17,24,3342,0,1,9,-32.652609,151.866133,57,1,0,1,3,0,0,0,2,0,15,100,2,2852,2852,4,5,0,2,0,0,0,0
1365629,3,2024,2024,10,6,3,16,27,316,120,0,1,1,-33.90763,151.249047,59,0,2,1,3,0,0,0,2,0,7,50,2,941,941,1,9,5,2,0,0,0,0
1365633,3,2024,2024,10,6,10,10,6,226,34609,0,1,1,-33.765454,150.822062,7,0,2,1,3,0,0,0,0,0,7,50,0,1981,1981,4,0,5,2,0,0,0,0
1365634,3,2024,2024,10,1,7,14,31,85,34609,0,1,9,-33.804712,150.674101,55,0,2,1,3,0,0,0,2,0,7,50,0,9859,9859,1,5,4,2,0,0,0,0
1365635,3,2024,2024,10,6,6,72,31,204,62,0,1,1,-33.936161,151.152417,4,0,2,0,3,0,0,0,2,0,7,60,1,3775,3775,0,9,12,2,0,0,0,0
1365636,3,2024,2024,10,1,6,59,27,252,41,0,1,10,-33.950035,150.865753,41,0,2,1,3,0,0,0,2,2,7,60,1,5929,5929,1,5,5,2,0,0,0,0
1365638,3,2024,2024,10,0,6,9,36,39,34609,0,1,1,-32.739421,152.103273,57,2,1,1,3,0,0,0,2,0,7,50,0,945,945,5,0,40,1,0,0,0,0
1365641,3,2024,2024,10,3,8,1052,14,149,928,0,1,3,-33.364418,151.333136,16,1,2,1,3,0,0,0,3,0,7,110,2,1383,1383,1,5,5,2,0,0,0,0
1365642,3,2024,2024,10,5,7,213,17,10,213,0,1,1,-29.629924,152.132087,51,1,0,1,3,0,0,0,2,0,7,100,2,945,945,5,5,40,1,0,0,0,0
1365643,3,2024,2024,10,0,8,39,31,70,34609,0,1,1,-33.253675,151.508141,16,2,2,1,3,0,0,0,2,0,7,50,0,14295,14295,3,5,5,2,0,0,0,0
1365645,3,2024,2024,10,6,4,3371,17,19,3342,0,1,1,-33.385058,151.354701,16,2,2,0,3,0,0,0,2,0,7,60,2,14295,14295,3,5,5,3,0,0,0,0
1365646,3,2024,2024,10,0,8,2,1,346,144,0,1,1,-33.879791,151.093459,9,0,2,1,3,0,0,0,2,0,7,50,2,1981,1981,4,0,5,2,0,0,0,0
1365648,3,2024,2024,10,4,7,21,27,147,34609,0,1,10,-33.884518,151.000355,15,0,2,1,3,0,0,0,2,0,0,40,0,5929,5929,1,5,0,2,0,0,0,0
1365649,3,2024,2024,10,5,4,866,17,157,793,0,1,2,-33.792125,151.005358,54,0,2,0,3,0,0,0,2,0,7,90,2,1282,1282,1,5,5,2,0,0,0,0
1365650,3,2024,2024,10,6,8,25,27,67,94,0,1,1,-33.883909,151.007934,15,0,2,1,3,0,0,0,2,0,7,60,1,1109,787,1,5,5,2,0,0,0,0
1365651,3,2024,2024,10,3,7,26,27,16,68,0,1,9,-33.802485,151.206001,77,0,2,0,3,0,0,0,2,0,15,60,1,3775,3775,0,0,0,2,0,0,0,0
1365652,3,2024,2024,10,6,7,12,31,98,8,0,1,10,-30.974766,150.252256,51,2,1,1,3,0,3,4,2,0,0,50,1,2852,2852,4,0,35,2,0,0,0,0
1365653,3,2024,2024,10,4,5,105,17,251,136,0,1,9,-33.771494,150.937901,7,0,2,1,3,0,0,0,2,0,7,60,2,775,775,4,0,5,2,0,0,0,0
1365657,3,2024,2024,10,5,4,348,17,25,232,0,1,1,-32.954758,149.858627,44,1,0,1,3,0,0,0,2,0,7,100,2,15,15,1,10,5,2,0,0,0,0
1365659,3,2024,2024,10,0,3,81,17,3,34609,0,1,1,-35.109894,147.804352,20,1,0,0,0,0,3,4,2,0,7,100,0,3775,3775,0,10,10,2,0,0,0,0
1365660,3,2024,2024,10,0,7,3371,17,463,3342,0,1,9,-30.305608,153.101876,19,2,1,1,3,0,0,0,2,0,0,60,2,775,775,4,0,0,4,0,0,0,0
1365661,3,2024,2024,10,5,6,11,31,273,34609,0,1,1,-34.426964,150.892979,80,0,2,1,3,0,0,0,2,0,7,50,0,220,220,1,9,5,2,0,0,0,0
1365664,3,2024,2024,10,0,10,62,10,91,169,0,1,2,-32.812797,151.638127,48,0,2,1,3,0,3,4,0,0,14,40,2,3775,3775,0,0,13,2,0,0,0,0
1365666,3,2024,2024,10,0,8,37,27,19,52,0,1,1,-33.931254,150.589205,79,2,2,0,3,0,0,0,2,0,7,80,1,1669,1669,3,5,12,2,0,0,0,0
1365668,3,2024,2024,10,0,4,4,27,19,34609,0,1,1,-33.189022,151.487559,16,2,2,0,3,0,3,4,2,0,7,60,0,4552,5151,8,5,40,1,0,0,0,0
1365669,3,2024,2024,10,6,2,293,31,128,369,0,1,1,-33.616428,150.810488,29,2,2,1,3,0,0,0,1,0,7,60,2,1282,1282,1,5,10,2,0,0,0,0
1365670,3,2024,2024,10,4,9,234,27,24,65,1,0,1,-33.384813,150.986441,31,0,2,1,3,0,3,4,3,0,7,60,2,945,945,5,5,40,1,0,0,0,0
1365672,3,2024,2024,10,0,11,1,1,323,34609,0,1,1,-33.770248,150.973844,71,0,2,0,3,0,3,4,0,0,7,50,0,1957,4009,8,5,40,1,0,0,0,0
1365674,3,2024,2024,10,5,3,41,27,137,80,0,1,7,-32.970155,151.688778,37,0,2,1,3,0,0,0,2,0,0,60,1,6545,6545,4,10,0,2,0,0,0,0
1365675,3,2024,2024,10,0,8,82,31,370,49,0,1,1,-34.064608,150.81782,13,0,2,1,3,0,0,0,2,0,7,60,1,1981,1981,4,5,5,2,0,0,0,0
1365676,3,2024,2024,10,0,9,7,31,75,34609,0,1,1,-33.877124,151.114688,9,0,2,1,3,0,0,0,2,0,7,50,0,323,323,1,0,5,2,0,0,0,0
1365677,3,2024,2024,10,2,0,344,27,42,163,0,1,9,-33.74017,150.862502,7,0,2,1,3,0,3,4,0,2,7,70,2,6545,6545,4,10,5,2,0,0,0,0
1365682,3,2024,2024,10,4,11,5,31,43,34609,0,1,9,-33.447841,151.327895,16,2,2,1,3,0,0,0,0,0,7,50,0,9859,9859,1,5,13,2,0,0,0,0
1365683,3,2024,2024,10,3,7,43,27,18,46,0,1,7,-28.336585,153.574152,72,2,1,1,3,0,0,0,2,0,0,50,1,14295,14295,3,10,5,2,0,0,0,0
1365684,3,2024,2024,10,2,11,41,31,304,34609,0,1,1,-33.915775,151.142442,32,0,2,0,3,0,0,0,0,0,7,50,0,4552,5151,1,5,5,2,0,0,0,0
1365685,3,2024,2024,10,2,4,3371,17,11,3342,0,1,2,-28.460121,153.503809,72,1,0,0,3,0,0,0,2,0,7,110,2,1109,787,1,0,0,2,0,0,0,0
1365689,3,2024,2024,10,1,7,126,1,140,144,0,1,2,-33.783215,150.812425,7,0,2,0,3,0,3,4,2,0,7,70,2,4552,5151,1,21,35,2,0,0,0,0
1365691,3,2024,2024,10,6,4,3371,17,23,3342,0,1,2,-32.052468,152.443936,43,1,0,0,3,0,0,0,2,0,7,110,2,1089,1089,7,10,40,1,0,0,0,0
1365693,3,2024,2024,10,6,6,133,31,133,97,0,1,1,-33.916035,151.000077,15,0,2,1,3,0,0,0,2,0,7,60,1,1981,1981,4,10,5,2,0,0,0,0
1365694,3,2024,2024,10,4,7,2126,17,445,2149,0,1,9,-33.851258,151.054551,21,0,2,1,3,0,0,0,2,0,7,60,2,5929,5929,1,9,0,2,0,0,0,0
1365695,3,2024,2024,10,1,7,64,27,175,284,0,1,10,-33.77116,151.080268,54,0,2,1,3,0,0,0,2,2,7,60,2,14295,14295,3,0,5,3,0,0,0,0
1365700,3,2024,2024,10,2,8,147,27,104,605,0,1,2,-33.830478,151.219686,49,0,2,1,3,0,0,0,3,0,7,60,2,14295,14295,3,5,41,3,0,0,0,0
1365702,3,2024,2024,10,6,8,6,27,147,34609,0,1,7,-33.754358,151.292082,50,0,2,1,3,0,0,3,2,0,0,40,0,6545,6545,4,22,0,2,0,0,0,0
1365704,3,2024,2024,10,2,3,220,14,67,220,0,1,3,-34.423256,150.869573,80,0,2,1,3,0,3,0,2,0,7,90,2,4026,4026,8,8,40,1,0,0,0,0
1365712,3,2024,2024,10,1,6,346,17,12,332,0,1,1,-28.841862,152.825147,51,1,0,0,3,0,0,0,2,0,7,100,2,4552,5151,8,10,40,1,0,0,0,0
1365714,3,2024,2024,1,2,1,16,2,168,34609,0,1,1,-33.695471,150.813858,7,0,2,1,3,0,0,0,0,0,7,50,0,9859,9859,1,0,0,3,0,0,0,0
1365715,3,2024,2024,10,3,6,37,27,3,48,0,1,9,-32.426193,151.737971,51,1,0,1,3,0,0,0,2,0,7,100,1,3775,3775,0,5,13,2,0,0,0,0
1365719,3,2024,2024,10,6,4,20,31,47,34609,0,1,1,-33.769369,151.279244,50,0,2,1,3,0,0,0,2,0,7,50,0,9859,9859,1,0,41,2,0,0,0,0
1365723,3,2024,2024,10,0,10,2,27,23,34609,0,1,1,-31.51256,145.824388,51,2,1,0,3,0,0,0,0,0,7,80,0,782,957,5,0,40,1,0,0,0,0
1365728,3,2024,2024,10,5,6,82,27,84,181,0,1,1,-33.894952,151.27049,76,0,2,1,3,0,0,0,2,0,7,50,2,1981,1981,4,10,0,2,0,0,0,0
1365729,3,2024,2024,10,4,8,30,27,166,52,0,1,10,-33.90503,151.173331,32,0,2,1,3,0,0,3,2,2,7,60,1,9859,9859,1,5,12,2,0,0,0,0
1365732,3,2024,2024,10,4,9,1,27,8,34609,0,1,1,-32.641502,149.024798,22,1,0,0,3,2,0,0,3,0,7,100,0,1957,4009,8,5,40,1,0,0,0,0
1365733,3,2024,2024,10,1,3,222,31,131,212,0,1,1,-33.785861,151.184367,36,0,2,1,3,0,0,0,1,0,7,60,2,1391,1391,1,5,36,2,0,0,0,0
1365743,3,2024,2024,6,3,5,348,31,532,34609,0,1,0,-33.866907,151.209944,69,0,2,1,0,0,0,0,2,0,7,40,0,1192,1192,1,33,0,2,0,0,0,0
1365748,3,2024,2024,6,4,10,5,10,85,34609,0,1,1,-33.90232,150.860562,41,0,2,1,0,0,0,0,0,0,7,50,0,9859,9859,8,5,40,1,0,0,0,0
1365763,3,2024,2024,5,2,9,37,23,443,78,0,1,9,-33.907175,151.060292,15,0,2,1,2,0,0,0,3,0,0,60,2,3775,3775,0,0,13,3,0,0,0,0
1365771,3,2024,2024,5,2,10,89,17,82,34609,1,0,10,-34.366445,150.898334,80,0,2,1,2,0,0,0,0,2,7,60,0,14295,14295,3,5,0,2,0,0,0,0
1365779,3,2024,2024,8,0,9,2126,17,62,2149,0,1,2,-33.745584,150.612274,8,2,2,1,2,0,0,0,3,0,7,60,2,14295,14295,3,9,0,2,0,0,0,0
1365783,3,2024,2024,1,0,11,205,27,161,415,0,1,2,-33.736008,151.15284,36,0,2,0,2,0,3,3,0,0,7,60,2,1957,4009,8,5,40,1,0,0,0,0
1365795,3,2024,2024,1,0,10,171,27,346,34609,0,1,1,-33.870041,151.098747,9,0,2,1,2,0,0,0,0,0,7,50,0,9859,9859,1,5,5,3,0,0,0,0
1365810,3,2024,2024,5,5,5,97,17,61,88,0,1,9,-35.178786,149.268169,58,1,0,1,0,0,0,0,2,0,0,110,2,5929,5929,1,5,10,2,0,0,0,0
1365811,3,2024,2024,1,6,6,330,23,293,112,0,1,10,-33.934681,151.237465,59,0,2,1,2,0,0,0,2,2,7,50,2,6545,6545,4,5,0,2,0,0,0,0
1365815,3,2024,2024,1,5,9,10,27,314,34609,0,1,1,-33.839947,150.950685,21,0,2,1,0,0,0,0,0,0,7,50,0,1282,1282,1,33,25,2,0,0,0,0
1365823,3,2024,2024,11,2,7,1,7,67,34609,0,1,1,-33.397609,151.343502,16,2,2,0,0,0,0,0,2,0,7,50,0,220,220,1,0,3,2,0,0,0,0
1365827,3,2024,2024,11,5,10,35,27,47,36,0,1,1,-35.251134,149.430257,58,1,0,1,0,0,0,0,0,0,7,100,1,9859,9859,8,10,40,1,0,0,0,0
1365836,3,2024,2024,11,5,9,475,7,187,34609,0,1,9,-33.780204,150.999385,54,0,2,1,2,0,0,0,0,0,7,50,0,9859,9859,1,5,13,2,0,0,0,0
1365869,3,2024,2024,11,1,11,12,1,309,34609,0,1,9,-33.811929,151.103533,61,0,2,1,0,0,0,0,0,0,7,50,0,3775,3775,0,0,5,4,0,0,0,0
1365871,3,2024,2024,11,5,7,478,17,122,480,0,1,7,-33.429354,151.338547,16,2,2,1,0,0,0,0,2,0,0,60,2,3775,3775,0,0,5,3,0,0,0,0
1365873,3,2024,2024,6,3,3,230,27,100,284,0,1,10,-33.812402,151.170924,38,0,2,0,2,0,3,4,2,2,9,60,2,2585,4009,8,10,40,1,0,0,0,0
1365877,3,2024,2024,10,0,10,38,27,189,165,0,1,7,-33.950237,151.059219,25,0,2,1,2,0,0,0,0,0,0,50,1,6545,6545,4,33,5,2,0,0,0,0
1365892,3,2024,2024,11,1,2,4,31,293,91,0,1,9,-33.939602,151.256352,59,0,2,0,0,0,0,0,0,0,7,50,1,1282,1282,1,33,5,2,0,0,0,0
1365895,3,2024,2024,10,0,1,177,31,314,208,0,1,1,-33.86224,150.940879,24,0,2,1,0,0,0,0,0,0,7,60,1,9859,9859,1,10,5,4,0,0,0,0
1365905,3,2024,2024,10,6,9,2,31,228,143,0,1,9,-34.750565,149.719927,26,2,1,1,0,0,0,0,2,0,7,50,2,9859,9859,8,5,40,1,0,0,0,0
1365918,3,2024,2024,10,0,7,7,27,11,34609,1,0,10,-36.033331,146.944838,0,2,1,1,1,0,3,4,2,2,7,60,0,5929,5929,1,5,0,2,0,0,0,0
1365924,3,2024,2024,10,2,11,16,27,149,34609,0,1,1,-33.363185,151.384985,16,2,2,1,0,0,0,0,0,0,7,60,0,4026,4026,8,5,40,1,0,0,0,0
1365928,3,2024,2024,1,4,2,19,27,137,49,1,0,1,-33.900578,150.898458,24,0,2,1,0,0,0,0,1,0,7,50,1,9859,9859,1,5,12,2,0,0,0,0
1365935,3,2024,2024,10,6,7,6,31,562,34609,0,1,10,-32.247108,148.58837,22,2,1,1,1,0,0,0,2,0,7,50,0,945,945,5,30,40,1,0,0,0,0
1365936,3,2024,2024,10,3,2,361,32,460,42,0,1,1,-33.846444,150.990243,21,0,2,1,2,0,0,0,0,0,7,50,1,9859,9859,1,5,5,3,0,0,0,0
1365938,3,2024,2024,11,3,5,7,25,20,34609,0,1,9,-34.026084,151.008675,68,0,2,1,0,0,3,3,2,0,7,50,0,2852,2852,4,0,0,2,0,0,0,0
1365943,3,2024,2024,10,3,11,22,27,73,34609,0,1,1,-33.89057,151.163969,32,0,2,1,2,0,0,0,0,0,7,50,0,9859,9859,1,16,25,2,0,0,0,0
1365948,3,2024,2024,10,2,7,481,17,155,483,0,1,1,-33.143913,148.170649,53,2,1,1,1,0,0,0,2,0,7,50,2,945,945,5,5,40,1,0,0,0,0
1365962,3,2024,2024,10,2,8,45,3,27,331,0,1,2,-34.042599,150.745341,12,0,2,1,0,0,3,6,2,0,7,100,2,4026,4026,8,10,40,1,0,0,0,0
1365963,3,2024,2024,10,2,4,2209,17,157,2205,0,1,2,-34.003211,151.113203,68,0,2,1,0,0,0,0,2,0,7,70,2,14295,14295,3,5,13,2,0,0,0,0
1365972,3,2024,2024,11,1,8,34,31,145,34609,0,1,1,-33.932662,151.11212,15,0,2,1,0,0,0,0,2,0,7,50,0,9859,9859,1,5,5,2,0,0,0,0
1366006,3,2024,2024,10,0,9,112,27,79,769,0,1,10,-33.579888,150.719578,29,2,2,1,0,0,0,0,2,2,7,60,2,256,256,4,5,5,2,0,0,0,0
1366007,3,2024,2024,10,6,7,512,17,562,441,0,1,9,-32.24215,148.586559,22,2,1,1,0,0,3,4,2,0,7,60,2,1669,1669,3,0,5,2,0,0,0,0
1366010,3,2024,2024,10,1,10,9,10,63,34609,0,1,2,-33.252276,151.480046,16,2,2,1,2,0,0,0,0,0,7,50,0,4026,4026,8,0,40,1,0,0,0,0
1366015,3,2024,2024,1,2,0,16,27,113,16,0,1,9,-33.817887,150.760172,55,0,2,1,0,0,0,0,0,0,7,60,1,9859,9859,8,5,40,1,0,0,0,0
1366030,3,2024,2024,10,1,5,135,17,93,136,0,1,10,-36.076473,146.936459,0,2,1,1,1,0,0,0,2,0,0,60,2,6545,6545,4,5,0,2,0,0,0,0
1366034,3,2024,2024,1,1,1,7,27,219,34609,0,1,1,-32.913673,151.672485,48,0,2,0,2,0,0,0,0,0,7,50,0,4552,5151,1,5,0,3,0,0,0,0
1366038,3,2024,2024,10,1,2,36,31,19,34609,0,1,1,-32.908807,151.749367,48,0,2,1,2,0,0,0,0,0,7,40,0,9859,9859,1,5,5,2,0,0,0,0
1366039,3,2024,2024,10,3,8,500,27,293,799,0,1,9,-33.932541,151.041858,15,0,2,1,1,0,0,0,2,2,7,60,2,14295,14295,3,5,5,3,0,0,0,0
1366049,3,2024,2024,10,0,0,7,1,42,34609,0,1,9,-33.91577,150.89494,41,0,2,1,2,0,0,0,0,0,7,50,0,489,489,8,5,40,1,0,0,0,0
1366054,3,2024,2024,1,1,8,2,22,293,34609,0,1,1,-33.940011,151.257717,59,0,2,1,0,0,0,0,2,0,7,50,0,1282,1282,1,33,12,2,0,0,0,0
1366062,3,2024,2024,10,5,11,56,31,70,34609,0,1,9,-33.437311,151.356276,16,2,2,1,2,0,0,0,0,0,0,50,0,404,404,8,5,40,1,0,0,0,0
1366065,3,2024,2024,10,0,3,5,1,85,34609,0,1,1,-33.904076,150.882152,41,0,2,1,1,0,2,6,2,0,7,50,0,4026,4026,1,10,13,2,0,0,0,0
1366066,3,2024,2024,10,0,7,34,31,98,260,0,1,1,-33.007594,151.594289,37,0,2,1,1,0,0,0,2,0,7,60,2,14295,14295,3,5,0,3,0,0,0,0
1366068,3,2024,2024,10,4,10,35,27,47,36,0,1,1,-35.250983,149.429855,58,1,0,1,0,0,0,0,0,0,7,100,1,1109,787,1,0,5,2,0,0,0,0
1366075,3,2024,2024,1,5,6,98,31,316,34609,0,1,7,-31.427367,152.896995,56,2,1,1,1,0,0,0,2,0,0,50,0,1391,1391,1,0,0,2,0,0,0,0
1366079,3,2024,2024,10,2,5,21,27,16,34609,0,1,9,-33.55419,150.726498,29,2,2,0,1,0,0,0,2,0,0,60,0,2585,777,8,10,40,1,0,0,0,0
1366080,3,2024,2024,10,2,10,4,10,6,34609,0,1,9,-33.714078,150.87051,7,0,2,1,3,0,2,6,0,0,16,50,0,1945,1945,5,5,40,1,0,0,0,0
1366089,3,2024,2024,10,3,8,13,1,8,34609,0,1,1,-33.429971,149.566036,3,2,1,1,2,0,0,0,0,0,0,60,0,4552,985,8,34,40,1,0,0,0,0
1366090,3,2024,2024,10,3,10,1,1,179,34609,0,1,1,-31.899132,152.443881,43,2,1,1,2,0,0,0,0,0,7,50,0,9859,9859,1,30,5,2,0,0,0,0
1366091,3,2024,2024,11,3,10,1,27,65,34609,0,1,1,-33.378854,151.392198,16,2,2,1,0,0,3,4,0,0,0,50,0,4026,4026,8,5,40,1,0,0,0,0
1366095,3,2024,2024,10,6,6,3371,17,37,3342,0,1,2,-29.461933,153.213014,18,1,0,1,0,0,3,4,2,0,7,110,2,9859,9859,8,5,40,1,0,0,0,0
1366099,3,2024,2024,11,6,11,1,27,65,34609,0,1,1,-33.704961,151.288204,50,0,2,0,0,0,3,0,0,0,7,50,0,1259,5151,8,5,40,1,0,0,0,0
1366101,3,2024,2024,10,2,10,41,27,53,34609,0,1,1,-33.374284,151.454333,16,2,2,1,2,0,0,0,0,0,7,50,0,4026,4026,1,5,13,2,0,0,0,0
1366109,3,2024,2024,10,0,11,330,27,106,605,0,1,6,-33.679432,151.302881,50,0,2,0,2,0,3,0,0,2,9,60,2,2585,4009,8,5,40,1,0,0,0,0
1366111,3,2024,2024,10,0,7,133,31,646,97,0,1,9,-33.917802,151.02566,15,0,2,1,1,0,0,0,2,0,0,60,1,14295,14295,3,5,0,2,0,0,0,0
1366112,3,2024,2024,10,1,4,3371,17,10,3342,0,1,2,-30.159092,153.190575,19,1,0,0,0,0,0,0,2,0,7,110,2,1192,1192,1,5,5,2,0,0,0,0
1366116,3,2024,2024,5,6,9,21,31,82,34609,0,1,1,-33.824794,151.202587,49,0,2,1,2,0,0,0,3,0,7,50,0,9859,9859,1,8,0,2,0,0,0,0