Crash ID,Degree of crash - detailed,Reporting year,Year of crash,Month of crash,Day of week of crash,Two-hour intervals,Street of crash,Street type,Town,Route no.,School zone location,School zone active,Type of location,Latitude,Longitude,LGA,Urbanisation,Conurbation 1,Alignment,Street lighting,Road surface,Surface condition,Weather,Natural lighting,Signals operation,Other traffic control,Speed limit,Road classification,RUM - code,DCA - code,First impact type,Key TU type,Other TU type,No. of traffic units involved,No. killed,No. seriously injured,No. moderately injured,No. minor-other injured
1366117,3,2024,2024,10,3,0,133,31,90,56,0,1,9,-33.882621,151.238514,81,0,2,1,2,0,0,0,0,0,0,50,1,1282,1282,1,33,0,3,0,0,0,0
1366150,3,2024,2024,6,0,2,220,14,67,220,0,1,3,-34.420562,150.871987,80,0,2,1,2,0,3,4,4,0,7,90,2,14295,14295,3,8,10,2,0,0,0,0
1366176,3,2024,2024,5,1,9,1104,14,142,962,0,1,3,-33.828109,150.998003,21,0,2,0,0,0,3,4,0,0,7,90,2,204,204,1,0,13,2,0,0,0,0
1366188,3,2024,2024,5,6,9,15,27,6,34609,0,1,1,-31.057049,150.95883,70,2,1,1,0,0,0,0,0,0,7,80,0,404,404,8,5,40,1,0,0,0,0
1366193,3,2024,2024,5,1,1,30,27,43,24,0,1,1,-32.813327,151.778837,57,2,1,1,3,0,0,0,0,0,7,80,2,1089,1089,7,10,40,1,0,0,0,0
1366199,3,2024,2024,5,4,9,5,27,6,34609,0,1,1,-32.756471,151.652555,42,2,1,1,3,0,0,0,3,0,7,80,0,1089,1089,7,0,40,1,0,0,0,0
1366242,3,2024,2024,1,6,9,104,27,443,702,0,1,9,-33.90514,151.064003,15,0,2,1,2,0,0,0,0,3,7,70,2,3775,3775,0,5,0,2,0,0,0,0
1366258,3,2024,2024,11,0,3,2126,17,17,2149,0,1,2,-33.705709,150.585138,8,2,2,1,3,0,0,0,2,0,7,80,2,404,404,8,0,40,1,0,0,0,0
1366259,3,2024,2024,11,0,3,2126,17,17,2149,0,1,2,-33.705709,150.585138,8,2,2,1,3,0,0,0,2,0,7,80,2,404,404,8,0,40,1,0,0,0,0
1366276,3,2024,2024,11,0,9,229,14,36,237,0,1,3,-33.759291,151.06678,31,0,2,1,2,0,0,0,0,0,7,100,2,404,404,8,5,40,1,0,0,0,0
1366288,3,2024,2024,11,1,10,3371,17,23,3342,0,1,2,-32.066899,152.439799,43,1,0,1,0,0,0,0,0,0,7,100,2,404,404,8,5,40,1,0,0,0,0
1366360,3,2024,2024,4,5,11,85,25,162,34609,0,1,1,-33.854983,150.913912,24,0,2,1,2,0,0,0,0,0,7,50,0,9859,9859,1,9,5,2,0,0,0,0
1366426,3,2024,2024,9,0,6,1052,14,54,928,0,1,3,-33.464234,151.194902,16,1,2,0,1,0,0,0,2,0,7,110,2,1383,1383,1,0,5,2,0,0,0,0
1366427,3,2024,2024,10,5,10,1,31,50,34609,0,1,1,-33.521232,151.325436,16,2,2,1,2,0,3,3,0,0,7,50,0,9859,9859,1,10,5,2,0,0,0,0
1366428,3,2024,2024,9,5,9,17,1,60,34609,0,1,1,-33.951703,150.956831,41,0,2,0,2,0,0,0,3,0,7,50,0,4552,5151,8,10,40,1,0,0,0,0
1366430,3,2024,2024,10,5,10,44,31,134,34609,0,1,1,-33.518551,151.324439,16,2,2,1,2,0,3,3,0,0,7,50,0,9859,9859,1,10,25,2,0,0,0,0
1366439,3,2024,2024,10,6,10,3,2,18,34609,0,1,1,-33.727989,151.295088,50,0,2,1,2,0,0,0,0,0,7,50,0,9859,9859,1,5,13,2,0,0,0,0
1366442,3,2024,2024,2,5,5,3,27,2,34609,0,1,1,-33.606577,151.333069,50,0,2,1,1,0,0,0,2,0,7,40,0,9859,9859,1,33,0,2,0,0,0,0
1366446,3,2024,2024,10,6,5,1,31,102,34609,0,1,7,-33.946107,151.191824,4,0,2,1,0,0,0,0,2,0,0,50,0,1957,777,1,3,5,2,0,0,0,0
1366457,3,2024,2024,10,1,3,44,27,202,563,0,1,2,-33.961544,151.037399,15,0,2,0,2,0,0,0,1,0,7,70,2,1192,1192,1,0,0,2,0,0,0,0
1366463,3,2024,2024,2,4,2,16,31,18,47,0,1,1,-32.895301,151.717459,48,0,2,1,2,0,0,3,0,0,7,60,2,9859,9859,1,0,5,2,0,0,0,0
1366471,3,2024,2024,9,6,1,1,27,70,101,1,0,9,-32.904092,151.728427,48,0,2,1,2,0,0,0,0,0,7,60,2,9859,9859,8,5,40,1,0,0,0,0
1366474,3,2024,2024,2,0,11,3371,17,23,3342,0,1,3,-32.042004,152.456483,43,1,0,0,0,0,0,0,0,0,7,110,2,1259,5151,8,5,40,1,0,0,0,0
1366500,3,2024,2024,11,1,6,1104,11,130,770,0,1,2,-33.870039,151.188718,69,0,2,0,0,0,0,0,2,0,7,60,2,1192,1192,1,33,0,2,0,0,0,0
1366505,3,2024,2024,10,3,0,2,10,43,34609,0,1,1,-33.728825,150.780153,7,0,2,0,2,0,0,0,0,0,7,50,0,2585,4009,8,0,40,2,0,0,0,0
1366508,3,2024,2024,10,4,2,97,17,17,88,0,1,2,-34.871844,149.544742,26,1,0,1,0,0,0,1,0,0,7,110,2,9859,9859,8,5,40,1,0,0,0,0
1366510,3,2024,2024,11,3,0,1,10,29,34609,0,1,1,-33.725815,150.722726,55,0,2,1,2,0,3,0,0,0,7,50,0,1945,1945,5,0,40,1,0,0,0,0
1366513,3,2024,2024,2,1,5,308,14,104,311,0,1,3,-33.743074,150.934605,7,0,2,1,1,0,0,0,2,0,7,100,2,9859,9859,8,10,40,1,0,0,0,0
1366514,3,2024,2024,1,4,10,36,27,39,83,0,1,7,-29.43261,153.337489,18,2,1,0,2,0,0,0,0,0,0,50,1,1850,1463,5,5,40,1,0,0,0,0
1366524,3,2024,2024,9,1,6,12,27,41,24,0,1,1,-32.81683,151.761842,57,2,1,1,0,0,0,0,2,0,7,80,2,323,323,1,30,13,2,0,0,0,0
1366526,3,2024,2024,10,5,0,3,4,104,34609,0,1,1,-33.797098,150.783385,55,0,2,1,2,0,0,0,0,0,7,50,0,4026,4026,8,10,40,1,0,0,0,0
1366537,3,2024,2024,2,1,6,74,27,609,48,0,1,10,-33.775846,150.895288,7,0,2,1,1,0,0,0,2,2,7,60,1,3775,3775,0,5,36,3,0,0,0,0
1366553,3,2024,2024,10,3,1,3371,17,53,3342,0,1,10,-33.689196,151.106814,31,0,2,0,2,0,0,0,0,2,7,60,2,418,714,5,0,40,1,0,0,0,0
1366559,3,2024,2024,9,2,11,8,27,5,6,0,1,1,-34.761961,150.820531,35,2,1,0,0,0,0,0,0,0,7,80,1,3775,3775,0,9,5,2,0,0,0,0
1366591,3,2024,2024,2,2,2,8,31,316,34609,0,1,9,-31.459303,152.918773,56,2,1,1,1,0,0,0,1,0,7,50,0,4026,4026,8,5,40,1,0,0,0,0
1366595,3,2024,2024,2,0,7,9,1,137,34609,0,1,1,-33.916207,151.20579,69,0,2,1,0,0,0,0,2,0,7,40,0,1282,1282,1,5,5,2,0,0,0,0
1366597,3,2024,2024,2,0,6,23,31,37,23,1,0,9,-33.896818,151.256928,76,0,2,1,0,0,0,0,2,0,7,50,1,9859,9859,1,5,3,2,0,0,0,0
1366600,3,2024,2024,1,2,8,6,27,4,34609,0,1,1,-34.726387,149.828646,26,2,1,0,0,0,0,0,2,0,7,80,0,3775,3775,0,0,0,2,0,0,0,0
1366605,3,2024,2024,2,0,10,2209,17,115,2205,0,1,10,-33.91557,151.174624,32,0,2,0,2,0,0,0,0,2,7,60,2,515,515,1,33,5,2,0,0,0,0
1366606,3,2024,2024,9,1,7,229,14,278,237,0,1,3,-33.764685,151.029657,54,0,2,0,0,0,0,0,2,0,7,100,2,14295,14295,3,5,0,2,0,0,0,0
1366611,3,2024,2024,9,3,8,4,27,65,34609,0,1,9,-36.042335,147.007383,0,2,1,0,1,0,0,0,2,0,0,80,0,14295,14295,3,5,0,2,0,0,0,0
1366622,3,2024,2024,2,6,6,154,27,145,244,0,1,9,-33.916095,151.066923,15,0,2,1,1,0,0,0,2,0,0,60,2,5929,5929,1,5,5,2,0,0,0,0
1366627,3,2024,2024,11,4,11,2261,17,59,2252,0,1,3,-33.974472,150.871809,13,0,2,0,0,0,0,0,0,0,7,110,2,14295,14295,3,5,25,3,0,0,0,0
1366635,3,2024,2024,10,5,7,2261,17,140,2252,0,1,2,-33.892192,150.97974,15,0,2,1,0,0,0,0,2,0,7,70,2,1192,1192,1,5,0,2,0,0,0,0
1366642,3,2024,2024,9,3,9,42,31,106,34609,0,1,10,-28.86381,153.040939,60,2,1,1,1,0,0,0,3,0,0,50,0,1109,787,1,5,5,2,0,0,0,0
1366646,3,2024,2024,2,3,10,2126,17,363,2149,0,1,9,-33.74875,150.684404,55,0,2,0,2,0,0,0,0,0,0,60,2,2852,2852,4,5,5,2,0,0,0,0
1366652,3,2024,2024,2,6,9,54,27,284,18,0,1,9,-33.898653,151.03432,15,0,2,1,0,0,0,0,2,0,0,60,1,1669,1669,3,5,5,2,0,0,0,0
1366660,3,2024,2024,9,4,5,6,10,104,34609,0,1,1,-33.729061,150.928869,7,0,2,0,1,0,0,0,2,0,7,50,0,4552,5151,1,33,5,2,0,0,0,0
1366674,3,2024,2024,9,1,7,11,27,29,25,0,1,1,-33.473183,151.43405,16,2,2,0,0,0,0,0,2,0,7,50,1,4552,5151,8,9,40,1,0,0,0,0
1366766,3,2024,2024,10,5,5,330,27,294,34609,0,1,10,-33.943886,150.924279,41,0,2,1,1,0,0,0,2,2,7,60,0,14295,14295,3,10,5,2,0,0,0,0
1366780,3,2024,2024,2,5,1,95,31,463,32,0,1,9,-30.281106,153.136841,19,2,1,1,2,0,0,0,0,0,0,60,1,489,489,8,30,40,1,0,0,0,0
1366787,3,2024,2024,2,6,8,515,14,166,518,0,1,3,-33.945359,150.976353,15,0,2,1,1,0,0,0,2,0,7,100,2,404,404,8,5,40,1,0,0,0,0
1366790,3,2024,2024,10,5,11,5,31,33,34609,0,1,1,-35.1248,147.3388,75,2,1,1,2,0,0,0,0,0,7,50,0,4026,4026,8,5,40,1,0,0,0,0
1366800,3,2024,2024,9,0,10,1,7,7,34609,0,1,1,-36.727036,149.978915,5,2,1,0,2,0,3,4,0,0,7,50,0,1850,1463,5,10,40,1,0,0,0,0
1366825,3,2024,2024,10,4,7,26,27,41,34609,0,1,1,-35.127727,147.34327,75,2,1,1,1,0,0,0,2,0,7,60,0,14295,14295,3,5,5,3,0,0,0,0
1366865,3,2024,2024,9,5,9,58,27,74,34609,0,1,2,-34.430679,150.858369,80,0,2,0,2,0,0,0,0,0,7,50,0,1957,4009,1,10,3,3,0,0,0,0
1366872,3,2024,2024,2,5,11,21,27,70,97,1,0,7,-33.912929,150.982339,15,0,2,1,2,0,0,0,0,0,0,50,1,9859,9859,8,0,40,1,0,0,0,0
1366875,3,2024,2024,2,3,1,57,1,84,34609,1,0,9,-33.887575,150.943695,24,0,2,1,2,0,0,0,0,0,0,50,0,4026,4026,8,5,40,1,0,0,0,0
1366879,3,2024,2024,10,1,10,1104,14,460,962,0,1,7,-33.819435,150.981665,21,0,2,0,2,0,0,0,0,0,0,50,2,4552,985,8,0,40,1,0,0,0,0
1366880,3,2024,2024,9,2,11,117,27,78,144,0,1,10,-33.858415,151.092258,14,0,2,1,2,0,0,0,0,2,7,60,2,1957,777,8,5,40,1,0,0,0,0
1366905,3,2024,2024,10,1,7,296,27,290,293,1,0,9,-33.849159,150.997077,21,0,2,1,1,0,0,0,2,2,7,70,2,1192,1192,1,33,13,3,0,0,0,0
1367058,3,2024,2024,9,2,5,2126,17,19,2149,0,1,2,-33.449832,150.116295,40,1,0,1,0,0,0,0,2,0,7,100,2,4026,4026,8,0,40,1,0,0,0,0
1367059,3,2024,2024,9,3,10,13,31,463,62,0,1,1,-30.295612,153.109617,19,2,1,1,2,0,0,0,0,0,7,50,1,9859,9859,1,0,0,2,0,0,0,0
1367072,3,2024,2024,9,2,7,71,36,10,139,0,1,1,-33.946633,145.681318,51,1,0,1,0,0,0,0,2,0,7,100,2,4026,4026,8,26,40,1,0,0,0,0
1367081,3,2024,2024,10,6,7,9,31,304,6,0,1,1,-33.901282,151.153102,32,0,2,0,1,0,0,0,2,0,7,60,1,1282,1282,1,0,5,2,0,0,0,0
1367097,3,2024,2024,11,0,1,1,31,72,34609,0,1,10,-33.827472,151.225246,49,0,2,0,2,0,0,0,0,0,15,50,0,1957,4009,1,33,5,2,0,0,0,0
1367144,3,2024,2024,9,0,10,2209,17,115,2205,0,1,10,-34.032156,151.071643,68,0,2,1,2,0,3,4,0,2,7,70,2,14295,14295,3,5,5,3,0,0,0,0
1367171,3,2024,2024,8,2,7,107,22,115,34609,0,1,1,-34.024632,151.068914,68,0,2,1,3,0,3,4,2,0,7,50,0,4026,4026,1,30,36,2,0,0,0,0
1367183,3,2024,2024,10,3,2,97,27,166,799,0,1,9,-33.931929,150.999403,15,0,2,1,3,0,0,0,0,2,7,70,2,14295,14295,3,5,5,2,0,0,0,0
1367189,3,2024,2024,9,1,0,11,31,94,40,0,1,2,-33.83125,151.053853,54,0,2,1,3,0,0,0,0,0,7,60,1,1383,1383,1,5,0,2,0,0,0,0
1367198,3,2024,2024,2,0,4,3,31,182,34609,0,1,1,-32.841864,151.343853,17,2,1,1,3,0,0,0,2,0,7,50,0,14295,14295,3,10,36,2,0,0,0,0
1367205,3,2024,2024,2,5,6,2,27,6,34609,0,1,1,-34.76643,150.653567,63,1,0,0,3,0,0,0,2,0,7,100,0,1981,1981,4,0,0,2,0,0,0,0
1367215,3,2024,2024,2,6,9,475,31,283,34609,0,1,7,-33.837645,151.006086,21,0,2,1,3,0,0,0,3,0,0,50,0,6545,6545,4,16,13,2,0,0,0,0
1367236,3,2024,2024,9,3,5,194,31,105,43,0,1,1,-32.589578,149.588861,44,2,1,1,3,0,0,0,2,0,7,50,1,941,941,1,10,5,2,0,0,0,0
1367246,3,2024,2024,9,2,8,3,27,136,34609,0,1,1,-33.867474,151.065453,67,0,2,1,3,0,0,0,2,0,7,50,0,1981,1981,4,5,5,2,0,0,0,0
1367249,3,2024,2024,9,6,10,73,27,443,78,0,1,10,-33.906706,151.057285,15,0,2,1,3,0,0,0,0,2,7,60,2,6545,6545,4,5,0,2,0,0,0,0
1367263,3,2024,2024,2,0,8,2261,17,12,2252,0,1,2,-34.815974,149.108338,74,1,0,0,3,0,0,0,2,0,7,110,2,1957,4009,8,5,40,1,0,0,0,0
1367264,3,2024,2024,9,4,0,85,10,38,702,0,1,2,-33.842058,151.082995,14,0,2,1,3,0,0,0,0,0,7,80,2,14295,14295,3,5,5,2,0,0,0,0
1367265,3,2024,2024,2,4,6,95,31,271,80,0,1,10,-33.944005,151.010072,15,0,2,1,3,0,0,0,2,2,7,60,1,301,301,4,10,5,2,0,0,0,0
1367276,3,2024,2024,10,3,0,123,27,304,34609,0,1,10,-33.919809,151.155221,32,0,2,1,2,0,0,0,0,0,15,50,0,14295,14295,3,5,0,3,0,0,0,0
1367278,3,2024,2024,10,3,8,24,1,145,52,0,1,1,-33.924326,151.154262,15,0,2,1,3,0,0,0,2,0,9,50,1,14295,14295,3,5,0,2,0,0,0,0
1367284,3,2024,2024,10,4,4,21,22,115,21,0,1,3,-33.915734,151.176027,32,0,2,0,3,0,0,0,2,0,7,80,2,14295,14295,3,5,5,3,0,0,0,0
1367296,3,2024,2024,9,4,4,37,23,443,78,0,1,1,-33.908458,151.068303,67,0,2,1,3,0,0,0,2,0,7,60,2,14295,14295,3,5,13,3,0,0,0,0
1367320,3,2024,2024,9,0,3,2261,17,112,2252,0,1,2,-36.064004,146.942073,0,1,0,1,3,0,0,0,1,0,7,110,2,14295,14295,3,5,0,2,0,0,0,0
1367329,3,2024,2024,9,4,7,18,10,79,34609,0,1,10,-34.001236,150.739608,12,0,2,1,3,0,3,1,2,2,7,60,0,1669,1669,3,0,5,2,0,0,0,0
1367335,3,2024,2024,10,5,3,17,36,68,19,0,1,1,-34.838444,148.908185,82,2,1,1,3,0,0,0,2,0,7,50,1,9859,9859,8,0,40,1,0,0,0,0
1367341,3,2024,2024,2,6,8,3371,17,14,3342,1,0,2,-33.728143,151.120503,36,0,2,1,3,0,0,0,3,0,7,60,2,14295,14295,3,5,12,3,0,0,0,0
1367344,3,2024,2024,2,6,9,2261,17,70,2252,0,1,2,-34.591575,150.245725,78,1,0,1,3,0,0,0,3,0,7,110,2,9859,9859,8,8,40,1,0,0,0,0
1367349,3,2024,2024,2,1,5,481,17,20,483,0,1,1,-31.046926,149.397368,51,1,0,0,3,0,0,0,2,0,7,110,2,1957,4009,8,29,40,1,0,0,0,0
1367356,3,2024,2024,2,1,9,3371,17,92,3342,0,1,7,-33.408961,151.350388,16,2,2,0,3,0,0,0,3,0,0,60,2,6545,6545,4,0,0,2,0,0,0,0
1367360,3,2024,2024,2,1,4,103,27,149,167,0,1,9,-33.992691,151.131727,25,0,2,1,3,0,0,0,2,3,7,70,2,144,144,1,5,5,2,0,0,0,0
1367361,3,2024,2024,9,0,9,1,27,562,34609,0,1,9,-32.342875,148.600164,22,1,0,0,3,0,0,0,3,0,7,100,0,1089,1089,7,0,40,1,0,0,0,0
1367376,3,2024,2024,2,1,6,175,27,55,220,0,1,9,-33.741347,150.917393,7,0,2,1,3,0,0,0,2,2,7,70,2,926,926,4,0,10,2,0,0,0,0
1367386,3,2024,2024,10,3,0,95,27,106,605,0,1,2,-33.674093,151.310655,50,0,2,1,3,0,0,0,0,0,7,60,2,9859,9859,8,5,40,1,0,0,0,0
1367389,3,2024,2024,9,6,6,26,27,34,34609,0,1,1,-34.943158,148.96563,82,2,1,1,3,0,0,0,2,0,7,80,0,9859,9859,8,5,40,1,0,0,0,0
1367407,3,2024,2024,2,6,5,39,31,57,34609,1,0,7,-34.56219,150.816177,62,0,2,1,3,0,0,0,2,0,0,50,0,4552,985,8,5,40,1,0,0,0,0
1367425,3,2024,2024,9,0,7,193,27,64,18,1,0,7,-33.955603,150.993916,15,0,2,0,3,0,3,4,2,0,0,60,1,5929,5929,1,0,0,2,0,0,0,0
1367430,3,2024,2024,2,1,0,56,27,443,44,0,1,10,-33.902835,151.057923,15,0,2,1,3,0,0,0,0,2,7,60,1,5929,5929,1,0,5,2,0,0,0,0
1367439,3,2024,2024,2,3,10,43,27,56,87,0,1,2,-34.453091,150.873956,80,0,2,1,3,0,0,0,0,0,7,80,2,1383,1383,1,5,0,3,0,0,0,0
1367449,3,2024,2024,2,0,9,2261,17,39,2252,0,1,2,-35.925747,147.066947,27,1,0,1,3,0,0,0,3,0,7,110,2,9859,9859,8,0,40,1,0,0,0,0
1367453,3,2024,2024,2,1,10,78,17,23,58,0,1,1,-35.047657,149.02323,82,1,0,0,3,0,0,0,0,0,7,100,2,1089,1089,7,30,40,1,0,0,0,0
1367454,3,2024,2024,9,4,11,150,27,309,415,0,1,10,-33.803923,151.113423,61,0,2,0,3,0,0,0,0,2,7,70,2,926,926,4,10,0,2,0,0,0,0
1367456,3,2024,2024,9,5,4,37,31,273,87,0,1,10,-34.424351,150.900116,80,0,2,1,1,0,0,0,2,2,7,60,2,1669,1669,3,5,13,2,0,0,0,0
1367473,3,2024,2024,2,2,6,135,17,93,136,0,1,10,-36.076006,146.932818,0,2,1,1,3,0,0,0,2,0,0,60,2,6545,6545,4,0,13,2,0,0,0,0
1367474,3,2024,2024,9,3,0,30,27,26,34609,0,1,1,-32.810134,151.395134,17,2,1,1,3,0,0,0,0,0,7,80,0,945,945,5,5,40,1,0,0,0,0
1367490,3,2024,2024,2,3,0,171,1,387,104,0,1,9,-33.934164,151.1972,4,0,2,1,3,0,0,0,0,0,15,60,2,2852,2852,4,5,5,2,0,0,0,0
1367491,3,2024,2024,2,0,8,2209,17,115,2205,0,1,10,-33.915768,151.174232,32,0,2,1,3,0,3,4,3,2,7,60,2,775,775,4,5,5,2,0,0,0,0
1367492,3,2024,2024,2,6,8,10,31,82,34609,0,1,1,-31.079545,150.921298,70,2,1,1,3,0,0,0,2,0,7,50,0,5929,5929,1,0,0,2,0,0,0,0
1367499,3,2024,2024,2,5,10,1052,14,160,928,0,1,3,-33.110064,151.461725,37,0,2,1,3,0,0,0,0,0,7,110,2,14295,14295,3,10,5,2,0,0,0,0
1367503,3,2024,2024,2,4,3,6,31,166,34609,0,1,0,-33.898847,151.180199,69,0,2,1,3,0,3,0,1,0,7,40,0,9859,9859,1,8,13,2,0,0,0,0
1367512,3,2024,2024,10,3,4,2,27,42,34609,0,1,1,-33.656505,151.32198,50,0,2,1,3,0,0,0,2,0,7,50,0,175,188,8,0,40,1,0,0,0,0
1367514,3,2024,2024,9,5,3,4,27,49,34609,0,1,1,-34.427844,147.531497,51,2,1,0,3,0,0,0,1,0,7,70,0,1850,1463,5,8,40,1,0,0,0,0
1367519,3,2024,2024,9,6,6,3371,17,83,3342,0,1,2,-30.116028,153.174567,19,1,0,1,3,0,3,3,2,0,7,110,2,9859,9859,8,10,40,1,0,0,0,0
1367528,3,2024,2024,9,0,8,220,27,92,222,0,1,9,-33.725286,150.940078,71,0,2,1,3,0,0,0,2,2,7,80,2,14295,14295,3,5,0,3,0,0,0,0
1367535,3,2024,2024,2,5,5,125,27,24,144,0,1,7,-32.881624,151.794252,48,0,2,0,3,0,0,0,2,0,0,70,2,5929,5929,1,5,0,3,0,0,0,0
1367538,3,2024,2024,10,0,9,27,1,132,148,0,1,1,-34.15067,151.014215,68,0,2,0,3,0,3,3,0,0,7,60,2,1259,5151,8,5,40,1,0,0,0,0
1367545,3,2024,2024,2,2,7,8,1,89,34609,0,1,1,-28.22432,153.55158,72,2,1,1,3,0,3,4,2,0,7,50,0,4026,4026,1,9,13,3,0,0,0,0
1367548,3,2024,2024,9,6,6,19,31,68,34609,0,1,1,-34.831308,148.909054,82,2,1,1,3,0,0,0,2,0,7,50,0,175,188,8,5,40,1,0,0,0,0
1367552,3,2024,2024,9,5,8,10,31,202,34609,0,1,1,-33.941516,151.036516,15,0,2,1,3,0,0,0,2,0,7,50,0,14295,14295,3,5,5,2,0,0,0,0
1367554,3,2024,2024,9,0,8,1104,14,223,962,0,1,3,-33.805907,150.918647,7,0,2,1,3,0,0,3,2,0,7,100,2,1282,1282,1,0,0,2,0,0,0,0
1367563,3,2024,2024,9,1,11,3371,17,27,3342,0,1,2,-30.205986,153.148159,19,2,1,1,3,0,0,0,0,0,7,60,2,9859,9859,8,0,40,1,0,0,0,0
1367566,3,2024,2024,2,1,8,78,17,34,58,0,1,9,-34.994695,149.023729,82,1,0,1,3,0,0,0,2,0,0,100,2,1089,1089,7,5,40,1,0,0,0,0
1367568,3,2024,2024,2,3,7,97,31,142,92,0,1,9,-33.830226,150.993227,21,0,2,1,3,0,0,0,2,0,7,60,1,1282,1282,1,5,12,2,0,0,0,0
1367588,3,2024,2024,9,2,8,103,27,167,563,0,1,2,-33.825508,151.051173,54,0,2,1,3,0,0,0,2,0,7,80,2,14295,14295,3,5,5,3,0,0,0,0
1367591,3,2024,2024,10,1,5,8,27,5,35,0,1,1,-28.437741,152.386232,51,1,0,0,3,0,0,0,2,0,7,100,1,782,957,5,8,40,1,0,0,0,0
1367599,3,2024,2024,9,6,3,195,27,53,186,0,1,10,-33.924564,150.848335,41,0,2,1,3,0,0,0,1,2,7,70,2,6545,6545,4,5,5,2,0,0,0,0
1367617,3,2024,2024,2,0,5,49,27,19,62,0,1,9,-33.693881,150.907738,7,0,2,1,3,0,0,0,2,2,7,70,2,5929,5929,1,5,5,2,0,0,0,0
1367619,3,2024,2024,9,5,3,14,27,5,34609,0,1,9,-34.058859,150.676677,12,0,2,1,3,0,0,0,1,0,7,80,0,14295,14295,3,10,5,2,0,0,0,0
1367622,3,2024,2024,2,3,5,145,27,84,34609,0,1,1,-33.790291,151.104899,61,0,2,1,3,0,0,0,2,0,7,50,0,4026,4026,8,5,40,1,0,0,0,0
1367629,3,2024,2024,10,0,11,2,10,40,34609,0,1,1,-31.495948,152.797203,56,1,0,1,3,0,0,3,0,0,7,100,0,1109,787,1,10,13,2,0,0,0,0
1367637,3,2024,2024,1,5,10,5,31,290,34609,0,1,1,-33.851912,151.002097,21,0,2,1,3,0,0,0,0,0,7,50,0,1391,1391,1,5,0,2,0,0,0,0
1367645,3,2024,2024,9,6,9,2,27,25,34609,0,1,9,-32.404382,150.663429,46,1,0,0,3,0,0,0,3,0,0,100,0,2852,2852,4,10,13,2,0,0,0,0
1367648,3,2024,2024,10,3,6,12,27,6,34609,0,1,1,-32.614806,151.612476,51,2,1,1,3,0,0,0,2,0,7,80,0,1945,1945,5,0,40,1,0,0,0,0
1367652,3,2024,2024,8,6,8,330,23,293,112,1,0,9,-33.936958,151.238474,59,0,2,1,3,0,3,4,3,0,15,50,2,1383,1383,1,5,5,2,0,0,0,0
1367658,3,2024,2024,9,0,5,829,27,91,34609,1,0,1,-33.983802,150.885654,13,0,2,1,1,0,0,0,2,0,7,50,0,1981,1981,4,5,13,2,0,0,0,0
1367663,3,2024,2024,10,1,5,26,27,23,34609,0,1,9,-35.081788,148.961791,82,1,0,1,3,2,0,0,2,0,7,100,0,489,489,8,5,40,1,0,0,0,0
1367667,3,2024,2024,2,4,8,4,18,160,34609,0,1,9,-33.107661,151.495466,37,0,2,1,3,0,0,0,2,0,7,50,0,2852,2852,4,30,5,2,0,0,0,0
1367672,3,2024,2024,2,0,5,42,31,82,118,0,1,1,-31.073541,150.913064,70,2,1,1,0,0,0,0,2,0,7,60,2,3775,3775,0,0,36,2,0,0,0,0
1367673,3,2024,2024,2,4,3,2,1,18,34609,0,1,9,-30.360142,153.098296,19,2,1,1,3,0,0,0,1,0,7,50,0,4552,985,1,0,0,2,0,0,0,0
1367675,3,2024,2024,2,6,9,2,2,109,34609,0,1,9,-33.972702,150.85632,41,0,2,1,3,0,0,0,3,0,15,60,0,1192,1192,1,5,0,2,0,0,0,0
1367676,3,2024,2024,10,4,7,21,10,89,34609,0,1,9,-28.21673,153.532808,72,2,1,1,3,0,0,0,2,0,7,50,0,9859,9859,8,30,40,2,0,0,0,0
1367693,3,2024,2024,9,5,3,2126,17,65,2149,0,1,2,-33.811766,150.953229,21,0,2,1,3,0,0,0,1,0,7,80,2,1383,1383,1,5,5,3,0,0,0,0
1367706,3,2024,2024,9,0,2,68,31,77,34609,0,1,10,-32.569196,151.166666,64,2,1,1,3,0,0,0,1,0,0,50,0,6545,6545,4,30,36,2,0,0,0,0
1367713,3,2024,2024,9,6,6,8,31,12,34609,1,0,1,-32.743124,151.603213,42,2,1,1,3,0,0,0,2,0,7,50,0,9859,9859,1,0,0,3,0,0,0,0
1367718,3,2024,2024,9,3,10,59,27,252,41,0,1,10,-33.942241,150.867399,41,0,2,1,3,0,0,0,0,2,7,60,1,2852,2852,4,5,5,2,0,0,0,0
1367721,3,2024,2024,9,6,5,2209,17,17,2205,0,1,1,-35.085498,150.516139,63,2,1,1,3,0,0,0,2,0,7,80,2,9859,9859,8,10,40,1,0,0,0,0
1367723,3,2024,2024,9,0,6,283,27,145,702,0,1,10,-33.917551,151.065059,15,0,2,1,3,0,0,0,2,2,7,60,2,14295,14295,3,10,5,3,0,0,0,0
1367733,3,2024,2024,2,4,8,32,14,35,124,0,1,3,-33.81625,151.200951,77,0,2,0,3,0,0,0,3,0,7,80,2,1383,1383,1,0,0,3,0,0,0,0
1367735,3,2024,2024,2,0,1,112,27,201,256,0,1,1,-34.007566,150.837819,13,0,2,1,3,0,0,0,0,0,7,70,2,9859,9859,8,0,40,1,0,0,0,0
1367738,3,2024,2024,2,4,10,7,27,61,34609,0,1,9,-33.831095,150.658192,55,0,2,0,3,0,0,0,0,0,0,60,0,2585,4009,8,9,40,1,0,0,0,0