Crash ID,Degree of crash - detailed,Reporting year,Year of crash,Month of crash,Day of week of crash,Two-hour intervals,Street of crash,Street type,Town,Route no.,School zone location,School zone active,Type of location,Latitude,Longitude,LGA,Urbanisation,Conurbation 1,Alignment,Street lighting,Road surface,Surface condition,Weather,Natural lighting,Signals operation,Other traffic control,Speed limit,Road classification,RUM - code,DCA - code,First impact type,Key TU type,Other TU type,No. of traffic units involved,No. killed,No. seriously injured,No. moderately injured,No. minor-other injured
1367745,3,2024,2024,2,2,4,512,17,9,441,0,1,1,-33.377093,149.191992,52,1,0,0,3,0,3,4,2,0,7,100,2,2585,4009,8,5,40,1,0,0,0,0
1367747,3,2024,2024,2,6,7,99,27,9,39,0,1,1,-33.510762,150.878398,29,2,2,0,3,0,0,0,2,0,7,80,1,4552,5151,8,10,40,1,0,0,0,0
1367754,3,2024,2024,2,2,6,13,27,3,14,0,1,1,-33.727433,149.331842,51,1,0,1,3,0,0,0,2,0,7,100,1,9859,9859,8,0,40,1,0,0,0,0
1367755,3,2024,2024,9,1,3,346,17,44,332,0,1,9,-28.821541,153.411373,2,2,1,1,3,0,0,0,1,0,0,80,2,5929,5929,1,10,0,2,0,0,0,0
1367762,3,2024,2024,2,1,7,2126,17,14,2149,0,1,2,-33.721379,150.599688,8,2,2,0,3,0,0,0,2,0,7,80,2,14295,14295,3,5,5,2,0,0,0,0
1367765,3,2024,2024,2,5,8,229,14,278,237,0,1,3,-33.760664,151.038305,54,0,2,1,3,0,0,0,2,0,7,100,2,1383,1383,1,0,5,2,0,0,0,0
1367766,3,2024,2024,1,0,6,1,1,40,34609,0,1,1,-33.81516,151.214666,77,0,2,0,1,0,3,4,2,0,7,50,0,4552,5151,1,10,3,2,0,0,0,0
1367777,3,2024,2024,10,3,0,2126,17,77,2149,0,1,2,-33.884445,151.195471,69,0,2,1,3,0,0,0,0,0,7,50,2,14295,14295,3,10,5,3,0,0,0,0
1367780,3,2024,2024,9,5,7,916,17,91,917,0,1,9,-32.794728,151.635685,48,0,2,1,3,0,0,0,2,2,7,60,2,14295,14295,3,5,5,3,0,0,0,0
1367781,3,2024,2024,2,5,7,7,31,273,34609,0,1,1,-34.43581,150.890603,80,0,2,1,3,0,0,0,2,0,7,50,0,4026,4026,1,0,0,3,0,0,0,0
1367795,3,2024,2024,2,1,11,87,27,346,34609,0,1,0,-33.871407,151.092512,67,0,2,1,3,0,0,0,0,0,7,50,0,4026,4026,1,10,5,2,0,0,0,0
1367798,3,2024,2024,9,0,2,2261,17,70,2252,0,1,2,-34.688877,150.041377,26,1,0,1,3,0,0,0,0,0,7,110,2,475,475,5,8,40,1,0,0,0,0
1367807,3,2024,2024,9,3,3,78,17,68,58,0,1,2,-34.849664,148.963432,82,1,0,0,3,0,0,3,2,0,7,110,2,1089,1089,7,5,40,1,0,0,0,0
1367813,3,2024,2024,9,0,7,10,31,128,34609,0,1,10,-33.615024,150.810274,29,2,2,1,3,0,3,4,2,0,15,50,0,1282,1282,1,5,0,2,0,0,0,0
1367817,3,2024,2024,9,2,9,2126,17,283,2149,0,1,9,-33.828681,151.00739,54,0,2,1,3,0,0,0,3,0,7,60,2,5929,5929,1,5,5,2,0,0,0,0
1367824,3,2024,2024,2,2,5,308,14,169,311,0,1,3,-33.761509,150.846982,7,0,2,1,3,0,3,4,2,0,7,80,2,1383,1383,1,5,10,3,0,0,0,0
1367831,3,2024,2024,9,5,9,19,1,130,34609,0,1,10,-34.451861,150.835214,80,0,2,1,3,0,0,0,3,0,0,50,0,1391,1391,1,5,5,2,0,0,0,0
1367837,3,2024,2024,2,4,0,80,31,163,34609,0,1,1,-33.853106,151.107868,14,0,2,1,3,0,0,0,0,0,7,50,0,4026,4026,8,5,40,1,0,0,0,0
1367841,3,2024,2024,9,2,11,14,27,11,34609,0,1,1,-34.513958,150.733457,80,0,2,1,0,0,0,0,0,0,7,80,0,1089,1089,7,5,40,1,0,0,0,0
1367844,3,2024,2024,2,3,6,92,27,16,34609,0,1,9,-32.978502,151.718359,37,0,2,1,3,0,0,0,2,0,7,60,0,1109,787,1,5,5,2,0,0,0,0
1367847,3,2024,2024,2,0,7,1,27,30,34609,0,1,9,-34.208341,150.584143,79,2,2,0,3,0,0,0,2,0,0,80,0,3775,3775,0,8,5,2,0,0,0,0
1367848,3,2024,2024,2,0,6,78,17,34,75,0,1,2,-33.86026,151.206207,69,0,2,0,3,0,0,0,2,0,7,70,2,14295,14295,3,0,13,3,0,0,0,0
1367854,3,2024,2024,9,1,6,4,27,50,34609,0,1,1,-33.637596,151.328641,50,0,2,1,3,0,0,0,2,0,7,40,0,1282,1282,1,5,40,1,0,0,0,0
1367855,3,2024,2024,9,2,7,114,27,9,228,0,1,9,-33.516002,150.954918,71,0,2,0,3,0,3,4,2,0,7,80,2,1850,1463,5,10,40,1,0,0,0,0
1367859,3,2024,2024,9,0,3,1,27,1,34609,0,1,1,-28.763204,153.492289,2,2,1,0,3,0,3,3,1,0,7,60,0,3775,3775,0,0,13,2,0,0,0,0
1367862,3,2024,2024,9,0,5,28,31,84,23,0,1,9,-33.894578,151.260582,76,0,2,1,3,0,0,0,2,0,15,50,1,2852,2852,4,0,13,2,0,0,0,0
1367864,3,2024,2024,2,6,8,866,17,174,793,0,1,2,-33.871753,150.925456,24,0,2,1,3,0,0,0,2,0,7,70,2,1383,1383,1,5,13,2,0,0,0,0
1367865,3,2024,2024,9,0,11,7,27,1,4,0,1,1,-30.753619,148.538408,51,1,0,1,3,0,3,4,0,0,7,100,1,9859,9859,8,21,40,1,0,0,0,0
1367869,3,2024,2024,9,4,4,2,31,234,34609,1,0,1,-34.281284,146.045052,28,2,1,1,3,0,0,0,2,0,7,50,0,1109,397,1,0,0,2,0,0,0,0
1367886,3,2024,2024,9,5,9,2126,17,445,2149,0,1,10,-33.850799,151.053669,21,0,2,0,3,0,0,0,3,2,7,60,2,5929,5929,1,5,0,2,0,0,0,0
1367887,3,2024,2024,2,3,0,866,17,278,793,0,1,2,-33.776841,151.051691,54,0,2,0,3,0,0,0,0,0,7,60,2,2585,4009,8,0,40,1,0,0,0,0
1367891,3,2024,2024,10,0,11,14,31,55,34609,0,1,1,-36.234104,149.134061,65,2,1,1,3,0,3,4,0,0,7,50,0,941,941,1,10,13,3,0,0,0,0
1367892,3,2024,2024,9,0,7,77,31,445,563,0,1,2,-33.873006,151.042121,21,0,2,1,3,0,0,0,2,0,7,70,2,14295,14295,3,9,5,2,0,0,0,0
1367902,3,2024,2024,9,3,10,59,27,252,41,0,1,10,-33.942241,150.867399,41,0,2,1,3,0,0,0,0,2,7,60,1,623,623,3,5,0,2,0,0,0,0
1367907,3,2024,2024,2,3,6,30,27,120,154,0,1,10,-33.755286,150.864794,7,0,2,1,3,0,0,0,2,2,7,60,1,5929,5929,1,0,5,2,0,0,0,0
1367909,3,2024,2024,9,0,6,195,27,15,186,0,1,9,-33.900326,150.855405,41,0,2,1,3,0,3,4,2,2,7,70,2,4552,985,8,0,40,1,0,0,0,0
1367913,3,2024,2024,10,4,6,22,27,10,34609,0,1,1,-33.164264,151.40015,37,0,2,0,3,0,0,0,2,0,7,60,0,4552,5151,8,16,40,1,0,0,0,0
1367919,3,2024,2024,9,5,10,51,27,95,45,0,1,9,-33.744275,150.841469,7,0,2,1,3,0,0,0,0,0,0,60,1,4026,4026,8,0,40,1,0,0,0,0
1367927,3,2024,2024,2,5,7,829,27,149,770,0,1,10,-33.865306,151.172174,32,0,2,1,3,0,0,0,2,2,7,60,2,5929,5929,1,10,5,2,0,0,0,0
1367933,3,2024,2024,2,1,9,78,31,49,34609,0,1,1,-32.994973,151.683809,37,0,2,1,3,0,0,0,3,0,7,60,0,1109,787,1,5,5,2,0,0,0,0
1367940,3,2024,2024,9,6,6,27,27,251,136,0,1,2,-33.76649,150.954753,7,0,2,1,3,0,0,0,2,0,7,60,2,1981,1981,4,10,0,2,0,0,0,0
1367941,3,2024,2024,2,6,8,3,18,387,34609,0,1,9,-33.921286,151.185671,4,0,2,1,3,0,0,0,2,0,7,50,0,84,84,8,5,40,1,0,0,0,0
1367957,3,2024,2024,9,6,8,478,17,128,480,0,1,2,-33.427548,151.319387,16,2,2,1,3,0,0,0,2,0,7,70,2,515,515,1,30,5,2,0,0,0,0
1367960,3,2024,2024,1,6,8,134,10,104,133,0,1,6,-33.830527,151.020619,54,0,2,0,3,0,3,4,2,0,7,70,2,14295,14295,3,0,5,2,0,0,0,0
1367965,3,2024,2024,9,3,1,2261,17,187,2252,0,1,10,-33.889499,150.97312,24,0,2,0,3,0,0,0,0,2,7,70,2,5929,5929,1,5,5,2,0,0,0,0
1367976,3,2024,2024,2,6,6,4,1,23,34609,0,1,1,-34.382345,150.876812,80,0,2,1,3,0,0,0,2,0,7,50,0,1282,1282,1,22,5,2,0,0,0,0
1367987,3,2024,2024,9,6,4,4,31,105,34609,0,1,10,-32.601073,149.581787,44,2,1,1,3,0,0,0,2,0,0,50,0,6545,6545,4,10,5,2,0,0,0,0
1367993,3,2024,2024,2,3,9,37,1,126,34609,0,1,9,-33.946191,150.800309,41,0,2,1,3,0,0,0,3,0,7,60,0,237,162,8,0,40,1,0,0,0,0
1367997,3,2024,2024,9,1,8,162,31,91,172,0,1,7,-32.966753,151.652299,37,0,2,0,3,0,0,3,3,0,0,60,2,6545,6545,4,10,0,3,0,0,0,0
1367998,3,2024,2024,2,0,9,5,27,163,34609,0,1,7,-33.847961,151.107645,14,0,2,1,3,0,0,0,3,0,0,50,0,6545,6545,4,5,36,2,0,0,0,0
1368002,3,2024,2024,2,5,6,13,1,137,34609,0,1,1,-33.922743,151.20704,69,0,2,1,3,0,0,0,2,0,7,40,0,9859,9859,1,34,0,3,0,0,0,0
1368003,3,2024,2024,2,4,8,108,31,171,34609,0,1,1,-33.810079,150.971386,21,0,2,1,3,0,0,0,3,0,7,50,0,9859,9859,1,5,5,3,0,0,0,0
1368007,3,2024,2024,9,2,11,14,27,8,17,0,1,1,-30.134471,150.07956,51,1,0,0,3,0,0,0,0,0,7,100,1,4552,5151,8,30,40,1,0,0,0,0
1368008,3,2024,2024,9,3,6,500,27,106,799,1,0,1,-33.924625,151.089553,15,0,2,1,3,0,0,0,2,0,7,60,2,14295,14295,3,5,5,2,0,0,0,0
1368011,3,2024,2024,9,0,3,2,31,43,34609,0,1,1,-32.555989,148.945537,22,2,1,1,3,0,0,0,1,0,7,50,0,1981,1981,4,5,5,2,0,0,0,0
1368027,3,2024,2024,9,3,7,92,27,21,36,0,1,10,-35.732109,150.199542,23,2,1,1,3,0,0,0,2,2,7,50,1,1391,1391,1,30,13,2,0,0,0,0
1368036,3,2024,2024,2,3,11,34,10,10,34609,0,1,1,-35.439427,149.198891,58,2,1,0,3,0,0,0,0,0,7,80,0,1089,1089,7,0,40,1,0,0,0,0
1368040,3,2024,2024,10,4,8,17,27,115,34609,0,1,1,-34.028902,151.072217,68,0,2,1,3,0,0,0,2,0,7,50,0,3775,3775,0,0,5,2,0,0,0,0
1368043,3,2024,2024,9,6,8,20,31,135,101,0,1,10,-32.897362,151.736511,48,0,2,1,3,0,0,0,3,2,7,50,2,14295,14295,3,5,0,2,0,0,0,0
1368052,3,2024,2024,9,3,5,43,27,56,87,0,1,2,-34.46501,150.871585,80,0,2,1,3,0,0,0,2,0,7,80,2,1383,1383,1,5,0,2,0,0,0,0
1368059,3,2024,2024,2,0,11,48,27,136,34609,0,1,9,-32.921471,151.718076,48,0,2,1,3,0,0,0,0,0,15,50,0,926,926,4,5,5,2,0,0,0,0
1368072,3,2024,2024,2,3,6,36,31,106,34609,0,1,1,-33.91935,151.091736,15,0,2,1,3,0,0,0,2,0,7,50,0,9859,9859,1,10,5,3,0,0,0,0
1368073,3,2024,2024,9,5,10,1,1,252,34609,0,1,1,-33.954198,150.867363,41,0,2,1,3,0,0,0,0,0,7,50,0,4026,4026,1,5,25,2,0,0,0,0
1368078,3,2024,2024,9,2,3,45,1,294,34609,0,1,1,-33.944751,150.924046,41,0,2,1,3,0,3,4,1,0,7,60,0,3775,3775,0,0,22,2,0,0,0,0
1368080,3,2024,2024,2,1,5,7,27,6,18,0,1,1,-31.308618,151.223828,70,1,0,0,3,0,0,0,2,0,7,100,1,1850,1463,5,10,40,1,0,0,0,0
1368081,3,2024,2024,9,4,7,3371,17,85,3342,0,1,9,-33.733213,151.130766,36,0,2,0,3,0,0,3,2,0,7,60,2,5929,5929,1,5,25,2,0,0,0,0
1368085,3,2024,2024,10,6,9,2126,17,171,2149,0,1,10,-33.814385,150.964691,21,0,2,1,3,0,0,0,0,2,7,80,2,5929,5929,1,5,5,3,0,0,0,0
1368087,3,2024,2024,2,0,4,1,27,22,34609,0,1,1,-35.167574,150.591886,63,2,1,0,3,0,0,0,2,0,7,50,0,3775,3775,0,10,5,2,0,0,0,0
1368089,3,2024,2024,2,4,2,24,24,85,34609,0,1,9,-33.793921,150.677712,55,0,2,0,3,0,0,0,0,0,7,50,0,2585,4009,8,5,40,1,0,0,0,0
1368095,3,2024,2024,9,1,6,916,17,66,917,0,1,2,-32.812103,151.665265,48,0,2,1,3,0,0,0,2,0,7,80,2,14295,14295,3,21,36,2,0,0,0,0
1368102,3,2024,2024,2,0,1,4,27,140,34609,0,1,9,-33.894798,150.987411,15,0,2,1,3,0,0,0,0,0,7,50,0,9859,9859,1,5,0,2,0,0,0,0
1368104,3,2024,2024,2,5,4,109,27,74,382,0,1,10,-33.759399,150.839528,7,0,2,1,3,0,0,0,2,2,7,60,2,6545,6545,4,5,0,2,0,0,0,0
1368107,3,2024,2024,9,2,11,2,10,59,34609,0,1,1,-33.973608,150.870652,13,0,2,1,3,0,3,4,0,0,7,50,0,9859,9859,1,5,5,2,0,0,0,0
1368113,3,2024,2024,10,5,8,133,31,90,56,0,1,10,-33.883964,151.238871,81,0,2,1,3,0,0,0,3,2,7,50,1,5929,5929,1,0,0,2,0,0,0,0
1368119,3,2024,2024,9,1,8,60,10,121,84,0,1,10,-28.194741,153.542652,72,2,1,1,3,0,0,3,2,2,7,60,1,14295,14295,3,10,0,3,0,0,0,0
1368125,3,2024,2024,9,5,4,4,27,33,34609,0,1,9,-34.070588,150.720113,12,0,2,0,3,0,0,0,2,0,7,50,0,83,83,1,0,0,2,0,0,0,0
1368126,3,2024,2024,2,6,8,31,27,20,46,0,1,1,-33.470962,150.185732,40,2,1,0,3,0,0,0,4,0,7,60,2,4552,5151,8,5,40,1,0,0,0,0
1368128,3,2024,2024,9,0,2,112,27,96,256,0,1,2,-34.052228,150.824375,13,0,2,0,3,0,3,0,1,0,7,60,2,1383,1383,1,10,5,2,0,0,0,0
1368130,3,2024,2024,10,0,6,87,31,179,34609,1,0,1,-31.910831,152.461067,43,2,1,1,3,0,0,0,2,0,7,50,0,4026,4026,8,0,40,1,0,0,0,0
1368131,3,2024,2024,2,3,7,15,10,10,34609,0,1,9,-33.064842,151.581208,37,0,2,1,3,0,0,0,2,0,0,50,0,14295,14295,3,10,5,2,0,0,0,0
1368133,3,2024,2024,9,2,5,478,17,49,480,0,1,9,-33.202251,151.524526,16,2,2,1,3,0,0,0,2,0,7,70,2,14295,14295,3,5,0,3,0,0,0,0
1368136,3,2024,2024,10,4,11,1052,14,14,928,0,1,3,-33.2014,151.461244,16,1,2,1,3,0,3,4,0,0,7,110,2,4026,4026,8,5,40,1,0,0,0,0
1368139,3,2024,2024,9,0,10,2,1,176,34609,0,1,1,-33.975946,151.137175,4,0,2,1,3,0,3,3,0,0,7,50,0,9859,9859,1,5,5,2,0,0,0,0
1368143,3,2024,2024,2,6,7,12,27,173,34609,0,1,1,-33.790482,151.131334,61,0,2,1,3,0,0,0,2,0,7,60,0,9859,9859,1,8,5,2,0,0,0,0
1368144,3,2024,2024,2,1,7,916,17,66,917,0,1,1,-32.812057,151.675373,48,0,2,1,3,0,0,0,2,0,7,80,2,14295,14295,3,8,5,2,0,0,0,0
1368145,3,2024,2024,2,2,7,32,27,82,34609,0,1,1,-33.823396,151.200923,49,0,2,1,3,0,3,4,2,0,7,50,0,144,144,1,5,0,3,0,0,0,0
1368147,3,2024,2024,9,6,1,97,17,61,88,0,1,2,-35.181668,149.26028,82,1,0,0,3,0,0,1,0,0,7,110,2,1089,1089,7,5,40,1,0,0,0,0
1368149,3,2024,2024,10,3,5,220,14,51,220,0,1,3,-34.209808,150.961207,80,0,2,1,3,0,0,0,2,0,7,110,2,475,475,5,0,40,1,0,0,0,0
1368150,3,2024,2024,2,4,8,866,31,172,126,0,1,7,-32.744042,151.588298,42,2,1,0,3,0,0,0,3,0,0,50,2,5929,5929,1,0,13,2,0,0,0,0
1368153,3,2024,2024,9,6,8,39,31,316,34609,0,1,9,-33.920886,151.246847,59,0,2,0,3,0,0,0,2,0,0,50,0,2585,777,1,0,0,3,0,0,0,0
1368156,3,2024,2024,2,4,7,16,27,32,34609,0,1,1,-33.926742,150.979899,15,0,2,1,3,0,0,0,2,0,7,50,0,3775,3775,0,5,13,2,0,0,0,0
1368157,3,2024,2024,9,6,11,17,27,562,34609,0,1,1,-32.381555,148.575681,22,1,0,1,3,0,0,0,0,0,7,100,0,9859,9859,8,0,40,1,0,0,0,0
1368159,3,2024,2024,9,6,1,213,17,11,213,0,1,1,-29.600655,153.03922,18,1,0,1,3,0,0,0,0,0,7,100,2,9859,9859,8,5,40,1,0,0,0,0
1368160,3,2024,2024,10,1,10,2261,17,140,2252,0,1,2,-33.892822,150.984094,15,0,2,0,3,0,0,3,0,0,7,70,2,1192,1192,1,10,0,3,0,0,0,0
1368165,3,2024,2024,9,4,2,4,2,210,17,0,1,2,-34.029735,151.104957,68,0,2,1,3,0,0,0,0,0,7,60,1,14295,14295,3,5,0,2,0,0,0,0
1368166,3,2024,2024,9,5,2,2126,17,323,2149,0,1,9,-33.791725,150.866921,7,0,2,1,3,0,0,0,0,2,7,80,2,14295,14295,3,5,5,2,0,0,0,0
1368167,3,2024,2024,9,2,8,2209,17,115,2205,0,1,10,-33.915489,151.174542,32,0,2,1,3,0,0,0,2,2,7,60,2,14295,14295,3,10,36,2,0,0,0,0
1368168,3,2024,2024,9,1,7,60,27,253,331,0,1,10,-33.963361,151.103048,25,0,2,1,3,0,0,0,2,2,7,60,2,217,217,1,5,5,2,0,0,0,0
1368169,3,2024,2024,9,2,8,149,10,346,702,0,1,9,-33.875349,151.067121,67,0,2,1,3,0,3,3,3,2,7,80,2,14295,14295,3,5,13,3,0,0,0,0
1368172,3,2024,2024,9,0,7,55,27,151,160,1,0,2,-34.027639,150.849198,13,0,2,1,3,0,0,0,2,0,7,60,2,14295,14295,3,10,0,2,0,0,0,0
1368173,3,2024,2024,2,1,4,6,31,119,34609,0,1,10,-32.762637,151.750305,57,2,1,1,3,0,0,0,2,0,15,50,0,6545,6545,4,10,5,2,0,0,0,0
1368178,3,2024,2024,9,2,9,283,27,70,702,0,1,1,-33.977004,151.104412,25,0,2,1,3,0,3,4,3,0,7,60,2,945,945,5,5,40,1,0,0,0,0
1368181,3,2024,2024,9,6,4,2209,17,7,2205,0,1,1,-35.159281,150.448276,63,1,0,1,3,0,0,3,2,0,7,100,2,3775,3775,0,0,5,2,0,0,0,0
1368183,3,2024,2024,9,4,4,7,27,61,34609,1,0,9,-33.748479,150.890605,7,0,2,1,3,0,0,0,2,0,7,50,0,14295,14295,3,5,13,2,0,0,0,0
1368184,3,2024,2024,2,2,8,3,31,463,34609,0,1,10,-30.287132,153.13275,19,2,1,1,3,0,0,0,2,0,0,50,0,256,256,4,5,5,2,0,0,0,0
1368185,3,2024,2024,9,0,4,12,10,35,34609,0,1,7,-34.100961,150.797734,13,0,2,1,3,0,0,0,2,0,0,60,0,1981,1981,4,5,0,2,0,0,0,0
1368187,3,2024,2024,9,5,6,125,31,438,44,0,1,1,-33.850277,151.035212,21,0,2,1,3,0,0,0,2,0,7,50,1,186,186,1,9,5,2,0,0,0,0
1368189,3,2024,2024,10,4,4,220,14,130,220,0,1,3,-34.459011,150.854414,80,0,2,1,3,0,0,0,2,0,7,100,2,14295,14295,3,29,12,3,0,0,0,0
1368191,3,2024,2024,9,5,5,234,27,323,217,0,1,9,-33.752618,150.994155,71,0,2,1,3,0,0,3,2,0,7,60,2,623,623,3,9,36,2,0,0,0,0
1368192,3,2024,2024,9,0,8,15,27,278,24,0,1,9,-33.781822,151.045315,54,0,2,1,3,0,0,6,2,0,7,50,1,2852,2852,4,0,12,2,0,0,0,0
1368193,3,2024,2024,9,4,10,1,4,72,34609,0,1,1,-34.018816,151.017712,68,0,2,1,3,0,0,0,0,0,7,50,0,144,144,1,5,0,2,0,0,0,0
1368197,3,2024,2024,9,0,8,74,27,130,59,0,1,7,-34.456542,150.859935,80,0,2,1,3,0,3,4,2,0,0,80,2,14295,14295,3,30,5,3,0,0,0,0
1368198,3,2024,2024,9,1,3,47,31,80,51,0,1,10,-33.883165,151.1683,32,0,2,1,3,0,0,3,2,0,15,50,1,5929,5929,1,5,5,2,0,0,0,0
1368200,3,2024,2024,10,5,6,26,10,169,34609,0,1,1,-28.634244,153.582861,10,2,1,1,3,0,0,0,2,0,7,50,0,144,144,1,0,12,2,0,0,0,0
1368201,3,2024,2024,9,4,8,234,27,337,34609,0,1,1,-33.733448,151.004317,71,0,2,1,3,0,0,0,2,0,7,40,0,14295,14295,3,16,5,2,0,0,0,0
1368206,3,2024,2024,9,2,0,43,27,25,34609,0,1,1,-35.344361,150.410659,63,2,1,0,3,0,3,5,0,0,7,80,0,782,957,5,0,40,1,0,0,0,0
1368208,3,2024,2024,9,4,3,11,31,77,34609,0,1,7,-32.938592,151.749758,48,0,2,0,3,0,0,0,2,0,0,50,0,6545,6545,4,9,0,2,0,0,0,0
1368218,3,2024,2024,9,3,4,46,1,79,34609,0,1,7,-34.900529,150.616957,63,2,1,0,3,0,0,0,2,0,0,50,0,6545,6545,4,30,19,2,0,0,0,0
1368220,3,2024,2024,9,4,8,2261,17,70,2252,0,1,2,-34.533868,150.283942,78,1,0,1,3,0,3,4,2,0,7,110,2,9859,9859,8,34,40,1,0,0,0,0
1368223,3,2024,2024,2,2,8,4,10,43,34609,0,1,1,-33.72754,150.783999,7,0,2,1,3,0,0,0,2,0,7,50,0,3775,3775,0,5,5,2,0,0,0,0
1368226,3,2024,2024,10,6,7,478,17,70,480,1,0,2,-33.437058,151.351768,16,2,2,1,3,0,0,0,2,0,7,60,2,14295,14295,3,5,13,2,0,0,0,0
1368231,3,2024,2024,9,5,4,51,27,136,76,0,1,1,-32.922046,151.704668,48,0,2,1,3,0,0,0,2,0,7,60,1,1109,397,1,0,5,2,0,0,0,0
1368233,3,2024,2024,10,6,8,42,1,94,34609,0,1,1,-33.842643,151.04551,54,0,2,1,3,0,0,0,2,0,7,50,0,1391,1391,1,9,10,2,0,0,0,0
1368234,3,2024,2024,9,4,3,1,27,22,34609,0,1,1,-31.245255,152.056347,51,1,0,0,3,0,0,0,1,0,7,100,0,380,714,5,0,40,1,0,0,0,0
1368235,3,2024,2024,9,0,7,42,1,34,34609,0,1,1,-33.956656,150.756654,12,0,2,1,3,0,0,0,2,0,7,80,0,323,323,1,0,0,2,0,0,0,0
1368236,3,2024,2024,9,2,5,2126,17,363,2149,0,1,9,-33.821907,151.004152,54,0,2,1,3,0,0,0,2,0,0,60,2,2852,2852,4,5,5,2,0,0,0,0
1368240,3,2024,2024,9,2,6,133,31,646,97,0,1,1,-33.91719,151.021253,15,0,2,1,3,0,0,0,2,0,7,60,1,1981,1981,4,5,5,2,0,0,0,0
1368241,3,2024,2024,9,0,2,9,27,104,34609,0,1,1,-33.834564,151.218682,49,0,2,0,3,0,3,4,1,0,7,50,0,4552,5151,1,0,5,2,0,0,0,0
1368246,3,2024,2024,2,0,5,3371,17,463,3342,0,1,10,-30.297186,153.113092,19,2,1,1,3,0,0,0,2,2,7,60,2,14295,14295,3,3,0,2,0,0,0,0
1368247,3,2024,2024,9,4,11,1104,14,149,962,0,1,3,-33.81679,150.966597,21,0,2,1,3,0,3,4,0,0,7,90,2,1282,1282,1,8,5,2,0,0,0,0
1368248,3,2024,2024,1,0,5,3371,17,137,3342,0,1,10,-32.962164,151.696062,37,0,2,1,1,0,0,0,2,1,7,60,2,9859,9859,1,8,13,2,0,0,0,0
1368249,3,2024,2024,9,4,10,4,27,68,34609,0,1,1,-34.823982,148.838114,82,1,0,0,3,0,0,0,0,0,7,100,0,4552,5151,8,9,40,1,0,0,0,0
1368250,3,2024,2024,10,5,4,3,31,226,34609,0,1,1,-33.763829,150.824724,7,0,2,1,3,0,0,0,2,0,7,50,0,3775,3775,0,5,5,2,0,0,0,0
1368253,3,2024,2024,2,5,7,11,1,56,13,0,1,10,-33.755246,150.786772,55,0,2,1,3,0,0,0,2,0,0,50,1,775,775,4,5,12,2,0,0,0,0
1368255,3,2024,2024,2,0,6,229,14,98,237,0,1,3,-33.758257,151.052843,54,0,2,1,3,0,0,0,2,0,7,100,2,14295,14295,3,8,13,2,0,0,0,0
1368258,3,2024,2024,2,4,6,3371,17,19,3342,0,1,9,-33.391485,151.353281,16,2,2,1,3,0,0,0,2,0,7,60,2,1282,1282,1,5,13,2,0,0,0,0
1368259,3,2024,2024,9,5,2,1104,14,247,962,0,1,3,-33.811824,150.945413,21,0,2,1,3,0,0,0,0,0,7,100,2,1391,1391,1,10,13,3,0,0,0,0
1368263,3,2024,2024,2,4,8,478,17,128,480,0,1,10,-33.427301,151.317671,16,2,2,1,3,0,0,0,2,2,7,70,2,14295,14295,3,0,0,3,0,0,0,0
1368267,3,2024,2024,10,4,10,1052,14,36,928,0,1,3,-33.426572,151.237422,16,1,2,0,3,0,3,4,0,0,7,110,2,4552,5151,8,5,40,1,0,0,0,0
1368268,3,2024,2024,9,1,8,123,36,3,49,0,1,1,-30.84823,151.544829,51,1,0,0,3,0,3,3,2,0,7,100,1,1850,1463,5,5,40,1,0,0,0,0
1368270,3,2024,2024,2,3,9,26,31,90,34609,0,1,10,-32.928775,151.750538,48,0,2,1,3,0,0,0,3,0,15,50,0,6545,6545,4,5,5,2,0,0,0,0
1368271,3,2024,2024,9,5,3,82,31,363,369,0,1,9,-33.758942,150.711374,55,0,2,1,3,0,0,3,2,0,0,70,2,775,775,4,0,13,2,0,0,0,0
1368273,3,2024,2024,9,5,5,387,27,290,331,0,1,9,-33.954402,151.119056,4,0,2,1,3,0,0,3,2,2,7,60,2,14295,14295,3,5,36,2,0,0,0,0
1368280,3,2024,2024,2,1,7,334,17,15,308,0,1,1,-30.968058,150.66768,70,1,0,1,3,0,0,0,2,0,7,100,2,9859,9859,8,30,40,1,0,0,0,0
1368281,3,2024,2024,9,6,8,31,27,127,96,0,1,9,-33.89949,151.15354,32,0,2,1,3,0,0,0,2,2,7,50,2,9859,9859,8,5,40,1,0,0,0,0
1368282,3,2024,2024,9,6,5,149,36,4,81,0,1,1,-32.179961,152.507645,43,2,1,1,3,0,0,0,2,0,7,50,2,3775,3775,0,10,0,2,0,0,0,0
1368283,3,2024,2024,2,4,4,8,31,65,34609,1,0,1,-36.048384,146.983791,0,2,1,0,3,0,0,0,2,0,7,50,0,4552,5151,8,5,40,1,0,0,0,0
1368288,3,2024,2024,1,3,7,1,27,10,34609,0,1,1,-30.334376,153.061559,19,2,1,0,3,0,0,0,2,0,7,50,0,4552,5151,8,0,40,1,0,0,0,0
1368289,3,2024,2024,9,3,6,101,10,49,121,0,1,2,-34.039344,151.140176,68,0,2,1,3,0,0,0,2,0,7,70,1,14295,14295,3,10,0,3,0,0,0,0
1368290,3,2024,2024,2,0,6,42,27,91,34609,0,1,9,-33.984169,150.888465,13,0,2,1,3,0,0,0,2,0,7,50,0,775,775,4,5,5,2,0,0,0,0
1368291,3,2024,2024,10,4,7,1,36,20,34609,0,1,1,-33.937603,150.846687,41,0,2,1,3,0,0,0,2,0,7,50,0,1981,1981,4,5,5,2,0,0,0,0