Crash ID,Degree of crash - detailed,Reporting year,Year of crash,Month of crash,Day of week of crash,Two-hour intervals,Street of crash,Street type,Town,Route no.,School zone location,School zone active,Type of location,Latitude,Longitude,LGA,Urbanisation,Conurbation 1,Alignment,Street lighting,Road surface,Surface condition,Weather,Natural lighting,Signals operation,Other traffic control,Speed limit,Road classification,RUM - code,DCA - code,First impact type,Key TU type,Other TU type,No. of traffic units involved,No. killed,No. seriously injured,No. moderately injured,No. minor-other injured
1368296,3,2024,2024,10,1,7,106,27,523,106,0,1,9,-33.926808,150.903185,41,0,2,1,3,0,0,0,2,2,7,70,2,14295,14295,3,5,13,2,0,0,0,0
1368299,3,2024,2024,2,1,4,195,27,53,186,0,1,10,-33.924371,150.848418,41,0,2,1,3,0,0,0,2,2,7,70,2,6545,6545,4,21,0,2,0,0,0,0
1368300,3,2024,2024,9,5,8,56,27,173,34609,0,1,1,-33.778033,151.119,61,0,2,1,3,0,0,0,4,0,7,50,0,623,623,3,5,0,2,0,0,0,0
1368301,3,2024,2024,9,6,6,194,31,309,702,0,1,10,-33.817986,151.101382,61,0,2,1,3,0,0,0,2,2,7,60,2,14295,14295,3,5,5,2,0,0,0,0
1368302,3,2024,2024,2,0,8,83,31,523,34609,0,1,1,-33.917991,150.922118,41,0,2,1,3,0,0,0,2,0,7,50,0,14295,14295,3,0,5,2,0,0,0,0
1368305,3,2024,2024,9,5,11,6,31,168,34609,0,1,1,-33.718234,150.822568,7,0,2,1,3,0,0,0,0,0,7,50,0,14295,14295,3,5,0,3,0,0,0,0
1368309,3,2024,2024,9,4,7,3371,17,137,3342,0,1,2,-32.957325,151.700882,37,0,2,1,3,0,0,0,2,0,7,60,2,14295,14295,3,10,0,3,0,0,0,0
1368310,3,2024,2024,9,1,7,3,27,112,34609,0,1,9,-33.442182,151.423582,16,2,2,0,3,0,3,4,2,0,0,50,0,2585,4009,8,5,40,1,0,0,0,0
1368312,3,2024,2024,9,0,4,90,27,112,165,0,1,2,-33.907885,151.213328,69,0,2,1,3,0,0,0,2,0,7,80,2,1383,1383,1,5,0,2,0,0,0,0
1368322,3,2024,2024,9,2,7,1,31,65,34609,0,1,1,-33.806485,150.952334,21,0,2,0,3,0,3,3,2,0,7,50,0,3775,3775,0,5,0,2,0,0,0,0
1368323,3,2024,2024,9,0,8,9,27,6,4,0,1,1,-35.853008,148.112828,66,1,0,0,3,0,0,0,2,0,7,100,1,1957,4009,8,8,40,1,0,0,0,0
1368328,3,2024,2024,2,6,4,6,31,73,34609,0,1,10,-33.872388,151.216737,69,0,2,1,3,0,0,0,2,2,7,40,0,14295,14295,3,5,12,2,0,0,0,0
1368329,3,2024,2024,9,1,10,27,27,17,62,0,1,9,-30.256912,153.052866,19,2,1,0,3,0,3,4,0,0,7,50,1,4552,5151,8,5,40,1,0,0,0,0
1368338,3,2024,2024,10,2,10,2209,17,176,2205,0,1,9,-33.952127,151.137995,4,0,2,1,3,0,0,0,0,2,9,60,2,14295,14295,3,5,5,2,0,0,0,0
1368340,3,2024,2024,9,6,9,95,31,68,34609,0,1,10,-33.705826,149.860563,51,2,1,1,3,0,0,0,2,0,0,50,0,926,926,4,10,0,2,0,0,0,0
1368342,3,2024,2024,9,6,7,74,27,56,59,0,1,9,-34.465455,150.871508,80,0,2,1,3,0,0,0,2,2,9,80,2,14295,14295,3,5,0,3,0,0,0,0
1368344,3,2024,2024,2,2,9,3371,17,108,3342,0,1,2,-33.306837,151.419909,16,2,2,1,3,0,0,0,3,0,7,60,2,4026,4026,8,10,40,1,0,0,0,0
1368346,3,2024,2024,9,0,5,119,31,3,34609,0,1,1,-32.654023,151.360612,17,2,1,1,3,0,0,0,2,0,7,50,0,220,220,1,0,0,3,0,0,0,0
1368349,3,2024,2024,2,1,5,344,27,120,163,0,1,10,-33.742694,150.870265,7,0,2,1,3,0,0,0,2,2,7,70,2,1383,1383,1,5,5,2,0,0,0,0
1368351,3,2024,2024,2,0,8,225,17,70,180,0,1,9,-34.585854,150.283706,78,1,0,1,3,0,0,0,2,0,0,100,2,4026,4026,1,10,13,2,0,0,0,0
1368353,3,2024,2024,10,0,8,512,17,562,441,0,1,9,-32.254965,148.613828,22,2,1,1,3,0,0,0,2,0,0,60,2,14295,14295,3,0,12,2,0,0,0,0
1368356,3,2024,2024,9,3,7,6,10,55,34609,0,1,2,-35.380768,149.199792,58,2,1,0,3,0,0,0,2,0,7,50,0,5929,5929,1,5,0,2,0,0,0,0
1368357,3,2024,2024,9,0,9,344,27,62,382,0,1,10,-33.732939,150.848754,7,0,2,1,3,0,0,0,0,2,7,70,2,1391,1391,1,5,5,3,0,0,0,0
1368358,3,2024,2024,10,1,7,2,27,1,34609,0,1,1,-34.174924,149.859198,51,1,0,0,3,2,0,0,2,0,7,100,0,3775,3775,0,5,5,2,0,0,0,0
1368359,3,2024,2024,9,6,6,10,10,41,34609,0,1,1,-35.132181,147.369316,75,2,1,1,3,0,3,0,2,0,7,50,0,3775,3775,0,30,13,2,0,0,0,0
1368364,3,2024,2024,2,2,10,294,17,56,288,0,1,10,-35.120206,147.378271,75,2,1,1,3,0,0,0,0,2,7,60,2,6545,6545,4,5,5,2,0,0,0,0
1368367,3,2024,2024,9,4,8,34,31,169,99,0,1,10,-33.900638,151.213156,69,0,2,1,2,0,0,0,2,2,7,50,2,1383,1383,1,0,5,2,0,0,0,0
1368368,3,2024,2024,9,4,7,387,27,290,331,0,1,1,-33.944316,151.128959,4,0,2,1,3,0,0,0,2,0,7,60,2,1282,1282,1,30,0,2,0,0,0,0
1368370,3,2024,2024,2,1,9,40,27,51,34609,0,1,7,-33.257286,151.489109,16,2,2,0,3,0,0,3,3,0,0,50,0,4552,985,8,34,40,2,0,0,0,0
1368372,3,2024,2024,2,1,9,27,1,155,34609,0,1,10,-33.504924,151.324381,16,2,2,1,3,0,0,0,0,0,0,50,0,6545,6545,4,5,41,2,0,0,0,0
1368379,3,2024,2024,2,1,3,125,27,53,123,0,1,10,-33.362151,151.444308,16,2,2,1,3,0,0,0,2,2,7,60,2,1383,1383,1,8,5,2,0,0,0,0
1368380,3,2024,2024,9,3,8,1052,14,19,928,0,1,3,-33.215464,151.448309,16,1,2,0,3,0,0,0,2,0,7,110,2,1192,1192,1,9,13,2,0,0,0,0
1368384,3,2024,2024,2,0,10,118,17,77,118,0,1,9,-30.234015,149.693249,51,1,0,0,3,0,0,0,0,0,7,100,2,1089,1089,7,10,40,1,0,0,0,0
1368386,3,2024,2024,10,5,7,63,17,207,63,0,1,1,-32.337094,141.456256,51,1,0,1,3,0,0,0,2,0,7,110,2,1945,1945,5,0,40,1,0,0,0,0
1368388,3,2024,2024,2,0,4,109,27,460,106,0,1,9,-33.832883,150.972148,21,0,2,1,3,0,0,0,2,0,15,60,1,775,775,4,0,0,2,0,0,0,0
1368389,3,2024,2024,9,6,6,55,27,137,96,0,1,9,-32.956704,151.686671,37,0,2,1,3,0,0,3,2,2,7,60,2,6545,6545,4,20,2,2,0,0,0,0
1368397,3,2024,2024,2,3,10,387,27,290,331,0,1,1,-33.943297,151.129934,4,0,2,0,3,0,0,0,0,0,7,60,2,14295,14295,3,5,0,3,0,0,0,0
1368399,3,2024,2024,2,1,5,22,31,59,47,0,1,9,-32.890546,151.725518,48,0,2,1,3,0,0,0,2,0,0,60,2,5929,5929,1,30,5,2,0,0,0,0
1368405,3,2024,2024,2,0,7,10,27,14,34609,0,1,1,-35.654153,149.164793,65,1,0,1,3,2,0,0,2,0,7,100,0,1945,1945,5,5,40,1,0,0,0,0
1368407,3,2024,2024,9,5,4,37,27,13,41,0,1,1,-28.864259,153.294487,39,2,1,0,3,0,3,4,2,0,7,80,1,1957,4009,8,5,40,1,0,0,0,0
1368412,3,2024,2024,10,0,11,15,31,131,34609,0,1,10,-36.081005,146.918193,0,2,1,1,3,0,0,0,0,2,9,50,0,9859,9859,8,10,40,1,0,0,0,0
1368413,3,2024,2024,9,3,7,15,27,77,34609,0,1,1,-33.532378,151.197376,16,2,2,1,3,0,0,0,2,0,7,50,0,248,248,1,0,3,2,0,0,0,0
1368414,3,2024,2024,9,3,3,2261,17,68,2252,0,1,2,-34.807542,148.889118,82,1,0,1,3,0,0,3,2,0,7,110,2,1089,1089,7,0,40,1,0,0,0,0
1368422,3,2024,2024,9,1,8,44,1,126,22,0,1,10,-33.930246,150.812613,41,0,2,1,3,0,0,0,2,0,0,60,1,14295,14295,3,9,5,2,0,0,0,0
1368424,3,2024,2024,10,3,10,49,31,83,34609,0,1,1,-29.717339,152.933963,18,2,1,1,3,0,0,0,0,0,7,50,0,9859,9859,8,5,40,1,0,0,0,0
1368425,3,2024,2024,2,5,9,98,31,100,159,0,1,2,-33.9608,151.155978,4,0,2,1,3,0,0,0,3,0,7,40,2,248,248,1,19,5,2,0,0,0,0
1368426,3,2024,2024,2,4,7,54,27,72,563,0,1,10,-34.013219,151.009787,68,0,2,1,3,0,0,0,2,2,7,80,2,14295,14295,3,5,5,2,0,0,0,0
1368429,3,2024,2024,10,5,5,229,14,98,237,0,1,3,-33.758371,151.052213,54,0,2,1,3,0,0,0,2,0,7,100,2,9859,9859,8,9,40,1,0,0,0,0
1368435,3,2024,2024,9,0,9,829,27,123,770,0,1,2,-33.80879,151.066299,54,0,2,0,3,0,0,0,0,0,7,70,2,1282,1282,1,30,5,2,0,0,0,0
1368436,3,2024,2024,9,5,5,195,27,46,186,0,1,10,-33.929146,150.84713,41,0,2,1,3,0,0,0,2,2,7,70,2,2852,2852,4,5,5,2,0,0,0,0
1368441,3,2024,2024,10,2,8,115,27,99,114,0,1,9,-33.887611,151.264956,76,0,2,1,3,0,0,0,3,2,7,50,2,5929,5929,1,5,5,2,0,0,0,0
1368444,3,2024,2024,2,5,3,2261,17,523,2252,0,1,2,-33.92986,150.917685,41,0,2,1,3,0,0,0,1,0,7,60,2,1383,1383,1,8,5,2,0,0,0,0
1368445,3,2024,2024,2,5,3,2,27,8,34609,0,1,1,-28.88807,153.343525,39,2,1,0,3,0,3,4,4,0,7,80,0,4552,5151,8,10,40,1,0,0,0,0
1368446,3,2024,2024,10,4,0,12,31,18,34609,0,1,9,-36.074137,146.896002,0,2,1,1,2,0,0,0,0,0,0,60,0,1259,985,8,5,40,1,0,0,0,0
1368457,3,2024,2024,10,6,4,60,27,239,167,0,1,10,-34.026552,151.120485,68,0,2,1,3,0,0,0,2,2,7,70,2,6545,6545,4,9,36,2,0,0,0,0
1368458,3,2024,2024,10,6,4,50,31,121,34609,0,1,9,-33.790633,151.278679,50,0,2,1,0,0,0,0,2,0,7,40,0,9859,9859,1,19,0,2,0,0,0,0
1368459,3,2024,2024,10,5,7,44,27,67,38,0,1,1,-33.876677,150.892369,24,0,2,1,3,0,0,0,2,0,7,60,1,1981,1981,4,10,5,2,0,0,0,0
1368465,3,2024,2024,9,1,6,1052,14,19,928,0,1,3,-33.213717,151.450269,16,1,2,0,3,0,0,0,2,0,7,110,2,4552,5151,8,8,40,1,0,0,0,0
1368467,3,2024,2024,2,4,7,9,31,219,34609,0,1,10,-32.899277,151.666626,48,0,2,1,3,0,0,0,2,0,15,50,0,6545,6545,4,0,5,2,0,0,0,0
1368468,3,2024,2024,2,1,8,3371,17,58,3342,0,1,2,-32.789093,151.7264,57,2,1,1,3,0,0,0,2,0,7,80,2,14295,14295,3,0,5,2,0,0,0,0
1368479,3,2024,2024,9,2,6,2,27,48,34609,0,1,1,-33.768218,147.232418,51,1,0,0,3,0,3,4,2,0,7,100,0,1957,4009,8,5,40,1,0,0,0,0
1368483,3,2024,2024,9,0,8,59,27,271,17,0,1,9,-33.940586,151.018506,15,0,2,1,3,0,0,6,2,2,7,60,2,6545,6545,4,5,0,2,0,0,0,0
1368485,3,2024,2024,9,0,8,8,1,119,34609,0,1,1,-32.769949,151.737309,57,2,1,1,3,0,0,0,2,0,7,50,0,9859,9859,1,5,0,2,0,0,0,0
1368486,3,2024,2024,2,6,4,308,14,88,311,0,1,3,-33.742332,150.847348,7,0,2,1,3,0,0,0,2,0,7,100,2,1383,1383,1,5,2,2,0,0,0,0
1368488,3,2024,2024,9,0,10,36,27,11,82,0,1,1,-35.165858,147.334219,75,2,1,0,3,0,0,0,0,0,7,60,1,4552,5151,8,5,40,1,0,0,0,0
1368489,3,2024,2024,2,5,5,866,17,157,793,1,0,1,-33.788064,151.02739,54,0,2,1,3,0,0,0,2,0,7,60,2,14295,14295,3,10,5,2,0,0,0,0
1368495,3,2024,2024,2,0,6,2126,17,55,2149,0,1,9,-33.795601,150.8894,7,0,2,1,3,0,0,0,2,0,15,80,2,623,623,3,0,5,2,0,0,0,0
1368499,3,2024,2024,2,1,7,69,31,646,563,0,1,9,-33.916433,151.041144,15,0,2,1,3,0,0,0,2,2,7,60,2,4026,4026,8,5,40,1,0,0,0,0
1368501,3,2024,2024,9,6,5,12,27,56,12,0,1,2,-34.444884,150.872672,80,0,2,1,3,0,0,0,2,0,7,80,2,14295,14295,3,5,0,2,0,0,0,0
1368505,3,2024,2024,2,3,5,1104,14,45,962,0,1,3,-33.791476,150.810846,55,0,2,1,3,0,0,0,2,0,7,110,2,4026,4026,8,5,40,1,0,0,0,0
1368507,3,2024,2024,2,4,4,478,17,128,480,0,1,10,-33.427169,151.327226,16,2,2,1,3,0,0,0,2,2,7,70,2,926,926,4,0,13,2,0,0,0,0
1368511,3,2024,2024,9,0,8,79,31,562,34609,0,1,10,-32.245515,148.606642,22,2,1,1,3,0,0,0,2,2,7,50,0,5929,5929,1,0,0,2,0,0,0,0
1368512,3,2024,2024,9,1,6,22,27,160,260,0,1,7,-33.112974,151.478009,37,0,2,1,3,0,0,0,2,0,0,60,2,14295,14295,3,16,5,2,0,0,0,0
1368521,3,2024,2024,9,4,3,2,27,18,34609,0,1,1,-35.544513,150.112077,63,1,0,1,3,2,0,3,1,0,7,100,0,1945,1945,5,29,40,1,0,0,0,0
1368522,3,2024,2024,9,5,4,294,17,215,288,0,1,10,-35.117142,147.35622,75,2,1,1,3,0,0,0,2,2,0,60,2,1669,1669,3,0,5,2,0,0,0,0
1368523,3,2024,2024,9,0,4,1,31,316,34609,0,1,1,-33.925423,151.244024,59,0,2,1,1,0,0,3,2,0,7,50,0,9859,9859,1,8,5,2,0,0,0,0
1368525,3,2024,2024,2,4,11,1,27,2,34609,0,1,1,-34.829408,150.54049,63,2,1,1,3,0,0,0,0,0,7,50,0,4026,4026,8,10,40,1,0,0,0,0
1368527,3,2024,2024,2,1,8,2126,17,147,2149,0,1,2,-33.87093,151.118898,14,0,2,1,3,0,0,0,2,0,7,60,2,1383,1383,1,8,10,2,0,0,0,0
1368531,3,2024,2024,2,4,7,147,27,55,34609,0,1,1,-33.88669,151.284398,76,0,2,0,3,0,0,0,2,0,7,50,0,144,144,1,5,5,2,0,0,0,0
1368532,3,2024,2024,10,0,8,1,27,179,34609,0,1,1,-31.167271,150.959653,70,1,0,1,3,2,0,0,2,0,7,100,0,4026,4026,8,30,40,1,0,0,0,0
1368534,3,2024,2024,2,2,6,34,10,2,40,0,1,9,-35.827112,150.216817,23,1,0,0,3,0,0,0,2,0,0,100,1,623,623,3,0,0,2,0,0,0,0
1368535,3,2024,2024,2,1,7,3371,17,10,3342,0,1,2,-30.17569,153.166778,19,1,0,1,3,0,0,0,2,0,7,110,2,9859,9859,8,10,40,1,0,0,0,0
1368542,3,2024,2024,2,1,3,3371,17,147,3342,0,1,2,-33.748997,151.14576,36,0,2,0,3,0,0,0,2,0,7,60,2,1383,1383,1,5,5,2,0,0,0,0
1368546,3,2024,2024,9,6,4,177,22,210,176,0,1,5,-34.035305,151.113436,68,0,2,1,3,0,0,0,2,2,7,60,2,83,83,1,0,0,2,0,0,0,0
1368550,3,2024,2024,9,3,4,63,10,77,42,0,1,9,-32.947145,151.741637,48,0,2,1,3,0,0,0,2,0,0,60,1,14295,14295,3,5,5,2,0,0,0,0
1368551,3,2024,2024,2,3,5,829,27,309,770,1,0,2,-33.818689,151.115336,61,0,2,1,3,0,0,3,2,0,7,60,2,1981,1981,4,5,5,2,0,0,0,0
1368553,3,2024,2024,2,2,8,113,27,45,111,0,1,9,-33.817638,150.775951,55,0,2,1,3,0,0,0,2,2,7,60,2,14295,14295,3,5,0,2,0,0,0,0
1368554,3,2024,2024,2,2,8,89,31,532,34609,0,1,9,-33.864394,151.204764,69,0,2,1,3,0,0,0,2,2,7,40,0,14295,14295,3,5,13,2,0,0,0,0
1368555,3,2024,2024,2,3,4,6,31,169,34609,0,1,1,-33.602991,150.75363,29,2,2,1,1,0,3,0,2,0,7,50,0,1981,1981,4,20,5,2,0,0,0,0
1368556,3,2024,2024,9,2,7,2261,17,370,2252,0,1,6,-34.064124,150.784826,13,0,2,0,1,0,3,4,2,0,7,80,2,418,714,5,10,40,1,0,0,0,0
1368560,3,2024,2024,2,1,7,20,31,387,34609,0,1,1,-33.923541,151.181633,4,0,2,1,3,0,0,0,2,0,7,50,0,9859,9859,1,0,0,4,0,0,0,0
1368563,3,2024,2024,10,2,5,14,31,131,34609,0,1,1,-36.077794,146.918784,0,2,1,1,3,0,0,0,2,0,7,50,0,14295,14295,3,5,5,2,0,0,0,0
1368568,3,2024,2024,2,6,2,1052,14,207,928,0,1,3,-33.586329,151.179501,31,0,2,1,3,0,3,4,0,0,7,110,2,9859,9859,8,5,40,1,0,0,0,0
1368571,3,2024,2024,9,5,5,15,27,609,34609,0,1,9,-33.769654,150.908571,7,0,2,1,3,0,0,0,2,2,7,40,0,14295,14295,3,33,5,2,0,0,0,0
1368574,3,2024,2024,2,6,8,74,27,41,260,0,1,7,-32.957414,151.616986,37,0,2,1,3,0,0,0,2,0,0,70,2,14295,14295,3,0,13,2,0,0,0,0
1368582,3,2024,2024,9,6,2,178,27,13,48,1,0,1,-32.72621,151.56099,42,2,1,1,3,0,0,0,0,0,7,50,1,9859,9859,1,0,0,2,0,0,0,0
1368589,3,2024,2024,9,0,4,21,27,140,34609,0,1,1,-33.8932,150.997711,15,0,2,1,3,0,0,0,2,0,7,60,0,1981,1981,4,0,5,2,0,0,0,0
1368591,3,2024,2024,2,6,6,20,31,91,34609,0,1,10,-33.96143,151.087065,25,0,2,1,3,0,0,0,2,0,15,50,0,6545,6545,4,0,5,2,0,0,0,0
1368593,3,2024,2024,9,4,4,15,27,278,24,0,1,9,-33.771023,151.044158,54,0,2,1,3,0,0,0,2,0,0,50,1,5929,5929,1,0,0,2,0,0,0,0
1368600,3,2024,2024,9,2,11,2,1,79,34609,0,1,1,-33.585041,150.702291,29,2,2,1,3,0,0,0,0,0,7,50,0,9859,9859,1,5,0,2,0,0,0,0
1368601,3,2024,2024,9,0,11,28,27,16,62,0,1,9,-36.719306,149.904082,5,2,1,0,3,0,0,3,0,0,0,80,1,4552,5151,8,10,40,1,0,0,0,0
1368602,3,2024,2024,2,4,10,44,27,304,21,0,1,9,-33.9027,151.164596,32,0,2,1,3,0,0,0,0,0,0,50,1,4552,985,1,10,5,2,0,0,0,0
1368603,3,2024,2024,2,0,11,5,27,36,34609,0,1,10,-33.755155,151.078301,31,0,2,1,3,0,0,0,0,2,7,50,0,301,301,4,5,0,2,0,0,0,0
1368605,3,2024,2024,2,4,7,2126,17,44,2149,0,1,2,-33.797915,150.896315,7,0,2,1,3,0,0,0,2,0,7,80,2,1383,1383,1,10,5,2,0,0,0,0
1368610,3,2024,2024,2,2,11,11,27,4,34609,0,1,1,-28.352387,153.254038,72,2,1,0,3,0,3,1,0,0,7,80,0,404,404,8,0,40,1,0,0,0,0
1368611,3,2024,2024,2,1,8,3,27,2,34609,0,1,1,-31.056423,152.687013,34,1,0,0,3,2,0,0,2,0,7,100,0,3775,3775,0,0,13,2,0,0,0,0
1368612,3,2024,2024,10,5,5,296,27,147,293,1,0,2,-33.866529,150.988559,15,0,2,1,3,0,0,0,2,0,7,70,2,1391,1391,1,0,5,2,0,0,0,0
1368618,3,2024,2024,9,2,10,3,1,115,34609,0,1,1,-34.030926,151.072994,68,0,2,1,3,0,3,4,0,0,7,50,0,941,941,1,10,0,2,0,0,0,0
1368632,3,2024,2024,9,3,6,42,10,25,39,0,1,2,-34.486857,150.862105,80,0,2,1,3,0,0,0,2,0,7,70,1,9859,9859,1,5,6,3,0,0,0,0
1368636,3,2024,2024,9,2,4,196,10,166,168,0,1,9,-33.944123,150.982473,15,0,2,1,1,0,3,4,2,2,7,60,2,5929,5929,1,10,22,2,0,0,0,0
1368639,3,2024,2024,10,4,10,3371,17,147,3342,0,1,9,-33.744219,151.14107,36,0,2,1,3,0,0,0,0,0,0,60,2,14295,14295,3,30,0,2,0,0,0,0
1368640,3,2024,2024,9,0,11,35,27,28,34609,0,1,1,-35.362145,149.224327,58,2,1,1,3,0,0,0,0,0,7,50,0,9859,9859,1,10,13,2,0,0,0,0
1368642,3,2024,2024,9,5,4,1052,14,21,928,0,1,3,-32.908722,151.562204,37,0,2,0,0,0,0,3,2,0,7,110,2,1383,1383,1,0,0,2,0,0,0,0
1368646,3,2024,2024,2,5,8,51,31,85,34609,0,1,1,-34.572718,150.775407,62,0,2,1,3,0,0,0,2,0,7,50,0,14295,14295,3,5,0,2,0,0,0,0
1368650,3,2024,2024,2,4,8,308,14,83,311,0,1,3,-33.880623,150.840498,41,0,2,1,3,0,0,0,2,0,7,80,2,14295,14295,3,0,5,2,0,0,0,0
1368653,3,2024,2024,2,1,4,31,27,304,34609,0,1,1,-33.906784,151.152905,32,0,2,1,3,0,0,0,2,0,7,50,0,1109,787,1,5,5,3,0,0,0,0
1368654,3,2024,2024,9,5,9,114,27,9,228,0,1,1,-33.502115,150.95349,71,0,2,1,3,0,0,0,2,0,7,80,2,9859,9859,8,0,40,1,0,0,0,0
1368658,3,2024,2024,9,1,6,92,27,8,40,0,1,9,-35.756979,150.209682,23,2,1,1,3,0,0,0,2,0,7,50,1,4552,985,1,10,5,2,0,0,0,0
1368659,3,2024,2024,2,1,5,43,22,80,22,0,1,1,-33.874354,151.174953,32,0,2,1,3,0,0,0,2,0,7,50,2,9859,9859,1,5,0,2,0,0,0,0
1368666,3,2024,2024,9,3,7,2126,17,438,2149,0,1,1,-33.837604,151.026357,21,0,2,1,3,0,0,0,2,0,7,60,2,1391,1391,1,5,5,2,0,0,0,0
1368680,3,2024,2024,2,3,7,1052,14,149,928,0,1,3,-33.353996,151.354915,16,1,2,0,3,0,3,4,2,0,7,110,2,1259,5151,8,5,40,1,0,0,0,0
1368686,3,2024,2024,9,1,9,11,1,106,35,0,1,9,-33.891004,151.179144,69,0,2,1,3,0,0,0,2,0,9,50,1,14295,14295,3,5,5,2,0,0,0,0
1368688,3,2024,2024,2,0,3,4,31,67,34609,0,1,9,-33.709085,150.900519,7,0,2,1,1,0,0,0,2,0,15,50,0,2852,2852,4,0,5,2,0,0,0,0
1368692,3,2024,2024,9,1,10,1,1,218,34609,0,1,9,-33.779597,150.784398,55,0,2,1,3,0,3,4,0,0,7,50,0,5929,5929,1,0,5,2,0,0,0,0
1368706,3,2024,2024,10,0,11,2,27,36,34609,0,1,9,-34.059138,150.719368,12,0,2,1,3,0,0,0,0,0,7,50,0,9859,9859,1,19,13,2,0,0,0,0
1368708,3,2024,2024,2,2,7,67,27,210,55,0,1,5,-34.029962,151.105448,68,0,2,0,3,0,3,4,2,2,7,60,2,2852,2852,4,10,0,2,0,0,0,0
1368719,3,2024,2024,10,1,9,283,27,91,702,0,1,9,-33.962011,151.091415,25,0,2,1,3,0,0,0,0,0,2,60,2,14295,14295,3,5,5,2,0,0,0,0
1368725,3,2024,2024,2,3,10,2,27,25,34609,0,1,1,-33.87204,150.635024,79,2,2,1,3,0,0,0,3,0,7,80,0,1192,1192,1,5,5,2,0,0,0,0
1368726,3,2024,2024,2,0,8,283,27,129,702,0,1,9,-33.935165,151.073866,15,0,2,1,3,0,0,0,2,2,7,60,2,14295,14295,3,5,0,3,0,0,0,0
1368729,3,2024,2024,2,5,7,128,27,74,133,0,1,9,-33.77264,150.67097,55,0,2,1,3,0,0,0,2,2,7,60,2,5929,5929,1,0,0,2,0,0,0,0
1368733,3,2024,2024,2,3,7,255,27,62,172,0,1,9,-32.924117,151.623843,37,0,2,1,3,0,0,0,2,2,7,60,2,5929,5929,1,5,0,2,0,0,0,0
1368738,3,2024,2024,2,2,0,5,27,42,34609,0,1,9,-36.004569,146.366563,51,2,1,1,3,0,0,0,0,0,7,50,0,489,489,8,5,40,1,0,0,0,0
1368739,3,2024,2024,2,3,9,2261,17,140,2252,0,1,2,-33.904055,151.001701,15,0,2,1,3,0,0,0,4,0,7,70,2,14295,14295,3,5,24,2,0,0,0,0
1368740,3,2024,2024,2,3,4,1,24,562,34609,0,1,1,-32.263049,148.635535,22,2,1,1,3,0,0,0,2,0,7,50,0,9859,9859,8,5,40,1,0,0,0,0
1368747,3,2024,2024,2,6,9,11,27,73,88,0,1,9,-33.69946,150.700689,55,0,2,1,3,0,0,0,2,0,0,80,2,1669,1669,3,5,0,3,0,0,0,0
1368751,3,2024,2024,9,3,10,32,31,73,35,0,1,1,-33.893491,151.161209,32,0,2,1,3,0,0,0,0,0,7,50,1,9859,9859,1,5,0,2,0,0,0,0
1368752,3,2024,2024,9,2,0,3371,17,21,3342,0,1,2,-28.599206,153.544897,10,1,0,1,3,0,0,3,0,0,7,100,2,475,475,5,5,40,1,0,0,0,0
1368757,3,2024,2024,2,5,3,119,31,73,207,0,1,10,-33.874537,151.218076,69,0,2,1,3,0,0,0,2,2,7,50,2,5929,5929,1,0,12,2,0,0,0,0
1368759,3,2024,2024,2,0,8,175,27,55,220,0,1,10,-33.747673,150.916272,7,0,2,1,3,0,0,0,2,2,7,70,2,14295,14295,3,10,5,3,0,0,0,0
1368763,3,2024,2024,10,2,3,7,27,4,147,0,1,1,-28.824131,153.604744,2,2,1,0,3,0,0,0,2,0,7,60,1,1383,1383,1,9,0,2,0,0,0,0
1368765,3,2024,2024,10,1,6,829,27,304,34609,0,1,1,-33.905845,151.171566,32,0,2,1,3,0,0,0,2,0,7,50,0,1109,397,1,5,0,4,0,0,0,0
1368769,3,2024,2024,2,2,1,33,27,11,260,0,1,2,-33.050318,151.567649,37,0,2,0,3,0,0,0,0,0,7,90,2,1957,4009,8,0,40,1,0,0,0,0
1368770,3,2024,2024,2,1,9,515,14,42,518,0,1,3,-33.941549,150.938166,41,0,2,1,3,0,0,0,3,0,7,100,2,14295,14295,3,0,25,3,0,0,0,0
1368772,3,2024,2024,10,0,9,1,27,70,34609,0,1,9,-34.030928,151.085891,68,0,2,1,3,0,0,0,2,0,7,50,0,2852,2852,4,0,0,2,0,0,0,0
1368780,3,2024,2024,9,0,8,485,27,154,769,0,1,9,-33.718077,150.962518,71,0,2,1,3,0,0,0,2,0,2,60,2,775,775,4,0,0,3,0,0,0,0
1368784,3,2024,2024,9,2,2,2209,17,21,2205,0,1,2,-34.307037,150.903993,80,0,2,0,3,0,3,4,0,0,7,80,2,1259,5151,8,5,40,1,0,0,0,0
1368785,3,2024,2024,9,6,3,2261,17,92,2252,0,1,3,-34.004883,150.834669,13,0,2,0,3,0,0,0,2,0,7,110,2,14295,14295,3,5,0,3,0,0,0,0
1368805,3,2024,2024,2,0,9,3371,17,25,3342,0,1,2,-32.683094,151.813533,57,1,0,1,3,0,0,0,3,0,7,110,2,945,945,5,5,40,1,0,0,0,0
1368806,3,2024,2024,9,5,10,43,27,61,76,1,0,9,-32.923814,151.729049,48,0,2,1,3,0,3,3,4,0,7,60,1,5929,5929,1,0,13,2,0,0,0,0
1368810,3,2024,2024,2,5,8,3371,17,15,3342,0,1,2,-30.233431,153.147771,19,1,0,0,3,0,3,4,2,0,7,110,2,4552,5151,8,9,40,2,0,0,0,0
1368811,3,2024,2024,2,0,8,1,27,1,34609,0,1,1,-30.510757,149.700449,51,1,0,1,3,2,0,0,2,0,7,100,0,9859,9859,8,5,40,1,0,0,0,0