Crash ID,Degree of crash - detailed,Reporting year,Year of crash,Month of crash,Day of week of crash,Two-hour intervals,Street of crash,Street type,Town,Route no.,School zone location,School zone active,Type of location,Latitude,Longitude,LGA,Urbanisation,Conurbation 1,Alignment,Street lighting,Road surface,Surface condition,Weather,Natural lighting,Signals operation,Other traffic control,Speed limit,Road classification,RUM - code,DCA - code,First impact type,Key TU type,Other TU type,No. of traffic units involved,No. killed,No. seriously injured,No. moderately injured,No. minor-other injured
1368813,3,2024,2024,9,2,5,71,27,19,69,0,1,1,-36.350641,148.768164,65,1,0,0,3,0,3,4,2,0,7,100,2,1850,1463,5,0,40,1,0,0,0,0
1368818,3,2024,2024,2,1,6,193,27,64,94,0,1,1,-33.878968,151.024654,21,0,2,1,3,0,0,0,2,0,7,60,1,1981,1981,4,0,5,2,0,0,0,0
1368819,3,2024,2024,2,6,3,334,17,41,308,0,1,9,-31.467976,152.799169,56,1,0,1,3,0,0,0,1,0,7,90,2,3775,3775,0,9,5,2,0,0,0,0
1368821,3,2024,2024,2,0,5,7,31,562,34609,0,1,2,-32.248783,148.599666,22,2,1,1,3,0,0,0,2,0,7,50,0,941,941,1,10,5,2,0,0,0,0
1368828,3,2024,2024,2,4,4,36,36,4,139,0,1,9,-34.401552,146.206247,51,1,0,1,3,0,0,0,2,0,0,100,2,489,489,8,9,40,1,0,0,0,0
1368835,3,2024,2024,9,0,3,866,17,187,793,0,1,10,-33.79551,150.98976,54,0,2,1,3,0,3,4,2,2,7,70,2,1383,1383,1,9,12,2,0,0,0,0
1368838,3,2024,2024,2,2,8,16,31,169,382,0,1,10,-33.601883,150.753396,29,2,2,1,1,0,0,0,2,2,7,60,2,5929,5929,1,0,13,2,0,0,0,0
1368841,3,2024,2024,9,5,8,2,31,83,34609,0,1,7,-30.112359,153.19989,19,2,1,1,3,0,0,0,2,0,0,50,0,5929,5929,1,10,5,2,0,0,0,0
1368843,3,2024,2024,2,2,8,2209,17,79,2205,0,1,7,-34.908473,150.60316,63,2,1,0,3,0,0,0,2,0,0,70,2,301,301,4,5,0,2,0,0,0,0
1368852,3,2024,2024,2,3,7,26,31,171,19,0,1,7,-33.805381,150.961094,21,0,2,1,3,0,3,4,2,0,0,50,1,6545,6545,4,0,0,2,0,0,0,0
1368866,3,2024,2024,2,3,7,2,1,337,34609,0,1,1,-33.737239,151.012623,71,0,2,1,3,0,0,0,2,0,7,50,0,14295,14295,3,5,5,2,0,0,0,0
1368867,3,2024,2024,2,4,6,2261,17,26,2252,0,1,3,-34.09665,150.765169,13,0,2,1,3,0,0,0,2,0,7,110,2,1383,1383,1,20,5,2,0,0,0,0
1368869,3,2024,2024,9,1,9,2261,17,204,2252,0,1,9,-33.896225,150.954298,24,0,2,1,3,0,0,0,0,0,7,70,2,775,775,4,5,13,2,0,0,0,0
1368881,3,2024,2024,2,5,11,916,17,165,917,0,1,2,-32.281534,150.9011,46,2,1,1,3,0,0,0,0,0,7,50,2,4026,4026,8,5,40,1,0,0,0,0
1368884,3,2024,2024,2,3,11,23,31,1,9,0,1,1,-30.746931,152.996287,47,2,1,1,3,0,0,0,0,0,7,50,1,175,188,8,5,40,1,0,0,0,0
1368914,3,2024,2024,2,0,9,11,7,72,34609,0,1,1,-34.010906,151.017001,68,0,2,0,3,0,0,0,3,0,7,50,0,1981,1981,4,5,5,2,0,0,0,0
1368915,3,2024,2024,2,3,6,30,10,27,30,0,1,1,-33.168997,151.202639,16,1,2,0,3,0,0,0,2,0,7,100,1,1957,4009,8,10,40,1,0,0,0,0
1368920,3,2024,2024,9,3,8,2209,17,5,2205,0,1,9,-36.76353,149.813521,5,1,0,0,3,0,0,0,4,0,7,100,2,4552,5151,8,10,40,1,0,0,0,0
1368922,3,2024,2024,9,0,11,293,31,562,34609,0,1,1,-32.258937,148.600809,22,2,1,1,3,0,3,4,0,0,7,60,0,4026,4026,1,9,5,3,0,0,0,0
1368935,3,2024,2024,9,0,9,34,31,98,260,0,1,9,-33.014425,151.593083,37,0,2,1,3,0,3,4,2,0,0,60,2,1192,1192,1,5,5,2,0,0,0,0
1368937,3,2024,2024,2,5,7,71,27,44,122,0,1,9,-34.561909,150.860084,62,0,2,1,3,0,0,3,2,0,0,70,2,2852,2852,4,0,5,2,0,0,0,0
1368939,3,2024,2024,2,4,7,59,10,89,34609,0,1,0,-33.902248,151.229281,59,0,2,1,3,0,0,0,2,0,7,30,0,1282,1282,1,5,40,1,0,0,0,0
1368955,3,2024,2024,9,6,10,4,10,55,34609,0,1,1,-35.389108,149.202077,58,2,1,1,3,0,3,4,0,0,7,50,0,623,623,3,5,36,2,0,0,0,0
1368958,3,2024,2024,9,5,4,118,18,323,34609,0,1,1,-33.746635,150.969604,71,0,2,1,3,0,0,0,2,0,7,50,0,9859,9859,1,5,5,3,0,0,0,0
1368981,3,2024,2024,2,3,2,2,10,22,34609,1,0,1,-32.772882,151.598702,42,2,1,1,3,0,0,1,1,0,7,50,0,9859,9859,1,0,5,2,0,0,0,0
1368982,3,2024,2024,2,5,6,82,27,10,103,0,1,1,-28.444622,153.283055,72,2,1,0,3,0,0,0,2,0,7,80,1,404,404,8,5,40,1,0,0,0,0
1368994,3,2024,2024,2,1,1,89,27,7,228,0,1,1,-32.875504,151.310325,17,2,1,0,3,0,0,0,0,0,7,60,1,84,84,6,10,40,1,0,0,0,0
1369005,3,2024,2024,2,4,10,12,4,154,34609,0,1,1,-33.699282,150.977284,71,0,2,0,3,0,0,0,0,0,7,50,0,4552,5151,8,5,40,1,0,0,0,0
1369009,3,2024,2024,2,1,4,21,27,26,10,0,1,1,-32.774266,151.356482,17,2,1,0,3,0,0,3,2,0,7,80,1,2585,4009,8,5,40,1,0,0,0,0
1369011,3,2024,2024,2,6,3,14,27,40,34609,0,1,9,-34.022838,151.12935,68,0,2,1,3,0,0,0,2,0,7,50,0,5929,5929,1,21,0,2,0,0,0,0
1369068,3,2024,2024,11,6,0,387,27,290,331,0,1,9,-33.950037,151.126416,4,0,2,1,3,0,0,0,0,2,7,60,2,5929,5929,1,5,5,2,0,0,0,0
1369074,3,2024,2024,10,2,6,2261,17,70,2252,0,1,2,-34.531837,150.285838,78,1,0,1,3,0,0,0,2,0,7,110,2,14295,14295,3,8,36,2,0,0,0,0
1369123,3,2024,2024,9,3,7,2261,17,23,2252,0,1,2,-34.812823,148.615521,82,1,0,0,3,0,0,0,2,0,7,110,2,380,714,5,0,40,1,0,0,0,0
1369126,3,2024,2024,2,1,7,2126,17,147,2149,0,1,9,-33.873769,151.127195,14,0,2,1,3,0,0,0,2,3,7,60,2,14295,14295,3,9,5,2,0,0,0,0
1369139,3,2024,2024,10,3,8,15,31,187,34609,0,1,10,-33.786685,150.996931,54,0,2,1,3,0,0,0,4,0,0,50,0,6545,6545,4,10,5,2,0,0,0,0
1369143,3,2024,2024,2,1,8,48,10,252,34609,0,1,9,-33.94796,150.86378,41,0,2,1,3,0,0,0,4,0,7,50,0,1981,1981,4,0,0,2,0,0,0,0
1369173,3,2024,2024,2,0,9,24,27,165,34609,0,1,1,-32.241624,150.903189,46,2,1,1,3,0,0,0,3,0,11,60,0,19,19,10,10,38,2,0,0,0,0
1369197,3,2024,2024,2,5,10,21,27,26,10,0,1,1,-32.772356,151.360135,17,2,1,0,3,0,0,0,0,0,7,80,1,1089,1089,7,0,40,1,0,0,0,0
1369202,3,2024,2024,2,1,9,1,27,79,34609,0,1,1,-34.915586,150.603169,63,2,1,0,3,0,0,0,3,0,7,50,0,782,957,5,5,40,1,0,0,0,0
1369249,3,2024,2024,2,0,11,2,27,2,23,0,1,1,-33.893598,141.1469,51,1,0,1,3,2,0,0,0,0,7,100,1,1089,1089,7,0,40,1,0,0,0,0
1369263,3,2024,2024,9,0,0,29,31,88,15,0,1,2,-33.753813,150.857576,7,0,2,1,3,0,0,0,0,0,7,60,1,1109,787,1,5,12,2,0,0,0,0
1369270,3,2024,2024,2,3,8,500,27,646,799,0,1,9,-33.934303,151.032636,15,0,2,1,3,0,0,0,2,0,0,60,2,1391,1391,1,5,5,2,0,0,0,0
1369271,3,2024,2024,9,5,8,829,27,124,770,0,1,2,-33.809659,151.030746,54,0,2,1,3,0,0,3,2,0,7,60,2,14295,14295,3,10,5,3,0,0,0,0
1369290,3,2024,2024,2,1,8,12,27,155,75,0,1,1,-33.497025,151.29934,16,2,2,1,3,0,0,0,2,0,7,60,1,14295,14295,3,5,5,3,0,0,0,0
1369294,3,2024,2024,9,4,1,2126,17,438,2149,0,1,10,-33.840238,151.033454,21,0,2,1,3,0,0,0,0,0,0,60,2,6545,6545,4,5,13,2,0,0,0,0
1369303,3,2024,2024,11,0,8,44,31,48,34609,0,1,10,-32.917823,151.748608,48,0,2,1,3,0,0,0,4,0,15,50,0,6545,6545,4,0,19,2,0,0,0,0
1369305,3,2024,2024,9,0,7,2209,17,24,2205,0,1,1,-36.219558,150.132501,23,2,1,1,3,0,0,0,2,0,7,50,2,9859,9859,8,0,40,1,0,0,0,0
1369312,3,2024,2024,10,2,6,1,27,55,34609,0,1,1,-35.731674,150.170675,23,1,0,1,3,0,0,0,2,0,7,100,0,14295,14295,3,10,0,2,0,0,0,0
1369326,3,2024,2024,10,5,6,92,31,42,34609,0,1,1,-35.342693,149.239118,58,2,1,1,3,0,0,0,2,0,7,50,0,9859,9859,1,8,10,2,0,0,0,0
1369329,3,2024,2024,2,5,0,22,27,151,10,0,1,2,-34.027156,150.839546,13,0,2,0,1,0,0,0,0,0,7,60,1,1957,4009,8,5,40,1,0,0,0,0
1369334,3,2024,2024,9,2,5,1,22,370,34609,0,1,0,-34.054273,150.821564,13,0,2,1,3,0,0,0,2,0,7,60,0,1981,1981,4,0,0,2,0,0,0,0
1369343,3,2024,2024,10,4,6,2261,17,65,2252,0,1,2,-36.044219,146.969454,0,1,0,1,3,0,0,0,2,0,7,110,2,4026,4026,8,0,40,1,0,0,0,0
1369345,3,2024,2024,9,0,9,1104,11,130,770,0,1,2,-33.870337,151.18967,69,0,2,1,3,0,3,4,0,0,7,60,2,14295,14295,3,10,0,3,0,0,0,0
1369347,3,2024,2024,9,0,7,2261,17,36,2252,0,1,2,-36.098716,146.913623,0,1,0,1,3,0,0,0,2,0,7,110,2,14295,14295,3,0,5,2,0,0,0,0
1369353,3,2024,2024,9,5,1,481,17,17,483,0,1,1,-33.589688,147.620808,51,1,0,1,3,0,0,0,0,0,7,110,2,3775,3775,0,26,32,2,0,0,0,0
1369358,3,2024,2024,2,5,5,2,27,29,34609,0,1,9,-33.979637,151.071417,25,0,2,1,3,0,0,0,2,0,7,50,0,14295,14295,3,5,5,2,0,0,0,0
1369372,3,2024,2024,10,5,7,1,27,20,62,0,1,1,-35.519928,148.145486,66,2,1,1,3,0,0,0,2,0,7,40,2,1282,1282,1,30,40,1,0,0,0,0
1369377,3,2024,2024,9,1,10,17,27,96,15,0,1,1,-34.232524,150.736187,79,2,2,1,3,0,0,3,0,0,7,80,1,9859,9859,8,0,40,1,0,0,0,0
1369398,3,2024,2024,2,6,3,196,10,45,168,0,1,9,-33.890915,150.971688,15,0,2,1,3,0,0,0,1,0,7,70,2,1192,1192,1,8,5,2,0,0,0,0
1369401,3,2024,2024,2,1,7,3,27,294,34609,0,1,1,-33.936903,150.93908,41,0,2,1,3,0,0,0,2,0,7,50,0,1981,1981,4,5,5,2,0,0,0,0
1369424,3,2024,2024,2,5,5,7,31,284,34609,0,1,9,-33.911725,151.008743,15,0,2,1,3,0,0,0,2,0,7,50,0,2852,2852,4,0,13,3,0,0,0,0
1369425,3,2024,2024,9,3,4,110,31,131,34609,0,1,1,-33.786691,151.18014,36,0,2,1,3,0,0,0,2,0,7,50,0,9859,9859,1,0,5,2,0,0,0,0
1369430,3,2024,2024,2,5,11,225,17,15,180,0,1,1,-34.582638,150.519448,78,2,1,1,3,0,0,0,0,0,7,80,2,1089,1089,7,5,40,1,0,0,0,0
1369431,3,2024,2024,2,4,5,1,6,137,34609,0,1,1,-32.963086,151.681264,37,0,2,1,3,0,0,0,2,0,7,50,0,4026,4026,8,5,40,1,0,0,0,0
1369437,3,2024,2024,2,0,8,515,14,252,518,0,1,3,-33.949516,150.885965,41,0,2,1,3,0,0,0,2,0,7,100,2,1391,1391,1,5,5,3,0,0,0,0
1369458,3,2024,2024,2,1,10,866,17,149,793,0,1,2,-33.818648,150.962487,21,0,2,1,3,0,0,0,0,0,7,70,2,14295,14295,3,5,0,2,0,0,0,0
1369461,3,2024,2024,10,4,8,14,27,16,34609,0,1,7,-35.099832,147.402752,75,2,1,0,3,0,0,0,2,0,0,80,0,6545,6545,4,10,10,2,0,0,0,0
1369465,3,2024,2024,10,0,6,30,31,283,34609,0,1,7,-33.846138,151.009485,21,0,2,1,3,0,0,0,2,0,0,50,0,2852,2852,4,0,0,2,0,0,0,0
1369469,3,2024,2024,10,0,5,346,17,35,332,0,1,9,-28.815121,153.265838,39,2,1,0,3,0,0,0,2,0,7,60,2,5929,5929,1,10,0,2,0,0,0,0
1369477,3,2024,2024,2,4,2,10,10,101,34609,0,1,1,-32.911958,151.604839,37,0,2,1,3,0,3,4,0,0,7,100,0,9859,9859,1,5,0,3,0,0,0,0
1369490,3,2024,2024,2,3,6,475,10,54,268,0,1,10,-33.883373,150.86465,24,0,2,1,1,0,0,0,2,1,7,70,2,395,395,1,0,40,2,0,0,0,0
1369513,3,2024,2024,10,0,8,515,14,202,518,0,1,3,-33.940601,151.024908,15,0,2,1,3,0,0,0,3,0,7,100,2,14295,14295,3,5,5,2,0,0,0,0
1369518,3,2024,2024,9,4,3,1052,14,149,928,0,1,3,-33.336087,151.375603,16,1,2,0,3,0,3,0,2,0,7,110,2,1957,4009,8,9,40,1,0,0,0,0
1369528,3,2024,2024,2,3,8,3371,17,39,3342,0,1,7,-33.251985,151.489336,16,2,2,0,3,0,0,0,3,0,0,70,2,1391,1391,1,5,0,2,0,0,0,0
1369533,3,2024,2024,2,6,7,15,31,132,34609,0,1,10,-29.766701,151.107748,33,2,1,1,3,0,0,0,2,0,0,50,0,6545,6545,4,10,5,2,0,0,0,0
1369539,3,2024,2024,9,0,3,168,10,387,260,0,1,2,-33.942852,151.192322,4,0,2,0,3,0,0,0,2,0,7,70,2,14295,14295,3,10,12,3,0,0,0,0
1369549,3,2024,2024,9,0,6,1104,14,142,962,0,1,3,-33.827058,151.003624,54,0,2,1,3,0,0,0,2,0,7,90,2,14295,14295,3,5,5,2,0,0,0,0
1369584,3,2024,2024,2,3,10,1052,14,36,928,0,1,3,-33.622516,151.155677,31,0,2,1,3,0,0,0,0,0,7,110,2,404,404,8,5,40,1,0,0,0,0
1369601,3,2024,2024,2,0,5,220,14,130,220,0,1,3,-34.469221,150.836983,80,0,2,1,3,0,0,0,2,0,7,100,2,14295,14295,3,10,0,2,0,0,0,0
1369615,3,2024,2024,2,4,5,2,31,24,34609,0,1,1,-33.824496,151.170659,38,0,2,1,3,0,0,0,2,0,7,50,0,941,941,1,0,0,2,0,0,0,0
1369616,3,2024,2024,10,3,6,149,10,346,702,0,1,9,-33.875336,151.067266,67,0,2,1,3,0,0,0,2,2,7,80,2,14295,14295,3,5,5,2,0,0,0,0
1369617,3,2024,2024,2,4,2,213,17,113,213,0,1,1,-29.483511,150.003973,51,1,0,1,3,0,0,0,0,0,7,100,2,945,945,5,8,40,1,0,0,0,0
1369620,3,2024,2024,9,6,3,1104,14,104,962,0,1,3,-33.83078,151.020085,54,0,2,1,3,0,0,0,2,0,7,90,2,1391,1391,1,8,5,2,0,0,0,0
1369624,3,2024,2024,9,6,4,478,17,96,480,0,1,7,-33.437877,151.383649,16,2,2,0,3,0,0,0,2,2,0,60,2,2852,2852,4,5,5,2,0,0,0,0
1369642,3,2024,2024,2,0,5,17,36,28,72,0,1,1,-28.662009,153.528248,10,2,1,1,3,0,0,0,2,0,7,80,2,3775,3775,0,5,5,2,0,0,0,0
1369663,3,2024,2024,9,2,10,348,27,73,15,0,1,1,-33.703406,150.695244,55,0,2,0,3,0,3,3,0,0,7,80,1,380,714,5,30,40,1,0,0,0,0
1369678,3,2024,2024,9,6,8,100,31,363,769,0,1,10,-33.814376,150.999848,54,0,2,1,3,0,0,0,2,2,7,60,2,6545,6545,4,5,13,2,0,0,0,0
1369692,3,2024,2024,2,2,5,12,27,293,112,0,1,1,-33.939954,151.238195,59,0,2,1,3,0,0,0,2,0,7,50,2,941,941,1,5,0,3,0,0,0,0
1369696,3,2024,2024,9,3,1,3371,17,12,3342,0,1,2,-28.75387,153.531271,2,1,0,1,3,0,2,6,0,0,7,110,2,9859,9859,8,3,40,1,0,0,0,0
1369700,3,2024,2024,9,0,5,5,27,39,34609,0,1,1,-36.005346,147.035497,0,2,1,0,3,0,0,0,2,0,7,80,0,1957,4009,8,10,40,1,0,0,0,0
1369705,3,2024,2024,9,4,5,2126,17,169,2149,0,1,9,-33.782316,150.827632,7,0,2,1,3,0,0,0,2,2,7,80,2,14295,14295,3,9,5,2,0,0,0,0
1369720,3,2024,2024,2,6,10,171,1,387,104,0,1,9,-33.933967,151.199251,4,0,2,0,3,0,0,0,0,2,7,60,2,5929,5929,1,0,5,2,0,0,0,0
1369760,3,2024,2024,9,4,9,6,31,293,34609,0,1,1,-33.948645,151.239384,59,0,2,1,1,0,0,0,2,0,7,50,0,190,190,1,9,0,3,0,0,0,0
1369790,3,2024,2024,9,2,10,47,31,65,34609,0,1,1,-33.699561,151.302073,50,0,2,1,0,0,0,0,0,0,7,50,0,9859,9859,1,0,0,2,0,0,0,0
1369809,3,2024,2024,9,1,7,280,10,127,240,0,1,2,-33.844792,150.867011,24,0,2,1,3,0,2,6,2,0,7,70,2,4026,4026,8,8,40,1,0,0,0,0
1369814,3,2024,2024,9,4,8,43,27,161,96,0,1,1,-33.875638,151.151786,32,0,2,1,0,0,0,6,2,0,7,50,2,9859,9859,1,9,0,2,0,0,0,0
1369837,3,2024,2024,2,5,10,43,22,147,34609,0,1,1,-33.755588,151.289973,50,0,2,1,2,0,0,0,0,0,7,50,0,9859,9859,1,0,36,3,0,0,0,0
1369847,3,2024,2024,9,0,5,126,1,226,144,0,1,2,-33.765339,150.81726,7,0,2,1,1,0,0,0,2,0,7,60,2,1383,1383,1,5,0,2,0,0,0,0
1369850,3,2024,2024,10,2,6,10,27,14,27,0,1,1,-33.716767,150.782402,7,0,2,1,0,0,0,0,2,0,7,80,1,14295,14295,3,5,5,2,0,0,0,0
1369860,3,2024,2024,2,1,11,168,17,18,212,0,1,1,-35.574242,150.039465,23,1,0,0,0,0,0,0,0,0,7,90,2,3775,3775,0,5,0,3,0,0,0,0
1369864,3,2024,2024,9,0,8,46,27,104,262,0,1,2,-32.913561,151.722718,48,0,2,1,1,0,3,4,2,0,7,60,2,1192,1192,1,5,5,4,0,0,0,0
1369872,3,2024,2024,2,1,11,3,27,6,34609,0,1,1,-33.470313,150.03331,40,1,0,1,0,0,0,0,0,0,7,100,0,9859,9859,8,10,40,1,0,0,0,0
1369885,3,2024,2024,2,0,6,19,27,182,174,0,1,10,-32.827217,151.354281,17,2,1,1,1,0,0,0,2,0,15,60,2,6545,6545,4,30,0,2,0,0,0,0
1369890,3,2024,2024,10,0,2,101,10,42,34609,0,1,4,-34.006781,151.215756,68,0,2,0,2,0,0,0,1,0,7,50,0,2585,4009,1,5,12,4,0,0,0,0
1369899,3,2024,2024,2,0,9,1,7,234,34609,0,1,1,-34.271243,146.074975,28,2,1,1,1,0,3,4,2,0,7,50,0,9859,9859,8,10,40,1,0,0,0,0
1369901,3,2024,2024,10,3,4,2,27,92,34609,0,1,1,-33.405354,151.350361,16,2,2,1,0,0,0,0,2,0,7,60,0,9859,9859,8,5,40,1,0,0,0,0
1369906,3,2024,2024,9,5,8,135,17,2,136,0,1,10,-35.839282,146.364488,51,1,0,1,0,0,0,0,2,0,7,100,2,3775,3775,0,3,0,2,0,0,0,0
1369930,3,2024,2024,9,2,2,1,1,197,34609,0,1,1,-33.794826,151.116552,61,0,2,1,2,0,0,0,0,0,7,50,0,4026,4026,1,5,5,2,0,0,0,0
1370023,3,2024,2024,9,3,11,65,10,132,148,0,1,1,-34.13728,151.074837,68,0,2,0,0,0,0,0,0,0,7,80,2,2585,4009,8,5,40,1,0,0,0,0
1370034,3,2024,2024,9,6,3,3,1,433,34609,0,1,9,-33.305271,149.117465,52,2,1,1,0,0,0,0,2,0,0,50,0,2852,2852,4,0,22,2,0,0,0,0
1370052,3,2024,2024,10,1,7,515,14,271,518,0,1,3,-33.940964,151.018233,15,0,2,1,1,0,0,0,2,0,7,100,2,4026,4026,8,5,40,1,0,0,0,0
1370059,3,2024,2024,9,0,8,11,27,6,34609,0,1,1,-34.0549,151.10199,68,0,2,1,1,0,0,0,2,0,7,50,0,1981,1981,4,0,5,2,0,0,0,0
1370092,3,2024,2024,9,4,8,229,14,173,237,0,1,3,-33.776282,151.125713,61,0,2,1,1,0,0,0,2,0,7,100,2,1192,1192,1,3,0,2,0,0,0,0
1370110,3,2024,2024,9,2,7,222,31,131,212,0,1,9,-33.783568,151.191545,36,0,2,1,1,0,0,0,2,2,7,60,2,1282,1282,1,5,22,2,0,0,0,0
1370120,3,2024,2024,2,6,10,6,27,14,34609,0,1,1,-33.140316,151.589143,16,2,2,0,2,0,0,0,0,0,7,50,0,1957,4009,1,5,0,2,0,0,0,0
1370134,3,2024,2024,2,1,3,2209,17,21,2205,0,1,1,-34.309406,150.90096,80,0,2,1,1,0,0,0,2,0,7,80,2,945,945,5,5,40,1,0,0,0,0
1370139,3,2024,2024,5,6,11,71,27,33,69,0,1,10,-36.414505,148.622915,65,2,1,0,2,0,3,4,0,0,0,60,2,2585,777,8,10,40,1,0,0,0,0
1370151,3,2024,2024,2,4,2,42,31,36,34609,1,0,1,-32.963494,151.605372,37,0,2,1,1,0,0,0,1,0,7,50,0,1109,787,1,10,0,2,0,0,0,0
1370152,3,2024,2024,2,1,10,178,31,143,34609,0,1,9,-33.878416,151.099727,9,0,2,1,2,0,0,0,0,0,7,50,0,4026,4026,1,10,5,3,0,0,0,0
1370247,3,2024,2024,2,0,7,171,31,61,34609,1,0,10,-35.911832,150.077949,23,2,1,1,1,0,0,0,2,0,0,50,0,6545,6545,4,0,5,2,0,0,0,0
1370268,3,2024,2024,2,4,6,26,31,171,34609,0,1,2,-33.808107,150.972964,21,0,2,1,0,0,0,0,2,0,7,50,0,9859,9859,1,33,0,2,0,0,0,0
1370270,3,2024,2024,10,2,0,35,27,62,96,0,1,10,-33.895102,151.14378,32,0,2,1,2,0,0,0,0,0,0,50,2,9859,9859,1,0,12,3,0,0,0,0
1370290,3,2024,2024,9,4,11,1,1,293,34609,0,1,1,-33.933168,151.057173,15,0,2,1,2,0,0,0,0,0,7,50,0,9859,9859,1,5,5,2,0,0,0,0
1370297,3,2024,2024,9,6,8,4,1,44,34609,0,1,1,-34.557858,150.858489,62,0,2,1,0,0,0,0,2,0,7,50,0,9859,9859,1,30,5,2,0,0,0,0
1370312,3,2024,2024,11,2,11,2261,17,70,2252,0,1,2,-34.520101,150.296487,78,1,0,1,0,0,0,0,0,0,7,110,2,9859,9859,8,10,40,1,0,0,0,0
1370357,3,2024,2024,9,0,8,38,1,145,34609,0,1,1,-33.925557,151.068491,15,0,2,1,1,0,0,0,2,0,7,50,0,9859,9859,1,5,13,2,0,0,0,0
1370372,3,2024,2024,10,3,11,109,27,16,169,0,1,1,-32.826903,151.409226,17,2,1,1,2,0,0,0,0,0,7,60,2,4026,4026,1,5,13,3,0,0,0,0
1370387,3,2024,2024,10,6,1,78,27,438,34609,1,0,1,-33.856818,151.031594,21,0,2,1,2,0,0,0,0,0,7,50,0,9859,9859,1,5,5,5,0,0,0,0
1370416,3,2024,2024,9,4,3,62,27,7,166,0,1,1,-33.241971,151.453307,16,2,2,0,3,0,2,6,2,0,7,80,2,3775,3775,0,5,0,4,0,0,0,0
1370438,3,2024,2024,10,6,8,229,14,175,237,0,1,3,-33.764313,151.085419,54,0,2,1,0,0,0,0,3,0,7,100,2,101,101,8,10,40,3,0,0,0,0
1370447,3,2024,2024,1,3,11,5,31,87,34609,0,1,1,-28.809756,153.288169,39,2,1,1,2,0,0,0,0,0,7,50,0,9859,9859,8,0,40,1,0,0,0,0
1370450,3,2024,2024,9,3,8,232,36,34,331,0,1,10,-34.009824,150.770155,12,0,2,1,1,0,0,3,2,2,7,80,2,14295,14295,3,30,13,3,0,0,0,0
1370511,3,2024,2024,9,2,0,2126,17,136,2149,0,1,9,-33.85845,151.069509,67,0,2,1,2,0,0,0,0,2,7,60,2,14295,14295,3,5,0,2,0,0,0,0
1370515,3,2024,2024,9,4,8,98,27,294,198,0,1,9,-33.928206,150.931039,41,0,2,1,1,0,0,3,2,2,7,60,2,14295,14295,3,16,40,2,0,0,0,0
1370520,3,2024,2024,2,0,4,32,31,132,26,0,1,7,-29.772826,151.112548,33,2,1,1,1,0,0,0,2,0,7,40,1,1282,1282,1,0,5,2,0,0,0,0
1370544,3,2024,2024,10,3,3,2261,17,148,2252,0,1,9,-36.052087,146.958607,0,2,1,1,1,0,0,0,2,0,0,60,2,489,489,8,5,40,1,0,0,0,0
1370549,3,2024,2024,9,3,6,2261,17,284,2252,1,0,9,-33.905295,151.012339,15,0,2,1,1,0,0,0,2,0,0,60,2,1391,1391,1,33,5,2,0,0,0,0
1370550,3,2024,2024,9,4,11,3,27,127,34609,0,1,9,-33.83524,150.850776,24,0,2,0,1,0,0,0,0,0,0,60,0,4552,5151,8,5,40,1,0,0,0,0
1370564,3,2024,2024,9,1,11,18,1,107,34609,0,1,9,-33.279508,151.42337,16,2,2,1,2,0,0,0,0,0,7,50,0,489,489,8,5,40,2,0,0,0,0
1370577,3,2024,2024,10,6,0,4,27,460,34609,0,1,1,-33.83452,150.983934,21,0,2,1,2,0,2,6,0,0,7,50,0,9859,9859,1,5,5,3,0,0,0,0
1370595,3,2024,2024,9,2,6,72,27,72,56,0,1,10,-33.796564,151.065263,54,0,2,1,1,0,0,0,2,2,7,60,2,4552,985,8,21,40,1,0,0,0,0
1370601,3,2024,2024,9,0,1,3371,17,63,3342,0,1,2,-33.252832,151.488628,16,2,2,0,2,0,0,0,0,0,7,70,2,2585,4009,8,0,40,1,0,0,0,0
1370604,3,2024,2024,9,1,8,39,22,65,34609,0,1,1,-33.385224,151.409181,16,2,2,0,1,0,0,0,2,0,7,60,0,3775,3775,0,33,0,2,0,0,0,0
1370613,3,2024,2024,2,1,5,500,27,198,799,0,1,9,-33.916515,151.108556,15,0,2,1,0,0,0,0,2,0,7,60,2,926,926,4,9,5,2,0,0,0,0
1370621,3,2024,2024,9,0,11,3,18,103,34609,0,1,1,-34.267586,148.302098,30,2,1,0,0,0,0,0,0,0,7,80,0,237,162,8,5,40,1,0,0,0,0
1370658,3,2024,2024,9,5,11,29,27,31,34609,0,1,1,-33.895955,151.025838,15,0,2,1,2,0,0,0,0,0,7,50,0,9859,9859,1,0,5,3,0,0,0,0
1370670,3,2024,2024,2,4,6,3,31,237,34609,0,1,0,-33.870123,150.954517,24,0,2,1,1,0,0,0,2,0,7,40,0,1282,1282,1,5,40,2,0,0,0,0
1370676,3,2024,2024,2,0,0,3,27,72,34609,0,1,9,-33.826069,151.220497,49,0,2,1,2,0,0,0,0,0,7,50,0,9859,9859,1,5,5,4,0,0,0,0
1370679,3,2024,2024,2,4,3,55,1,167,34609,0,1,2,-33.852673,151.075941,54,0,2,1,1,0,0,0,2,0,7,60,0,4026,4026,8,5,40,1,0,0,0,0
1370681,3,2024,2024,9,6,1,10,1,173,15,0,1,0,-33.877577,151.227754,69,0,2,1,2,0,3,4,0,0,7,40,1,1282,1282,1,33,5,2,0,0,0,0
1370682,3,2024,2024,9,6,4,163,27,63,165,0,1,2,-33.733913,150.801229,7,0,2,1,1,0,0,0,2,0,7,60,1,1192,1192,1,9,0,2,0,0,0,0