Crash ID,Degree of crash - detailed,Reporting year,Year of crash,Month of crash,Day of week of crash,Two-hour intervals,Street of crash,Street type,Town,Route no.,School zone location,School zone active,Type of location,Latitude,Longitude,LGA,Urbanisation,Conurbation 1,Alignment,Street lighting,Road surface,Surface condition,Weather,Natural lighting,Signals operation,Other traffic control,Speed limit,Road classification,RUM - code,DCA - code,First impact type,Key TU type,Other TU type,No. of traffic units involved,No. killed,No. seriously injured,No. moderately injured,No. minor-other injured
1370716,3,2024,2024,2,4,10,1104,14,445,962,0,1,3,-33.849544,151.053618,54,0,2,1,2,0,0,0,0,0,7,90,2,14295,14295,3,10,5,2,0,0,0,0
1370728,3,2024,2024,9,2,3,481,17,2,483,0,1,1,-31.849024,148.644528,51,1,0,0,0,0,3,4,1,0,7,110,2,418,714,5,0,40,1,0,0,0,0
1370736,3,2024,2024,2,0,6,55,27,126,38,0,1,10,-33.949619,150.80229,41,0,2,1,1,0,0,0,2,2,7,80,2,6545,6545,4,0,5,2,0,0,0,0
1370739,3,2024,2024,1,2,10,5,27,77,34609,0,1,1,-33.722479,151.090892,31,0,2,0,2,0,0,0,0,0,7,60,0,4552,5151,8,30,40,1,0,0,0,0
1370745,3,2024,2024,9,3,0,283,27,253,702,0,1,1,-33.966585,151.095307,25,0,2,1,2,0,0,0,0,0,7,60,2,4026,4026,8,30,40,1,0,0,0,0
1370754,3,2024,2024,2,5,11,154,27,293,244,0,1,1,-33.928606,151.046763,15,0,2,0,2,0,3,3,0,0,7,60,2,4552,5151,8,0,40,1,0,0,0,0
1370769,3,2024,2024,10,6,10,2,22,9,34609,0,1,1,-33.442746,149.554936,3,2,1,1,1,0,0,0,0,0,7,60,0,9859,9859,8,5,40,1,0,0,0,0
1370770,3,2024,2024,10,4,11,6,31,218,34609,0,1,1,-33.765888,150.777974,55,0,2,1,2,0,0,0,0,0,7,50,0,9859,9859,1,5,13,2,0,0,0,0
1370775,3,2024,2024,10,6,8,20,1,198,41,0,1,1,-33.905406,151.104748,15,0,2,1,1,0,0,0,2,0,7,50,1,941,941,1,5,13,2,0,0,0,0
1370783,3,2024,2024,10,2,1,916,17,66,917,0,1,2,-32.811404,151.668279,48,0,2,1,2,0,0,0,0,0,7,80,2,945,945,5,0,40,1,0,0,0,0
1370786,3,2024,2024,1,5,3,11,31,273,34609,0,1,1,-34.420809,150.89402,80,0,2,1,1,0,0,0,2,0,7,50,0,248,248,1,10,5,2,0,0,0,0
1370795,3,2024,2024,10,0,3,125,27,46,123,0,1,7,-33.304958,151.403408,16,2,2,1,2,0,0,0,2,0,0,70,2,1945,1945,5,8,40,1,0,0,0,0
1370808,3,2024,2024,2,5,4,2126,17,226,2149,0,1,10,-33.779236,150.814523,7,0,2,1,1,0,0,0,2,2,7,80,2,515,515,1,33,5,2,0,0,0,0
1370823,3,2024,2024,2,3,10,1,1,5,34609,1,0,9,-33.729938,150.633481,8,2,2,0,2,0,0,0,0,0,7,50,0,4552,5151,8,0,40,1,0,0,0,0
1370854,3,2024,2024,2,0,10,48,27,20,62,0,1,1,-35.587609,148.091163,66,1,0,0,0,0,0,0,3,0,7,100,2,1850,1463,5,9,40,1,0,0,0,0
1370864,3,2024,2024,9,0,3,26,31,171,19,0,1,1,-33.806081,150.96426,21,0,2,1,0,0,0,0,2,0,7,50,1,186,186,1,10,0,2,0,0,0,0
1370870,3,2024,2024,2,6,8,80,31,137,34609,0,1,1,-32.966194,151.699157,37,0,2,1,1,0,0,0,2,0,7,60,0,941,941,1,0,5,2,0,0,0,0
1370887,3,2024,2024,2,3,0,11,27,4,34609,0,1,1,-28.528658,153.454364,10,2,1,1,0,0,3,4,0,0,7,80,0,1109,397,1,10,40,2,0,0,0,0
1370890,3,2024,2024,10,5,7,2,27,31,34609,0,1,1,-33.771176,151.271165,50,0,2,1,1,0,0,0,2,0,7,40,0,3775,3775,0,0,5,2,0,0,0,0
1370909,3,2024,2024,9,4,10,829,27,309,770,0,1,2,-33.816629,151.106048,61,0,2,0,2,0,3,4,0,0,7,60,2,2585,4009,8,5,40,1,0,0,0,0
1370911,3,2024,2024,9,2,0,48,31,53,34609,0,1,1,-30.641161,152.997341,47,2,1,1,0,0,0,0,0,0,7,50,0,9859,9859,1,5,5,3,0,0,0,0
1370928,3,2024,2024,9,2,6,1,1,161,34609,0,1,1,-33.732314,151.159199,36,0,2,1,0,0,0,0,2,0,7,50,0,9859,9859,1,33,0,2,0,0,0,0
1370936,3,2024,2024,10,2,2,17,10,39,34609,0,1,1,-32.875368,151.660415,48,0,2,0,2,0,0,0,0,0,7,50,0,1957,4009,1,10,0,2,0,0,0,0
1370940,3,2024,2024,2,4,11,2261,17,35,2252,0,1,2,-34.92034,148.169875,20,1,0,1,2,0,0,0,0,0,7,110,2,9859,9859,8,0,40,1,0,0,0,0
1370949,3,2024,2024,9,1,11,3,25,65,34609,0,1,9,-33.387206,151.377649,16,2,2,1,0,0,0,0,0,0,7,50,0,2585,777,1,30,5,2,0,0,0,0
1370950,3,2024,2024,2,5,0,5,27,115,34609,0,1,1,-33.957537,151.04898,25,0,2,1,2,0,0,0,0,0,7,50,0,9859,9859,1,5,0,2,0,0,0,0
1370953,3,2024,2024,9,3,7,145,27,73,3,0,1,1,-33.891142,151.170509,32,0,2,1,0,0,0,0,2,0,7,50,1,3775,3775,0,0,5,2,0,0,0,0
1370956,3,2024,2024,2,6,4,42,31,463,34609,0,1,1,-30.2963,153.117955,19,2,1,1,1,0,0,0,2,0,9,40,0,4026,4026,1,0,5,3,0,0,0,0
1370998,3,2024,2024,10,6,7,229,14,278,237,0,1,3,-33.758826,151.048709,54,0,2,1,0,0,0,0,2,0,7,100,2,101,101,8,5,40,2,0,0,0,0
1371002,3,2024,2024,9,1,9,195,27,85,186,0,1,2,-33.894858,150.856976,41,0,2,1,2,0,0,0,0,0,7,70,2,1945,1945,5,5,40,1,0,0,0,0
1371005,3,2024,2024,10,6,7,1052,14,36,928,0,1,9,-33.635734,151.146965,31,0,2,1,0,0,0,3,2,0,7,60,2,515,515,1,29,13,2,0,0,0,0
1371007,3,2024,2024,9,3,3,6,27,77,34609,0,1,1,-30.333995,149.747738,51,2,1,1,0,0,0,0,2,0,7,80,0,945,945,5,10,40,1,0,0,0,0
1371023,3,2024,2024,2,0,6,193,31,44,34609,0,1,9,-33.766798,150.622927,8,2,2,1,1,0,0,0,2,0,7,40,0,9859,9859,1,19,0,2,0,0,0,0
1371036,3,2024,2024,9,0,11,171,31,252,34609,0,1,9,-33.880344,151.212099,69,0,2,0,2,0,0,0,0,0,7,40,0,14295,14295,3,5,5,2,0,0,0,0
1371040,3,2024,2024,9,5,8,111,27,102,233,0,1,10,-33.960472,151.231247,59,0,2,1,1,0,0,0,2,2,7,60,2,5929,5929,1,5,0,2,0,0,0,0
1371042,3,2024,2024,9,6,0,1,31,61,34609,0,1,1,-35.514688,144.946431,51,2,1,0,0,2,0,0,0,0,7,50,0,2585,4009,8,30,40,1,0,0,0,0
1371056,3,2024,2024,2,1,9,10,31,148,34609,0,1,1,-36.021897,146.939952,0,2,1,0,0,2,0,0,3,0,7,50,0,1957,4009,8,5,40,1,0,0,0,0
1371069,3,2024,2024,9,0,3,344,27,168,382,0,1,2,-33.70828,150.839652,7,0,2,1,1,0,3,3,1,0,7,80,2,14295,14295,3,5,5,2,0,0,0,0
1371085,3,2024,2024,2,3,3,2261,17,68,2252,0,1,2,-34.8079,148.930162,82,1,0,1,0,0,0,0,2,0,7,110,2,4026,4026,8,3,40,1,0,0,0,0
1371091,3,2024,2024,2,0,0,475,31,252,75,0,1,10,-33.886427,151.208229,69,0,2,1,2,0,0,0,0,2,6,40,1,515,515,1,5,5,2,0,0,0,0
1371096,3,2024,2024,2,5,7,308,14,55,311,0,1,6,-33.738787,150.917307,7,0,2,0,2,0,0,0,2,2,9,70,2,14295,14295,3,10,10,2,0,0,0,0
1371124,3,2024,2024,2,0,10,1,36,22,34609,0,1,9,-35.15276,150.571658,63,2,1,0,2,0,0,0,0,0,0,50,0,2585,4009,8,0,40,2,0,0,0,0
1371147,3,2024,2024,10,4,8,1,31,11,34609,0,1,1,-33.849256,151.216343,49,0,2,1,1,0,0,0,2,0,7,50,0,4026,4026,1,5,13,2,0,0,0,0
1371151,3,2024,2024,10,3,2,30,31,163,34609,0,1,9,-33.850728,151.108381,14,0,2,1,1,2,3,4,0,0,7,40,0,475,475,5,5,40,1,0,0,0,0
1371174,3,2024,2024,9,2,7,82,31,179,369,0,1,10,-33.751254,150.713492,55,0,2,1,0,0,0,0,2,0,15,70,2,5929,5929,1,0,5,2,0,0,0,0
1371176,3,2024,2024,9,4,11,31,31,173,34609,0,1,0,-33.875612,151.216943,69,0,2,1,0,0,3,0,0,0,7,40,0,941,941,1,33,5,2,0,0,0,0
1371190,3,2024,2024,2,3,10,19,31,165,34609,0,1,9,-32.282484,150.889849,46,2,1,1,2,0,0,0,0,0,7,50,0,186,186,1,5,0,2,0,0,0,0
1371193,3,2024,2024,9,3,8,2261,17,523,2252,0,1,2,-33.918538,150.919533,41,0,2,1,0,0,0,0,2,0,7,60,2,1192,1192,1,10,5,3,0,0,0,0
1371208,3,2024,2024,2,0,11,5,27,123,34609,0,1,9,-33.809926,151.062449,54,0,2,0,2,0,0,0,0,0,0,50,0,2585,4009,8,5,40,2,0,0,0,0
1371219,3,2024,2024,2,5,3,17,31,433,34609,0,1,10,-33.284413,149.09091,52,2,1,1,1,0,0,0,2,0,0,50,0,6545,6545,4,5,5,2,0,0,0,0
1371237,3,2024,2024,9,0,10,91,27,119,187,0,1,10,-33.874916,151.160799,32,0,2,1,2,0,0,0,0,2,7,70,2,5929,5929,1,5,5,2,0,0,0,0
1371244,3,2024,2024,10,2,6,916,17,77,917,0,1,10,-32.569044,151.180072,64,2,1,1,1,0,0,0,2,2,7,50,2,6545,6545,4,0,10,2,0,0,0,0
1371288,3,2024,2024,9,1,8,192,10,84,114,0,1,9,-33.467289,151.37863,16,2,2,0,1,0,0,0,2,0,7,60,2,1957,4009,8,5,40,1,0,0,0,0
1371297,3,2024,2024,10,6,10,85,31,66,34609,0,1,10,-34.48724,150.898951,80,0,2,0,2,0,0,0,0,2,7,50,0,2852,2852,4,5,13,2,0,0,0,0
1371319,3,2024,2024,10,3,6,9,31,136,34609,0,1,7,-33.918435,151.081863,15,0,2,1,1,0,0,0,2,0,0,50,0,6545,6545,4,0,0,2,0,0,0,0
1371322,3,2024,2024,2,0,10,232,36,36,168,0,1,2,-34.050117,150.713664,12,0,2,1,2,0,0,0,0,0,7,70,1,9859,9859,8,5,40,1,0,0,0,0
1371330,3,2024,2024,2,0,11,1,7,65,34609,0,1,1,-33.700236,151.287085,50,0,2,0,0,0,0,0,0,0,7,50,0,1957,4009,1,5,5,2,0,0,0,0
1371343,3,2024,2024,2,1,4,2,31,30,34609,0,1,1,-33.861391,151.146594,14,0,2,1,1,0,0,0,2,0,7,50,0,9859,9859,1,33,5,2,0,0,0,0
1371350,3,2024,2024,2,0,11,78,31,49,34609,0,1,1,-32.990324,151.680886,37,0,2,1,2,0,0,0,0,0,7,60,0,9859,9859,8,0,40,1,0,0,0,0
1371360,3,2024,2024,2,0,8,14,27,56,34609,0,1,1,-33.856957,151.183068,32,0,2,1,0,0,3,4,2,0,7,40,0,9859,9859,1,0,36,3,0,0,0,0
1371375,3,2024,2024,10,4,8,229,14,175,237,0,1,3,-33.764301,151.090732,31,0,2,1,0,0,0,0,2,0,7,100,2,14295,14295,3,10,12,4,0,0,0,0
1371378,3,2024,2024,2,0,7,10,31,137,34609,0,1,9,-32.967886,151.700389,37,0,2,0,1,0,0,0,2,0,0,50,0,1957,4009,1,0,13,2,0,0,0,0
1371385,3,2024,2024,2,2,11,13,31,207,34609,0,1,1,-31.948963,141.478366,51,2,1,1,0,0,0,0,0,0,7,50,0,1282,1282,1,10,0,2,0,0,0,0
1371405,3,2024,2024,9,4,3,1,25,91,34609,0,1,9,-33.996639,150.89917,13,0,2,1,1,0,0,0,1,0,7,50,0,1109,397,1,0,5,2,0,0,0,0
1371410,3,2024,2024,9,1,10,3371,17,77,3342,0,1,2,-33.043686,151.656646,37,0,2,1,2,0,0,3,0,0,7,60,2,9859,9859,1,5,5,2,0,0,0,0
1371421,3,2024,2024,9,0,9,14,31,223,34609,0,1,1,-33.794918,150.91079,7,0,2,1,1,0,3,4,3,0,7,50,0,4026,4026,1,5,0,3,0,0,0,0
1371424,3,2024,2024,2,5,10,1,23,105,34609,0,1,1,-32.71055,151.519826,42,2,1,1,2,0,0,0,0,0,7,50,0,9859,9859,8,5,40,1,0,0,0,0
1371449,3,2024,2024,9,1,7,866,27,438,34609,0,1,1,-33.860945,151.02347,21,0,2,1,1,0,0,0,2,0,7,50,0,941,941,1,5,5,2,0,0,0,0
1371452,3,2024,2024,2,5,2,4,31,646,34609,0,1,1,-33.911419,151.039325,15,0,2,1,2,0,0,0,0,0,7,50,0,4026,4026,8,5,40,1,0,0,0,0
1371461,3,2024,2024,2,0,11,8,22,98,34609,0,1,3,-33.751493,151.051581,31,0,2,1,2,0,0,0,0,0,7,80,2,186,186,1,5,0,2,0,0,0,0
1371466,3,2024,2024,2,4,5,31,1,234,139,0,1,7,-34.289313,146.055643,28,2,1,1,0,0,0,0,2,0,0,60,2,1192,1192,1,29,5,2,0,0,0,0
1371480,3,2024,2024,10,4,4,8,2,39,34609,0,1,7,-32.881296,151.651252,48,0,2,0,0,0,0,0,2,0,0,60,0,14295,14295,3,5,19,2,0,0,0,0
1371518,3,2024,2024,9,6,8,2209,17,10,2205,1,0,9,-33.986717,151.112334,25,0,2,0,1,0,0,0,2,0,7,70,2,14295,14295,3,0,5,4,0,0,0,0
1371520,3,2024,2024,9,5,4,3371,17,463,3342,0,1,2,-30.278503,153.132824,19,2,1,1,1,0,0,0,2,0,7,60,2,1383,1383,1,30,5,2,0,0,0,0
1371539,3,2024,2024,2,4,0,16,31,40,34609,0,1,1,-34.415052,150.882909,80,0,2,1,2,0,0,0,0,0,7,50,0,220,220,1,5,0,2,0,0,0,0
1371549,3,2024,2024,9,0,11,27,27,84,35,0,1,9,-33.804244,150.979814,54,0,2,0,2,0,0,0,0,2,7,50,1,489,489,8,10,40,1,0,0,0,0
1371556,3,2024,2024,2,6,7,169,31,108,34609,0,1,2,-28.869827,153.558782,2,2,1,1,3,0,0,3,2,0,7,40,0,1282,1282,1,5,40,1,0,0,0,0
1371581,3,2024,2024,10,4,7,916,17,4,917,0,1,1,-32.693353,151.404204,42,1,0,1,0,0,0,0,2,0,7,90,2,1945,1945,5,0,40,1,0,0,0,0
1371591,3,2024,2024,10,1,1,330,31,210,34609,0,1,1,-34.03894,151.110014,68,0,2,1,3,0,0,0,0,0,7,50,0,237,397,1,5,5,2,0,0,0,0
1371607,3,2024,2024,9,5,9,7,27,433,34609,0,1,9,-33.255253,149.108698,52,2,1,1,1,0,0,0,2,0,0,60,0,2852,2852,4,9,13,2,0,0,0,0
1371610,3,2024,2024,2,1,7,2126,17,171,2149,0,1,2,-33.814245,150.963997,21,0,2,1,1,0,0,0,2,0,7,80,2,1383,1383,1,0,10,2,0,0,0,0
1371615,3,2024,2024,9,5,8,24,27,246,99,0,1,2,-33.906917,151.191182,69,0,2,1,1,0,0,0,2,0,7,50,2,9859,9859,1,5,0,2,0,0,0,0
1371622,3,2024,2024,2,2,6,23,31,143,34609,0,1,1,-33.684865,151.096971,31,0,2,1,0,0,0,0,2,0,7,50,0,1282,1282,1,33,0,2,0,0,0,0
1371663,3,2024,2024,2,6,11,7,27,57,34609,0,1,1,-32.990399,151.698513,37,0,2,0,2,0,0,0,0,0,7,60,0,1259,5151,8,0,40,1,0,0,0,0
1371678,3,2024,2024,9,4,7,2261,17,70,2252,0,1,2,-34.716251,150.004383,26,1,0,1,0,0,3,4,2,0,7,110,2,4026,4026,8,0,40,1,0,0,0,0
1371693,3,2024,2024,10,3,2,76,27,15,148,0,1,9,-32.938782,151.762052,48,0,2,1,2,0,0,0,1,0,7,50,1,9859,9859,1,5,0,2,0,0,0,0
1371726,3,2024,2024,10,3,2,1052,14,59,928,0,1,3,-33.181317,151.467425,37,0,2,1,0,0,0,0,0,0,7,110,2,9859,9859,8,5,40,1,0,0,0,0
1371734,3,2024,2024,9,4,7,229,14,98,237,0,1,3,-33.757061,151.059915,54,0,2,0,1,0,0,0,2,0,7,100,2,1192,1192,1,33,25,3,0,0,0,0
1371759,3,2024,2024,2,3,3,61,10,87,34609,0,1,1,-33.072935,151.459427,37,0,2,1,1,0,0,0,2,0,7,60,0,9859,9859,8,5,40,2,0,0,0,0
1371762,3,2024,2024,1,3,9,2261,17,96,2252,0,1,3,-34.216244,150.682328,79,1,2,1,0,0,0,0,0,0,7,110,2,14295,14295,3,0,13,4,0,0,0,0
1371765,3,2024,2024,9,3,0,4,31,36,34609,0,1,9,-33.534411,149.248467,51,2,1,1,2,0,0,0,0,0,0,50,0,1850,777,5,5,40,1,0,0,0,0
1371777,3,2024,2024,10,5,10,108,31,169,34609,0,1,1,-33.766393,150.845212,7,0,2,1,0,0,0,0,0,0,7,50,0,1282,1282,1,33,5,2,0,0,0,0
1371779,3,2024,2024,2,0,7,1,27,73,34609,0,1,10,-33.775182,151.159172,36,0,2,1,1,0,0,0,2,0,15,50,0,14295,14295,3,5,5,2,0,0,0,0
1371803,3,2024,2024,9,6,7,19,31,13,40,0,1,7,-33.769083,151.294066,50,0,2,1,0,0,0,0,2,0,0,50,1,926,926,4,16,40,2,0,0,0,0
1371806,3,2024,2024,2,4,10,23,27,164,21,0,1,1,-33.731185,150.877983,7,0,2,1,3,0,2,6,0,0,7,60,1,9859,9859,8,10,40,1,0,0,0,0
1371808,3,2024,2024,2,5,8,20,27,108,31,1,0,2,-33.762472,151.269827,50,0,2,0,0,0,0,0,2,0,7,50,1,186,186,1,0,0,2,0,0,0,0
1371817,3,2024,2024,9,6,11,149,10,346,702,0,1,6,-33.883381,151.069351,67,0,2,1,2,0,0,0,0,0,7,70,2,1192,1192,1,5,0,2,0,0,0,0
1371826,3,2024,2024,11,4,4,78,31,124,34609,0,1,1,-33.81426,151.033295,54,0,2,1,0,0,0,0,2,0,7,50,0,9859,9859,1,33,0,2,0,0,0,0
1371834,3,2024,2024,10,4,9,49,27,87,34609,0,1,9,-33.922975,150.968621,41,0,2,1,0,0,0,0,0,0,7,50,0,301,301,4,33,5,3,0,0,0,0
1371921,3,2024,2024,10,0,9,485,27,69,769,0,1,1,-33.774576,151.00124,54,0,2,1,1,0,0,3,3,0,7,60,2,1282,1282,1,33,5,2,0,0,0,0
1371962,3,2024,2024,2,2,5,45,31,523,34609,0,1,1,-33.922011,150.929038,41,0,2,1,1,0,3,4,2,0,7,30,0,4026,4026,1,5,5,5,0,0,0,0
1371991,3,2024,2024,2,1,0,31,10,78,23,0,1,1,-33.43295,151.444786,16,2,2,1,2,2,0,0,0,0,7,50,1,9859,9859,8,30,40,1,0,0,0,0
1372001,3,2024,2024,9,6,5,1104,14,142,962,0,1,6,-33.827617,151.002132,21,0,2,1,0,0,0,6,2,0,7,90,2,1282,1282,1,0,5,2,0,0,0,0
1372015,3,2024,2024,2,5,8,1,31,149,34609,0,1,9,-33.868095,151.169032,32,0,2,0,0,0,0,0,2,0,7,50,0,4552,985,1,0,0,2,0,0,0,0
1372061,3,2024,2024,10,6,1,3371,17,137,3342,0,1,2,-32.973705,151.691872,37,0,2,0,2,0,0,0,0,0,7,60,2,4552,5151,8,10,40,1,0,0,0,0
1372081,3,2024,2024,9,3,8,28,31,523,34609,1,0,1,-33.918645,150.927687,41,0,2,1,1,0,0,0,2,0,7,40,0,1282,1282,1,5,0,2,0,0,0,0
1372083,3,2024,2024,9,5,11,6,31,112,34609,0,1,9,-36.06403,146.939285,0,2,1,1,2,0,0,0,0,0,0,50,0,4026,4026,8,5,40,1,0,0,0,0
1372084,3,2024,2024,10,2,11,192,10,57,114,0,1,2,-33.458249,151.357094,16,2,2,1,2,0,0,0,0,0,7,60,2,9859,9859,8,5,40,1,0,0,0,0
1372087,3,2024,2024,9,0,11,3,27,1,34609,0,1,1,-36.009437,148.662553,65,2,1,1,0,0,0,0,0,0,7,50,0,4026,4026,8,34,40,1,0,0,0,0
1372089,3,2024,2024,10,4,7,78,27,4,34609,0,1,1,-34.206619,146.036648,28,1,0,1,0,2,0,0,2,0,7,100,0,9859,9859,8,5,40,1,0,0,0,0
1372091,3,2024,2024,2,5,0,3371,17,24,3342,0,1,2,-32.547179,152.159487,43,1,0,0,2,0,0,0,0,0,7,110,2,273,957,5,3,40,1,0,0,0,0
1372100,3,2024,2024,10,4,9,2126,17,93,2149,0,1,9,-33.41859,149.601598,3,2,1,1,1,0,0,0,2,2,7,70,2,5929,5929,1,5,13,2,0,0,0,0
1372108,3,2024,2024,2,6,7,1,6,54,34609,0,1,1,-33.23969,151.494837,16,2,2,1,3,0,0,0,2,0,7,50,0,4026,4026,1,5,0,2,0,0,0,0
1372128,3,2024,2024,10,6,10,31,31,314,34609,0,1,7,-33.847267,150.926173,24,0,2,1,2,0,0,0,3,0,0,50,0,6545,6545,4,5,0,2,0,0,0,0
1372133,3,2024,2024,2,0,2,154,27,293,244,0,1,9,-33.92602,151.053995,15,0,2,1,3,0,3,4,0,2,7,60,2,418,777,5,5,40,1,0,0,0,0
1372134,3,2024,2024,10,4,11,4,27,70,34609,0,1,1,-34.773692,149.96401,26,2,1,0,3,0,0,0,0,0,7,80,0,418,714,5,0,40,1,0,0,0,0
1372136,3,2024,2024,9,3,11,8,31,135,34609,0,1,1,-32.897382,151.740568,48,0,2,1,3,0,3,4,0,0,7,50,0,1282,1282,1,0,12,2,0,0,0,0
1372137,3,2024,2024,9,0,4,1104,14,323,962,0,1,3,-33.798155,150.855121,7,0,2,1,3,0,3,3,2,0,7,100,2,14295,14295,3,30,0,2,0,0,0,0
1372145,3,2024,2024,9,1,7,3,27,8,10,0,1,1,-36.803836,149.461456,65,1,0,1,3,2,0,0,2,0,7,100,1,9859,9859,8,0,40,1,0,0,0,0
1372148,3,2024,2024,10,4,8,230,27,80,284,0,1,9,-33.811644,151.167809,38,0,2,1,3,0,0,0,2,2,15,60,2,5929,5929,1,0,18,2,0,0,0,0
1372150,3,2024,2024,2,1,5,11,31,108,34609,0,1,10,-28.863937,153.567929,2,2,1,1,3,0,3,4,2,0,0,50,0,6545,6545,4,8,36,2,0,0,0,0
1372153,3,2024,2024,9,2,11,1,25,85,34609,0,1,9,-33.790546,150.681846,55,0,2,0,3,0,0,0,0,0,0,50,0,489,489,8,5,40,1,0,0,0,0
1372154,3,2024,2024,10,2,4,478,17,20,480,0,1,1,-33.303538,151.527032,16,2,2,1,3,0,0,0,2,0,7,80,2,1109,787,1,5,5,2,0,0,0,0
1372167,3,2024,2024,9,6,8,229,14,278,237,0,1,3,-33.761124,151.036271,71,0,2,0,3,0,0,0,2,0,7,100,2,14295,14295,3,0,5,2,0,0,0,0
1372169,3,2024,2024,2,1,9,234,27,337,217,0,1,9,-33.738067,151.000999,71,0,2,1,3,0,0,0,2,0,15,60,2,2852,2852,4,0,5,3,0,0,0,0
1372175,3,2024,2024,2,5,8,11,1,251,136,1,0,9,-33.776594,150.926053,7,0,2,1,3,0,0,0,2,0,7,60,2,775,775,4,5,5,2,0,0,0,0
1372179,3,2024,2024,9,6,10,158,27,138,207,0,1,1,-33.872504,151.260039,81,0,2,1,3,0,3,4,0,0,7,60,2,1192,1192,1,0,5,4,0,0,0,0
1372181,3,2024,2024,9,0,7,2209,17,26,2205,0,1,2,-34.025451,151.087138,68,0,2,0,3,0,3,4,2,0,7,70,2,1391,1391,1,5,0,2,0,0,0,0
1372184,3,2024,2024,9,4,9,26,27,232,34609,0,1,9,-33.686034,150.924914,71,0,2,1,3,0,0,0,2,0,0,60,0,2852,2852,4,0,5,2,0,0,0,0
1372186,3,2024,2024,2,1,8,37,31,646,34609,0,1,9,-33.921149,151.038257,15,0,2,1,3,0,0,0,2,0,7,50,0,926,926,4,5,0,2,0,0,0,0
1372188,3,2024,2024,0,2,10,18,36,9,8,0,1,1,-35.674367,146.327052,51,1,0,1,3,0,3,4,0,0,7,100,1,475,475,5,10,40,1,0,0,0,0
1372193,3,2024,2024,9,0,10,344,27,88,163,0,1,2,-33.737142,150.853318,7,0,2,1,3,0,3,4,0,0,7,70,2,1981,1981,4,0,5,2,0,0,0,0
1372194,3,2024,2024,2,5,8,80,31,204,187,0,1,1,-33.877461,151.128619,32,0,2,1,3,0,0,0,2,0,7,50,2,1282,1282,1,5,5,2,0,0,0,0
1372196,3,2024,2024,2,4,5,481,17,96,483,0,1,1,-33.372247,148.018381,51,2,1,1,3,0,0,0,2,0,0,80,2,1981,1981,4,9,13,2,0,0,0,0
1372209,3,2024,2024,9,3,9,68,31,76,100,0,1,1,-34.538446,150.389668,78,2,1,1,3,0,3,4,0,0,7,60,2,14295,14295,3,5,0,2,0,0,0,0
1372215,3,2024,2024,8,1,7,191,17,24,189,0,1,1,-32.047995,149.944158,73,1,0,0,3,0,3,4,2,0,7,100,2,1957,4009,8,29,40,1,0,0,0,0
1372218,3,2024,2024,9,3,7,2209,17,49,2205,0,1,2,-33.935146,151.150938,4,0,2,0,3,0,0,0,2,0,7,60,2,1192,1192,1,5,5,2,0,0,0,0
1372222,3,2024,2024,2,4,10,2,31,16,34609,0,1,1,-32.874501,151.61981,48,0,2,0,3,0,0,0,0,0,7,50,0,4552,5151,1,10,12,2,0,0,0,0
1372223,3,2024,2024,2,2,1,3,27,234,34609,0,1,1,-34.24404,146.060692,28,1,0,0,3,2,0,0,0,0,7,100,0,4552,5151,8,5,40,1,0,0,0,0
1372225,3,2024,2024,10,4,3,485,27,187,769,0,1,1,-33.780586,150.997427,54,0,2,1,3,0,0,0,2,0,7,60,2,1391,1391,1,10,13,2,0,0,0,0
1372226,3,2024,2024,2,3,5,229,14,278,237,0,1,3,-33.758633,151.048921,54,0,2,0,3,0,0,0,2,0,7,100,2,14295,14295,3,5,0,2,0,0,0,0
1372231,3,2024,2024,2,4,8,3371,17,143,3342,0,1,9,-33.702357,151.099391,31,0,2,1,3,0,2,0,2,2,7,60,2,5929,5929,1,0,5,2,0,0,0,0
1372232,3,2024,2024,9,2,6,24,31,112,60,0,1,10,-36.056511,146.932748,0,2,1,1,3,0,0,0,2,0,0,50,1,5929,5929,1,5,5,2,0,0,0,0
1372237,3,2024,2024,2,6,7,39,27,293,91,0,1,9,-33.951206,151.248724,59,0,2,1,3,0,0,0,2,0,0,50,1,6545,6545,4,0,5,2,0,0,0,0
1372239,3,2024,2024,2,0,5,387,27,290,331,0,1,1,-33.949765,151.126657,4,0,2,1,3,0,0,0,2,0,7,60,2,1192,1192,1,5,5,2,0,0,0,0
1372250,3,2024,2024,2,1,5,5,31,55,34609,0,1,10,-36.234536,149.124006,65,2,1,1,3,0,0,0,2,0,15,50,0,6545,6545,4,5,0,2,0,0,0,0
1372257,3,2024,2024,9,0,0,11,27,9,34609,0,1,1,-31.95159,151.393923,73,1,0,0,3,2,0,6,0,0,7,100,0,52,52,6,10,40,1,0,0,0,0
1372261,3,2024,2024,2,0,4,1,27,1,34609,0,1,1,-36.034396,148.705158,65,1,0,0,3,0,0,0,2,0,7,100,0,1089,1089,7,0,40,1,0,0,0,0
1372271,3,2024,2024,9,2,5,14,27,12,34609,0,1,9,-33.492173,151.4104,16,2,2,0,3,0,0,0,2,0,0,50,0,4552,5151,8,5,40,1,0,0,0,0
1372282,3,2024,2024,2,3,9,112,27,109,256,0,1,10,-33.974638,150.856506,41,0,2,1,3,0,0,0,3,2,7,70,2,14295,14295,3,5,5,2,0,0,0,0
1372300,3,2024,2024,10,6,7,42,27,128,231,0,1,9,-33.416802,151.32632,16,2,2,1,3,0,0,0,2,0,7,60,2,14295,14295,3,9,12,4,0,0,0,0