Crash ID,Degree of crash - detailed,Reporting year,Year of crash,Month of crash,Day of week of crash,Two-hour intervals,Street of crash,Street type,Town,Route no.,School zone location,School zone active,Type of location,Latitude,Longitude,LGA,Urbanisation,Conurbation 1,Alignment,Street lighting,Road surface,Surface condition,Weather,Natural lighting,Signals operation,Other traffic control,Speed limit,Road classification,RUM - code,DCA - code,First impact type,Key TU type,Other TU type,No. of traffic units involved,No. killed,No. seriously injured,No. moderately injured,No. minor-other injured
1372303,3,2024,2024,9,0,5,19,31,74,34609,0,1,10,-34.632018,148.022608,20,2,1,1,3,0,0,0,2,0,0,50,0,6545,6545,4,5,5,2,0,0,0,0
1372318,3,2024,2024,2,5,5,34,31,111,34609,0,1,10,-33.920491,151.254417,59,0,2,1,3,0,0,0,2,2,7,50,0,6545,6545,4,5,27,2,0,0,0,0
1372319,3,2024,2024,10,4,3,485,27,154,769,0,1,9,-33.715973,150.960761,71,0,2,1,3,0,0,0,2,2,7,60,2,14295,14295,3,10,0,2,0,0,0,0
1372323,3,2024,2024,2,2,5,5,10,11,34609,0,1,1,-33.48851,151.432145,16,2,2,0,3,0,0,0,2,0,7,50,0,3775,3775,0,5,0,2,0,0,0,0
1372327,3,2024,2024,2,5,5,53,31,147,125,0,1,1,-33.884336,151.006674,15,0,2,1,3,0,0,0,2,0,7,60,1,9859,9859,8,5,40,1,0,0,0,0
1372330,3,2024,2024,9,4,10,19,27,23,34609,0,1,9,-34.01949,151.033487,68,0,2,1,3,0,3,4,0,0,0,60,0,926,926,4,5,5,2,0,0,0,0
1372331,3,2024,2024,2,1,6,293,27,78,100,1,0,9,-33.703092,150.57398,8,2,2,0,3,0,0,0,2,0,0,50,2,4552,5151,8,5,40,1,0,0,0,0
1372333,3,2024,2024,10,5,7,4,31,646,34609,0,1,1,-33.913333,151.016944,15,0,2,1,3,0,0,0,2,0,7,50,0,4026,4026,1,10,6,2,0,0,0,0
1372340,3,2024,2024,2,3,5,224,27,112,321,0,1,9,-33.910162,151.202343,69,0,2,0,3,0,0,0,2,2,7,50,2,5929,5929,1,0,5,2,0,0,0,0
1372344,3,2024,2024,2,0,7,13,31,80,69,1,0,5,-33.941206,151.214519,4,0,2,1,3,0,0,0,2,0,7,50,1,5929,5929,1,0,5,2,0,0,0,0
1372348,3,2024,2024,9,6,8,15,27,17,34609,0,1,9,-28.244508,153.490774,72,2,1,1,3,0,0,0,2,0,7,60,0,5929,5929,1,0,41,2,0,0,0,0
1372358,3,2024,2024,10,4,7,42,36,44,34609,0,1,9,-30.589388,152.998253,47,1,0,0,3,0,0,0,2,0,7,90,0,5929,5929,1,10,0,2,0,0,0,0
1372365,3,2024,2024,9,2,6,34,27,33,34609,0,1,1,-35.12839,147.325964,75,2,1,1,3,0,0,0,2,0,7,50,0,395,395,1,5,19,2,0,0,0,0
1372367,3,2024,2024,9,4,4,2209,17,41,2205,0,1,1,-33.906318,151.181238,69,0,2,1,3,0,0,0,2,0,7,40,2,14295,14295,3,5,0,2,0,0,0,0
1372368,3,2024,2024,2,3,0,2,27,8,34609,0,1,9,-30.416835,149.906154,51,1,0,0,3,0,3,0,0,0,7,100,0,4552,5151,8,0,40,1,0,0,0,0
1372369,3,2024,2024,2,0,11,2209,17,79,2205,0,1,7,-34.908705,150.602979,63,2,1,0,3,0,3,3,0,0,0,70,2,395,395,1,5,13,2,0,0,0,0
1372370,3,2024,2024,9,0,6,158,27,138,207,0,1,1,-33.868666,151.270678,81,0,2,0,3,0,3,4,2,0,7,50,2,1109,787,1,0,13,2,0,0,0,0
1372380,3,2024,2024,2,5,8,4,1,102,34609,0,1,1,-33.957323,151.231637,59,0,2,1,3,0,0,0,2,0,7,50,0,1981,1981,4,5,0,3,0,0,0,0
1372384,3,2024,2024,2,2,5,3371,17,57,3342,0,1,9,-33.677325,151.112189,31,0,2,1,3,0,0,0,2,0,7,60,2,926,926,4,5,13,2,0,0,0,0
1372385,3,2024,2024,9,2,6,77,31,445,34609,0,1,10,-33.867645,151.043083,21,0,2,1,3,0,3,4,2,0,0,50,0,2852,2852,4,5,13,2,0,0,0,0
1372390,3,2024,2024,9,4,3,20,27,34,20,0,1,7,-35.078474,150.657988,63,2,1,0,3,0,0,0,2,0,0,60,1,6545,6545,4,0,5,2,0,0,0,0
1372391,3,2024,2024,2,4,9,204,31,53,82,1,0,9,-35.136192,147.352213,75,2,1,1,3,0,0,0,3,0,0,60,1,418,777,5,5,40,1,0,0,0,0
1372397,3,2024,2024,2,3,8,55,27,151,160,0,1,1,-34.042842,150.841867,13,0,2,1,3,0,3,3,2,0,7,60,2,14295,14295,3,5,0,2,0,0,0,0
1372398,3,2024,2024,9,6,9,5,31,204,34609,1,0,1,-33.884132,151.123939,32,0,2,1,3,0,0,0,0,0,7,50,0,1981,1981,4,0,25,2,0,0,0,0
1372402,3,2024,2024,1,4,4,55,27,151,160,0,1,1,-34.019715,150.851998,13,0,2,1,3,0,0,0,2,0,7,60,2,14295,14295,3,5,0,2,0,0,0,0
1372405,3,2024,2024,2,1,1,45,1,294,26,0,1,1,-33.934559,150.927534,41,0,2,1,3,0,3,0,0,0,7,60,2,9859,9859,8,5,40,1,0,0,0,0
1372407,3,2024,2024,2,2,2,2,27,84,34609,0,1,1,-33.762233,151.11447,61,0,2,1,2,0,0,0,0,0,7,50,0,489,489,8,10,40,1,0,0,0,0
1372414,3,2024,2024,9,0,6,230,27,84,284,1,0,10,-33.772522,151.100879,61,0,2,1,3,0,3,4,2,2,7,70,2,1259,985,8,0,40,1,0,0,0,0
1372415,3,2024,2024,2,3,6,5,31,76,34609,0,1,1,-35.363386,150.470466,63,2,1,1,3,0,0,3,2,0,7,50,0,1981,1981,4,0,13,2,0,0,0,0
1372417,3,2024,2024,9,5,1,36,31,35,31,0,1,1,-28.806559,153.273318,39,2,1,0,3,0,0,0,0,0,7,50,1,84,84,8,8,40,1,0,0,0,0
1372419,3,2024,2024,9,1,10,3371,17,38,3342,0,1,2,-30.249473,153.135767,19,2,1,1,3,0,3,4,0,0,7,60,2,4026,4026,8,0,40,2,0,0,0,0
1372427,3,2024,2024,2,1,8,7,31,67,34609,0,1,1,-33.881714,151.012158,15,0,2,1,3,0,0,0,2,0,7,50,0,1109,787,1,0,0,2,0,0,0,0
1372430,3,2024,2024,2,6,2,481,17,113,483,0,1,1,-29.302919,149.980906,51,1,0,0,1,0,0,0,0,0,7,110,2,1259,5151,8,10,40,1,0,0,0,0
1372431,3,2024,2024,9,5,8,866,17,174,793,0,1,10,-33.873784,150.925875,24,0,2,1,3,0,0,0,2,2,7,70,2,301,301,4,5,5,3,0,0,0,0
1372439,3,2024,2024,9,0,5,24,1,145,52,0,1,9,-33.925543,151.149451,15,0,2,1,3,0,0,3,2,0,15,50,1,9859,9859,1,21,5,2,0,0,0,0
1372440,3,2024,2024,2,6,7,32,27,78,28,0,1,1,-33.913876,150.786256,41,0,2,1,3,0,0,0,2,0,7,70,1,14295,14295,3,5,13,2,0,0,0,0
1372446,3,2024,2024,9,5,5,2126,17,23,2149,0,1,1,-33.819623,150.983958,21,0,2,0,3,0,0,0,2,0,7,60,2,1383,1383,1,29,5,2,0,0,0,0
1372451,3,2024,2024,2,5,3,104,27,150,140,0,1,2,-33.925162,151.226196,59,0,2,1,3,0,0,0,2,0,7,60,2,1282,1282,1,8,5,2,0,0,0,0
1372468,3,2024,2024,9,6,8,5,27,70,34609,0,1,9,-34.844126,150.597332,63,2,1,1,3,0,0,3,4,0,15,60,0,926,926,4,0,0,2,0,0,0,0
1372469,3,2024,2024,2,5,1,265,17,74,193,0,1,1,-34.652482,148.013627,20,2,1,0,3,0,0,0,0,0,7,50,2,2585,4009,8,5,40,1,0,0,0,0
1372472,3,2024,2024,9,0,4,10,27,309,34609,0,1,9,-33.80968,151.121439,61,0,2,1,3,0,0,0,2,0,0,50,0,6545,6545,4,0,0,2,0,0,0,0
1372473,3,2024,2024,2,0,10,2261,17,201,2252,0,1,3,-33.990413,150.85243,13,0,2,1,3,0,0,0,0,0,7,110,2,1383,1383,1,5,5,2,0,0,0,0
1372476,3,2024,2024,2,0,4,55,27,126,38,0,1,9,-33.948895,150.796796,41,0,2,1,3,0,0,0,2,2,7,80,2,1981,1981,4,0,0,2,0,0,0,0
1372477,3,2024,2024,2,6,7,2261,17,38,2252,0,1,6,-34.156378,150.73825,79,1,2,1,3,0,0,0,2,0,7,110,2,220,220,1,33,5,2,0,0,0,0
1372478,3,2024,2024,10,2,5,10,1,89,34609,0,1,7,-33.377923,151.461894,16,2,2,1,3,0,0,0,2,0,0,50,0,301,301,4,0,5,2,0,0,0,0
1372479,3,2024,2024,2,4,10,63,31,24,34609,0,1,10,-33.663964,150.873757,7,0,2,1,3,0,0,0,0,0,0,60,0,5929,5929,1,0,5,2,0,0,0,0
1372483,3,2024,2024,2,4,8,478,17,128,480,0,1,9,-33.427208,151.329656,16,2,2,1,3,0,0,0,2,0,0,70,2,5929,5929,1,5,5,2,0,0,0,0
1372486,3,2024,2024,2,5,6,232,36,134,331,0,1,9,-33.975822,150.809583,12,0,2,1,3,0,0,0,2,2,7,80,2,2852,2852,4,5,5,2,0,0,0,0
1372487,3,2024,2024,9,3,8,108,31,160,34609,0,1,10,-33.107698,151.487343,37,0,2,1,3,0,0,0,2,0,15,60,0,6545,6545,4,5,5,2,0,0,0,0
1372500,3,2024,2024,9,4,8,916,17,16,917,0,1,1,-31.526859,150.842401,51,1,0,0,3,0,0,0,3,0,7,100,2,1957,4009,8,10,40,1,0,0,0,0
1372504,3,2024,2024,9,6,3,225,17,8,180,0,1,7,-34.572485,150.754361,62,0,2,1,3,0,3,4,2,0,0,60,2,6545,6545,4,5,5,2,0,0,0,0
1372509,3,2024,2024,2,4,7,48,31,122,34609,0,1,1,-33.431497,151.340927,16,2,2,0,3,0,0,0,2,0,7,50,0,1669,1669,3,0,22,3,0,0,0,0
1372514,3,2024,2024,2,0,8,2261,17,70,2252,0,1,2,-34.730587,149.981181,26,1,0,1,3,0,0,0,3,0,7,110,2,9859,9859,8,10,40,1,0,0,0,0
1372517,3,2024,2024,10,4,5,63,27,224,605,0,1,1,-33.816668,151.243225,45,0,2,1,3,0,0,0,2,2,9,60,2,14295,14295,3,0,12,2,0,0,0,0
1372518,3,2024,2024,9,5,8,10,31,80,34609,0,1,9,-33.885142,151.174537,32,0,2,1,3,0,0,0,0,0,0,50,0,1957,777,1,8,0,2,0,0,0,0
1372534,3,2024,2024,9,0,10,196,10,70,168,0,1,1,-33.906589,150.981995,15,0,2,0,3,0,0,0,0,0,7,60,2,77,77,1,5,5,2,0,0,0,0
1372536,3,2024,2024,9,0,9,62,10,122,62,0,1,2,-33.427805,151.343463,16,2,2,0,3,0,0,0,0,0,7,50,2,273,957,5,5,40,1,0,0,0,0
1372553,3,2024,2024,9,4,7,232,36,64,331,0,1,9,-34.037351,150.744909,12,0,2,0,3,0,0,0,2,2,7,80,2,14295,14295,3,0,12,2,0,0,0,0
1372555,3,2024,2024,10,6,8,6,27,45,34609,0,1,1,-33.339273,151.49875,16,2,2,0,3,0,0,0,2,0,7,50,0,4552,5151,8,5,40,1,0,0,0,0
1372562,3,2024,2024,2,3,6,205,27,45,415,0,1,9,-33.686367,151.227277,50,0,2,1,1,0,0,3,2,0,0,80,2,14295,14295,3,0,0,2,0,0,0,0
1372571,3,2024,2024,2,3,8,37,27,85,115,0,1,1,-33.718829,151.137726,36,0,2,0,3,0,3,0,2,0,7,60,1,4552,5151,8,0,40,1,0,0,0,0
1372575,3,2024,2024,2,4,6,19,27,562,17,0,1,9,-32.132494,148.777127,22,1,0,1,3,0,0,0,2,0,0,100,1,4552,985,8,0,40,1,0,0,0,0
1372589,3,2024,2024,11,3,6,515,14,294,518,0,1,3,-33.941527,150.939091,41,0,2,1,1,0,0,0,2,0,7,100,2,101,101,8,0,10,2,0,0,0,0
1372591,3,2024,2024,2,2,7,2,27,108,34609,0,1,1,-33.763123,151.272419,50,0,2,1,3,0,3,4,2,0,7,50,0,1981,1981,4,10,0,2,0,0,0,0
1372592,3,2024,2024,9,4,9,34,31,18,34609,0,1,10,-33.725866,151.288099,50,0,2,1,3,0,0,0,2,0,0,50,0,6545,6545,4,0,5,2,0,0,0,0
1372595,3,2024,2024,2,3,8,3371,17,108,3342,0,1,9,-33.81065,151.176792,77,0,2,1,3,0,0,0,3,2,7,60,2,14295,14295,3,5,0,2,0,0,0,0
1372597,3,2024,2024,2,3,7,500,27,83,799,0,1,1,-33.913464,151.116418,15,0,2,1,3,0,3,4,2,0,7,60,2,3775,3775,0,5,0,2,0,0,0,0
1372607,3,2024,2024,2,0,6,4,27,65,34609,0,1,7,-33.863944,150.898511,24,0,2,1,3,0,0,0,2,0,0,50,0,14295,14295,3,5,5,2,0,0,0,0
1372612,3,2024,2024,9,0,9,6,31,85,34609,0,1,1,-32.939661,151.715883,48,0,2,1,3,0,3,4,2,0,7,50,0,4026,4026,8,0,40,1,0,0,0,0
1372615,3,2024,2024,9,2,11,4,27,71,34609,0,1,7,-33.767737,150.707742,55,0,2,1,3,0,0,0,0,0,0,50,0,6545,6545,4,0,0,2,0,0,0,0
1372619,3,2024,2024,9,5,5,65,10,70,34609,0,1,1,-33.257382,151.501136,16,2,2,1,3,0,0,0,2,0,7,50,0,9859,9859,1,5,5,2,0,0,0,0
1372626,3,2024,2024,2,2,11,19,27,164,65,0,1,9,-33.716598,150.892691,7,0,2,1,2,0,0,0,0,2,7,60,1,217,217,1,5,0,2,0,0,0,0
1372628,3,2024,2024,2,4,9,478,17,96,480,1,0,9,-33.438563,151.379798,16,2,2,1,3,0,0,0,2,2,7,60,2,14295,14295,3,0,13,2,0,0,0,0
1372646,3,2024,2024,2,2,7,26,27,111,34609,0,1,10,-33.700472,150.857519,7,0,2,1,3,0,0,0,2,0,15,60,0,6545,6545,4,5,36,2,0,0,0,0
1372650,3,2024,2024,9,2,5,5,31,60,34609,0,1,1,-33.755174,150.759068,55,0,2,1,3,0,3,3,2,0,7,50,0,14295,14295,3,5,5,3,0,0,0,0
1372656,3,2024,2024,11,1,3,9,27,5,34609,0,1,1,-28.771129,153.517025,2,2,1,0,3,0,3,0,1,0,7,60,0,418,714,5,0,40,1,0,0,0,0
1372660,3,2024,2024,2,1,8,1052,14,87,928,0,1,3,-33.047005,151.474555,37,0,2,1,3,0,0,0,4,0,7,110,2,945,945,5,5,40,1,0,0,0,0
1372672,3,2024,2024,9,4,5,14,31,100,34609,0,1,7,-33.957387,151.155867,4,0,2,1,3,0,0,0,2,0,0,50,0,623,623,3,5,5,2,0,0,0,0
1372674,3,2024,2024,2,3,3,192,10,57,114,0,1,2,-33.447277,151.369588,16,2,2,0,3,0,3,0,2,0,7,70,2,4552,5151,8,34,40,1,0,0,0,0
1372685,3,2024,2024,2,1,4,62,10,91,169,0,1,10,-32.813624,151.635647,48,0,2,1,3,0,0,0,2,2,7,80,2,14295,14295,3,8,0,2,0,0,0,0
1372686,3,2024,2024,9,6,3,21,1,11,115,0,1,1,-33.759051,151.172188,36,0,2,1,3,0,0,0,2,0,7,60,1,9859,9859,8,30,40,1,0,0,0,0
1372690,3,2024,2024,2,5,3,5,31,83,34609,1,0,7,-33.906735,151.123461,15,0,2,1,3,0,0,0,2,0,0,50,0,6545,6545,4,5,12,2,0,0,0,0
1372693,3,2024,2024,9,2,4,205,27,161,415,0,1,2,-33.707544,151.186176,36,0,2,1,3,0,3,4,2,0,7,90,2,475,475,5,10,40,1,0,0,0,0
1372699,3,2024,2024,2,2,6,2261,17,140,2252,0,1,2,-33.898353,150.995057,15,0,2,1,3,0,0,0,2,2,9,70,2,14295,14295,3,5,5,2,0,0,0,0
1372700,3,2024,2024,9,0,5,19,31,104,34609,0,1,1,-33.829855,151.221376,49,0,2,1,3,0,0,0,2,0,7,50,0,387,387,1,0,5,2,0,0,0,0
1372703,3,2024,2024,2,0,11,296,27,187,293,0,1,10,-33.881969,150.977453,15,0,2,1,3,0,0,0,0,2,7,60,2,14295,14295,3,9,5,2,0,0,0,0
1372708,3,2024,2024,9,3,7,2209,17,166,2205,0,1,1,-33.90602,151.181102,32,0,2,1,3,0,0,0,2,0,7,40,2,9859,9859,1,0,0,3,0,0,0,0
1372710,3,2024,2024,2,1,7,5,31,363,769,0,1,1,-33.813269,151.000219,54,0,2,1,3,0,0,0,2,0,7,60,2,1282,1282,1,0,0,2,0,0,0,0
1372713,3,2024,2024,2,0,4,12,31,41,19,0,1,7,-31.089505,150.899031,70,2,1,0,3,0,0,0,2,0,0,60,1,1850,1463,5,8,40,1,0,0,0,0
1372714,3,2024,2024,9,4,4,35,27,204,96,0,1,9,-33.903879,151.129307,32,0,2,1,3,0,0,0,2,0,0,50,2,5929,5929,1,5,19,2,0,0,0,0
1372715,3,2024,2024,10,2,7,1052,14,36,928,0,1,6,-33.427314,151.227196,16,1,2,0,1,0,0,0,2,0,7,110,2,2585,4009,8,16,40,1,0,0,0,0
1372716,3,2024,2024,10,5,3,168,10,387,260,0,1,2,-33.945951,151.175603,4,0,2,1,3,0,0,0,2,0,7,60,2,14295,14295,3,30,13,2,0,0,0,0
1372727,3,2024,2024,9,6,0,4,31,137,34609,0,1,9,-34.028107,151.060359,68,0,2,1,3,0,0,0,0,0,7,50,0,9859,9859,8,10,40,1,0,0,0,0
1372728,3,2024,2024,2,1,9,43,27,11,118,0,1,1,-30.779803,150.74059,70,1,0,1,3,0,0,0,4,0,7,100,2,9859,9859,8,0,40,1,0,0,0,0
1372730,3,2024,2024,2,6,5,40,27,21,40,0,1,7,-33.877352,150.904706,24,0,2,1,3,0,0,0,2,0,0,60,1,301,301,4,10,5,2,0,0,0,0
1372731,3,2024,2024,10,0,6,38,27,154,35,0,1,7,-33.709263,150.974075,71,0,2,1,3,0,0,0,2,0,0,50,1,2852,2852,4,16,0,2,0,0,0,0
1372737,3,2024,2024,10,0,8,26,31,194,34609,0,1,10,-30.513247,151.672192,1,2,1,1,3,0,0,0,2,0,0,50,0,6545,6545,4,5,0,2,0,0,0,0
1372741,3,2024,2024,9,1,6,6,27,10,26,0,1,1,-29.276303,151.14139,33,1,0,0,3,0,0,0,2,0,7,100,1,1850,1463,5,8,40,1,0,0,0,0
1372745,3,2024,2024,2,6,8,1,27,6,34609,0,1,1,-31.233847,151.057643,70,1,0,0,3,2,0,0,2,0,7,100,0,1089,1089,7,10,40,1,0,0,0,0
1372748,3,2024,2024,9,3,10,230,27,80,284,0,1,2,-33.811139,151.165439,38,0,2,1,3,0,0,0,0,0,7,60,2,14295,14295,3,5,0,2,0,0,0,0
1372751,3,2024,2024,9,0,7,89,17,144,34609,0,1,1,-34.066362,151.012065,68,0,2,1,3,0,0,0,2,0,7,50,0,144,144,1,10,0,2,0,0,0,0
1372760,3,2024,2024,9,4,8,10,31,128,34609,0,1,10,-33.615024,150.810274,29,2,2,1,3,0,3,3,2,0,15,50,0,5929,5929,1,5,13,2,0,0,0,0
1372763,3,2024,2024,9,4,9,8,31,438,34609,0,1,7,-33.853995,151.029566,21,0,2,1,3,0,3,4,3,0,0,50,0,6545,6545,4,10,36,2,0,0,0,0
1372764,3,2024,2024,9,3,0,54,27,46,19,0,1,1,-33.940703,151.114491,4,0,2,1,3,0,0,0,0,0,7,50,1,9859,9859,1,5,12,2,0,0,0,0
1372766,3,2024,2024,9,0,8,44,31,41,605,1,0,9,-33.783351,151.267563,50,0,2,1,3,0,0,0,3,0,7,60,2,515,515,1,5,22,2,0,0,0,0
1372768,3,2024,2024,9,2,11,3,27,148,34609,0,1,1,-36.044888,146.954042,0,2,1,1,3,0,3,4,0,0,7,50,0,9859,9859,1,5,5,2,0,0,0,0
1372769,3,2024,2024,9,2,2,11,27,309,34609,1,0,1,-33.816764,151.120526,61,0,2,1,3,0,3,4,0,0,7,50,0,1981,1981,4,5,0,3,0,0,0,0
1372775,3,2024,2024,2,2,6,19,27,36,19,0,1,9,-33.402082,151.212154,16,1,2,1,3,0,0,0,2,0,0,100,1,9859,9859,8,30,40,1,0,0,0,0
1372777,3,2024,2024,2,5,10,294,17,15,288,0,1,1,-34.500232,145.099454,51,1,0,1,3,0,0,0,0,0,7,110,2,1089,1089,7,5,40,1,0,0,0,0
1372779,3,2024,2024,2,4,8,4,27,8,34609,0,1,1,-29.240468,141.612325,51,1,0,1,3,2,0,0,2,0,7,100,0,945,945,5,21,40,1,0,0,0,0
1372785,3,2024,2024,2,3,1,44,1,75,34609,0,1,1,-33.715903,150.380774,8,2,2,0,3,0,0,0,0,0,7,50,0,4552,5151,8,5,40,1,0,0,0,0
1372786,3,2024,2024,11,2,7,916,17,61,917,0,1,10,-29.726667,151.740181,51,2,1,1,3,0,0,0,2,0,0,80,2,6545,6545,4,10,5,2,0,0,0,0
1372798,3,2024,2024,9,5,4,2209,17,115,2205,0,1,2,-34.032107,151.075977,68,0,2,1,3,0,0,0,2,0,7,70,2,1391,1391,1,8,5,2,0,0,0,0
1372806,3,2024,2024,2,1,8,97,17,53,88,0,1,9,-35.144839,149.333494,58,1,0,0,3,0,0,0,2,0,15,110,2,775,775,4,0,0,2,0,0,0,0
1372811,3,2024,2024,9,3,4,63,10,77,42,0,1,10,-32.950973,151.752523,48,0,2,0,3,0,0,0,2,0,15,50,1,52,52,8,5,40,1,0,0,0,0
1372815,3,2024,2024,9,0,9,78,31,19,34609,0,1,1,-33.426125,148.35993,11,2,1,1,3,0,0,0,2,0,7,50,0,9859,9859,8,5,40,1,0,0,0,0
1372817,3,2024,2024,2,1,4,37,27,149,34609,0,1,1,-33.346883,151.374085,16,2,2,1,3,0,0,0,2,0,7,50,0,1391,1391,1,0,5,2,0,0,0,0
1372819,3,2024,2024,2,5,5,361,32,134,65,0,1,9,-33.686595,150.864577,7,0,2,1,3,0,0,0,2,0,7,50,1,2852,2852,4,0,5,2,0,0,0,0
1372823,3,2024,2024,9,1,11,20,27,49,45,0,1,1,-34.390125,148.605506,30,1,0,1,0,0,0,0,0,0,7,100,1,4026,4026,8,30,40,1,0,0,0,0
1372826,3,2024,2024,9,6,8,67,27,165,78,0,1,1,-33.853162,151.15137,14,0,2,1,3,0,0,0,2,0,7,50,2,14295,14295,3,5,0,2,0,0,0,0
1372831,3,2024,2024,9,1,7,1,31,460,34609,1,0,9,-33.841302,150.976051,21,0,2,1,3,0,0,0,2,0,2,50,0,237,162,8,0,40,1,0,0,0,0
1372833,3,2024,2024,10,6,8,45,31,44,34609,0,1,1,-33.749063,150.721947,55,0,2,1,3,0,0,0,2,0,7,50,0,1981,1981,4,5,5,3,0,0,0,0
1372838,3,2024,2024,9,4,5,8,27,13,11,0,1,1,-35.519403,144.203272,51,1,0,1,3,0,0,0,2,0,7,100,1,1945,1945,5,10,40,1,0,0,0,0
1372839,3,2024,2024,9,6,6,7,27,10,81,0,1,9,-32.091953,152.447351,43,2,1,1,3,0,0,0,2,0,0,80,2,323,323,1,10,10,2,0,0,0,0
1372841,3,2024,2024,2,3,9,251,14,139,124,0,1,3,-33.843096,151.210945,49,0,2,1,3,0,0,0,3,0,7,40,2,9859,9859,8,5,40,1,0,0,0,0
1372844,3,2024,2024,9,0,10,35,27,127,37,0,1,10,-33.901037,151.149046,32,0,2,1,3,0,3,4,0,2,7,50,1,5929,5929,1,21,36,2,0,0,0,0
1372853,3,2024,2024,2,6,7,17,31,290,33,0,1,7,-33.959922,151.129259,4,0,2,1,3,0,0,0,2,0,0,50,1,77,77,1,21,5,2,0,0,0,0
1372858,3,2024,2024,10,2,7,82,31,163,34609,0,1,1,-33.861043,151.106403,14,0,2,1,3,0,0,0,2,0,7,50,0,9859,9859,1,9,5,2,0,0,0,0
1372861,3,2024,2024,2,3,5,500,27,80,160,0,1,10,-33.978838,150.898521,13,0,2,1,1,0,0,0,2,0,15,60,2,6545,6545,4,5,5,2,0,0,0,0
1372863,3,2024,2024,2,5,11,60,27,40,167,0,1,10,-34.024304,151.120922,68,0,2,1,3,0,0,0,0,2,7,70,2,9859,9859,8,10,40,1,0,0,0,0
1372864,3,2024,2024,2,1,8,866,17,314,793,0,1,2,-33.838417,150.957683,21,0,2,1,3,0,0,0,2,0,7,70,2,14295,14295,3,5,5,3,0,0,0,0
1372866,3,2024,2024,6,6,5,3,27,128,34609,0,1,1,-33.632394,150.813627,29,2,2,1,3,2,0,0,2,0,7,60,0,4026,4026,8,5,40,1,0,0,0,0
1372869,3,2024,2024,2,4,9,44,31,160,260,0,1,1,-33.108512,151.487517,37,0,2,0,3,0,0,0,2,0,7,50,2,5929,5929,1,0,0,2,0,0,0,0
1372881,3,2024,2024,2,1,5,348,17,11,232,0,1,9,-32.814783,149.812113,44,1,0,1,3,0,0,0,2,0,0,100,2,1669,1669,3,10,0,2,0,0,0,0
1372891,3,2024,2024,9,3,6,57,27,122,34609,0,1,1,-33.412476,151.343736,16,2,2,0,3,0,0,0,2,0,7,60,0,4552,5151,1,5,5,2,0,0,0,0
1372897,3,2024,2024,2,1,5,485,27,24,769,0,1,9,-33.656726,150.873921,7,0,2,0,3,0,0,0,2,2,7,80,2,1669,1669,3,0,13,2,0,0,0,0
1372899,3,2024,2024,9,0,8,48,27,6,62,0,1,1,-35.540107,148.095488,66,1,0,1,3,0,0,0,2,0,7,100,2,945,945,5,0,40,1,0,0,0,0
1372905,3,2024,2024,9,6,7,2,18,78,34609,0,1,0,-28.327146,153.39688,72,2,1,1,3,0,3,4,2,0,7,10,0,9859,9859,1,10,0,2,0,0,0,0
1372906,3,2024,2024,10,1,5,120,36,14,148,0,1,1,-30.469705,152.930254,6,1,0,1,3,0,0,0,2,0,7,100,2,323,323,1,0,12,2,0,0,0,0
1372908,3,2024,2024,2,1,7,481,17,562,483,0,1,1,-32.410653,148.398087,22,1,0,0,3,0,3,3,2,0,7,110,2,1957,4009,8,9,40,1,0,0,0,0
1372924,3,2024,2024,11,3,0,2209,17,176,2205,0,1,9,-33.955226,151.137703,4,0,2,1,2,0,0,0,0,2,7,60,2,2852,2852,4,5,5,3,0,0,0,0
1372930,3,2024,2024,9,2,7,3,7,33,34609,0,1,9,-35.126574,147.335692,75,2,1,1,3,0,0,0,2,0,7,50,0,775,775,4,5,0,2,0,0,0,0
1372933,3,2024,2024,9,4,5,127,27,48,103,0,1,1,-32.917724,151.749952,48,0,2,1,3,0,0,0,2,0,7,60,1,1192,1192,1,5,22,2,0,0,0,0
1372949,3,2024,2024,10,2,5,3371,17,139,3342,0,1,0,-33.836927,151.207974,49,0,2,1,3,0,0,0,2,0,7,40,2,1391,1391,1,30,5,2,0,0,0,0
1372952,3,2024,2024,2,5,5,330,23,123,233,0,1,10,-33.913102,151.224741,59,0,2,1,3,0,0,0,2,2,9,50,2,623,623,3,10,0,3,0,0,0,0
1372954,3,2024,2024,2,3,2,76,27,69,148,0,1,1,-32.936012,151.735778,48,0,2,1,3,0,0,0,1,0,7,60,1,1109,787,1,5,5,2,0,0,0,0
1372963,3,2024,2024,2,1,8,80,27,107,6,0,1,1,-33.278253,151.416132,16,2,2,1,3,0,0,0,2,0,7,60,0,186,186,1,10,0,2,0,0,0,0
1372977,3,2024,2024,9,6,8,229,14,19,237,0,1,3,-33.764303,151.089509,31,0,2,1,3,0,0,0,2,0,7,100,2,14295,14295,3,0,0,4,0,0,0,0
1372980,3,2024,2024,9,4,8,42,27,33,56,0,1,1,-33.89536,151.240952,76,0,2,1,3,0,0,0,2,0,7,50,1,9859,9859,1,0,3,3,0,0,0,0
1372986,3,2024,2024,2,4,11,5,27,3,34609,0,1,1,-32.384075,150.824687,46,2,1,0,3,0,0,0,0,0,7,80,0,2585,4009,8,10,40,1,0,0,0,0
1372988,3,2024,2024,9,1,11,866,17,149,793,0,1,9,-33.815783,150.963909,21,0,2,1,3,0,0,0,0,2,7,70,2,1192,1192,1,5,5,2,0,0,0,0