Crash ID,Degree of crash - detailed,Reporting year,Year of crash,Month of crash,Day of week of crash,Two-hour intervals,Street of crash,Street type,Town,Route no.,School zone location,School zone active,Type of location,Latitude,Longitude,LGA,Urbanisation,Conurbation 1,Alignment,Street lighting,Road surface,Surface condition,Weather,Natural lighting,Signals operation,Other traffic control,Speed limit,Road classification,RUM - code,DCA - code,First impact type,Key TU type,Other TU type,No. of traffic units involved,No. killed,No. seriously injured,No. moderately injured,No. minor-other injured
1372992,3,2024,2024,9,2,8,3,31,179,34609,0,1,9,-33.764551,150.725749,55,0,2,1,3,0,0,0,2,0,7,50,0,2852,2852,4,0,5,2,0,0,0,0
1372998,3,2024,2024,2,0,4,4,23,53,19,0,1,1,-33.685355,151.110805,31,0,2,1,3,0,0,0,2,0,7,60,1,3775,3775,0,5,5,2,0,0,0,0
1373016,3,2024,2024,2,6,7,26,31,194,34609,0,1,10,-30.513247,151.672192,1,2,1,1,3,0,0,0,2,0,0,50,0,6545,6545,4,0,5,2,0,0,0,0
1373030,3,2024,2024,2,3,3,3,27,104,34609,0,1,1,-33.733645,150.921374,7,0,2,1,3,0,0,0,2,0,7,50,0,1981,1981,4,30,5,2,0,0,0,0
1373032,3,2024,2024,9,0,2,7,31,234,34609,0,1,10,-34.277438,146.049431,28,2,1,1,3,0,0,0,1,0,0,50,0,5929,5929,1,5,5,2,0,0,0,0
1373036,3,2024,2024,10,5,6,1104,14,223,962,0,1,3,-33.805615,150.916516,7,0,2,1,3,0,0,0,2,0,7,100,2,404,404,8,10,40,1,0,0,0,0
1373039,3,2024,2024,9,2,8,105,17,251,136,0,1,10,-33.768409,150.942916,7,0,2,0,1,0,0,0,2,2,7,60,2,5929,5929,1,5,5,2,0,0,0,0
1373042,3,2024,2024,2,5,9,13,7,75,34609,0,1,10,-33.69341,150.37129,8,2,2,1,3,0,3,3,3,0,0,50,0,6545,6545,4,5,5,2,0,0,0,0
1373045,3,2024,2024,9,6,4,133,31,646,97,0,1,9,-33.917442,151.022981,15,0,2,1,3,0,0,0,2,0,15,60,1,1192,1192,1,0,5,2,0,0,0,0
1373054,3,2024,2024,2,2,5,1104,14,142,962,0,1,3,-33.827646,150.99584,54,0,2,0,3,0,3,4,2,0,7,90,2,14295,14295,3,5,13,3,0,0,0,0
1373062,3,2024,2024,9,2,8,92,31,387,34609,0,1,1,-33.930602,151.193813,4,0,2,1,3,0,0,0,2,0,7,50,0,2585,4009,1,5,5,3,0,0,0,0
1373066,3,2024,2024,9,2,0,2126,17,438,2149,0,1,10,-33.844998,151.042103,21,0,2,1,3,0,3,4,0,2,7,70,2,14295,14295,3,5,5,2,0,0,0,0
1373068,3,2024,2024,9,1,6,1,31,43,34609,0,1,1,-36.112364,144.756181,51,2,1,1,3,0,0,0,2,0,0,50,0,1981,1981,4,5,0,2,0,0,0,0
1373069,3,2024,2024,1,4,3,59,31,107,321,0,1,10,-33.877873,151.198658,69,0,2,1,3,0,0,3,1,2,7,50,2,623,623,3,5,5,2,0,0,0,0
1373075,3,2024,2024,2,1,8,344,27,168,382,0,1,10,-33.707055,150.838972,7,0,2,1,3,0,0,0,3,2,7,80,2,6545,6545,4,0,12,2,0,0,0,0
1373076,3,2024,2024,2,4,5,112,27,3,769,0,1,1,-33.531218,150.44649,29,2,2,0,3,0,0,0,2,0,7,80,2,3775,3775,0,8,5,2,0,0,0,0
1373084,3,2024,2024,9,5,9,348,17,18,232,0,1,9,-29.503385,147.983773,51,1,0,1,3,0,0,0,2,0,0,110,2,1850,985,5,5,40,1,0,0,0,0
1373087,3,2024,2024,2,6,5,1104,11,532,770,0,1,9,-33.873001,151.202429,69,0,2,0,3,0,3,4,2,3,7,50,2,4552,985,8,5,40,1,0,0,0,0
1373099,3,2024,2024,2,1,11,1104,14,223,962,0,1,3,-33.805084,150.912681,7,0,2,1,3,0,0,0,0,0,7,100,2,14295,14295,3,5,5,2,0,0,0,0
1373103,3,2024,2024,2,4,8,916,17,91,917,0,1,7,-32.809787,151.633866,48,0,2,1,3,0,0,0,2,0,0,60,2,6545,6545,4,3,0,2,0,0,0,0
1373112,3,2024,2024,2,5,11,89,36,10,81,0,1,1,-34.573294,148.730474,82,1,0,0,3,0,0,0,0,0,7,100,2,1259,5151,8,5,40,1,0,0,0,0
1373119,3,2024,2024,2,5,6,153,27,290,147,0,1,9,-33.94982,151.123161,4,0,2,1,3,0,0,0,2,2,7,60,2,5929,5929,1,5,0,2,0,0,0,0
1373125,3,2024,2024,2,0,2,2261,17,14,2252,0,1,9,-34.800833,149.142932,74,1,0,0,3,0,0,0,1,0,0,110,2,1089,1089,7,26,40,1,0,0,0,0
1373126,3,2024,2024,2,3,9,153,27,290,147,0,1,9,-33.949457,151.117744,4,0,2,1,3,0,0,0,2,0,7,60,2,14295,14295,3,30,5,3,0,0,0,0
1373131,3,2024,2024,9,0,5,171,1,387,104,0,1,9,-33.935726,151.207574,4,0,2,1,3,0,0,3,2,2,7,70,2,5929,5929,1,0,13,2,0,0,0,0
1373140,3,2024,2024,2,4,9,9,27,232,34609,0,1,10,-33.676638,150.922915,71,0,2,1,3,0,0,0,2,2,7,60,0,5929,5929,1,5,36,2,0,0,0,0
1373144,3,2024,2024,9,6,4,7,31,135,34609,1,0,9,-32.895375,151.744016,48,0,2,1,3,0,0,0,2,0,7,50,0,4026,4026,1,0,22,2,0,0,0,0
1373147,3,2024,2024,9,0,10,67,27,165,78,0,1,9,-33.851743,151.153524,14,0,2,1,3,0,2,6,0,2,4,50,2,2852,2852,4,5,5,2,0,0,0,0
1373152,3,2024,2024,10,5,8,57,36,169,769,0,1,1,-33.603025,150.768722,29,2,2,1,3,0,0,0,2,0,7,60,2,14295,14295,3,21,0,2,0,0,0,0
1373154,3,2024,2024,2,2,6,11,7,304,52,0,1,7,-33.922013,151.156481,32,0,2,1,3,0,0,0,2,0,0,50,1,6545,6545,4,5,5,2,0,0,0,0
1373157,3,2024,2024,9,4,7,48,10,252,34609,0,1,1,-33.943161,150.859845,41,0,2,1,3,0,0,0,2,0,7,50,0,3775,3775,0,0,5,2,0,0,0,0
1373161,3,2024,2024,10,4,7,1104,14,39,962,0,1,3,-33.78292,150.745001,55,0,2,1,3,0,0,0,2,0,7,110,2,1391,1391,1,5,36,2,0,0,0,0
1373167,3,2024,2024,2,5,6,22,31,337,34609,0,1,10,-33.732205,151.005903,71,0,2,1,3,0,0,3,2,2,7,50,0,6545,6545,4,5,5,2,0,0,0,0
1373169,3,2024,2024,2,2,9,127,27,182,169,0,1,9,-32.828615,151.37494,17,2,1,1,3,0,0,0,2,0,7,80,2,77,77,1,5,5,2,0,0,0,0
1373178,3,2024,2024,10,6,7,27,27,19,39,0,1,1,-31.208695,151.091663,70,2,1,0,3,0,3,4,2,0,7,80,1,1259,5151,8,5,40,1,0,0,0,0
1373181,3,2024,2024,9,3,11,119,31,73,207,0,1,10,-33.874537,151.218076,69,0,2,1,3,0,0,0,0,2,7,50,2,5929,5929,1,0,18,2,0,0,0,0
1373187,3,2024,2024,10,2,10,12,31,18,34609,0,1,1,-36.074249,146.897287,0,2,1,1,2,0,0,0,0,0,7,60,0,9859,9859,8,0,40,1,0,0,0,0
1373188,3,2024,2024,10,6,7,119,31,73,207,0,1,10,-33.874537,151.218076,69,0,2,1,3,0,0,0,2,2,9,50,2,5929,5929,1,5,5,2,0,0,0,0
1373193,3,2024,2024,10,0,2,9,10,30,26,0,1,7,-34.036164,150.804874,13,0,2,1,3,0,0,0,1,0,0,60,1,301,301,4,0,0,2,0,0,0,0
1373197,3,2024,2024,9,0,3,232,36,64,168,1,0,10,-34.041546,150.732256,12,0,2,1,3,0,0,3,1,2,7,50,1,6545,6545,4,5,13,2,0,0,0,0
1373202,3,2024,2024,10,6,8,30,27,166,52,0,1,10,-33.90503,151.173331,32,0,2,1,3,0,0,0,2,2,7,60,1,217,217,1,0,0,2,0,0,0,0
1373204,3,2024,2024,2,1,6,11,1,337,30,0,1,10,-33.730035,151.008712,71,0,2,1,3,0,0,0,2,2,7,60,2,926,926,4,5,5,2,0,0,0,0
1373212,3,2024,2024,9,0,6,49,27,201,47,0,1,2,-33.989849,150.868596,13,0,2,1,3,0,3,4,2,0,7,60,1,3775,3775,0,5,5,2,0,0,0,0
1373214,3,2024,2024,10,1,8,135,17,65,136,0,1,1,-36.071141,146.968454,0,2,1,0,3,0,0,0,2,0,7,80,2,14295,14295,3,5,36,4,0,0,0,0
1373215,3,2024,2024,2,6,4,4,27,53,34609,0,1,9,-33.371641,151.45427,16,2,2,1,3,0,3,3,2,0,7,50,0,2852,2852,4,5,22,2,0,0,0,0
1373218,3,2024,2024,2,2,7,84,27,61,415,0,1,9,-33.773373,151.135215,36,0,2,1,3,0,0,0,2,3,7,70,2,14295,14295,3,0,5,3,0,0,0,0
1373224,3,2024,2024,2,1,8,220,14,29,220,0,1,9,-34.401854,150.880376,80,0,2,0,3,0,0,0,2,0,0,80,2,2852,2852,4,5,5,5,0,0,0,0
1373231,3,2024,2024,9,0,5,6,31,132,34609,0,1,10,-29.78045,151.107993,33,2,1,1,3,0,0,0,2,0,0,50,0,6545,6545,4,10,5,2,0,0,0,0
1373235,3,2024,2024,9,0,6,866,17,187,793,0,1,2,-33.792742,150.995682,54,0,2,1,3,0,3,4,2,0,7,70,2,14295,14295,3,5,5,2,0,0,0,0
1373241,3,2024,2024,2,4,3,98,31,100,159,0,1,9,-33.957821,151.149003,4,0,2,1,3,0,0,0,2,0,0,60,2,2852,2852,4,9,13,4,0,0,0,0
1373249,3,2024,2024,9,2,0,2209,17,29,2205,0,1,1,-35.317942,150.441409,63,2,1,0,3,0,0,6,0,0,7,50,2,4552,5151,8,5,40,1,0,0,0,0
1373254,3,2024,2024,2,0,3,31,27,85,41,0,1,9,-33.721671,151.142123,36,0,2,0,3,0,0,0,1,0,0,50,1,2852,2852,4,5,0,2,0,0,0,0
1373255,3,2024,2024,9,1,3,19,27,29,117,0,1,1,-32.87658,151.700114,48,0,2,1,3,0,0,0,2,0,7,60,2,941,941,1,10,5,2,0,0,0,0
1373256,3,2024,2024,2,5,6,344,27,120,163,0,1,9,-33.74368,150.873215,7,0,2,1,3,0,0,0,2,0,7,70,2,6545,6545,4,9,22,3,0,0,0,0
1373258,3,2024,2024,2,6,6,36,1,53,34609,0,1,7,-33.922285,150.840069,41,0,2,1,3,0,0,0,2,0,0,60,0,6545,6545,4,5,5,2,0,0,0,0
1373259,3,2024,2024,2,0,11,35,27,363,34609,0,1,9,-33.760281,150.681228,55,0,2,1,3,0,0,0,0,2,7,50,0,2585,777,8,5,40,1,0,0,0,0
1373261,3,2024,2024,2,1,7,92,31,239,34609,0,1,1,-34.043055,151.118033,68,0,2,1,3,0,0,0,2,0,7,50,0,1282,1282,1,5,40,1,0,0,0,0
1373266,3,2024,2024,11,1,4,204,31,29,34609,1,0,10,-31.083229,150.935476,70,2,1,1,3,0,0,0,2,0,0,50,0,6545,6545,4,5,0,2,0,0,0,0
1373268,3,2024,2024,9,2,10,1052,27,69,262,0,1,7,-32.906234,151.69304,48,0,2,0,3,0,0,0,0,0,0,60,2,6545,6545,4,5,36,2,0,0,0,0
1373271,3,2024,2024,2,3,4,3371,17,51,166,0,1,7,-33.252166,151.489861,16,2,2,0,3,0,0,0,2,0,0,70,2,1391,1391,1,9,5,3,0,0,0,0
1373279,3,2024,2024,9,6,3,222,27,98,70,1,0,1,-33.737061,151.062652,31,0,2,1,3,0,0,0,2,0,7,60,2,14295,14295,3,5,0,2,0,0,0,0
1373289,3,2024,2024,10,1,11,7,27,45,34609,0,1,1,-34.295081,150.584081,79,2,2,1,3,0,0,0,0,0,7,60,0,4026,4026,1,34,10,2,0,0,0,0
1373291,3,2024,2024,2,5,11,3,27,13,34609,0,1,1,-33.865916,151.252089,81,0,2,1,2,0,0,0,0,0,7,50,0,9859,9859,1,0,5,3,0,0,0,0
1373298,3,2024,2024,2,1,3,10,27,19,34609,0,1,1,-33.692279,150.907269,7,0,2,1,3,0,0,0,2,0,7,60,0,1981,1981,4,5,5,2,0,0,0,0
1373304,3,2024,2024,9,3,8,115,27,113,173,0,1,2,-34.338605,150.790341,80,0,2,1,3,0,0,0,3,0,7,100,2,9859,9859,8,10,40,1,0,0,0,0
1373317,3,2024,2024,10,0,8,2209,17,176,2205,0,1,10,-33.952926,151.137616,4,0,2,0,3,0,0,0,4,2,7,60,2,1282,1282,1,5,12,2,0,0,0,0
1373321,3,2024,2024,2,1,10,147,27,290,34609,0,1,1,-33.858547,150.980904,21,0,2,1,3,0,0,0,0,0,7,50,0,78,78,8,5,40,1,0,0,0,0
1373326,3,2024,2024,2,5,2,2261,17,32,2252,0,1,9,-34.836255,149.020058,82,1,0,1,3,0,0,0,1,0,7,110,2,1089,1089,7,0,40,1,0,0,0,0
1373328,3,2024,2024,9,0,9,220,14,130,220,0,1,3,-34.465785,150.845009,80,0,2,1,3,0,3,4,2,0,7,100,2,4026,4026,8,5,40,1,0,0,0,0
1373331,3,2024,2024,10,6,8,12,27,19,43,0,1,1,-28.576945,153.53119,10,2,1,0,3,0,3,4,2,0,7,80,1,4552,5151,8,21,40,1,0,0,0,0
1373357,3,2024,2024,2,2,11,95,27,50,605,1,0,9,-33.62997,151.331194,50,0,2,1,2,0,0,0,0,0,7,60,2,4552,985,8,5,40,1,0,0,0,0
1373363,3,2024,2024,9,2,8,1,27,81,34609,0,1,1,-33.8854,151.248015,81,0,2,0,1,0,0,0,2,0,7,50,0,1259,5151,1,0,5,2,0,0,0,0
1373378,3,2024,2024,2,6,1,3371,17,43,3342,0,1,9,-33.213716,151.512191,16,2,2,1,2,0,0,0,0,2,7,70,2,4552,985,8,0,40,1,0,0,0,0
1373389,3,2024,2024,11,0,9,15,31,84,34609,0,1,9,-33.896936,151.269523,76,0,2,0,2,0,0,0,0,0,0,50,0,1957,4009,1,0,5,2,0,0,0,0
1373407,3,2024,2024,2,2,3,40,31,219,262,0,1,10,-32.906072,151.671131,48,0,2,1,2,0,3,4,1,2,7,60,2,6545,6545,4,0,5,2,0,0,0,0
1373426,3,2024,2024,9,0,11,44,31,91,34609,0,1,10,-32.798456,151.653655,48,0,2,1,2,0,0,0,0,0,15,50,0,5929,5929,1,5,0,2,0,0,0,0
1373430,3,2024,2024,10,5,9,19,31,166,143,0,1,10,-33.418992,149.583193,3,2,1,1,1,0,0,0,2,2,7,50,2,3775,3775,0,0,13,2,0,0,0,0
1373432,3,2024,2024,9,1,9,2261,17,32,2252,0,1,3,-34.266254,150.649034,79,1,2,1,1,0,0,0,2,0,7,110,2,237,162,8,5,40,1,0,0,0,0
1373434,3,2024,2024,10,3,4,29,1,13,34609,0,1,1,-33.814336,151.074175,61,0,2,1,1,0,0,0,2,0,7,50,0,9859,9859,1,5,5,2,0,0,0,0
1373446,3,2024,2024,9,6,7,46,27,148,43,0,1,2,-36.041257,146.92818,0,2,1,1,0,0,0,0,2,0,7,60,1,9859,9859,8,34,40,1,0,0,0,0
1373449,3,2024,2024,2,1,1,37,27,46,41,0,1,1,-28.815503,153.28221,39,2,1,1,2,0,0,0,0,0,7,50,1,9859,9859,1,0,13,2,0,0,0,0
1373450,3,2024,2024,9,5,2,2209,17,130,2205,0,1,9,-34.461898,150.83849,80,0,2,1,2,0,0,0,0,2,7,60,1,5929,5929,1,33,5,2,0,0,0,0
1373468,3,2024,2024,9,1,8,20,23,252,16,0,1,1,-33.930289,150.88761,41,0,2,1,1,0,0,0,2,0,7,60,1,9859,9859,8,5,40,1,0,0,0,0
1373476,3,2024,2024,9,3,11,6,27,59,34609,0,1,4,-34.339994,150.924151,80,0,2,0,2,0,3,3,0,0,7,50,0,1850,1463,5,0,40,1,0,0,0,0
1373480,3,2024,2024,10,3,10,2,27,9,34609,0,1,1,-34.000112,151.067689,68,0,2,1,2,0,0,0,0,0,7,50,0,9859,9859,1,10,0,3,0,0,0,0
1373519,3,2024,2024,2,2,7,111,27,80,233,0,1,1,-33.938065,151.229329,4,0,2,1,1,0,3,0,2,0,7,60,2,1282,1282,1,33,5,2,0,0,0,0
1373528,3,2024,2024,2,5,10,2,4,12,34609,0,1,9,-32.540851,151.165823,64,2,1,0,2,0,3,4,0,0,0,50,0,3775,3775,0,0,0,2,0,0,0,0
1373532,3,2024,2024,10,3,9,49,22,50,34609,0,1,1,-33.516881,151.333925,16,2,2,1,2,0,0,0,3,0,7,50,0,9859,9859,1,5,5,2,0,0,0,0
1373578,3,2024,2024,9,6,1,1,31,284,34609,0,1,1,-33.905142,151.015374,15,0,2,0,2,0,0,0,0,0,7,50,0,4552,5151,1,5,0,2,0,0,0,0
1373610,3,2024,2024,2,3,9,2,27,33,34609,0,1,10,-33.968045,151.035324,15,0,2,1,0,0,0,0,2,0,0,50,0,6545,6545,4,5,0,2,0,0,0,0
1373631,3,2024,2024,2,4,9,92,27,28,34609,0,1,1,-34.01542,151.07044,68,0,2,1,0,0,0,0,2,0,7,50,0,9859,9859,1,5,5,2,0,0,0,0
1373637,3,2024,2024,2,1,8,9,10,323,34609,0,1,1,-33.8029,150.88077,7,0,2,1,0,0,0,0,3,0,7,50,0,1282,1282,1,33,0,2,0,0,0,0
1373670,3,2024,2024,5,2,9,21,7,62,14,0,1,9,-33.890441,151.138524,32,0,2,0,2,0,0,0,0,2,7,50,1,2852,2852,4,5,5,2,0,0,0,0
1373726,3,2024,2024,9,6,8,21,27,85,34609,1,0,1,-34.569604,150.77173,62,0,2,1,0,0,0,0,2,0,7,50,0,9859,9859,8,9,40,1,0,0,0,0
1373737,3,2024,2024,9,2,0,10,27,460,34609,0,1,9,-33.844732,150.979911,21,0,2,1,1,0,3,0,0,0,7,50,0,14295,14295,3,5,5,2,0,0,0,0
1373741,3,2024,2024,9,2,0,48,27,2,26,0,1,1,-35.047301,149.653696,26,1,0,1,0,0,0,0,0,0,7,100,2,945,945,5,34,40,1,0,0,0,0
1373745,3,2024,2024,9,2,0,109,27,20,62,0,1,1,-32.760951,151.528598,42,2,1,0,2,0,0,0,0,0,7,60,2,2585,4009,8,10,40,1,0,0,0,0
1373782,3,2024,2024,9,4,7,4,31,29,34609,0,1,10,-31.090759,150.936215,70,2,1,1,0,0,0,0,2,0,15,50,0,6545,6545,4,5,0,2,0,0,0,0
1373791,3,2024,2024,2,3,4,2261,17,68,2252,0,1,2,-34.772217,148.808733,82,1,0,1,0,0,0,0,2,0,7,110,2,1945,1945,5,3,40,1,0,0,0,0
1373802,3,2024,2024,9,4,9,14,31,48,34609,0,1,1,-28.246565,153.568478,72,2,1,1,0,0,0,0,2,0,7,50,0,9859,9859,1,0,13,2,0,0,0,0
1373838,3,2024,2024,9,0,5,19,31,224,34609,0,1,1,-33.837023,151.236346,45,0,2,1,1,0,0,0,2,0,7,50,0,4026,4026,1,10,0,2,0,0,0,0
1373864,3,2024,2024,9,0,10,7,31,18,34609,0,1,4,-33.611379,149.139742,51,2,1,0,2,0,3,4,0,0,7,50,0,4552,5151,8,10,40,1,0,0,0,0
1373883,3,2024,2024,2,5,6,308,14,74,311,0,1,3,-33.756009,150.847515,7,0,2,0,0,0,0,0,2,0,7,80,2,2585,4009,8,9,40,1,0,0,0,0
1373902,3,2024,2024,2,0,6,330,31,443,34609,0,1,1,-33.903512,151.042294,15,0,2,1,0,0,0,0,2,0,7,50,0,323,323,1,33,40,3,0,0,0,0
1373908,3,2024,2024,9,5,9,78,17,39,75,0,1,8,-33.852008,151.210969,49,0,2,1,2,0,0,0,3,0,7,70,2,1383,1383,1,5,36,2,0,0,0,0
1373920,3,2024,2024,9,2,3,4,27,18,34609,0,1,1,-31.163675,150.978613,70,1,0,1,0,2,0,0,2,0,7,100,0,9859,9859,8,9,40,1,0,0,0,0
1373950,3,2024,2024,9,6,8,4,31,90,34609,0,1,1,-33.784938,150.945671,7,0,2,1,0,0,0,0,2,0,7,50,0,175,188,1,34,5,2,0,0,0,0
1373959,3,2024,2024,11,5,7,7,27,57,34609,0,1,1,-32.989901,151.698008,37,0,2,0,0,0,0,0,2,0,7,60,0,1282,1282,1,33,0,2,0,0,0,0
1373962,3,2024,2024,10,2,6,2,31,90,34609,0,1,1,-33.88706,151.23757,81,0,2,1,0,0,0,0,2,0,7,50,0,9859,9859,1,10,36,2,0,0,0,0
1373963,3,2024,2024,2,6,11,12,31,197,34609,0,1,10,-33.792894,151.1151,61,0,2,1,2,0,0,0,0,0,15,50,0,9859,9859,1,0,0,3,0,0,0,0
1373979,3,2024,2024,9,1,3,177,22,239,176,0,1,2,-34.040525,151.120708,68,0,2,1,1,0,0,0,2,0,7,60,2,9859,9859,1,10,0,2,0,0,0,0
1373981,3,2024,2024,2,0,5,2261,17,243,2252,0,1,9,-33.949198,150.905749,41,0,2,1,0,0,0,0,2,0,0,70,2,14295,14295,3,33,0,2,0,0,0,0
1374000,3,2024,2024,9,5,3,10,27,108,34609,0,1,1,-33.767211,151.26205,50,0,2,0,1,0,0,0,2,0,7,50,0,4552,5151,1,5,13,3,0,0,0,0
1374005,3,2024,2024,9,4,8,195,27,46,186,0,1,2,-33.931188,150.846411,41,0,2,1,1,0,3,4,2,0,7,70,2,14295,14295,3,5,5,4,0,0,0,0
1374011,3,2024,2024,9,0,10,22,31,10,83,0,1,1,-29.500401,153.100264,18,2,1,0,2,0,0,0,0,0,7,50,1,782,957,5,10,40,1,0,0,0,0
1374017,3,2024,2024,9,3,0,161,17,39,161,0,1,7,-35.294993,148.215652,66,2,1,0,2,0,0,0,0,0,0,50,2,4552,5151,8,5,40,1,0,0,0,0
1374018,3,2024,2024,9,2,2,213,17,8,213,0,1,1,-29.669527,150.851617,33,1,0,1,0,0,0,0,1,0,7,100,2,9859,9859,8,10,40,1,0,0,0,0
1374033,3,2024,2024,2,5,7,65,10,132,148,0,1,1,-34.14886,151.029788,68,0,2,0,0,0,0,0,2,0,7,60,2,4552,5151,8,5,40,1,0,0,0,0
1374041,3,2024,2024,9,1,7,4,1,247,34609,0,1,9,-33.8216,150.958301,21,0,2,1,1,0,0,0,2,0,7,50,0,9859,9859,1,10,5,2,0,0,0,0
1374058,3,2024,2024,2,2,7,16,27,271,34609,0,1,1,-33.949102,151.023627,15,0,2,1,0,0,0,0,2,0,7,50,0,4026,4026,8,5,40,1,0,0,0,0
1374068,3,2024,2024,9,3,11,12,27,112,34609,0,1,1,-33.436286,151.435087,16,2,2,1,0,0,0,0,0,0,7,50,0,9859,9859,1,5,5,3,0,0,0,0
1374096,3,2024,2024,9,2,7,169,27,22,34609,0,1,1,-35.151183,150.593307,63,2,1,0,1,0,3,4,2,0,7,50,0,4552,5151,8,5,40,1,0,0,0,0
1374103,3,2024,2024,2,2,1,12,23,55,34609,1,0,0,-33.886257,151.278569,76,0,2,1,0,0,0,0,0,0,7,50,0,1282,1282,1,5,5,2,0,0,0,0
1374111,3,2024,2024,2,2,0,171,27,73,369,0,1,9,-33.691449,150.727829,55,0,2,1,2,2,0,0,0,0,0,80,2,1669,1669,3,0,5,2,0,0,0,0
1374112,3,2024,2024,10,2,0,1,31,38,34609,0,1,7,-33.951314,151.069604,25,0,2,1,2,0,0,0,0,0,0,50,0,782,985,5,10,40,1,0,0,0,0
1374147,3,2024,2024,9,1,3,99,31,131,34609,0,1,1,-36.06888,146.913038,0,2,1,1,2,0,0,0,0,0,7,50,0,9859,9859,1,0,5,2,0,0,0,0
1374149,3,2024,2024,10,4,0,125,31,438,44,0,1,1,-33.850229,151.035127,21,0,2,1,2,0,0,0,0,0,7,50,1,9859,9859,8,30,40,1,0,0,0,0
1374152,3,2024,2024,9,3,1,2126,17,166,2149,0,1,2,-33.412262,149.57973,3,2,1,1,2,0,0,0,0,0,7,60,2,9859,9859,8,8,40,1,0,0,0,0
1374155,3,2024,2024,2,1,10,866,17,187,793,0,1,10,-33.793269,150.994368,54,0,2,1,2,0,0,0,0,2,7,70,2,515,515,1,10,5,2,0,0,0,0
1374163,3,2024,2024,2,5,6,65,10,132,148,0,1,1,-34.114308,151.066082,68,0,2,0,1,0,0,0,2,0,7,60,2,1957,4009,8,0,40,1,0,0,0,0
1374226,3,2024,2024,9,6,5,485,27,337,769,0,1,2,-33.736021,150.981119,71,0,2,1,1,0,0,0,2,0,7,70,2,14295,14295,3,10,0,2,0,0,0,0
1374250,3,2024,2024,9,4,10,76,27,15,148,0,1,10,-32.938708,151.758564,48,0,2,1,2,0,0,0,0,2,6,60,1,5929,5929,1,22,5,2,0,0,0,0
1374257,3,2024,2024,10,6,4,12,31,273,34609,0,1,1,-34.427438,150.885782,80,0,2,1,1,0,0,0,2,0,7,50,0,1282,1282,1,33,0,2,0,0,0,0
1374265,3,2024,2024,9,1,7,11,31,207,34609,0,1,10,-31.946785,141.466288,51,2,1,1,0,0,0,3,2,0,0,50,0,6545,6545,4,9,5,2,0,0,0,0
1374271,3,2024,2024,2,3,2,2126,17,171,2149,0,1,10,-33.81435,150.96452,21,0,2,1,2,0,3,0,0,2,7,70,2,4026,4026,8,5,40,1,0,0,0,0
1374286,3,2024,2024,9,0,3,2209,31,18,34609,0,1,2,-33.822113,151.103124,61,0,2,1,1,0,0,0,2,0,7,50,0,220,220,1,8,13,2,0,0,0,0
1374345,3,2024,2024,2,6,9,33,27,49,35,0,1,9,-33.965993,151.149154,4,0,2,1,0,0,0,0,0,2,7,60,2,4026,4026,1,0,5,4,0,0,0,0
1374358,3,2024,2024,9,4,7,78,27,108,34609,0,1,7,-33.812603,151.184604,77,0,2,1,0,0,0,3,2,0,0,50,0,2585,777,8,16,40,1,0,0,0,0
1374423,3,2024,2024,2,0,6,125,27,108,123,0,1,2,-33.307759,151.417468,16,2,2,0,0,0,0,0,2,0,7,70,2,1282,1282,1,5,40,2,0,0,0,0
1374430,3,2024,2024,2,6,9,111,27,102,233,0,1,10,-33.960354,151.231271,59,0,2,1,1,0,0,0,2,1,7,60,2,14295,14295,3,5,13,2,0,0,0,0
1374431,3,2024,2024,10,2,10,225,27,304,140,0,1,1,-33.915664,151.150642,32,0,2,1,2,0,0,0,0,0,7,50,1,9859,9859,1,10,5,2,0,0,0,0
1374447,3,2024,2024,9,4,6,21,27,98,174,0,1,9,-33.003651,151.56797,37,0,2,1,1,0,0,3,2,0,7,60,2,323,323,1,0,12,2,0,0,0,0
1374471,3,2024,2024,10,5,7,68,27,98,208,0,1,10,-33.754268,151.067474,31,0,2,1,1,0,0,0,2,0,15,60,2,515,515,1,19,36,2,0,0,0,0
1374477,3,2024,2024,9,0,0,9,1,271,11,0,1,1,-33.951575,151.02283,15,0,2,1,2,0,3,0,0,0,7,60,1,9859,9859,1,5,25,3,0,0,0,0
1374502,3,2024,2024,2,5,7,4,31,132,34609,0,1,2,-29.772082,151.1116,33,2,1,1,0,0,0,0,2,0,0,40,0,1981,1981,4,0,0,2,0,0,0,0
1374503,3,2024,2024,9,1,8,6,25,131,136,0,1,7,-36.081865,146.910228,0,2,1,1,0,0,0,0,2,0,0,60,2,14295,14295,3,5,5,2,0,0,0,0
1374518,3,2024,2024,2,3,10,27,31,48,34609,0,1,9,-32.716888,152.152525,57,2,1,1,2,0,3,4,0,0,0,50,0,9859,9859,1,5,0,3,0,0,0,0
1374519,3,2024,2024,10,3,0,12,27,109,34609,0,1,1,-33.907548,151.137762,32,0,2,1,2,0,0,0,0,0,7,50,0,9859,9859,1,5,0,3,0,0,0,0
1374528,3,2024,2024,10,4,7,133,31,646,97,0,1,9,-33.917225,151.021491,15,0,2,1,1,0,0,0,2,0,15,60,1,6545,6545,4,5,0,2,0,0,0,0
1374574,3,2024,2024,2,4,10,38,27,115,165,0,1,1,-33.957433,151.062624,25,0,2,1,2,0,0,0,0,0,7,50,1,3775,3775,0,0,0,2,0,0,0,0
1374584,3,2024,2024,10,4,5,25,31,127,30,0,1,10,-33.894046,151.157422,32,0,2,1,0,0,0,0,2,2,7,60,1,1669,1669,3,5,0,3,0,0,0,0