Crash ID,Degree of crash - detailed,Reporting year,Year of crash,Month of crash,Day of week of crash,Two-hour intervals,Street of crash,Street type,Town,Route no.,School zone location,School zone active,Type of location,Latitude,Longitude,LGA,Urbanisation,Conurbation 1,Alignment,Street lighting,Road surface,Surface condition,Weather,Natural lighting,Signals operation,Other traffic control,Speed limit,Road classification,RUM - code,DCA - code,First impact type,Key TU type,Other TU type,No. of traffic units involved,No. killed,No. seriously injured,No. moderately injured,No. minor-other injured
1374586,3,2024,2024,2,0,2,10,27,10,33,0,1,1,-32.50073,151.400358,64,1,0,0,0,0,0,0,1,0,7,100,1,1850,1463,5,5,40,1,0,0,0,0
1374614,3,2024,2024,2,1,4,112,27,3,769,0,1,1,-33.530314,150.448631,29,2,2,1,3,0,2,6,2,0,7,80,2,9859,9859,8,8,40,1,0,0,0,0
1374616,3,2024,2024,9,3,10,1,25,148,34609,0,1,1,-36.04129,146.953021,0,2,1,0,0,0,0,0,0,0,7,50,0,4552,5151,8,5,40,1,0,0,0,0
1374626,3,2024,2024,2,5,5,40,31,363,34609,0,1,1,-33.759977,150.708022,55,0,2,1,1,0,0,0,2,0,7,50,0,941,941,1,0,13,2,0,0,0,0
1374636,3,2024,2024,2,6,0,1,1,120,34609,0,1,1,-32.219646,152.526066,43,2,1,0,2,0,0,0,0,0,7,50,0,2585,4009,1,0,13,3,0,0,0,0
1374720,3,2024,2024,9,2,11,296,27,290,293,0,1,10,-33.85575,150.995008,21,0,2,1,2,0,0,0,0,2,7,70,2,14295,14295,3,5,5,3,0,0,0,0
1374729,3,2024,2024,9,4,4,46,27,22,43,0,1,1,-35.964636,146.89373,27,2,1,1,1,0,0,0,2,0,7,50,1,14295,14295,3,0,0,2,0,0,0,0
1374736,3,2024,2024,2,2,6,56,27,15,34609,0,1,1,-30.708745,152.899831,47,2,1,0,0,0,0,0,2,0,7,80,0,4552,5151,8,5,40,1,0,0,0,0
1374743,3,2024,2024,2,1,8,8,27,194,34609,0,1,1,-30.49486,151.686096,1,2,1,0,1,0,0,0,3,0,7,50,0,4552,5151,8,10,40,1,0,0,0,0
1374744,3,2024,2024,2,3,8,82,31,363,369,0,1,2,-33.761517,150.710531,55,0,2,1,0,0,0,0,2,0,7,70,2,623,623,3,16,0,2,0,0,0,0
1374849,3,2024,2024,2,4,6,916,17,14,917,0,1,2,-32.431589,151.054035,64,1,0,0,0,0,0,0,2,0,7,100,2,2585,4009,8,5,40,2,0,0,0,0
1374850,3,2024,2024,10,0,4,2209,17,26,2205,0,1,11,-33.919162,151.16927,32,0,2,1,0,0,3,4,2,2,7,60,2,14295,14295,3,10,5,2,0,0,0,0
1374853,3,2024,2024,2,3,11,25,1,69,34609,1,0,1,-28.558763,153.495531,10,2,1,1,2,0,3,3,0,0,7,50,0,4026,4026,8,10,40,1,0,0,0,0
1374856,3,2024,2024,5,1,7,195,27,15,186,0,1,9,-33.905315,150.854958,41,0,2,1,1,0,0,0,2,2,7,70,2,1282,1282,1,3,25,2,0,0,0,0
1374860,3,2024,2024,9,0,2,2,31,433,34609,0,1,1,-33.284283,149.112195,52,2,1,1,2,0,0,0,1,0,7,50,0,4026,4026,1,5,0,2,0,0,0,0
1374861,3,2024,2024,2,6,6,91,27,119,187,0,1,10,-33.874317,151.164686,32,0,2,1,1,0,0,0,2,2,6,70,2,6545,6545,4,9,5,2,0,0,0,0
1374869,3,2024,2024,9,5,8,515,14,294,518,0,1,3,-33.940522,150.93058,41,0,2,1,0,0,0,0,2,0,7,100,2,14295,14295,3,10,5,3,0,0,0,0
1374870,3,2024,2024,10,0,6,361,32,460,42,0,1,1,-33.847433,150.989565,21,0,2,1,2,0,0,0,2,0,7,50,1,4026,4026,1,5,12,2,0,0,0,0
1374891,3,2024,2024,10,4,10,361,31,155,34609,0,1,1,-33.497674,151.30509,16,2,2,0,0,0,0,0,0,0,7,50,0,1259,5151,8,0,40,1,0,0,0,0
1374903,3,2024,2024,10,1,4,2126,17,22,2149,0,1,1,-33.581888,150.225222,40,2,1,0,0,0,0,0,2,0,7,40,2,4552,5151,8,8,40,1,0,0,0,0
1374914,3,2024,2024,2,1,8,5,27,48,56,0,1,1,-33.866248,147.201216,51,1,0,0,0,0,0,0,2,0,7,100,1,4552,5151,8,5,40,1,0,0,0,0
1374932,3,2024,2024,2,2,8,500,27,80,160,0,1,1,-33.979412,150.898414,13,0,2,1,0,0,3,3,2,0,7,60,2,9859,9859,8,30,40,1,0,0,0,0
1374942,3,2024,2024,9,6,5,1,27,370,34609,0,1,1,-34.07841,150.799513,13,0,2,1,1,0,0,0,2,0,7,50,0,1282,1282,1,33,5,2,0,0,0,0
1374949,3,2024,2024,9,2,7,3,10,23,34609,0,1,1,-32.991278,151.64875,37,0,2,1,1,0,0,0,2,0,7,60,0,9859,9859,1,33,0,2,0,0,0,0
1374954,3,2024,2024,10,2,8,361,23,283,34609,0,1,9,-33.830857,151.007483,21,0,2,1,1,0,0,0,2,0,7,50,0,9859,9859,8,5,40,2,0,0,0,0
1374958,3,2024,2024,9,5,10,93,10,58,13,0,1,6,-34.408557,150.890987,80,0,2,1,2,0,0,0,0,0,7,60,2,1383,1383,1,15,0,2,0,0,0,0
1374974,3,2024,2024,2,3,8,346,36,1,14,0,1,1,-28.997039,151.575735,51,1,0,0,0,0,0,0,2,0,7,100,1,273,957,5,5,40,1,0,0,0,0
1374981,3,2024,2024,9,5,2,7,1,102,34609,0,1,10,-31.107032,150.907867,70,2,1,1,2,0,0,0,0,0,15,50,0,775,775,4,10,36,2,0,0,0,0
1374988,3,2024,2024,2,2,2,4,27,137,34609,0,1,9,-33.900339,150.907459,24,0,2,0,0,0,3,4,1,0,7,50,0,4552,5151,8,10,40,1,0,0,0,0
1374999,3,2024,2024,9,2,10,1,31,112,34609,0,1,9,-36.069678,146.937731,0,2,1,1,2,0,0,0,0,0,7,50,0,489,489,8,5,40,1,0,0,0,0
1375010,3,2024,2024,9,2,10,55,10,112,47,0,1,10,-33.440007,151.438067,16,2,2,0,2,0,3,3,0,2,7,50,2,515,515,1,0,5,2,0,0,0,0
1375034,3,2024,2024,2,4,10,2261,17,68,2252,0,1,2,-34.824722,148.953764,82,1,0,0,0,0,0,0,0,0,7,110,2,204,204,1,5,13,2,0,0,0,0
1375038,3,2024,2024,2,6,7,37,31,108,34609,0,1,1,-33.765559,151.266176,50,0,2,1,1,0,0,0,2,0,7,50,0,1383,1383,1,5,0,2,0,0,0,0
1375057,3,2024,2024,9,2,6,20,31,50,34609,0,1,1,-33.507911,151.327531,16,2,2,1,1,0,0,0,2,0,7,50,0,9859,9859,1,33,0,2,0,0,0,0
1375064,3,2024,2024,9,4,10,14,31,48,34609,0,1,1,-28.246734,153.56855,72,2,1,1,1,0,0,0,0,0,7,50,0,9859,9859,1,10,13,4,0,0,0,0
1375072,3,2024,2024,9,4,8,3371,17,225,3342,0,1,10,-33.789189,151.180124,77,0,2,1,2,0,0,0,2,2,7,60,2,14295,14295,3,0,40,2,0,0,0,0
1375076,3,2024,2024,9,4,5,19,27,22,122,0,1,10,-34.529931,150.8691,80,0,2,1,1,0,0,0,2,2,7,60,2,14295,14295,3,9,10,2,0,0,0,0
1375079,3,2024,2024,2,1,5,222,27,98,70,1,0,9,-33.737392,151.063204,31,0,2,1,0,0,0,0,2,0,0,60,2,2852,2852,4,33,5,2,0,0,0,0
1375098,3,2024,2024,9,0,11,19,31,445,34609,0,1,1,-33.848818,151.054864,54,0,2,1,2,0,3,4,0,0,7,50,0,9859,9859,1,5,5,2,0,0,0,0
1375132,3,2024,2024,2,0,8,344,27,62,382,0,1,2,-33.732614,150.848373,7,0,2,1,0,0,0,0,2,0,7,70,2,3775,3775,0,0,25,2,0,0,0,0
1375145,3,2024,2024,9,0,10,14,27,251,14,0,1,1,-33.775246,150.957462,7,0,2,1,2,0,3,4,0,0,7,60,1,4026,4026,1,5,4,2,0,0,0,0
1375155,3,2024,2024,2,4,8,108,31,176,33,0,1,2,-33.963094,151.131891,4,0,2,1,0,0,0,0,2,0,7,40,1,9859,9859,1,5,5,2,0,0,0,0
1375156,3,2024,2024,9,5,5,40,31,103,34609,0,1,1,-32.943328,151.663253,37,0,2,1,0,0,0,0,2,0,7,50,0,220,220,1,5,0,2,0,0,0,0
1375159,3,2024,2024,10,3,0,2,31,69,34609,0,1,1,-33.362328,151.485101,16,2,2,1,2,0,0,0,0,0,7,50,0,9859,9859,1,5,5,2,0,0,0,0
1375169,3,2024,2024,9,1,11,81,27,55,115,0,1,2,-33.79618,150.897264,7,0,2,1,2,0,3,4,0,0,7,60,2,14295,14295,3,10,5,2,0,0,0,0
1375188,3,2024,2024,10,2,11,19,31,204,34609,0,1,1,-33.902444,150.936778,24,0,2,1,2,0,0,0,0,0,7,50,0,4026,4026,1,5,12,2,0,0,0,0
1375197,3,2024,2024,10,2,7,2261,17,68,2252,0,1,2,-34.769357,148.78161,82,1,0,1,1,0,0,0,2,0,7,110,2,14295,14295,3,33,13,2,0,0,0,0
1375198,3,2024,2024,9,2,9,1,1,118,34609,0,1,1,-33.378442,151.282975,16,1,2,0,2,0,0,0,0,0,7,100,0,4552,5151,8,10,40,1,0,0,0,0
1375200,3,2024,2024,2,6,7,7,27,16,62,0,1,1,-36.409294,150.04662,5,2,1,0,0,0,0,0,2,0,8,80,1,3775,3775,0,10,10,2,0,0,0,0
1375206,3,2024,2024,2,2,1,481,17,7,483,0,1,1,-33.316681,148.0675,51,1,0,0,0,0,0,0,0,0,7,110,2,1089,1089,7,5,40,1,0,0,0,0
1375208,3,2024,2024,10,5,10,4,10,88,34609,0,1,1,-33.738577,150.849001,7,0,2,0,2,0,0,0,0,0,7,50,0,2585,4009,1,0,5,3,0,0,0,0
1375212,3,2024,2024,9,6,3,104,27,443,702,0,1,1,-33.902195,151.06465,15,0,2,1,1,0,0,0,2,0,7,70,2,1282,1282,1,33,5,2,0,0,0,0
1375226,3,2024,2024,10,0,4,19,27,143,34609,0,1,10,-33.877,151.107168,9,0,2,1,1,0,3,3,2,0,9,50,0,775,775,4,5,0,2,0,0,0,0
1375230,3,2024,2024,2,3,9,193,31,155,34609,0,1,1,-33.145662,148.174232,53,2,1,1,0,0,0,0,2,0,7,50,0,4026,4026,8,5,40,1,0,0,0,0
1375255,3,2024,2024,2,4,7,866,17,77,793,0,1,2,-33.728197,151.08409,31,0,2,1,1,0,0,0,2,0,7,70,2,1383,1383,1,0,5,3,0,0,0,0
1375263,3,2024,2024,10,3,2,475,31,532,34609,0,1,10,-33.866436,151.210726,69,0,2,1,2,0,0,0,1,2,7,40,0,9859,9859,8,10,40,1,0,0,0,0
1375271,3,2024,2024,9,5,7,283,27,70,702,0,1,9,-33.980608,151.107657,25,0,2,1,1,0,0,0,2,0,0,70,2,775,775,4,0,5,3,0,0,0,0
1375287,3,2024,2024,9,0,8,4,31,204,4,1,0,1,-33.889964,150.936522,24,0,2,1,0,0,3,4,2,0,7,50,1,4026,4026,8,5,40,1,0,0,0,0
1375302,3,2024,2024,2,6,7,17,31,91,96,0,1,2,-32.966914,151.650302,37,0,2,1,2,0,0,0,2,0,7,60,2,9859,9859,1,33,5,2,0,0,0,0
1375308,3,2024,2024,2,1,11,11,1,111,34609,0,1,1,-33.711573,150.885491,7,0,2,1,2,0,0,0,0,0,7,50,0,9859,9859,1,10,0,4,0,0,0,0
1375331,3,2024,2024,2,0,0,7,27,175,34609,0,1,1,-33.769324,151.079709,54,0,2,1,2,0,0,0,0,0,7,50,0,9859,9859,1,33,0,3,0,0,0,0
1375360,3,2024,2024,9,4,5,22,31,237,34609,0,1,1,-33.871898,150.942706,24,0,2,1,1,0,0,3,2,0,7,50,0,96,96,0,16,5,2,0,0,0,0
1375378,3,2024,2024,9,0,4,3371,10,316,34609,0,1,9,-31.44103,152.924688,56,2,1,1,1,0,0,0,2,0,0,50,0,1109,787,1,5,22,2,0,0,0,0
1375386,3,2024,2024,9,0,2,3,31,109,34609,0,1,10,-33.909998,151.134741,32,0,2,1,2,0,0,0,0,0,15,50,0,6545,6545,4,33,0,2,0,0,0,0
1375399,3,2024,2024,2,5,11,117,1,70,121,0,1,10,-34.038246,151.087969,68,0,2,1,2,0,0,0,0,0,0,60,1,4552,985,8,30,40,1,0,0,0,0
1375415,3,2024,2024,2,2,11,2,10,337,34609,0,1,1,-33.742625,150.987539,71,0,2,1,2,0,0,0,0,0,7,50,0,9859,9859,1,0,13,2,0,0,0,0
1375427,3,2024,2024,9,1,7,3371,17,18,3342,0,1,3,-30.909941,152.916711,34,1,0,1,0,0,0,0,2,0,7,110,2,9859,9859,8,0,40,1,0,0,0,0
1375435,3,2024,2024,9,2,6,10,31,198,34609,0,1,1,-33.91392,151.101888,15,0,2,1,1,0,3,3,2,0,7,50,0,323,323,1,33,0,2,0,0,0,0
1375451,3,2024,2024,9,0,5,26,27,74,34609,0,1,1,-34.064432,150.756802,12,0,2,0,1,0,0,0,2,0,7,50,0,4552,5151,1,10,5,2,0,0,0,0
1375456,3,2024,2024,2,1,2,9,31,120,34609,0,1,1,-32.182247,152.519351,43,2,1,1,0,0,0,0,1,0,7,50,0,9859,9859,1,0,12,2,0,0,0,0
1375475,3,2024,2024,9,0,7,31,24,77,36,0,1,1,-33.73183,151.083841,31,0,2,1,1,0,0,3,2,0,7,60,1,175,188,8,8,40,1,0,0,0,0
1375486,3,2024,2024,2,5,11,2,1,70,34609,0,1,9,-33.252019,151.514068,16,2,2,1,2,0,0,0,0,0,0,50,0,1850,777,5,5,40,1,0,0,0,0
1375502,3,2024,2024,9,5,5,2,27,115,34609,0,1,1,-33.87706,151.19157,69,0,2,1,1,0,3,0,2,0,7,40,0,4026,4026,1,5,0,2,0,0,0,0
1375506,3,2024,2024,9,2,8,177,22,210,176,0,1,10,-34.033118,151.092498,68,0,2,1,1,0,3,4,2,2,7,60,2,6545,6545,4,5,5,2,0,0,0,0
1375524,3,2024,2024,9,6,10,387,36,86,69,0,1,2,-33.728216,151.220651,50,0,2,1,2,0,0,0,0,0,7,80,2,1282,1282,1,33,0,2,0,0,0,0
1375529,3,2024,2024,2,0,8,829,27,363,770,0,1,9,-33.808485,151.018767,54,0,2,1,1,0,0,0,2,2,7,60,2,14295,14295,3,5,36,2,0,0,0,0
1375569,3,2024,2024,1,6,0,1,1,163,34609,0,1,1,-33.859865,151.110372,14,0,2,1,2,0,0,0,0,0,7,50,0,9859,9859,1,5,5,2,0,0,0,0
1375601,3,2024,2024,9,4,10,3,31,37,47,0,1,1,-34.648358,150.775728,35,2,1,1,2,0,0,0,3,0,7,50,1,9859,9859,1,10,0,2,0,0,0,0
1375603,3,2024,2024,5,0,10,15,31,228,34609,0,1,1,-34.749434,149.713879,26,2,1,1,2,0,0,0,0,0,7,50,0,9859,9859,1,5,0,2,0,0,0,0
1375606,3,2024,2024,11,3,4,39,10,42,65,0,1,2,-33.705102,150.943408,71,0,2,0,1,0,0,0,2,0,7,60,1,4552,5151,8,5,40,1,0,0,0,0
1375616,3,2024,2024,10,6,4,3,31,121,34609,0,1,1,-33.801487,151.29395,50,0,2,1,0,0,0,0,2,0,7,40,0,1282,1282,1,33,19,2,0,0,0,0
1375617,3,2024,2024,9,5,6,89,17,11,21,0,1,1,-34.156997,150.974948,80,0,2,0,0,0,0,0,2,0,7,100,1,4552,5151,8,5,40,1,0,0,0,0
1375625,3,2024,2024,11,1,9,147,27,224,605,0,1,2,-33.824504,151.239927,45,0,2,1,2,0,0,0,0,0,7,60,2,1383,1383,1,19,0,3,0,0,0,0
1375666,3,2024,2024,2,3,0,1,31,271,34609,0,1,1,-33.947679,151.006206,15,0,2,1,2,0,3,4,0,0,7,50,0,4026,4026,1,5,0,3,0,0,0,0
1375680,3,2024,2024,2,3,7,280,10,314,82,1,0,2,-33.853341,150.939391,24,0,2,1,0,0,0,0,2,0,7,60,1,941,941,1,5,41,3,0,0,0,0
1375740,3,2024,2024,2,1,3,4,31,77,34609,0,1,7,-33.865268,150.946855,24,0,2,1,1,0,0,0,2,0,0,50,0,6545,6545,4,33,5,2,0,0,0,0
1375821,3,2024,2024,2,2,5,49,31,532,34609,0,1,9,-33.864757,151.211119,69,0,2,1,1,0,0,0,2,2,7,40,0,1383,1383,1,21,5,2,0,0,0,0
1375923,3,2024,2024,2,0,3,22,27,59,48,0,1,2,-34.331235,150.878052,80,0,2,1,0,0,0,0,1,0,7,100,2,1383,1383,1,10,13,2,0,0,0,0
1375949,3,2024,2024,10,4,9,280,10,46,240,0,1,10,-33.880536,150.966509,24,0,2,1,0,0,0,6,2,2,7,60,2,5929,5929,1,10,5,2,0,0,0,0
1375980,3,2024,2024,2,5,9,9,31,136,34609,0,1,2,-33.920827,151.08338,15,0,2,1,2,0,0,0,2,0,7,50,0,9859,9859,1,33,5,2,0,0,0,0
1376011,3,2024,2024,2,2,5,7,31,49,34609,0,1,1,-33.933013,151.149444,4,0,2,1,0,0,0,0,2,0,7,50,0,4026,4026,1,5,5,4,0,0,0,0
1376030,3,2024,2024,9,0,10,255,27,71,166,0,1,1,-33.262549,151.528701,16,2,2,1,2,0,0,0,0,0,7,50,2,9859,9859,1,10,5,3,0,0,0,0
1376032,3,2024,2024,9,4,3,8,27,54,36,0,1,1,-33.607432,150.866792,29,2,2,0,0,0,0,0,2,0,7,70,1,2585,4009,8,8,40,1,0,0,0,0
1376067,3,2024,2024,2,3,0,7,1,30,34609,0,1,1,-34.49757,150.819629,80,0,2,1,2,0,0,0,0,0,7,50,0,9859,9859,1,5,12,2,0,0,0,0
1376106,3,2024,2024,2,3,7,1,18,125,34609,0,1,9,-33.866132,151.088835,67,0,2,1,1,0,0,0,2,0,0,50,0,2852,2852,4,10,5,2,0,0,0,0
1376115,3,2024,2024,2,3,4,35,27,8,19,1,0,9,-34.071172,150.636894,79,2,2,1,0,0,0,0,2,0,0,60,1,4026,4026,8,10,40,1,0,0,0,0
1376218,3,2024,2024,10,6,8,37,31,198,41,0,1,1,-33.909685,151.10351,15,0,2,1,1,0,0,0,2,0,7,40,1,175,188,8,19,40,1,0,0,0,0
1376236,3,2024,2024,2,3,1,35,31,123,34609,0,1,9,-33.83164,148.684717,51,2,1,1,1,0,0,0,0,0,0,50,0,782,985,5,5,40,1,0,0,0,0
1376405,3,2024,2024,2,5,0,3,2,218,34609,0,1,2,-33.742924,150.778116,55,0,2,0,2,0,0,0,0,0,7,50,0,1259,5151,8,5,40,1,0,0,0,0
1376833,3,2024,2024,10,5,7,41,27,6,69,0,1,1,-34.486781,149.821905,74,1,0,1,0,0,0,0,2,0,7,100,1,323,323,1,29,5,2,0,0,0,0
1376846,3,2024,2024,9,6,8,916,17,27,917,0,1,1,-32.66302,151.369321,17,2,1,0,1,0,3,4,3,0,7,80,2,4552,5151,8,8,40,1,0,0,0,0
1376850,3,2024,2024,10,6,5,80,27,316,50,0,1,2,-33.906051,151.230619,59,0,2,1,0,0,0,0,2,0,7,60,2,14295,14295,3,33,5,5,0,0,0,0
1376859,3,2024,2024,11,3,1,137,31,65,18,0,1,2,-32.926505,151.776225,48,0,2,1,2,0,0,0,0,0,7,40,2,9859,9859,1,30,5,2,0,0,0,0
1377021,3,2024,2024,9,4,5,46,31,225,34609,0,1,1,-33.785828,151.200928,77,0,2,1,1,0,0,0,2,0,7,50,0,204,204,1,8,5,2,0,0,0,0
1377027,3,2024,2024,9,2,2,73,31,175,34609,0,1,1,-33.770707,151.075237,54,0,2,1,2,0,0,0,0,0,7,50,0,4026,4026,1,5,0,2,0,0,0,0
1377043,3,2024,2024,9,2,5,3,1,129,34609,0,1,1,-33.934953,151.063485,15,0,2,1,2,0,0,0,2,0,7,50,0,9859,9859,1,10,5,3,0,0,0,0
1377052,3,2024,2024,2,5,2,222,31,3,34609,0,1,5,-33.47943,150.171437,40,2,1,0,2,0,0,0,0,0,0,50,0,2585,4009,8,5,40,1,0,0,0,0
1377056,3,2024,2024,9,6,7,7,4,40,34609,0,1,1,-34.020681,150.764029,12,0,2,1,0,0,0,0,2,0,7,50,0,1981,1981,4,0,5,2,0,0,0,0
1377111,3,2024,2024,11,1,10,1,23,100,34609,0,1,9,-33.890501,150.894707,24,0,2,1,0,0,0,0,0,0,0,50,0,186,186,1,33,5,2,0,0,0,0
1377116,3,2024,2024,9,3,6,22,27,23,34609,0,1,9,-33.661903,150.701881,55,0,2,1,0,0,0,0,2,0,7,60,0,775,775,4,34,40,2,0,0,0,0
1377123,3,2024,2024,9,4,9,33,27,27,40,0,1,1,-33.765169,151.294979,50,0,2,1,0,0,3,4,3,0,7,50,1,941,941,1,19,5,3,0,0,0,0
1377128,3,2024,2024,10,4,11,21,27,26,10,0,1,1,-32.745591,151.387992,17,2,1,1,0,0,0,0,0,0,7,80,1,9859,9859,8,10,40,1,0,0,0,0
1377132,3,2024,2024,9,4,9,74,27,609,163,0,1,9,-33.777033,150.904018,7,0,2,1,1,0,0,0,2,0,7,60,2,926,926,4,5,5,2,0,0,0,0
1377152,3,2024,2024,2,5,6,37,1,198,29,0,1,10,-33.904825,151.099697,15,0,2,1,0,0,0,0,2,2,7,50,1,926,926,4,5,5,2,0,0,0,0
1377313,3,2024,2024,9,0,10,55,36,7,43,0,1,1,-32.390238,150.516128,46,1,0,1,0,0,3,4,0,0,7,100,1,9859,9859,8,5,40,1,0,0,0,0
1377343,3,2024,2024,2,2,1,14,10,115,34609,0,1,1,-33.74952,151.206427,50,0,2,0,2,0,0,0,0,0,7,50,0,2585,4009,1,0,5,3,0,0,0,0
1377359,3,2024,2024,2,3,3,71,17,43,71,0,1,1,-36.121783,144.753561,51,2,1,1,1,0,0,0,2,0,7,60,2,4026,4026,8,10,40,1,0,0,0,0
1377380,3,2024,2024,1,6,3,13,23,609,34609,0,1,1,-33.778424,150.914296,7,0,2,1,0,0,0,0,2,0,7,50,0,1282,1282,1,33,5,2,0,0,0,0
1377382,3,2024,2024,9,1,11,475,31,162,240,0,1,9,-33.851021,150.899145,24,0,2,1,2,0,0,0,0,2,7,70,2,1282,1282,1,33,5,2,0,0,0,0
1377396,3,2024,2024,9,2,8,348,17,5,232,0,1,1,-32.911871,149.84045,44,2,1,1,0,0,0,0,2,0,15,40,2,14295,14295,3,5,25,2,0,0,0,0
1377403,3,2024,2024,10,2,11,3371,17,19,3342,0,1,1,-31.866505,152.593237,43,1,0,0,0,0,0,0,0,0,7,100,2,404,404,8,10,40,1,0,0,0,0
1377404,3,2024,2024,2,1,7,37,31,219,34609,0,1,1,-32.89956,151.669118,48,0,2,1,1,0,0,0,2,0,7,50,0,4026,4026,1,5,5,2,0,0,0,0
1377419,3,2024,2024,9,4,4,4,27,155,15,0,1,1,-33.148904,148.196233,53,2,1,0,3,0,0,0,2,0,7,70,1,1850,1463,5,3,40,1,0,0,0,0
1377488,3,2024,2024,2,0,4,475,31,532,34609,0,1,1,-33.866701,151.210696,69,0,2,1,3,0,0,0,2,0,7,40,0,1383,1383,1,9,5,2,0,0,0,0
1377524,3,2024,2024,2,4,8,22,31,337,30,0,1,2,-33.729669,151.005507,71,0,2,1,3,0,0,0,2,0,7,60,2,1391,1391,1,30,0,2,0,0,0,0
1377528,3,2024,2024,2,1,5,5,27,337,34609,0,1,1,-33.727661,151.008957,71,0,2,1,3,0,0,3,2,0,7,50,0,9859,9859,1,0,5,3,0,0,0,0
1377547,3,2024,2024,9,0,4,46,27,15,49,1,0,1,-34.067267,150.842638,13,0,2,1,3,0,0,0,2,0,9,60,1,14295,14295,3,5,0,2,0,0,0,0
1377563,3,2024,2024,10,4,10,2,31,39,34609,0,1,1,-32.882872,151.65493,48,0,2,0,3,0,0,0,0,0,7,50,0,4552,5151,1,0,5,2,0,0,0,0
1377568,3,2024,2024,2,6,6,8,31,107,34609,0,1,10,-29.682367,152.92742,18,2,1,1,3,0,0,3,2,0,15,50,0,6545,6545,4,30,25,3,0,0,0,0
1377591,3,2024,2024,2,5,7,7,1,145,34609,0,1,1,-33.917558,151.122415,15,0,2,1,3,0,0,0,2,0,7,50,0,1282,1282,1,9,12,2,0,0,0,0
1377596,3,2024,2024,2,4,10,128,27,74,133,0,1,9,-33.77264,150.67097,55,0,2,1,3,0,0,0,0,2,7,60,2,1669,1669,3,10,0,2,0,0,0,0
1377616,3,2024,2024,2,3,5,14,27,133,34609,0,1,9,-34.510768,150.787227,80,0,2,1,3,0,0,3,2,0,7,50,0,926,926,4,10,0,2,0,0,0,0
1377622,3,2024,2024,2,2,7,35,27,62,96,0,1,1,-33.892021,151.14614,32,0,2,1,3,0,3,4,2,0,7,50,2,14295,14295,3,5,0,2,0,0,0,0
1377634,3,2024,2024,10,3,6,1052,14,107,928,0,1,3,-33.272188,151.405576,16,1,2,1,0,0,0,0,2,0,7,110,2,14295,14295,3,0,5,2,0,0,0,0
1377663,3,2024,2024,9,0,11,34,27,54,34609,0,1,7,-33.706706,151.006147,71,0,2,0,1,0,0,0,0,0,0,50,0,489,489,8,5,40,1,0,0,0,0
1378069,3,2024,2024,2,3,3,1,31,370,34609,0,1,1,-34.062747,150.82083,13,0,2,1,0,0,0,0,2,0,7,50,0,4026,4026,1,0,0,3,0,0,0,0
1378126,3,2024,2024,9,0,4,45,27,304,96,0,1,0,-33.912696,151.166129,32,0,2,1,1,0,0,0,2,0,7,50,2,9859,9859,1,19,5,2,0,0,0,0
1378144,3,2024,2024,2,4,7,1,31,294,34609,0,1,1,-33.936301,150.930906,41,0,2,1,0,0,0,0,2,0,7,50,0,9859,9859,1,29,5,2,0,0,0,0
1378491,3,2024,2024,9,1,8,2126,17,445,2149,0,1,9,-33.851258,151.054551,21,0,2,1,0,0,0,0,2,0,7,60,2,9859,9859,8,5,40,1,0,0,0,0
1378494,3,2024,2024,2,5,7,296,27,92,293,0,1,9,-33.877248,150.98048,24,0,2,1,1,0,0,0,2,2,7,70,2,1383,1383,1,9,10,2,0,0,0,0
1378510,3,2024,2024,2,5,11,7,27,16,34609,0,1,1,-34.235741,146.058933,28,2,1,0,0,2,0,0,0,0,7,50,0,418,714,5,5,40,1,0,0,0,0
1378524,3,2024,2024,2,3,11,103,27,33,167,0,1,1,-33.98461,151.136213,4,0,2,1,3,0,2,6,0,0,7,60,2,9859,9859,1,0,0,3,0,0,0,0
1378536,3,2024,2024,2,0,7,3371,17,8,3342,0,1,2,-28.344672,153.525171,72,1,0,0,0,0,0,0,2,0,7,110,2,1383,1383,1,33,5,2,0,0,0,0
1378542,3,2024,2024,9,5,10,62,31,77,34609,0,1,9,-32.568667,151.164583,64,2,1,1,3,0,2,6,0,0,0,50,0,489,489,8,5,40,1,0,0,0,0
1378548,3,2024,2024,2,5,7,54,27,134,34609,1,0,1,-33.958449,150.809898,12,0,2,0,1,0,0,0,2,0,7,60,0,1192,1192,1,9,0,2,0,0,0,0
1379084,3,2024,2024,2,2,6,2,27,12,34609,0,1,1,-33.139125,151.561628,16,2,2,1,3,0,0,0,2,0,7,50,0,9859,9859,8,0,40,1,0,0,0,0
1379428,3,2024,2024,2,0,10,104,27,137,140,0,1,9,-33.922199,151.201691,4,0,2,1,2,0,0,0,0,0,7,60,2,3775,3775,0,5,25,2,0,0,0,0
1379455,3,2024,2024,9,4,9,296,27,187,293,0,1,10,-33.881886,150.977495,15,0,2,1,2,0,3,4,2,2,7,60,2,5929,5929,1,5,5,3,0,0,0,0
1380037,3,2024,2024,2,0,2,5,27,144,34609,0,1,1,-34.063639,151.004462,68,0,2,1,2,0,0,0,1,0,7,50,0,9859,9859,1,5,5,2,0,0,0,0
1385405,3,2024,2024,8,0,11,11,1,64,11,0,1,9,-32.940119,151.693736,48,0,2,0,2,0,3,4,0,0,7,70,1,4552,5151,8,5,40,1,0,0,0,0
1385412,3,2024,2024,3,4,8,11,27,8,34609,0,1,1,-33.36587,150.972172,29,2,2,0,3,0,0,0,2,0,7,60,0,1957,4009,1,19,5,2,0,0,0,0